solid OpenSCAD_Model
  facet normal -0.36533 -0.930878 0
    outer loop
      vertex -39.0564 -36.5575 0
      vertex -38.5924 -36.7396 22
      vertex -39.0564 -36.5575 22
    endloop
  endfacet
  facet normal -0.36533 -0.930878 -0
    outer loop
      vertex -38.5924 -36.7396 22
      vertex -39.0564 -36.5575 0
      vertex -38.5924 -36.7396 0
    endloop
  endfacet
  facet normal -0.921412 -0.388586 0
    outer loop
      vertex -41.5048 -34.1694 0
      vertex -41.6985 -33.7101 22
      vertex -41.6985 -33.7101 0
    endloop
  endfacet
  facet normal -0.921412 -0.388586 0
    outer loop
      vertex -41.6985 -33.7101 22
      vertex -41.5048 -34.1694 0
      vertex -41.5048 -34.1694 22
    endloop
  endfacet
  facet normal 0.998761 -0.0497575 0
    outer loop
      vertex 41.9752 -32.4978 22
      vertex 42 -32 0
      vertex 42 -32 22
    endloop
  endfacet
  facet normal 0.998761 -0.0497575 0
    outer loop
      vertex 42 -32 0
      vertex 41.9752 -32.4978 22
      vertex 41.9752 -32.4978 0
    endloop
  endfacet
  facet normal 0 -1 0
    outer loop
      vertex -37.1247 -36.9984 0
      vertex -32.7159 -36.9984 2.4
      vertex -37.1247 -36.9984 2.4
    endloop
  endfacet
  facet normal 0 -1 0
    outer loop
      vertex 36.8753 -36.9984 0
      vertex -32.7159 -36.9984 2.4
      vertex -37.1247 -36.9984 0
    endloop
  endfacet
  facet normal 0 -1 0
    outer loop
      vertex -32.7159 -36.9984 2.4
      vertex 36.8753 -36.9984 0
      vertex 32.7159 -36.9984 2.4
    endloop
  endfacet
  facet normal 0 -1 0
    outer loop
      vertex 32.7159 -36.9984 2.4
      vertex 36.8753 -36.9984 0
      vertex 36.8753 -36.9984 2.4
    endloop
  endfacet
  facet normal 0 -1 0
    outer loop
      vertex -32.7159 -36.9984 2.4
      vertex 32.7159 -36.9984 22
      vertex -32.7159 -36.9984 22
    endloop
  endfacet
  facet normal 0 -1 -0
    outer loop
      vertex 32.7159 -36.9984 22
      vertex -32.7159 -36.9984 2.4
      vertex 32.7159 -36.9984 2.4
    endloop
  endfacet
  facet normal -0.542511 -0.840049 0
    outer loop
      vertex -39.9187 -36.0597 0
      vertex -39.5 -36.3301 22
      vertex -39.9187 -36.0597 22
    endloop
  endfacet
  facet normal -0.542511 -0.840049 -0
    outer loop
      vertex -39.5 -36.3301 22
      vertex -39.9187 -36.0597 0
      vertex -39.5 -36.3301 0
    endloop
  endfacet
  facet normal -0.878317 0.478079 0
    outer loop
      vertex -41.5048 34.1694 0
      vertex -41.2665 34.6072 22
      vertex -41.2665 34.6072 0
    endloop
  endfacet
  facet normal -0.878317 0.478079 0
    outer loop
      vertex -41.2665 34.6072 22
      vertex -41.5048 34.1694 0
      vertex -41.5048 34.1694 22
    endloop
  endfacet
  facet normal -0.456178 0.889888 0
    outer loop
      vertex -39.0564 36.5575 0
      vertex -39.5 36.3301 22
      vertex -39.0564 36.5575 22
    endloop
  endfacet
  facet normal -0.456178 0.889888 0
    outer loop
      vertex -39.5 36.3301 22
      vertex -39.0564 36.5575 0
      vertex -39.5 36.3301 0
    endloop
  endfacet
  facet normal 0.411232 0.911531 -0
    outer loop
      vertex 39.2811 36.4494 6.9
      vertex 38.8267 36.6544 22
      vertex 39.2811 36.4494 22
    endloop
  endfacet
  facet normal 0.411232 0.911531 0
    outer loop
      vertex 38.8267 36.6544 22
      vertex 39.2811 36.4494 6.9
      vertex 38.8267 36.6544 6.9
    endloop
  endfacet
  facet normal 0.318394 -0.947959 0
    outer loop
      vertex 38.3542 -36.8131 0
      vertex 38.8267 -36.6544 22
      vertex 38.3542 -36.8131 22
    endloop
  endfacet
  facet normal 0.318394 -0.947959 0
    outer loop
      vertex 38.8267 -36.6544 22
      vertex 38.3542 -36.8131 0
      vertex 38.8267 -36.6544 0
    endloop
  endfacet
  facet normal 0.222471 -0.974939 0
    outer loop
      vertex 37.8682 -36.924 0
      vertex 38.3542 -36.8131 22
      vertex 37.8682 -36.924 22
    endloop
  endfacet
  facet normal 0.222471 -0.974939 0
    outer loop
      vertex 38.3542 -36.8131 22
      vertex 37.8682 -36.924 0
      vertex 38.3542 -36.8131 0
    endloop
  endfacet
  facet normal 0.969083 0.246734 0
    outer loop
      vertex 41.9009 32.9907 22
      vertex 41.7779 33.4738 0
      vertex 41.7779 33.4738 22
    endloop
  endfacet
  facet normal 0.969083 0.246734 0
    outer loop
      vertex 41.7779 33.4738 0
      vertex 41.9009 32.9907 22
      vertex 41.9009 32.9907 0
    endloop
  endfacet
  facet normal -0.27085 -0.962622 0
    outer loop
      vertex -38.5924 -36.7396 0
      vertex -38.1126 -36.8746 22
      vertex -38.5924 -36.7396 22
    endloop
  endfacet
  facet normal -0.27085 -0.962622 -0
    outer loop
      vertex -38.1126 -36.8746 22
      vertex -38.5924 -36.7396 0
      vertex -38.1126 -36.8746 0
    endloop
  endfacet
  facet normal -0.698123 -0.715978 0
    outer loop
      vertex -40.6653 -35.4009 0
      vertex -40.3084 -35.7489 22
      vertex -40.6653 -35.4009 22
    endloop
  endfacet
  facet normal -0.698123 -0.715978 -0
    outer loop
      vertex -40.3084 -35.7489 22
      vertex -40.6653 -35.4009 0
      vertex -40.3084 -35.7489 0
    endloop
  endfacet
  facet normal 0.0248126 -0.999692 0
    outer loop
      vertex 36.8753 -36.9984 2.4
      vertex 36.8753 -36.9984 0
      vertex 37.3064 -36.9877 2.4
    endloop
  endfacet
  facet normal 0.0252895 -0.99968 0
    outer loop
      vertex 37.3064 -36.9877 2.4
      vertex 37.3736 -36.986 22
      vertex 37.3064 -36.9877 22
    endloop
  endfacet
  facet normal 0.0252895 -0.99968 0
    outer loop
      vertex 37.3064 -36.9877 2.4
      vertex 37.3736 -36.986 0
      vertex 37.3736 -36.986 22
    endloop
  endfacet
  facet normal 0.0248769 -0.999691 -1.15607e-05
    outer loop
      vertex 37.3736 -36.986 0
      vertex 37.3064 -36.9877 2.4
      vertex 36.8753 -36.9984 0
    endloop
  endfacet
  facet normal 1 0 0
    outer loop
      vertex 42 32 22
      vertex 42 17.2966 11.8755
      vertex 42 32 0
    endloop
  endfacet
  facet normal 1 0 0
    outer loop
      vertex 42 32 22
      vertex 42 17.2697 12.3721
      vertex 42 17.2966 11.8755
    endloop
  endfacet
  facet normal 1 0 0
    outer loop
      vertex 42 32 22
      vertex 42 17.1366 12.8513
      vertex 42 17.2697 12.3721
    endloop
  endfacet
  facet normal 1 0 0
    outer loop
      vertex 42 32 22
      vertex 42 16.9037 13.2907
      vertex 42 17.1366 12.8513
    endloop
  endfacet
  facet normal 1 0 0
    outer loop
      vertex 42 32 22
      vertex 42 16.5817 13.6698
      vertex 42 16.9037 13.2907
    endloop
  endfacet
  facet normal 1 0 0
    outer loop
      vertex 42 32 22
      vertex 42 16.1858 13.9708
      vertex 42 16.5817 13.6698
    endloop
  endfacet
  facet normal 1 0 0
    outer loop
      vertex 42 32 22
      vertex 42 15.7344 14.1796
      vertex 42 16.1858 13.9708
    endloop
  endfacet
  facet normal 1 0 0
    outer loop
      vertex 42 32 22
      vertex 42 15.2487 14.2865
      vertex 42 15.7344 14.1796
    endloop
  endfacet
  facet normal 1 0 0
    outer loop
      vertex 42 32 22
      vertex 42 14.7513 14.2865
      vertex 42 15.2487 14.2865
    endloop
  endfacet
  facet normal 1 0 0
    outer loop
      vertex 42 32 22
      vertex 42 14.2656 14.1796
      vertex 42 14.7513 14.2865
    endloop
  endfacet
  facet normal 1 0 0
    outer loop
      vertex 42 12.7303 12.3721
      vertex 42 -12.7034 11.8755
      vertex 42 12.7034 11.8755
    endloop
  endfacet
  facet normal 1 0 0
    outer loop
      vertex 42 -12.7303 12.3721
      vertex 42 12.7303 12.3721
      vertex 42 12.8634 12.8513
    endloop
  endfacet
  facet normal 1 0 0
    outer loop
      vertex 42 -12.8634 12.8513
      vertex 42 12.8634 12.8513
      vertex 42 13.0963 13.2907
    endloop
  endfacet
  facet normal 1 0 0
    outer loop
      vertex 42 -13.0963 13.2907
      vertex 42 13.0963 13.2907
      vertex 42 13.4183 13.6698
    endloop
  endfacet
  facet normal 1 0 0
    outer loop
      vertex 42 -13.4183 13.6698
      vertex 42 13.4183 13.6698
      vertex 42 13.8142 13.9708
    endloop
  endfacet
  facet normal 1 0 0
    outer loop
      vertex 42 -13.8142 13.9708
      vertex 42 13.8142 13.9708
      vertex 42 14.2656 14.1796
    endloop
  endfacet
  facet normal 1 0 0
    outer loop
      vertex 42 -14.2656 14.1796
      vertex 42 14.2656 14.1796
      vertex 42 32 22
    endloop
  endfacet
  facet normal 1 0 0
    outer loop
      vertex 42 12.7303 12.3721
      vertex 42 -12.7303 12.3721
      vertex 42 -12.7034 11.8755
    endloop
  endfacet
  facet normal 1 0 0
    outer loop
      vertex 42 12.8634 12.8513
      vertex 42 -12.8634 12.8513
      vertex 42 -12.7303 12.3721
    endloop
  endfacet
  facet normal 1 0 0
    outer loop
      vertex 42 13.0963 13.2907
      vertex 42 -13.0963 13.2907
      vertex 42 -12.8634 12.8513
    endloop
  endfacet
  facet normal 1 0 0
    outer loop
      vertex 42 13.4183 13.6698
      vertex 42 -13.4183 13.6698
      vertex 42 -13.0963 13.2907
    endloop
  endfacet
  facet normal 1 0 0
    outer loop
      vertex 42 13.8142 13.9708
      vertex 42 -13.8142 13.9708
      vertex 42 -13.4183 13.6698
    endloop
  endfacet
  facet normal 1 0 0
    outer loop
      vertex 42 14.2656 14.1796
      vertex 42 -14.2656 14.1796
      vertex 42 -13.8142 13.9708
    endloop
  endfacet
  facet normal 1 -0 0
    outer loop
      vertex 42 -32 22
      vertex 42 -14.2656 14.1796
      vertex 42 32 22
    endloop
  endfacet
  facet normal 1 0 0
    outer loop
      vertex 42 -14.2656 14.1796
      vertex 42 -32 22
      vertex 42 -14.7513 14.2865
    endloop
  endfacet
  facet normal 1 0 0
    outer loop
      vertex 42 -17.2697 12.3721
      vertex 42 -32 22
      vertex 42 -17.2966 11.8755
    endloop
  endfacet
  facet normal 1 0 0
    outer loop
      vertex 42 -17.1366 12.8513
      vertex 42 -32 22
      vertex 42 -17.2697 12.3721
    endloop
  endfacet
  facet normal 1 0 0
    outer loop
      vertex 42 -16.9037 13.2907
      vertex 42 -32 22
      vertex 42 -17.1366 12.8513
    endloop
  endfacet
  facet normal 1 0 0
    outer loop
      vertex 42 -16.5817 13.6698
      vertex 42 -32 22
      vertex 42 -16.9037 13.2907
    endloop
  endfacet
  facet normal 1 0 0
    outer loop
      vertex 42 -16.1858 13.9708
      vertex 42 -32 22
      vertex 42 -16.5817 13.6698
    endloop
  endfacet
  facet normal 1 0 0
    outer loop
      vertex 42 -15.7344 14.1796
      vertex 42 -32 22
      vertex 42 -16.1858 13.9708
    endloop
  endfacet
  facet normal 1 0 0
    outer loop
      vertex 42 -15.2487 14.2865
      vertex 42 -32 22
      vertex 42 -15.7344 14.1796
    endloop
  endfacet
  facet normal 1 0 0
    outer loop
      vertex 42 -14.7513 14.2865
      vertex 42 -32 22
      vertex 42 -15.2487 14.2865
    endloop
  endfacet
  facet normal 1 -0 0
    outer loop
      vertex 42 17.2162 11.3847
      vertex 42 32 0
      vertex 42 17.2966 11.8755
    endloop
  endfacet
  facet normal 1 -0 0
    outer loop
      vertex 42 17.0321 10.9227
      vertex 42 32 0
      vertex 42 17.2162 11.3847
    endloop
  endfacet
  facet normal 1 -0 0
    outer loop
      vertex 42 16.753 10.511
      vertex 42 32 0
      vertex 42 17.0321 10.9227
    endloop
  endfacet
  facet normal 1 -0 0
    outer loop
      vertex 42 16.3919 10.169
      vertex 42 32 0
      vertex 42 16.753 10.511
    endloop
  endfacet
  facet normal 1 -0 0
    outer loop
      vertex 42 15.9657 9.91258
      vertex 42 32 0
      vertex 42 16.3919 10.169
    endloop
  endfacet
  facet normal 1 -0 0
    outer loop
      vertex 42 15.4944 9.75377
      vertex 42 32 0
      vertex 42 15.9657 9.91258
    endloop
  endfacet
  facet normal 1 -0 0
    outer loop
      vertex 42 15 9.7
      vertex 42 32 0
      vertex 42 15.4944 9.75377
    endloop
  endfacet
  facet normal 1 0 0
    outer loop
      vertex 42 14.5056 9.75377
      vertex 42 32 0
      vertex 42 15 9.7
    endloop
  endfacet
  facet normal 1 0 0
    outer loop
      vertex 42 -14.5056 9.75377
      vertex 42 14.5056 9.75377
      vertex 42 14.0343 9.91258
    endloop
  endfacet
  facet normal 1 -0 0
    outer loop
      vertex 42 -12.7034 11.8755
      vertex 42 12.7838 11.3847
      vertex 42 12.7034 11.8755
    endloop
  endfacet
  facet normal 1 0 0
    outer loop
      vertex 42 -12.7838 11.3847
      vertex 42 12.7838 11.3847
      vertex 42 -12.7034 11.8755
    endloop
  endfacet
  facet normal 1 0 0
    outer loop
      vertex 42 12.7838 11.3847
      vertex 42 -12.7838 11.3847
      vertex 42 12.9679 10.9227
    endloop
  endfacet
  facet normal 1 0 0
    outer loop
      vertex 42 -12.9679 10.9227
      vertex 42 12.9679 10.9227
      vertex 42 -12.7838 11.3847
    endloop
  endfacet
  facet normal 1 0 0
    outer loop
      vertex 42 12.9679 10.9227
      vertex 42 -12.9679 10.9227
      vertex 42 13.247 10.511
    endloop
  endfacet
  facet normal 1 0 0
    outer loop
      vertex 42 -13.247 10.511
      vertex 42 13.247 10.511
      vertex 42 -12.9679 10.9227
    endloop
  endfacet
  facet normal 1 0 0
    outer loop
      vertex 42 13.247 10.511
      vertex 42 -13.247 10.511
      vertex 42 13.6081 10.169
    endloop
  endfacet
  facet normal 1 0 0
    outer loop
      vertex 42 -13.6081 10.169
      vertex 42 13.6081 10.169
      vertex 42 -13.247 10.511
    endloop
  endfacet
  facet normal 1 0 0
    outer loop
      vertex 42 13.6081 10.169
      vertex 42 -13.6081 10.169
      vertex 42 14.0343 9.91258
    endloop
  endfacet
  facet normal 1 0 0
    outer loop
      vertex 42 -14.0343 9.91258
      vertex 42 14.0343 9.91258
      vertex 42 -13.6081 10.169
    endloop
  endfacet
  facet normal 1 0 0
    outer loop
      vertex 42 -14.5056 9.75377
      vertex 42 14.0343 9.91258
      vertex 42 -14.0343 9.91258
    endloop
  endfacet
  facet normal 1 0 0
    outer loop
      vertex 42 14.5056 9.75377
      vertex 42 -14.5056 9.75377
      vertex 42 32 0
    endloop
  endfacet
  facet normal 1 0 0
    outer loop
      vertex 42 -32 0
      vertex 42 -14.5056 9.75377
      vertex 42 -15 9.7
    endloop
  endfacet
  facet normal 1 0 0
    outer loop
      vertex 42 -32 0
      vertex 42 -15 9.7
      vertex 42 -15.4944 9.75377
    endloop
  endfacet
  facet normal 1 0 0
    outer loop
      vertex 42 -32 0
      vertex 42 -17.2966 11.8755
      vertex 42 -32 22
    endloop
  endfacet
  facet normal 1 0 0
    outer loop
      vertex 42 -17.2966 11.8755
      vertex 42 -32 0
      vertex 42 -17.2162 11.3847
    endloop
  endfacet
  facet normal 1 0 0
    outer loop
      vertex 42 -17.2162 11.3847
      vertex 42 -32 0
      vertex 42 -17.0321 10.9227
    endloop
  endfacet
  facet normal 1 0 0
    outer loop
      vertex 42 -17.0321 10.9227
      vertex 42 -32 0
      vertex 42 -16.753 10.511
    endloop
  endfacet
  facet normal 1 0 0
    outer loop
      vertex 42 -14.5056 9.75377
      vertex 42 -32 0
      vertex 42 32 0
    endloop
  endfacet
  facet normal 1 0 0
    outer loop
      vertex 42 -15.9657 9.91258
      vertex 42 -32 0
      vertex 42 -15.4944 9.75377
    endloop
  endfacet
  facet normal 1 0 0
    outer loop
      vertex 42 -16.3919 10.169
      vertex 42 -32 0
      vertex 42 -15.9657 9.91258
    endloop
  endfacet
  facet normal 1 0 0
    outer loop
      vertex 42 -16.753 10.511
      vertex 42 -32 0
      vertex 42 -16.3919 10.169
    endloop
  endfacet
  facet normal 0.797078 0.603877 0
    outer loop
      vertex 41.1312 34.8166 22
      vertex 40.8302 35.2139 0
      vertex 40.8302 35.2139 22
    endloop
  endfacet
  facet normal 0.797078 0.603877 0
    outer loop
      vertex 40.8302 35.2139 0
      vertex 41.1312 34.8166 22
      vertex 41.1312 34.8166 0
    endloop
  endfacet
  facet normal 0.853287 -0.521442 0
    outer loop
      vertex 41.1312 -34.8166 22
      vertex 41.3911 -34.3913 0
      vertex 41.3911 -34.3913 22
    endloop
  endfacet
  facet normal 0.853287 -0.521442 0
    outer loop
      vertex 41.3911 -34.3913 0
      vertex 41.1312 -34.8166 22
      vertex 41.1312 -34.8166 0
    endloop
  endfacet
  facet normal -0.826202 -0.563374 0
    outer loop
      vertex -40.9857 -35.019 0
      vertex -41.2665 -34.6072 22
      vertex -41.2665 -34.6072 0
    endloop
  endfacet
  facet normal -0.826202 -0.563374 0
    outer loop
      vertex -41.2665 -34.6072 22
      vertex -40.9857 -35.019 0
      vertex -40.9857 -35.019 22
    endloop
  endfacet
  facet normal 0.318394 0.947959 -0
    outer loop
      vertex 38.8267 36.6544 6.9
      vertex 38.3542 36.8131 22
      vertex 38.8267 36.6544 22
    endloop
  endfacet
  facet normal 0.318394 0.947959 0
    outer loop
      vertex 38.3542 36.8131 22
      vertex 38.8267 36.6544 6.9
      vertex 38.3542 36.8131 6.9
    endloop
  endfacet
  facet normal 0.900949 0.433924 0
    outer loop
      vertex 41.6074 33.9422 22
      vertex 41.3911 34.3913 0
      vertex 41.3911 34.3913 22
    endloop
  endfacet
  facet normal 0.900949 0.433924 0
    outer loop
      vertex 41.3911 34.3913 0
      vertex 41.6074 33.9422 22
      vertex 41.6074 33.9422 0
    endloop
  endfacet
  facet normal -0.27085 0.962622 0
    outer loop
      vertex -38.1126 36.8746 0
      vertex -38.5924 36.7396 22
      vertex -38.1126 36.8746 22
    endloop
  endfacet
  facet normal -0.27085 0.962622 0
    outer loop
      vertex -38.5924 36.7396 22
      vertex -38.1126 36.8746 0
      vertex -38.5924 36.7396 0
    endloop
  endfacet
  facet normal -1 0 0
    outer loop
      vertex -41.9938 20.9795 11.5045
      vertex -41.9938 32.2492 22
      vertex -41.9938 32.2492 0
    endloop
  endfacet
  facet normal -1 0 0
    outer loop
      vertex -41.9938 32.2492 22
      vertex -41.9938 20.9795 11.5045
      vertex -41.9938 21 12
    endloop
  endfacet
  facet normal -1 0 0
    outer loop
      vertex -41.9938 32.2492 0
      vertex -41.9938 20.9182 11.0124
      vertex -41.9938 20.9795 11.5045
    endloop
  endfacet
  facet normal -1 0 0
    outer loop
      vertex -41.9938 32.2492 0
      vertex -41.9938 20.8164 10.5271
      vertex -41.9938 20.9182 11.0124
    endloop
  endfacet
  facet normal -1 0 0
    outer loop
      vertex -41.9938 32.2492 0
      vertex -41.9938 20.6749 10.0518
      vertex -41.9938 20.8164 10.5271
    endloop
  endfacet
  facet normal -1 0 0
    outer loop
      vertex -41.9938 32.2492 0
      vertex -41.9938 20.4946 9.58983
      vertex -41.9938 20.6749 10.0518
    endloop
  endfacet
  facet normal -1 0 0
    outer loop
      vertex -41.9938 32.2492 0
      vertex -41.9938 20.2768 9.14431
      vertex -41.9938 20.4946 9.58983
    endloop
  endfacet
  facet normal -1 0 0
    outer loop
      vertex -41.9938 32.2492 0
      vertex -41.9938 20.023 8.71831
      vertex -41.9938 20.2768 9.14431
    endloop
  endfacet
  facet normal -1 0 0
    outer loop
      vertex -41.9938 32.2492 0
      vertex -41.9938 19.7348 8.31472
      vertex -41.9938 20.023 8.71831
    endloop
  endfacet
  facet normal -1 0 0
    outer loop
      vertex -41.9938 32.2492 0
      vertex -41.9938 19.4143 7.93631
      vertex -41.9938 19.7348 8.31472
    endloop
  endfacet
  facet normal -1 0 0
    outer loop
      vertex -41.9938 32.2492 0
      vertex -41.9938 19.0637 7.58566
      vertex -41.9938 19.4143 7.93631
    endloop
  endfacet
  facet normal -1 0 0
    outer loop
      vertex -41.9938 32.2492 0
      vertex -41.9938 18.6853 7.26516
      vertex -41.9938 19.0637 7.58566
    endloop
  endfacet
  facet normal -1 0 0
    outer loop
      vertex -41.9938 32.2492 0
      vertex -41.9938 18.2817 6.977
      vertex -41.9938 18.6853 7.26516
    endloop
  endfacet
  facet normal -1 0 0
    outer loop
      vertex -41.9938 32.2492 0
      vertex -41.9938 17.8557 6.72316
      vertex -41.9938 18.2817 6.977
    endloop
  endfacet
  facet normal -1 0 0
    outer loop
      vertex -41.9938 32.2492 0
      vertex -41.9938 17.4102 6.50536
      vertex -41.9938 17.8557 6.72316
    endloop
  endfacet
  facet normal -1 0 0
    outer loop
      vertex -41.9938 32.2492 0
      vertex -41.9938 16.9482 6.3251
      vertex -41.9938 17.4102 6.50536
    endloop
  endfacet
  facet normal -1 0 0
    outer loop
      vertex -41.9938 32.2492 0
      vertex -41.9938 16.4729 6.1836
      vertex -41.9938 16.9482 6.3251
    endloop
  endfacet
  facet normal -1 0 0
    outer loop
      vertex -41.9938 32.2492 0
      vertex -41.9938 15.9876 6.08183
      vertex -41.9938 16.4729 6.1836
    endloop
  endfacet
  facet normal -1 0 0
    outer loop
      vertex -41.9938 32.2492 0
      vertex -41.9938 15.4955 6.02049
      vertex -41.9938 15.9876 6.08183
    endloop
  endfacet
  facet normal -1 0 0
    outer loop
      vertex -41.9938 32.2492 0
      vertex -41.9938 15 6
      vertex -41.9938 15.4955 6.02049
    endloop
  endfacet
  facet normal -1 0 0
    outer loop
      vertex -41.9938 32.2492 0
      vertex -41.9938 14.5045 6.02049
      vertex -41.9938 15 6
    endloop
  endfacet
  facet normal -1 0 0
    outer loop
      vertex -41.9938 32.2492 0
      vertex -41.9938 14.0124 6.08183
      vertex -41.9938 14.5045 6.02049
    endloop
  endfacet
  facet normal -1 0 0
    outer loop
      vertex -41.9938 -14.0124 6.08183
      vertex -41.9938 14.0124 6.08183
      vertex -41.9938 32.2492 0
    endloop
  endfacet
  facet normal -1 0 0
    outer loop
      vertex -41.9938 14.0124 6.08183
      vertex -41.9938 -14.0124 6.08183
      vertex -41.9938 13.5271 6.1836
    endloop
  endfacet
  facet normal -1 0 0
    outer loop
      vertex -41.9938 9.02049 11.5045
      vertex -41.9938 -9 12
      vertex -41.9938 9 12
    endloop
  endfacet
  facet normal -1 0 0
    outer loop
      vertex -41.9938 -9.02049 11.5045
      vertex -41.9938 9.02049 11.5045
      vertex -41.9938 9.08183 11.0124
    endloop
  endfacet
  facet normal -1 0 0
    outer loop
      vertex -41.9938 -9.08183 11.0124
      vertex -41.9938 9.08183 11.0124
      vertex -41.9938 9.1836 10.5271
    endloop
  endfacet
  facet normal -1 0 0
    outer loop
      vertex -41.9938 -9.1836 10.5271
      vertex -41.9938 9.1836 10.5271
      vertex -41.9938 9.3251 10.0518
    endloop
  endfacet
  facet normal -1 0 0
    outer loop
      vertex -41.9938 -9.3251 10.0518
      vertex -41.9938 9.3251 10.0518
      vertex -41.9938 9.50536 9.58983
    endloop
  endfacet
  facet normal -1 0 0
    outer loop
      vertex -41.9938 -9.50536 9.58983
      vertex -41.9938 9.50536 9.58983
      vertex -41.9938 9.72316 9.14431
    endloop
  endfacet
  facet normal -1 0 0
    outer loop
      vertex -41.9938 -9.72316 9.14431
      vertex -41.9938 9.72316 9.14431
      vertex -41.9938 9.977 8.71831
    endloop
  endfacet
  facet normal -1 0 0
    outer loop
      vertex -41.9938 -9.977 8.71831
      vertex -41.9938 9.977 8.71831
      vertex -41.9938 10.2652 8.31472
    endloop
  endfacet
  facet normal -1 0 0
    outer loop
      vertex -41.9938 -10.2652 8.31472
      vertex -41.9938 10.2652 8.31472
      vertex -41.9938 10.5857 7.93631
    endloop
  endfacet
  facet normal -1 0 0
    outer loop
      vertex -41.9938 -10.5857 7.93631
      vertex -41.9938 10.5857 7.93631
      vertex -41.9938 10.9363 7.58566
    endloop
  endfacet
  facet normal -1 0 0
    outer loop
      vertex -41.9938 -10.9363 7.58566
      vertex -41.9938 10.9363 7.58566
      vertex -41.9938 11.3147 7.26516
    endloop
  endfacet
  facet normal -1 0 0
    outer loop
      vertex -41.9938 -11.3147 7.26516
      vertex -41.9938 11.3147 7.26516
      vertex -41.9938 11.7183 6.977
    endloop
  endfacet
  facet normal -1 0 0
    outer loop
      vertex -41.9938 -11.7183 6.977
      vertex -41.9938 11.7183 6.977
      vertex -41.9938 12.1443 6.72316
    endloop
  endfacet
  facet normal -1 0 0
    outer loop
      vertex -41.9938 -12.1443 6.72316
      vertex -41.9938 12.1443 6.72316
      vertex -41.9938 12.5898 6.50536
    endloop
  endfacet
  facet normal -1 0 0
    outer loop
      vertex -41.9938 -12.5898 6.50536
      vertex -41.9938 12.5898 6.50536
      vertex -41.9938 13.0518 6.3251
    endloop
  endfacet
  facet normal -1 0 -0
    outer loop
      vertex -41.9938 -13.5271 6.1836
      vertex -41.9938 13.5271 6.1836
      vertex -41.9938 -14.0124 6.08183
    endloop
  endfacet
  facet normal -1 0 0
    outer loop
      vertex -41.9938 9.02049 11.5045
      vertex -41.9938 -9.02049 11.5045
      vertex -41.9938 -9 12
    endloop
  endfacet
  facet normal -1 0 0
    outer loop
      vertex -41.9938 9.08183 11.0124
      vertex -41.9938 -9.08183 11.0124
      vertex -41.9938 -9.02049 11.5045
    endloop
  endfacet
  facet normal -1 0 0
    outer loop
      vertex -41.9938 9.1836 10.5271
      vertex -41.9938 -9.1836 10.5271
      vertex -41.9938 -9.08183 11.0124
    endloop
  endfacet
  facet normal -1 0 0
    outer loop
      vertex -41.9938 9.3251 10.0518
      vertex -41.9938 -9.3251 10.0518
      vertex -41.9938 -9.1836 10.5271
    endloop
  endfacet
  facet normal -1 0 0
    outer loop
      vertex -41.9938 9.50536 9.58983
      vertex -41.9938 -9.50536 9.58983
      vertex -41.9938 -9.3251 10.0518
    endloop
  endfacet
  facet normal -1 0 0
    outer loop
      vertex -41.9938 9.72316 9.14431
      vertex -41.9938 -9.72316 9.14431
      vertex -41.9938 -9.50536 9.58983
    endloop
  endfacet
  facet normal -1 0 0
    outer loop
      vertex -41.9938 9.977 8.71831
      vertex -41.9938 -9.977 8.71831
      vertex -41.9938 -9.72316 9.14431
    endloop
  endfacet
  facet normal -1 0 0
    outer loop
      vertex -41.9938 10.2652 8.31472
      vertex -41.9938 -10.2652 8.31472
      vertex -41.9938 -9.977 8.71831
    endloop
  endfacet
  facet normal -1 0 0
    outer loop
      vertex -41.9938 10.5857 7.93631
      vertex -41.9938 -10.5857 7.93631
      vertex -41.9938 -10.2652 8.31472
    endloop
  endfacet
  facet normal -1 0 0
    outer loop
      vertex -41.9938 10.9363 7.58566
      vertex -41.9938 -10.9363 7.58566
      vertex -41.9938 -10.5857 7.93631
    endloop
  endfacet
  facet normal -1 0 0
    outer loop
      vertex -41.9938 11.3147 7.26516
      vertex -41.9938 -11.3147 7.26516
      vertex -41.9938 -10.9363 7.58566
    endloop
  endfacet
  facet normal -1 0 0
    outer loop
      vertex -41.9938 11.7183 6.977
      vertex -41.9938 -11.7183 6.977
      vertex -41.9938 -11.3147 7.26516
    endloop
  endfacet
  facet normal -1 0 0
    outer loop
      vertex -41.9938 12.1443 6.72316
      vertex -41.9938 -12.1443 6.72316
      vertex -41.9938 -11.7183 6.977
    endloop
  endfacet
  facet normal -1 0 0
    outer loop
      vertex -41.9938 12.5898 6.50536
      vertex -41.9938 -12.5898 6.50536
      vertex -41.9938 -12.1443 6.72316
    endloop
  endfacet
  facet normal -1 0 0
    outer loop
      vertex -41.9938 13.0518 6.3251
      vertex -41.9938 -13.0518 6.3251
      vertex -41.9938 -12.5898 6.50536
    endloop
  endfacet
  facet normal -1 -0 0
    outer loop
      vertex -41.9938 13.0518 6.3251
      vertex -41.9938 -13.5271 6.1836
      vertex -41.9938 -13.0518 6.3251
    endloop
  endfacet
  facet normal -1 0 0
    outer loop
      vertex -41.9938 13.5271 6.1836
      vertex -41.9938 -13.5271 6.1836
      vertex -41.9938 13.0518 6.3251
    endloop
  endfacet
  facet normal -1 0 0
    outer loop
      vertex -41.9938 -32.2492 0
      vertex -41.9938 -14.0124 6.08183
      vertex -41.9938 32.2492 0
    endloop
  endfacet
  facet normal -1 0 0
    outer loop
      vertex -41.9938 -14.0124 6.08183
      vertex -41.9938 -32.2492 0
      vertex -41.9938 -14.5045 6.02049
    endloop
  endfacet
  facet normal -1 0 0
    outer loop
      vertex -41.9938 -14.5045 6.02049
      vertex -41.9938 -32.2492 0
      vertex -41.9938 -15 6
    endloop
  endfacet
  facet normal -1 -0 0
    outer loop
      vertex -41.9938 -15 6
      vertex -41.9938 -32.2492 0
      vertex -41.9938 -15.4955 6.02049
    endloop
  endfacet
  facet normal -1 0 0
    outer loop
      vertex -41.9938 -32.2492 22
      vertex -41.9938 -20.9795 11.5045
      vertex -41.9938 -32.2492 0
    endloop
  endfacet
  facet normal -1 -0 0
    outer loop
      vertex -41.9938 -20.9182 11.0124
      vertex -41.9938 -32.2492 0
      vertex -41.9938 -20.9795 11.5045
    endloop
  endfacet
  facet normal -1 -0 0
    outer loop
      vertex -41.9938 -20.8164 10.5271
      vertex -41.9938 -32.2492 0
      vertex -41.9938 -20.9182 11.0124
    endloop
  endfacet
  facet normal -1 -0 0
    outer loop
      vertex -41.9938 -20.6749 10.0518
      vertex -41.9938 -32.2492 0
      vertex -41.9938 -20.8164 10.5271
    endloop
  endfacet
  facet normal -1 -0 0
    outer loop
      vertex -41.9938 -20.4946 9.58983
      vertex -41.9938 -32.2492 0
      vertex -41.9938 -20.6749 10.0518
    endloop
  endfacet
  facet normal -1 -0 0
    outer loop
      vertex -41.9938 -20.2768 9.14431
      vertex -41.9938 -32.2492 0
      vertex -41.9938 -20.4946 9.58983
    endloop
  endfacet
  facet normal -1 -0 0
    outer loop
      vertex -41.9938 -20.023 8.71831
      vertex -41.9938 -32.2492 0
      vertex -41.9938 -20.2768 9.14431
    endloop
  endfacet
  facet normal -1 -0 0
    outer loop
      vertex -41.9938 -19.7348 8.31472
      vertex -41.9938 -32.2492 0
      vertex -41.9938 -20.023 8.71831
    endloop
  endfacet
  facet normal -1 -0 0
    outer loop
      vertex -41.9938 -19.4143 7.93631
      vertex -41.9938 -32.2492 0
      vertex -41.9938 -19.7348 8.31472
    endloop
  endfacet
  facet normal -1 -0 0
    outer loop
      vertex -41.9938 -19.0637 7.58566
      vertex -41.9938 -32.2492 0
      vertex -41.9938 -19.4143 7.93631
    endloop
  endfacet
  facet normal -1 -0 0
    outer loop
      vertex -41.9938 -18.6853 7.26516
      vertex -41.9938 -32.2492 0
      vertex -41.9938 -19.0637 7.58566
    endloop
  endfacet
  facet normal -1 -0 0
    outer loop
      vertex -41.9938 -18.2817 6.977
      vertex -41.9938 -32.2492 0
      vertex -41.9938 -18.6853 7.26516
    endloop
  endfacet
  facet normal -1 -0 0
    outer loop
      vertex -41.9938 -17.8557 6.72316
      vertex -41.9938 -32.2492 0
      vertex -41.9938 -18.2817 6.977
    endloop
  endfacet
  facet normal -1 -0 0
    outer loop
      vertex -41.9938 -17.4102 6.50536
      vertex -41.9938 -32.2492 0
      vertex -41.9938 -17.8557 6.72316
    endloop
  endfacet
  facet normal -1 -0 0
    outer loop
      vertex -41.9938 -16.9482 6.3251
      vertex -41.9938 -32.2492 0
      vertex -41.9938 -17.4102 6.50536
    endloop
  endfacet
  facet normal -1 -0 0
    outer loop
      vertex -41.9938 -16.4729 6.1836
      vertex -41.9938 -32.2492 0
      vertex -41.9938 -16.9482 6.3251
    endloop
  endfacet
  facet normal -1 -0 0
    outer loop
      vertex -41.9938 -15.9876 6.08183
      vertex -41.9938 -32.2492 0
      vertex -41.9938 -16.4729 6.1836
    endloop
  endfacet
  facet normal -1 -0 0
    outer loop
      vertex -41.9938 -15.4955 6.02049
      vertex -41.9938 -32.2492 0
      vertex -41.9938 -15.9876 6.08183
    endloop
  endfacet
  facet normal -1 0 0
    outer loop
      vertex -41.9938 20.9795 12.4955
      vertex -41.9938 32.2492 22
      vertex -41.9938 21 12
    endloop
  endfacet
  facet normal -1 0 0
    outer loop
      vertex -41.9938 20.9182 12.9876
      vertex -41.9938 32.2492 22
      vertex -41.9938 20.9795 12.4955
    endloop
  endfacet
  facet normal -1 0 0
    outer loop
      vertex -41.9938 20.8164 13.4729
      vertex -41.9938 32.2492 22
      vertex -41.9938 20.9182 12.9876
    endloop
  endfacet
  facet normal -1 0 0
    outer loop
      vertex -41.9938 20.6749 13.9482
      vertex -41.9938 32.2492 22
      vertex -41.9938 20.8164 13.4729
    endloop
  endfacet
  facet normal -1 0 0
    outer loop
      vertex -41.9938 20.4946 14.4102
      vertex -41.9938 32.2492 22
      vertex -41.9938 20.6749 13.9482
    endloop
  endfacet
  facet normal -1 0 0
    outer loop
      vertex -41.9938 20.2768 14.8557
      vertex -41.9938 32.2492 22
      vertex -41.9938 20.4946 14.4102
    endloop
  endfacet
  facet normal -1 0 0
    outer loop
      vertex -41.9938 20.023 15.2817
      vertex -41.9938 32.2492 22
      vertex -41.9938 20.2768 14.8557
    endloop
  endfacet
  facet normal -1 0 0
    outer loop
      vertex -41.9938 19.7348 15.6853
      vertex -41.9938 32.2492 22
      vertex -41.9938 20.023 15.2817
    endloop
  endfacet
  facet normal -1 0 0
    outer loop
      vertex -41.9938 19.4143 16.0637
      vertex -41.9938 32.2492 22
      vertex -41.9938 19.7348 15.6853
    endloop
  endfacet
  facet normal -1 0 0
    outer loop
      vertex -41.9938 19.0637 16.4143
      vertex -41.9938 32.2492 22
      vertex -41.9938 19.4143 16.0637
    endloop
  endfacet
  facet normal -1 0 0
    outer loop
      vertex -41.9938 18.6853 16.7348
      vertex -41.9938 32.2492 22
      vertex -41.9938 19.0637 16.4143
    endloop
  endfacet
  facet normal -1 0 0
    outer loop
      vertex -41.9938 18.2817 17.023
      vertex -41.9938 32.2492 22
      vertex -41.9938 18.6853 16.7348
    endloop
  endfacet
  facet normal -1 0 0
    outer loop
      vertex -41.9938 17.8557 17.2768
      vertex -41.9938 32.2492 22
      vertex -41.9938 18.2817 17.023
    endloop
  endfacet
  facet normal -1 0 0
    outer loop
      vertex -41.9938 17.4102 17.4946
      vertex -41.9938 32.2492 22
      vertex -41.9938 17.8557 17.2768
    endloop
  endfacet
  facet normal -1 0 0
    outer loop
      vertex -41.9938 16.9482 17.6749
      vertex -41.9938 32.2492 22
      vertex -41.9938 17.4102 17.4946
    endloop
  endfacet
  facet normal -1 0 0
    outer loop
      vertex -41.9938 16.4729 17.8164
      vertex -41.9938 32.2492 22
      vertex -41.9938 16.9482 17.6749
    endloop
  endfacet
  facet normal -1 0 0
    outer loop
      vertex -41.9938 15.9876 17.9182
      vertex -41.9938 32.2492 22
      vertex -41.9938 16.4729 17.8164
    endloop
  endfacet
  facet normal -1 0 0
    outer loop
      vertex -41.9938 15.4955 17.9795
      vertex -41.9938 32.2492 22
      vertex -41.9938 15.9876 17.9182
    endloop
  endfacet
  facet normal -1 0 0
    outer loop
      vertex -41.9938 15 18
      vertex -41.9938 32.2492 22
      vertex -41.9938 15.4955 17.9795
    endloop
  endfacet
  facet normal -1 0 0
    outer loop
      vertex -41.9938 14.5045 17.9795
      vertex -41.9938 32.2492 22
      vertex -41.9938 15 18
    endloop
  endfacet
  facet normal -1 0 0
    outer loop
      vertex -41.9938 14.0124 17.9182
      vertex -41.9938 32.2492 22
      vertex -41.9938 14.5045 17.9795
    endloop
  endfacet
  facet normal -1 0 0
    outer loop
      vertex -41.9938 -14.0124 17.9182
      vertex -41.9938 14.0124 17.9182
      vertex -41.9938 13.5271 17.8164
    endloop
  endfacet
  facet normal -1 0 0
    outer loop
      vertex -41.9938 -9 12
      vertex -41.9938 9.02049 12.4955
      vertex -41.9938 9 12
    endloop
  endfacet
  facet normal -1 0 0
    outer loop
      vertex -41.9938 -9.02049 12.4955
      vertex -41.9938 9.02049 12.4955
      vertex -41.9938 -9 12
    endloop
  endfacet
  facet normal -1 0 0
    outer loop
      vertex -41.9938 9.02049 12.4955
      vertex -41.9938 -9.02049 12.4955
      vertex -41.9938 9.08183 12.9876
    endloop
  endfacet
  facet normal -1 0 0
    outer loop
      vertex -41.9938 -9.08183 12.9876
      vertex -41.9938 9.08183 12.9876
      vertex -41.9938 -9.02049 12.4955
    endloop
  endfacet
  facet normal -1 0 0
    outer loop
      vertex -41.9938 9.08183 12.9876
      vertex -41.9938 -9.08183 12.9876
      vertex -41.9938 9.1836 13.4729
    endloop
  endfacet
  facet normal -1 0 0
    outer loop
      vertex -41.9938 -9.1836 13.4729
      vertex -41.9938 9.1836 13.4729
      vertex -41.9938 -9.08183 12.9876
    endloop
  endfacet
  facet normal -1 0 0
    outer loop
      vertex -41.9938 9.1836 13.4729
      vertex -41.9938 -9.1836 13.4729
      vertex -41.9938 9.3251 13.9482
    endloop
  endfacet
  facet normal -1 0 0
    outer loop
      vertex -41.9938 -9.3251 13.9482
      vertex -41.9938 9.3251 13.9482
      vertex -41.9938 -9.1836 13.4729
    endloop
  endfacet
  facet normal -1 0 0
    outer loop
      vertex -41.9938 9.3251 13.9482
      vertex -41.9938 -9.3251 13.9482
      vertex -41.9938 9.50536 14.4102
    endloop
  endfacet
  facet normal -1 0 0
    outer loop
      vertex -41.9938 -9.50536 14.4102
      vertex -41.9938 9.50536 14.4102
      vertex -41.9938 -9.3251 13.9482
    endloop
  endfacet
  facet normal -1 0 0
    outer loop
      vertex -41.9938 9.50536 14.4102
      vertex -41.9938 -9.50536 14.4102
      vertex -41.9938 9.72316 14.8557
    endloop
  endfacet
  facet normal -1 0 0
    outer loop
      vertex -41.9938 -9.72316 14.8557
      vertex -41.9938 9.72316 14.8557
      vertex -41.9938 -9.50536 14.4102
    endloop
  endfacet
  facet normal -1 0 0
    outer loop
      vertex -41.9938 9.72316 14.8557
      vertex -41.9938 -9.72316 14.8557
      vertex -41.9938 9.977 15.2817
    endloop
  endfacet
  facet normal -1 0 0
    outer loop
      vertex -41.9938 -9.977 15.2817
      vertex -41.9938 9.977 15.2817
      vertex -41.9938 -9.72316 14.8557
    endloop
  endfacet
  facet normal -1 0 0
    outer loop
      vertex -41.9938 9.977 15.2817
      vertex -41.9938 -9.977 15.2817
      vertex -41.9938 10.2652 15.6853
    endloop
  endfacet
  facet normal -1 0 0
    outer loop
      vertex -41.9938 -10.2652 15.6853
      vertex -41.9938 10.2652 15.6853
      vertex -41.9938 -9.977 15.2817
    endloop
  endfacet
  facet normal -1 0 0
    outer loop
      vertex -41.9938 10.2652 15.6853
      vertex -41.9938 -10.2652 15.6853
      vertex -41.9938 10.5857 16.0637
    endloop
  endfacet
  facet normal -1 0 0
    outer loop
      vertex -41.9938 -10.5857 16.0637
      vertex -41.9938 10.5857 16.0637
      vertex -41.9938 -10.2652 15.6853
    endloop
  endfacet
  facet normal -1 0 0
    outer loop
      vertex -41.9938 10.5857 16.0637
      vertex -41.9938 -10.5857 16.0637
      vertex -41.9938 10.9363 16.4143
    endloop
  endfacet
  facet normal -1 0 0
    outer loop
      vertex -41.9938 -10.9363 16.4143
      vertex -41.9938 10.9363 16.4143
      vertex -41.9938 -10.5857 16.0637
    endloop
  endfacet
  facet normal -1 0 0
    outer loop
      vertex -41.9938 10.9363 16.4143
      vertex -41.9938 -10.9363 16.4143
      vertex -41.9938 11.3147 16.7348
    endloop
  endfacet
  facet normal -1 0 0
    outer loop
      vertex -41.9938 -11.3147 16.7348
      vertex -41.9938 11.3147 16.7348
      vertex -41.9938 -10.9363 16.4143
    endloop
  endfacet
  facet normal -1 0 0
    outer loop
      vertex -41.9938 11.3147 16.7348
      vertex -41.9938 -11.3147 16.7348
      vertex -41.9938 11.7183 17.023
    endloop
  endfacet
  facet normal -1 0 0
    outer loop
      vertex -41.9938 -11.7183 17.023
      vertex -41.9938 11.7183 17.023
      vertex -41.9938 -11.3147 16.7348
    endloop
  endfacet
  facet normal -1 0 0
    outer loop
      vertex -41.9938 11.7183 17.023
      vertex -41.9938 -11.7183 17.023
      vertex -41.9938 12.1443 17.2768
    endloop
  endfacet
  facet normal -1 0 0
    outer loop
      vertex -41.9938 -12.1443 17.2768
      vertex -41.9938 12.1443 17.2768
      vertex -41.9938 -11.7183 17.023
    endloop
  endfacet
  facet normal -1 0 0
    outer loop
      vertex -41.9938 12.1443 17.2768
      vertex -41.9938 -12.1443 17.2768
      vertex -41.9938 12.5898 17.4946
    endloop
  endfacet
  facet normal -1 0 0
    outer loop
      vertex -41.9938 -12.5898 17.4946
      vertex -41.9938 12.5898 17.4946
      vertex -41.9938 -12.1443 17.2768
    endloop
  endfacet
  facet normal -1 0 0
    outer loop
      vertex -41.9938 12.5898 17.4946
      vertex -41.9938 -12.5898 17.4946
      vertex -41.9938 13.0518 17.6749
    endloop
  endfacet
  facet normal -1 0 0
    outer loop
      vertex -41.9938 -13.0518 17.6749
      vertex -41.9938 13.0518 17.6749
      vertex -41.9938 -12.5898 17.4946
    endloop
  endfacet
  facet normal -1 0 0
    outer loop
      vertex -41.9938 13.0518 17.6749
      vertex -41.9938 -13.0518 17.6749
      vertex -41.9938 13.5271 17.8164
    endloop
  endfacet
  facet normal -1 0 0
    outer loop
      vertex -41.9938 -13.5271 17.8164
      vertex -41.9938 13.5271 17.8164
      vertex -41.9938 -13.0518 17.6749
    endloop
  endfacet
  facet normal -1 0 0
    outer loop
      vertex -41.9938 -14.0124 17.9182
      vertex -41.9938 13.5271 17.8164
      vertex -41.9938 -13.5271 17.8164
    endloop
  endfacet
  facet normal -1 0 0
    outer loop
      vertex -41.9938 14.0124 17.9182
      vertex -41.9938 -14.0124 17.9182
      vertex -41.9938 32.2492 22
    endloop
  endfacet
  facet normal -1 0 0
    outer loop
      vertex -41.9938 -32.2492 22
      vertex -41.9938 -14.0124 17.9182
      vertex -41.9938 -14.5045 17.9795
    endloop
  endfacet
  facet normal -1 0 0
    outer loop
      vertex -41.9938 -32.2492 22
      vertex -41.9938 -14.5045 17.9795
      vertex -41.9938 -15 18
    endloop
  endfacet
  facet normal -1 0 0
    outer loop
      vertex -41.9938 -32.2492 22
      vertex -41.9938 -15 18
      vertex -41.9938 -15.4955 17.9795
    endloop
  endfacet
  facet normal -1 0 0
    outer loop
      vertex -41.9938 -20.9795 11.5045
      vertex -41.9938 -32.2492 22
      vertex -41.9938 -21 12
    endloop
  endfacet
  facet normal -1 0 0
    outer loop
      vertex -41.9938 -21 12
      vertex -41.9938 -32.2492 22
      vertex -41.9938 -20.9795 12.4955
    endloop
  endfacet
  facet normal -1 0 0
    outer loop
      vertex -41.9938 -20.9795 12.4955
      vertex -41.9938 -32.2492 22
      vertex -41.9938 -20.9182 12.9876
    endloop
  endfacet
  facet normal -1 0 0
    outer loop
      vertex -41.9938 -20.9182 12.9876
      vertex -41.9938 -32.2492 22
      vertex -41.9938 -20.8164 13.4729
    endloop
  endfacet
  facet normal -1 0 0
    outer loop
      vertex -41.9938 -20.8164 13.4729
      vertex -41.9938 -32.2492 22
      vertex -41.9938 -20.6749 13.9482
    endloop
  endfacet
  facet normal -1 0 0
    outer loop
      vertex -41.9938 -20.6749 13.9482
      vertex -41.9938 -32.2492 22
      vertex -41.9938 -20.4946 14.4102
    endloop
  endfacet
  facet normal -1 0 0
    outer loop
      vertex -41.9938 -20.4946 14.4102
      vertex -41.9938 -32.2492 22
      vertex -41.9938 -20.2768 14.8557
    endloop
  endfacet
  facet normal -1 0 0
    outer loop
      vertex -41.9938 -20.2768 14.8557
      vertex -41.9938 -32.2492 22
      vertex -41.9938 -20.023 15.2817
    endloop
  endfacet
  facet normal -1 0 0
    outer loop
      vertex -41.9938 -14.0124 17.9182
      vertex -41.9938 -32.2492 22
      vertex -41.9938 32.2492 22
    endloop
  endfacet
  facet normal -1 0 0
    outer loop
      vertex -41.9938 -15.9876 17.9182
      vertex -41.9938 -32.2492 22
      vertex -41.9938 -15.4955 17.9795
    endloop
  endfacet
  facet normal -1 0 0
    outer loop
      vertex -41.9938 -16.4729 17.8164
      vertex -41.9938 -32.2492 22
      vertex -41.9938 -15.9876 17.9182
    endloop
  endfacet
  facet normal -1 0 0
    outer loop
      vertex -41.9938 -16.9482 17.6749
      vertex -41.9938 -32.2492 22
      vertex -41.9938 -16.4729 17.8164
    endloop
  endfacet
  facet normal -1 0 0
    outer loop
      vertex -41.9938 -17.4102 17.4946
      vertex -41.9938 -32.2492 22
      vertex -41.9938 -16.9482 17.6749
    endloop
  endfacet
  facet normal -1 0 0
    outer loop
      vertex -41.9938 -17.8557 17.2768
      vertex -41.9938 -32.2492 22
      vertex -41.9938 -17.4102 17.4946
    endloop
  endfacet
  facet normal -1 0 0
    outer loop
      vertex -41.9938 -18.2817 17.023
      vertex -41.9938 -32.2492 22
      vertex -41.9938 -17.8557 17.2768
    endloop
  endfacet
  facet normal -1 0 0
    outer loop
      vertex -41.9938 -18.6853 16.7348
      vertex -41.9938 -32.2492 22
      vertex -41.9938 -18.2817 17.023
    endloop
  endfacet
  facet normal -1 0 0
    outer loop
      vertex -41.9938 -19.0637 16.4143
      vertex -41.9938 -32.2492 22
      vertex -41.9938 -18.6853 16.7348
    endloop
  endfacet
  facet normal -1 0 0
    outer loop
      vertex -41.9938 -19.4143 16.0637
      vertex -41.9938 -32.2492 22
      vertex -41.9938 -19.0637 16.4143
    endloop
  endfacet
  facet normal -1 0 0
    outer loop
      vertex -41.9938 -19.7348 15.6853
      vertex -41.9938 -32.2492 22
      vertex -41.9938 -19.4143 16.0637
    endloop
  endfacet
  facet normal -1 0 0
    outer loop
      vertex -41.9938 -20.023 15.2817
      vertex -41.9938 -32.2492 22
      vertex -41.9938 -19.7348 15.6853
    endloop
  endfacet
  facet normal 0.797078 -0.603877 0
    outer loop
      vertex 40.8302 -35.2139 22
      vertex 41.1312 -34.8166 0
      vertex 41.1312 -34.8166 22
    endloop
  endfacet
  facet normal 0.797078 -0.603877 0
    outer loop
      vertex 41.1312 -34.8166 0
      vertex 40.8302 -35.2139 22
      vertex 40.8302 -35.2139 0
    endloop
  endfacet
  facet normal 0.853287 0.521442 0
    outer loop
      vertex 41.3911 34.3913 22
      vertex 41.1312 34.8166 0
      vertex 41.1312 34.8166 22
    endloop
  endfacet
  facet normal 0.853287 0.521442 0
    outer loop
      vertex 41.1312 34.8166 0
      vertex 41.3911 34.3913 22
      vertex 41.3911 34.3913 0
    endloop
  endfacet
  facet normal -0.542511 0.840049 0
    outer loop
      vertex -39.5 36.3301 0
      vertex -39.9187 36.0597 22
      vertex -39.5 36.3301 22
    endloop
  endfacet
  facet normal -0.542511 0.840049 0
    outer loop
      vertex -39.9187 36.0597 22
      vertex -39.5 36.3301 0
      vertex -39.9187 36.0597 0
    endloop
  endfacet
  facet normal 0 1 0
    outer loop
      vertex 30 36.9984 6.9
      vertex 32.7159 36.9984 22
      vertex 32.7159 36.9984 6.9
    endloop
  endfacet
  facet normal 0 1 0
    outer loop
      vertex 32.7159 36.9984 22
      vertex 30 36.9984 6.9
      vertex -32.7159 36.9984 22
    endloop
  endfacet
  facet normal 0 1 0
    outer loop
      vertex 30 36.9984 6.9
      vertex -32.7159 36.9984 2.4
      vertex -32.7159 36.9984 22
    endloop
  endfacet
  facet normal 0 1 -0
    outer loop
      vertex 30 36.9984 0
      vertex -32.7159 36.9984 2.4
      vertex 30 36.9984 6.9
    endloop
  endfacet
  facet normal 0 1 0
    outer loop
      vertex -37.1247 36.9984 0
      vertex -32.7159 36.9984 2.4
      vertex 30 36.9984 0
    endloop
  endfacet
  facet normal 0 1 0
    outer loop
      vertex -32.7159 36.9984 2.4
      vertex -37.1247 36.9984 0
      vertex -37.1247 36.9984 2.4
    endloop
  endfacet
  facet normal 0.661708 0.749762 -0
    outer loop
      vertex 40.4912 35.5793 0
      vertex 40.1174 35.9092 22
      vertex 40.4912 35.5793 22
    endloop
  endfacet
  facet normal 0.661708 0.749762 0
    outer loop
      vertex 40.1174 35.9092 22
      vertex 40.4912 35.5793 0
      vertex 40.1174 35.9092 0
    endloop
  endfacet
  facet normal -0.62352 0.781807 0
    outer loop
      vertex -39.9187 36.0597 0
      vertex -40.3084 35.7489 22
      vertex -39.9187 36.0597 22
    endloop
  endfacet
  facet normal -0.62352 0.781807 0
    outer loop
      vertex -40.3084 35.7489 22
      vertex -39.9187 36.0597 0
      vertex -40.3084 35.7489 0
    endloop
  endfacet
  facet normal 0.583665 0.811995 6.67032e-07
    outer loop
      vertex 40.1174 35.9092 22
      vertex 40 35.9936 6.9
      vertex 39.7127 36.2001 22
    endloop
  endfacet
  facet normal 0.583722 0.811954 -0
    outer loop
      vertex 40.1174 35.9092 0
      vertex 40 35.9936 6.9
      vertex 40.1174 35.9092 22
    endloop
  endfacet
  facet normal 0.583722 0.811954 0
    outer loop
      vertex 40 35.9936 6.9
      vertex 40.1174 35.9092 0
      vertex 40 35.9936 0
    endloop
  endfacet
  facet normal 0.583642 0.812011 0
    outer loop
      vertex 39.7127 36.2001 22
      vertex 40 35.9936 6.9
      vertex 39.7127 36.2001 6.9
    endloop
  endfacet
  facet normal 0.12438 0.992235 -0
    outer loop
      vertex 37.8682 36.924 6.9
      vertex 37.3736 36.986 22
      vertex 37.8682 36.924 22
    endloop
  endfacet
  facet normal 0.12438 0.992235 0
    outer loop
      vertex 37.3736 36.986 22
      vertex 37.8682 36.924 6.9
      vertex 37.3736 36.986 6.9
    endloop
  endfacet
  facet normal -0.0747176 -0.997205 0
    outer loop
      vertex -37.6217 -36.9612 22
      vertex -37.3134 -36.9843 2.4
      vertex -37.3134 -36.9843 22
    endloop
  endfacet
  facet normal -0.0747176 -0.997205 0
    outer loop
      vertex -37.6217 -36.9612 0
      vertex -37.3134 -36.9843 2.4
      vertex -37.6217 -36.9612 22
    endloop
  endfacet
  facet normal -0.0746403 -0.997211 -9.98214e-06
    outer loop
      vertex -37.1247 -36.9984 0
      vertex -37.3134 -36.9843 2.4
      vertex -37.6217 -36.9612 0
    endloop
  endfacet
  facet normal -0.0745141 -0.99722 0
    outer loop
      vertex -37.3134 -36.9843 2.4
      vertex -37.1247 -36.9984 0
      vertex -37.1247 -36.9984 2.4
    endloop
  endfacet
  facet normal -0.456178 -0.889888 0
    outer loop
      vertex -39.5 -36.3301 0
      vertex -39.0564 -36.5575 22
      vertex -39.5 -36.3301 22
    endloop
  endfacet
  facet normal -0.456178 -0.889888 -0
    outer loop
      vertex -39.0564 -36.5575 22
      vertex -39.5 -36.3301 0
      vertex -39.0564 -36.5575 0
    endloop
  endfacet
  facet normal -0.826202 0.563374 0
    outer loop
      vertex -41.2665 34.6072 0
      vertex -40.9857 35.019 22
      vertex -40.9857 35.019 0
    endloop
  endfacet
  facet normal -0.826202 0.563374 0
    outer loop
      vertex -40.9857 35.019 22
      vertex -41.2665 34.6072 0
      vertex -41.2665 34.6072 22
    endloop
  endfacet
  facet normal -0.0745141 0.99722 0
    outer loop
      vertex -37.1247 36.9984 2.4
      vertex -37.1247 36.9984 0
      vertex -37.3134 36.9843 2.4
    endloop
  endfacet
  facet normal -0.0747176 0.997205 0
    outer loop
      vertex -37.3134 36.9843 2.4
      vertex -37.6217 36.9612 22
      vertex -37.3134 36.9843 22
    endloop
  endfacet
  facet normal -0.0747176 0.997205 0
    outer loop
      vertex -37.3134 36.9843 2.4
      vertex -37.6217 36.9612 0
      vertex -37.6217 36.9612 22
    endloop
  endfacet
  facet normal -0.0746403 0.997211 -9.98214e-06
    outer loop
      vertex -37.6217 36.9612 0
      vertex -37.3134 36.9843 2.4
      vertex -37.1247 36.9984 0
    endloop
  endfacet
  facet normal 0.733094 0.680128 0
    outer loop
      vertex 40.8302 35.2139 22
      vertex 40.4912 35.5793 0
      vertex 40.4912 35.5793 22
    endloop
  endfacet
  facet normal 0.733094 0.680128 0
    outer loop
      vertex 40.4912 35.5793 0
      vertex 40.8302 35.2139 22
      vertex 40.8302 35.2139 0
    endloop
  endfacet
  facet normal -0.955584 -0.29472 0
    outer loop
      vertex -41.6985 -33.7101 0
      vertex -41.8454 -33.2338 22
      vertex -41.8454 -33.2338 0
    endloop
  endfacet
  facet normal -0.955584 -0.29472 0
    outer loop
      vertex -41.8454 -33.2338 22
      vertex -41.6985 -33.7101 0
      vertex -41.6985 -33.7101 22
    endloop
  endfacet
  facet normal 0.988829 0.149057 0
    outer loop
      vertex 41.9752 32.4978 22
      vertex 41.9009 32.9907 0
      vertex 41.9009 32.9907 22
    endloop
  endfacet
  facet normal 0.988829 0.149057 0
    outer loop
      vertex 41.9009 32.9907 0
      vertex 41.9752 32.4978 22
      vertex 41.9752 32.4978 0
    endloop
  endfacet
  facet normal 0.583665 -0.811995 0
    outer loop
      vertex 39.7127 -36.2001 0
      vertex 40.1174 -35.9092 22
      vertex 39.7127 -36.2001 22
    endloop
  endfacet
  facet normal 0.583665 -0.811995 0
    outer loop
      vertex 40.1174 -35.9092 22
      vertex 39.7127 -36.2001 0
      vertex 40.1174 -35.9092 0
    endloop
  endfacet
  facet normal -0.173728 0.984794 0
    outer loop
      vertex -37.6217 36.9612 0
      vertex -38.1126 36.8746 22
      vertex -37.6217 36.9612 22
    endloop
  endfacet
  facet normal -0.173728 0.984794 0
    outer loop
      vertex -38.1126 36.8746 22
      vertex -37.6217 36.9612 0
      vertex -38.1126 36.8746 0
    endloop
  endfacet
  facet normal 0.12438 -0.992235 0
    outer loop
      vertex 37.3736 -36.986 0
      vertex 37.8682 -36.924 22
      vertex 37.3736 -36.986 22
    endloop
  endfacet
  facet normal 0.12438 -0.992235 0
    outer loop
      vertex 37.8682 -36.924 22
      vertex 37.3736 -36.986 0
      vertex 37.8682 -36.924 0
    endloop
  endfacet
  facet normal 0.222471 0.974939 -0
    outer loop
      vertex 38.3542 36.8131 6.9
      vertex 37.8682 36.924 22
      vertex 38.3542 36.8131 22
    endloop
  endfacet
  facet normal 0.222471 0.974939 0
    outer loop
      vertex 37.8682 36.924 22
      vertex 38.3542 36.8131 6.9
      vertex 37.8682 36.924 6.9
    endloop
  endfacet
  facet normal 0.0252895 0.99968 -0
    outer loop
      vertex 37.3736 36.986 6.9
      vertex 37.3064 36.9877 22
      vertex 37.3736 36.986 22
    endloop
  endfacet
  facet normal 0.0252895 0.99968 0
    outer loop
      vertex 37.3064 36.9877 22
      vertex 37.3736 36.986 6.9
      vertex 37.3064 36.9877 6.9
    endloop
  endfacet
  facet normal -0.173728 -0.984794 0
    outer loop
      vertex -38.1126 -36.8746 0
      vertex -37.6217 -36.9612 22
      vertex -38.1126 -36.8746 22
    endloop
  endfacet
  facet normal -0.173728 -0.984794 -0
    outer loop
      vertex -37.6217 -36.9612 22
      vertex -38.1126 -36.8746 0
      vertex -37.6217 -36.9612 0
    endloop
  endfacet
  facet normal 0.900949 -0.433924 0
    outer loop
      vertex 41.3911 -34.3913 22
      vertex 41.6074 -33.9422 0
      vertex 41.6074 -33.9422 22
    endloop
  endfacet
  facet normal 0.900949 -0.433924 0
    outer loop
      vertex 41.6074 -33.9422 0
      vertex 41.3911 -34.3913 22
      vertex 41.3911 -34.3913 0
    endloop
  endfacet
  facet normal 0.988829 -0.149057 0
    outer loop
      vertex 41.9009 -32.9907 22
      vertex 41.9752 -32.4978 0
      vertex 41.9752 -32.4978 22
    endloop
  endfacet
  facet normal 0.988829 -0.149057 0
    outer loop
      vertex 41.9752 -32.4978 0
      vertex 41.9009 -32.9907 22
      vertex 41.9009 -32.9907 0
    endloop
  endfacet
  facet normal -0.36533 0.930878 0
    outer loop
      vertex -38.5924 36.7396 0
      vertex -39.0564 36.5575 22
      vertex -38.5924 36.7396 22
    endloop
  endfacet
  facet normal -0.36533 0.930878 0
    outer loop
      vertex -39.0564 36.5575 22
      vertex -38.5924 36.7396 0
      vertex -39.0564 36.5575 0
    endloop
  endfacet
  facet normal -0.698123 0.715978 0
    outer loop
      vertex -40.3084 35.7489 0
      vertex -40.6653 35.4009 22
      vertex -40.3084 35.7489 22
    endloop
  endfacet
  facet normal -0.698123 0.715978 0
    outer loop
      vertex -40.6653 35.4009 22
      vertex -40.3084 35.7489 0
      vertex -40.6653 35.4009 0
    endloop
  endfacet
  facet normal 0.733094 -0.680128 0
    outer loop
      vertex 40.4912 -35.5793 22
      vertex 40.8302 -35.2139 0
      vertex 40.8302 -35.2139 22
    endloop
  endfacet
  facet normal 0.733094 -0.680128 0
    outer loop
      vertex 40.8302 -35.2139 0
      vertex 40.4912 -35.5793 22
      vertex 40.4912 -35.5793 0
    endloop
  endfacet
  facet normal -0.766096 -0.642726 0
    outer loop
      vertex -40.6653 -35.4009 0
      vertex -40.9857 -35.019 22
      vertex -40.9857 -35.019 0
    endloop
  endfacet
  facet normal -0.766096 -0.642726 0
    outer loop
      vertex -40.9857 -35.019 22
      vertex -40.6653 -35.4009 0
      vertex -40.6653 -35.4009 22
    endloop
  endfacet
  facet normal -0.878317 -0.478079 0
    outer loop
      vertex -41.2665 -34.6072 0
      vertex -41.5048 -34.1694 22
      vertex -41.5048 -34.1694 0
    endloop
  endfacet
  facet normal -0.878317 -0.478079 0
    outer loop
      vertex -41.5048 -34.1694 22
      vertex -41.2665 -34.6072 0
      vertex -41.2665 -34.6072 22
    endloop
  endfacet
  facet normal -0.995037 -0.0995037 0
    outer loop
      vertex -41.9442 -32.7452 0
      vertex -41.9938 -32.2492 22
      vertex -41.9938 -32.2492 0
    endloop
  endfacet
  facet normal -0.995037 -0.0995037 0
    outer loop
      vertex -41.9938 -32.2492 22
      vertex -41.9442 -32.7452 0
      vertex -41.9442 -32.7452 22
    endloop
  endfacet
  facet normal 0.939682 -0.342049 0
    outer loop
      vertex 41.6074 -33.9422 22
      vertex 41.7779 -33.4738 0
      vertex 41.7779 -33.4738 22
    endloop
  endfacet
  facet normal 0.939682 -0.342049 0
    outer loop
      vertex 41.7779 -33.4738 0
      vertex 41.6074 -33.9422 22
      vertex 41.6074 -33.9422 0
    endloop
  endfacet
  facet normal -0.62352 -0.781807 0
    outer loop
      vertex -40.3084 -35.7489 0
      vertex -39.9187 -36.0597 22
      vertex -40.3084 -35.7489 22
    endloop
  endfacet
  facet normal -0.62352 -0.781807 -0
    outer loop
      vertex -39.9187 -36.0597 22
      vertex -40.3084 -35.7489 0
      vertex -39.9187 -36.0597 0
    endloop
  endfacet
  facet normal 0.661708 -0.749762 0
    outer loop
      vertex 40.1174 -35.9092 0
      vertex 40.4912 -35.5793 22
      vertex 40.1174 -35.9092 22
    endloop
  endfacet
  facet normal 0.661708 -0.749762 0
    outer loop
      vertex 40.4912 -35.5793 22
      vertex 40.1174 -35.9092 0
      vertex 40.4912 -35.5793 0
    endloop
  endfacet
  facet normal 0.411232 -0.911531 0
    outer loop
      vertex 38.8267 -36.6544 0
      vertex 39.2811 -36.4494 22
      vertex 38.8267 -36.6544 22
    endloop
  endfacet
  facet normal 0.411232 -0.911531 0
    outer loop
      vertex 39.2811 -36.4494 22
      vertex 38.8267 -36.6544 0
      vertex 39.2811 -36.4494 0
    endloop
  endfacet
  facet normal 0.500174 -0.865925 0
    outer loop
      vertex 39.2811 -36.4494 0
      vertex 39.7127 -36.2001 22
      vertex 39.2811 -36.4494 22
    endloop
  endfacet
  facet normal 0.500174 -0.865925 0
    outer loop
      vertex 39.7127 -36.2001 22
      vertex 39.2811 -36.4494 0
      vertex 39.7127 -36.2001 0
    endloop
  endfacet
  facet normal 0.969083 -0.246734 0
    outer loop
      vertex 41.7779 -33.4738 22
      vertex 41.9009 -32.9907 0
      vertex 41.9009 -32.9907 22
    endloop
  endfacet
  facet normal 0.969083 -0.246734 0
    outer loop
      vertex 41.9009 -32.9907 0
      vertex 41.7779 -33.4738 22
      vertex 41.7779 -33.4738 0
    endloop
  endfacet
  facet normal -0.921412 0.388586 0
    outer loop
      vertex -41.6985 33.7101 0
      vertex -41.5048 34.1694 22
      vertex -41.5048 34.1694 0
    endloop
  endfacet
  facet normal -0.921412 0.388586 0
    outer loop
      vertex -41.5048 34.1694 22
      vertex -41.6985 33.7101 0
      vertex -41.6985 33.7101 22
    endloop
  endfacet
  facet normal 0.998761 0.0497575 0
    outer loop
      vertex 42 32 22
      vertex 41.9752 32.4978 0
      vertex 41.9752 32.4978 22
    endloop
  endfacet
  facet normal 0.998761 0.0497575 0
    outer loop
      vertex 41.9752 32.4978 0
      vertex 42 32 22
      vertex 42 32 0
    endloop
  endfacet
  facet normal 0 0 1
    outer loop
      vertex -33.7 -32 22
      vertex -29.5 -32 22
      vertex -29.5221 -31.507 22
    endloop
  endfacet
  facet normal 0 0 1
    outer loop
      vertex -33.7 -32 22
      vertex -29.5221 -31.507 22
      vertex -29.5884 -31.0179 22
    endloop
  endfacet
  facet normal 0 0 1
    outer loop
      vertex -29.5 -32 22
      vertex -33.7 -32 22
      vertex -29.5221 -32.493 22
    endloop
  endfacet
  facet normal 0 0 1
    outer loop
      vertex -33.7878 -31.5304 22
      vertex -29.5884 -31.0179 22
      vertex -29.6982 -30.5368 22
    endloop
  endfacet
  facet normal 0 0 1
    outer loop
      vertex -29.5221 -32.493 22
      vertex -33.7 -32 22
      vertex -29.5884 -32.9821 22
    endloop
  endfacet
  facet normal 0 0 1
    outer loop
      vertex -33.7878 -31.5304 22
      vertex -29.6982 -30.5368 22
      vertex -29.8507 -30.0674 22
    endloop
  endfacet
  facet normal -0 0 1
    outer loop
      vertex -33.7878 -32.4696 22
      vertex -29.5884 -32.9821 22
      vertex -33.7 -32 22
    endloop
  endfacet
  facet normal 0 0 1
    outer loop
      vertex -33.7878 -31.5304 22
      vertex -29.8507 -30.0674 22
      vertex -30.0447 -29.6136 22
    endloop
  endfacet
  facet normal 0 0 1
    outer loop
      vertex -29.5884 -32.9821 22
      vertex -33.7878 -32.4696 22
      vertex -29.6982 -33.4632 22
    endloop
  endfacet
  facet normal 0 0 1
    outer loop
      vertex -29.6982 -33.4632 22
      vertex -33.7878 -32.4696 22
      vertex -29.8507 -33.9326 22
    endloop
  endfacet
  facet normal 0 0 1
    outer loop
      vertex -33.7878 -31.5304 22
      vertex -30.0447 -29.6136 22
      vertex -30.2785 -29.1791 22
    endloop
  endfacet
  facet normal -0 0 1
    outer loop
      vertex 29.6982 -30.5368 22
      vertex 33.7221 -31.7611 22
      vertex 29.8507 -30.0674 22
    endloop
  endfacet
  facet normal -0 0 1
    outer loop
      vertex 29.5884 -31.0179 22
      vertex 33.7221 -31.7611 22
      vertex 29.6982 -30.5368 22
    endloop
  endfacet
  facet normal 0 -0 1
    outer loop
      vertex 30.0447 -34.3864 22
      vertex 33.7221 -32.2389 22
      vertex 29.8507 -33.9326 22
    endloop
  endfacet
  facet normal 0 0 1
    outer loop
      vertex 33.7221 -32.2389 22
      vertex 30.0447 -34.3864 22
      vertex 30.1586 -34.5981 22
    endloop
  endfacet
  facet normal -0 0 1
    outer loop
      vertex 29.5221 -31.507 22
      vertex 33.7221 -31.7611 22
      vertex 29.5884 -31.0179 22
    endloop
  endfacet
  facet normal 0 0 1
    outer loop
      vertex 33.7221 -32.2389 22
      vertex 29.6982 -33.4632 22
      vertex 29.8507 -33.9326 22
    endloop
  endfacet
  facet normal 0 0 1
    outer loop
      vertex 29.5 -32 22
      vertex 33.7221 -31.7611 22
      vertex 29.5221 -31.507 22
    endloop
  endfacet
  facet normal 0 0 1
    outer loop
      vertex 33.7221 -32.2389 22
      vertex 29.5884 -32.9821 22
      vertex 29.6982 -33.4632 22
    endloop
  endfacet
  facet normal 0 0 1
    outer loop
      vertex 33.7221 -31.7611 22
      vertex 29.5 -32 22
      vertex 33.7221 -32.2389 22
    endloop
  endfacet
  facet normal 0 0 1
    outer loop
      vertex 33.7221 -32.2389 22
      vertex 29.5221 -32.493 22
      vertex 29.5884 -32.9821 22
    endloop
  endfacet
  facet normal 0 0 1
    outer loop
      vertex 33.7221 -32.2389 22
      vertex 29.5 -32 22
      vertex 29.5221 -32.493 22
    endloop
  endfacet
  facet normal -0 0 1
    outer loop
      vertex 29.6982 33.4632 22
      vertex 33.7221 32.2389 22
      vertex 29.8507 33.9326 22
    endloop
  endfacet
  facet normal 0 0 1
    outer loop
      vertex 33.7221 31.7611 22
      vertex 30.0447 29.6136 22
      vertex 30.2785 29.1791 22
    endloop
  endfacet
  facet normal -0 0 1
    outer loop
      vertex 29.5884 32.9821 22
      vertex 33.7221 32.2389 22
      vertex 29.6982 33.4632 22
    endloop
  endfacet
  facet normal 0 0 1
    outer loop
      vertex 33.7221 31.7611 22
      vertex 29.8507 30.0674 22
      vertex 30.0447 29.6136 22
    endloop
  endfacet
  facet normal -0 0 1
    outer loop
      vertex 29.5221 32.493 22
      vertex 33.7221 32.2389 22
      vertex 29.5884 32.9821 22
    endloop
  endfacet
  facet normal 0 0 1
    outer loop
      vertex 33.7221 31.7611 22
      vertex 29.6982 30.5368 22
      vertex 29.8507 30.0674 22
    endloop
  endfacet
  facet normal 0 0 1
    outer loop
      vertex 29.5 32 22
      vertex 33.7221 32.2389 22
      vertex 29.5221 32.493 22
    endloop
  endfacet
  facet normal 0 0 1
    outer loop
      vertex 33.7221 31.7611 22
      vertex 29.5884 31.0179 22
      vertex 29.6982 30.5368 22
    endloop
  endfacet
  facet normal 0 0 1
    outer loop
      vertex 33.7221 32.2389 22
      vertex 29.5 32 22
      vertex 33.7221 31.7611 22
    endloop
  endfacet
  facet normal 0 0 1
    outer loop
      vertex 33.7221 31.7611 22
      vertex 29.5221 31.507 22
      vertex 29.5884 31.0179 22
    endloop
  endfacet
  facet normal 0 0 1
    outer loop
      vertex 33.7221 31.7611 22
      vertex 29.5 32 22
      vertex 29.5221 31.507 22
    endloop
  endfacet
  facet normal 0 0 1
    outer loop
      vertex -33.7 32 22
      vertex -29.5 32 22
      vertex -29.5221 32.493 22
    endloop
  endfacet
  facet normal 0 0 1
    outer loop
      vertex -33.7 32 22
      vertex -29.5221 32.493 22
      vertex -29.5884 32.9821 22
    endloop
  endfacet
  facet normal 0 0 1
    outer loop
      vertex -29.5 32 22
      vertex -33.7 32 22
      vertex -29.5221 31.507 22
    endloop
  endfacet
  facet normal 0 0 1
    outer loop
      vertex -33.7878 32.4696 22
      vertex -29.5884 32.9821 22
      vertex -29.6982 33.4632 22
    endloop
  endfacet
  facet normal 0 0 1
    outer loop
      vertex -29.5221 31.507 22
      vertex -33.7 32 22
      vertex -29.5884 31.0179 22
    endloop
  endfacet
  facet normal 0 0 1
    outer loop
      vertex -33.7878 32.4696 22
      vertex -29.6982 33.4632 22
      vertex -29.8507 33.9326 22
    endloop
  endfacet
  facet normal -0 0 1
    outer loop
      vertex -33.7878 31.5304 22
      vertex -29.5884 31.0179 22
      vertex -33.7 32 22
    endloop
  endfacet
  facet normal 0 0 1
    outer loop
      vertex -33.7878 32.4696 22
      vertex -29.8507 33.9326 22
      vertex -30.0447 34.3864 22
    endloop
  endfacet
  facet normal 0 0 1
    outer loop
      vertex -29.5884 31.0179 22
      vertex -33.7878 31.5304 22
      vertex -29.6982 30.5368 22
    endloop
  endfacet
  facet normal 0 0 1
    outer loop
      vertex -33.7878 32.4696 22
      vertex -30.0447 34.3864 22
      vertex -30.1586 34.5981 22
    endloop
  endfacet
  facet normal 0 0 1
    outer loop
      vertex -29.6982 30.5368 22
      vertex -33.7878 31.5304 22
      vertex -29.8507 30.0674 22
    endloop
  endfacet
  facet normal 0 0 1
    outer loop
      vertex -31.9701 27.4098 22
      vertex -34.4205 30.8363 22
      vertex -32.3937 27.1567 22
    endloop
  endfacet
  facet normal 0 0 1
    outer loop
      vertex -32.3937 27.1567 22
      vertex -34.4205 30.8363 22
      vertex -32.8384 26.9426 22
    endloop
  endfacet
  facet normal 0 0 1
    outer loop
      vertex -32.8384 26.9426 22
      vertex -34.4205 30.8363 22
      vertex -33.3004 26.7692 22
    endloop
  endfacet
  facet normal -0 0 1
    outer loop
      vertex -34.8801 30.7055 22
      vertex -33.3004 26.7692 22
      vertex -34.4205 30.8363 22
    endloop
  endfacet
  facet normal 0 0 1
    outer loop
      vertex -33.3004 26.7692 22
      vertex -34.8801 30.7055 22
      vertex -33.7761 26.6379 22
    endloop
  endfacet
  facet normal 0 0 1
    outer loop
      vertex -33.7761 26.6379 22
      vertex -34.8801 30.7055 22
      vertex -34.2617 26.5498 22
    endloop
  endfacet
  facet normal 0 0 1
    outer loop
      vertex -34.2617 26.5498 22
      vertex -34.8801 30.7055 22
      vertex -34.7532 26.5055 22
    endloop
  endfacet
  facet normal 0 0 1
    outer loop
      vertex -34.8801 30.7055 22
      vertex -35.2468 26.5055 22
      vertex -34.7532 26.5055 22
    endloop
  endfacet
  facet normal 0 0 1
    outer loop
      vertex -35.3558 30.7496 22
      vertex -35.2468 26.5055 22
      vertex -34.8801 30.7055 22
    endloop
  endfacet
  facet normal 0 0 1
    outer loop
      vertex -35.3558 30.7496 22
      vertex -35.7383 26.5498 22
      vertex -35.2468 26.5055 22
    endloop
  endfacet
  facet normal 0 0 1
    outer loop
      vertex -37.6063 27.1567 22
      vertex -35.3558 30.7496 22
      vertex -35.7834 30.9626 22
    endloop
  endfacet
  facet normal 0 0 1
    outer loop
      vertex -39.1419 28.3813 22
      vertex -35.7834 30.9626 22
      vertex -36.1053 31.3156 22
    endloop
  endfacet
  facet normal 0 0 1
    outer loop
      vertex -35.3558 30.7496 22
      vertex -36.2239 26.6379 22
      vertex -35.7383 26.5498 22
    endloop
  endfacet
  facet normal 0 0 1
    outer loop
      vertex -39.5924 28.9835 22
      vertex -36.1053 31.3156 22
      vertex -36.2779 31.7611 22
    endloop
  endfacet
  facet normal -0 0 1
    outer loop
      vertex -38.1126 36.8746 22
      vertex -35.7834 33.0374 22
      vertex -37.6217 36.9612 22
    endloop
  endfacet
  facet normal 0 0 1
    outer loop
      vertex -35.3558 30.7496 22
      vertex -36.6996 26.7692 22
      vertex -36.2239 26.6379 22
    endloop
  endfacet
  facet normal -0 0 1
    outer loop
      vertex -38.5924 36.7396 22
      vertex -35.7834 33.0374 22
      vertex -38.1126 36.8746 22
    endloop
  endfacet
  facet normal 0 0 1
    outer loop
      vertex -35.7834 33.0374 22
      vertex -38.5924 36.7396 22
      vertex -36.1053 32.6844 22
    endloop
  endfacet
  facet normal 0 0 1
    outer loop
      vertex -35.3558 30.7496 22
      vertex -37.1616 26.9426 22
      vertex -36.6996 26.7692 22
    endloop
  endfacet
  facet normal 0 0 1
    outer loop
      vertex -35.3558 30.7496 22
      vertex -37.6063 27.1567 22
      vertex -37.1616 26.9426 22
    endloop
  endfacet
  facet normal -0 0 1
    outer loop
      vertex -39.0564 36.5575 22
      vertex -36.1053 32.6844 22
      vertex -38.5924 36.7396 22
    endloop
  endfacet
  facet normal 0 0 1
    outer loop
      vertex -35.7834 30.9626 22
      vertex -38.0299 27.4098 22
      vertex -37.6063 27.1567 22
    endloop
  endfacet
  facet normal -0 0 1
    outer loop
      vertex -39.5 36.3301 22
      vertex -36.1053 32.6844 22
      vertex -39.0564 36.5575 22
    endloop
  endfacet
  facet normal 0 0 1
    outer loop
      vertex -36.1053 31.3156 22
      vertex -39.5924 28.9835 22
      vertex -39.4496 28.7672 22
    endloop
  endfacet
  facet normal -0 0 1
    outer loop
      vertex -39.9187 36.0597 22
      vertex -36.1053 32.6844 22
      vertex -39.5 36.3301 22
    endloop
  endfacet
  facet normal 0 0 1
    outer loop
      vertex -35.7834 30.9626 22
      vertex -38.4292 27.6999 22
      vertex -38.0299 27.4098 22
    endloop
  endfacet
  facet normal -0 0 1
    outer loop
      vertex -40.3084 35.7489 22
      vertex -36.1053 32.6844 22
      vertex -39.9187 36.0597 22
    endloop
  endfacet
  facet normal 0 0 1
    outer loop
      vertex -35.7834 30.9626 22
      vertex -38.8008 28.0246 22
      vertex -38.4292 27.6999 22
    endloop
  endfacet
  facet normal 0 0 1
    outer loop
      vertex -35.7834 30.9626 22
      vertex -39.1419 28.3813 22
      vertex -38.8008 28.0246 22
    endloop
  endfacet
  facet normal -0 0 1
    outer loop
      vertex -40.6653 35.4009 22
      vertex -36.1053 32.6844 22
      vertex -40.3084 35.7489 22
    endloop
  endfacet
  facet normal 0 0 1
    outer loop
      vertex -36.1053 31.3156 22
      vertex -39.4496 28.7672 22
      vertex -39.1419 28.3813 22
    endloop
  endfacet
  facet normal -0 0 1
    outer loop
      vertex -40.9857 35.019 22
      vertex -36.2779 32.2389 22
      vertex -40.6653 35.4009 22
    endloop
  endfacet
  facet normal 0 0 1
    outer loop
      vertex -36.1053 32.6844 22
      vertex -40.6653 35.4009 22
      vertex -36.2779 32.2389 22
    endloop
  endfacet
  facet normal -0 0 1
    outer loop
      vertex -34.4205 -33.1637 22
      vertex -32.7159 -36.9984 22
      vertex -34.0393 -32.8758 22
    endloop
  endfacet
  facet normal 0 0 1
    outer loop
      vertex -32.7159 -36.9984 22
      vertex -34.4205 -33.1637 22
      vertex -32.8384 -37.0574 22
    endloop
  endfacet
  facet normal 0 0 1
    outer loop
      vertex -32.8384 -37.0574 22
      vertex -34.4205 -33.1637 22
      vertex -33.3004 -37.2308 22
    endloop
  endfacet
  facet normal -0 0 1
    outer loop
      vertex -34.8801 -33.2945 22
      vertex -33.3004 -37.2308 22
      vertex -34.4205 -33.1637 22
    endloop
  endfacet
  facet normal 0 0 1
    outer loop
      vertex -33.3004 -37.2308 22
      vertex -34.8801 -33.2945 22
      vertex -33.7761 -37.3621 22
    endloop
  endfacet
  facet normal 0 0 1
    outer loop
      vertex -33.7761 -37.3621 22
      vertex -34.8801 -33.2945 22
      vertex -34.2617 -37.4502 22
    endloop
  endfacet
  facet normal 0 0 1
    outer loop
      vertex -34.2617 -37.4502 22
      vertex -34.8801 -33.2945 22
      vertex -34.7532 -37.4945 22
    endloop
  endfacet
  facet normal 0 0 1
    outer loop
      vertex -34.8801 -33.2945 22
      vertex -35.2468 -37.4945 22
      vertex -34.7532 -37.4945 22
    endloop
  endfacet
  facet normal 0 0 1
    outer loop
      vertex -35.3558 -33.2504 22
      vertex -35.2468 -37.4945 22
      vertex -34.8801 -33.2945 22
    endloop
  endfacet
  facet normal 0 0 1
    outer loop
      vertex -35.3558 -33.2504 22
      vertex -35.7383 -37.4502 22
      vertex -35.2468 -37.4945 22
    endloop
  endfacet
  facet normal 0 0 1
    outer loop
      vertex -37.3134 -36.9843 22
      vertex -35.3558 -33.2504 22
      vertex -35.7834 -33.0374 22
    endloop
  endfacet
  facet normal 0 0 1
    outer loop
      vertex -38.5924 -36.7396 22
      vertex -35.7834 -33.0374 22
      vertex -36.1053 -32.6844 22
    endloop
  endfacet
  facet normal 0 0 1
    outer loop
      vertex -35.3558 -33.2504 22
      vertex -36.2239 -37.3621 22
      vertex -35.7383 -37.4502 22
    endloop
  endfacet
  facet normal 0 0 1
    outer loop
      vertex -40.6653 -35.4009 22
      vertex -36.1053 -32.6844 22
      vertex -36.2779 -32.2389 22
    endloop
  endfacet
  facet normal -0 0 1
    outer loop
      vertex -38.4292 -27.6999 22
      vertex -35.7834 -30.9626 22
      vertex -38.0299 -27.4098 22
    endloop
  endfacet
  facet normal 0 0 1
    outer loop
      vertex -35.3558 -33.2504 22
      vertex -36.6996 -37.2308 22
      vertex -36.2239 -37.3621 22
    endloop
  endfacet
  facet normal -0 0 1
    outer loop
      vertex -38.8008 -28.0246 22
      vertex -35.7834 -30.9626 22
      vertex -38.4292 -27.6999 22
    endloop
  endfacet
  facet normal 0 0 1
    outer loop
      vertex -35.3558 -33.2504 22
      vertex -37.3134 -36.9843 22
      vertex -37.1616 -37.0574 22
    endloop
  endfacet
  facet normal 0 0 1
    outer loop
      vertex -35.3558 -33.2504 22
      vertex -37.1616 -37.0574 22
      vertex -36.6996 -37.2308 22
    endloop
  endfacet
  facet normal -0 0 1
    outer loop
      vertex -39.1419 -28.3813 22
      vertex -35.7834 -30.9626 22
      vertex -38.8008 -28.0246 22
    endloop
  endfacet
  facet normal 0 0 1
    outer loop
      vertex -35.7834 -30.9626 22
      vertex -39.1419 -28.3813 22
      vertex -36.1053 -31.3156 22
    endloop
  endfacet
  facet normal 0 0 1
    outer loop
      vertex -36.2779 -31.7611 22
      vertex -41.9938 -32.2492 22
      vertex -36.2779 -32.2389 22
    endloop
  endfacet
  facet normal 0 0 1
    outer loop
      vertex -35.7834 -33.0374 22
      vertex -37.6217 -36.9612 22
      vertex -37.3134 -36.9843 22
    endloop
  endfacet
  facet normal -0 0 1
    outer loop
      vertex -39.4496 -28.7672 22
      vertex -36.1053 -31.3156 22
      vertex -39.1419 -28.3813 22
    endloop
  endfacet
  facet normal 0 0 1
    outer loop
      vertex -35.7834 -33.0374 22
      vertex -38.1126 -36.8746 22
      vertex -37.6217 -36.9612 22
    endloop
  endfacet
  facet normal -0 0 1
    outer loop
      vertex -39.5924 -28.9835 22
      vertex -36.1053 -31.3156 22
      vertex -39.4496 -28.7672 22
    endloop
  endfacet
  facet normal 0 0 1
    outer loop
      vertex -35.7834 -33.0374 22
      vertex -38.5924 -36.7396 22
      vertex -38.1126 -36.8746 22
    endloop
  endfacet
  facet normal 0 0 1
    outer loop
      vertex -36.1053 -31.3156 22
      vertex -39.5924 -28.9835 22
      vertex -36.2779 -31.7611 22
    endloop
  endfacet
  facet normal 0 0 1
    outer loop
      vertex -41.9938 -32.2492 22
      vertex -36.2779 -31.7611 22
      vertex -39.5924 -28.9835 22
    endloop
  endfacet
  facet normal 0 0 1
    outer loop
      vertex -36.1053 -32.6844 22
      vertex -39.0564 -36.5575 22
      vertex -38.5924 -36.7396 22
    endloop
  endfacet
  facet normal 0 0 1
    outer loop
      vertex -36.1053 -32.6844 22
      vertex -39.5 -36.3301 22
      vertex -39.0564 -36.5575 22
    endloop
  endfacet
  facet normal 0 0 1
    outer loop
      vertex -36.1053 -32.6844 22
      vertex -39.9187 -36.0597 22
      vertex -39.5 -36.3301 22
    endloop
  endfacet
  facet normal 0 0 1
    outer loop
      vertex -39.5924 28.9835 22
      vertex -41.9938 32.2492 22
      vertex -39.5924 -28.9835 22
    endloop
  endfacet
  facet normal -0 0 1
    outer loop
      vertex -41.2665 34.6072 22
      vertex -36.2779 32.2389 22
      vertex -40.9857 35.019 22
    endloop
  endfacet
  facet normal 0 0 1
    outer loop
      vertex -41.9938 -32.2492 22
      vertex -39.5924 -28.9835 22
      vertex -41.9938 32.2492 22
    endloop
  endfacet
  facet normal -0 0 1
    outer loop
      vertex -41.5048 34.1694 22
      vertex -36.2779 32.2389 22
      vertex -41.2665 34.6072 22
    endloop
  endfacet
  facet normal 0 0 1
    outer loop
      vertex -36.2779 -32.2389 22
      vertex -41.9938 -32.2492 22
      vertex -41.9442 -32.7452 22
    endloop
  endfacet
  facet normal -0 0 1
    outer loop
      vertex -41.6985 33.7101 22
      vertex -36.2779 32.2389 22
      vertex -41.5048 34.1694 22
    endloop
  endfacet
  facet normal 0 0 1
    outer loop
      vertex -36.1053 -32.6844 22
      vertex -40.3084 -35.7489 22
      vertex -39.9187 -36.0597 22
    endloop
  endfacet
  facet normal -0 0 1
    outer loop
      vertex -41.8454 33.2338 22
      vertex -36.2779 32.2389 22
      vertex -41.6985 33.7101 22
    endloop
  endfacet
  facet normal 0 0 1
    outer loop
      vertex -36.1053 -32.6844 22
      vertex -40.6653 -35.4009 22
      vertex -40.3084 -35.7489 22
    endloop
  endfacet
  facet normal -0 0 1
    outer loop
      vertex -41.9442 32.7452 22
      vertex -36.2779 32.2389 22
      vertex -41.8454 33.2338 22
    endloop
  endfacet
  facet normal 0 0 1
    outer loop
      vertex -36.2779 -32.2389 22
      vertex -40.9857 -35.019 22
      vertex -40.6653 -35.4009 22
    endloop
  endfacet
  facet normal -0 0 1
    outer loop
      vertex -41.9938 32.2492 22
      vertex -36.2779 32.2389 22
      vertex -41.9442 32.7452 22
    endloop
  endfacet
  facet normal 0 0 1
    outer loop
      vertex -36.2779 -32.2389 22
      vertex -41.2665 -34.6072 22
      vertex -40.9857 -35.019 22
    endloop
  endfacet
  facet normal 0 0 1
    outer loop
      vertex -36.2779 32.2389 22
      vertex -41.9938 32.2492 22
      vertex -36.2779 31.7611 22
    endloop
  endfacet
  facet normal 0 0 1
    outer loop
      vertex -36.2779 -32.2389 22
      vertex -41.5048 -34.1694 22
      vertex -41.2665 -34.6072 22
    endloop
  endfacet
  facet normal 0 0 1
    outer loop
      vertex -36.2779 31.7611 22
      vertex -41.9938 32.2492 22
      vertex -39.5924 28.9835 22
    endloop
  endfacet
  facet normal 0 0 1
    outer loop
      vertex -36.2779 -32.2389 22
      vertex -41.6985 -33.7101 22
      vertex -41.5048 -34.1694 22
    endloop
  endfacet
  facet normal 0 0 1
    outer loop
      vertex -36.2779 -32.2389 22
      vertex -41.8454 -33.2338 22
      vertex -41.6985 -33.7101 22
    endloop
  endfacet
  facet normal 0 0 1
    outer loop
      vertex -36.2779 -32.2389 22
      vertex -41.9442 -32.7452 22
      vertex -41.8454 -33.2338 22
    endloop
  endfacet
  facet normal 0 0 1
    outer loop
      vertex 36.3 32 22
      vertex 42 32 22
      vertex 41.9752 32.4978 22
    endloop
  endfacet
  facet normal 0 0 1
    outer loop
      vertex 42 32 22
      vertex 39.6 28.995 22
      vertex 42 -32 22
    endloop
  endfacet
  facet normal 0 0 1
    outer loop
      vertex 36.3 32 22
      vertex 41.9752 32.4978 22
      vertex 41.9009 32.9907 22
    endloop
  endfacet
  facet normal -0 0 1
    outer loop
      vertex 39.6 -28.995 22
      vertex 42 -32 22
      vertex 39.6 28.995 22
    endloop
  endfacet
  facet normal 0 0 1
    outer loop
      vertex 36.3 32 22
      vertex 41.9009 32.9907 22
      vertex 41.7779 33.4738 22
    endloop
  endfacet
  facet normal 0 0 1
    outer loop
      vertex 36.3 -32 22
      vertex 42 -32 22
      vertex 39.6 -28.995 22
    endloop
  endfacet
  facet normal 0 0 1
    outer loop
      vertex 36.3 32 22
      vertex 41.7779 33.4738 22
      vertex 41.6074 33.9422 22
    endloop
  endfacet
  facet normal 0 0 1
    outer loop
      vertex 42 -32 22
      vertex 36.3 -32 22
      vertex 41.9752 -32.4978 22
    endloop
  endfacet
  facet normal 0 0 1
    outer loop
      vertex 36.2122 32.4696 22
      vertex 41.6074 33.9422 22
      vertex 41.3911 34.3913 22
    endloop
  endfacet
  facet normal 0 0 1
    outer loop
      vertex 41.9752 -32.4978 22
      vertex 36.3 -32 22
      vertex 41.9009 -32.9907 22
    endloop
  endfacet
  facet normal 0 0 1
    outer loop
      vertex 36.2122 32.4696 22
      vertex 41.3911 34.3913 22
      vertex 41.1312 34.8166 22
    endloop
  endfacet
  facet normal 0 0 1
    outer loop
      vertex 41.9009 -32.9907 22
      vertex 36.3 -32 22
      vertex 41.7779 -33.4738 22
    endloop
  endfacet
  facet normal 0 0 1
    outer loop
      vertex 36.2122 32.4696 22
      vertex 41.1312 34.8166 22
      vertex 40.8302 35.2139 22
    endloop
  endfacet
  facet normal 0 0 1
    outer loop
      vertex 41.7779 -33.4738 22
      vertex 36.3 -32 22
      vertex 41.6074 -33.9422 22
    endloop
  endfacet
  facet normal 0 0 1
    outer loop
      vertex 36.2122 32.4696 22
      vertex 40.8302 35.2139 22
      vertex 40.4912 35.5793 22
    endloop
  endfacet
  facet normal -0 0 1
    outer loop
      vertex 36.2122 -32.4696 22
      vertex 41.6074 -33.9422 22
      vertex 36.3 -32 22
    endloop
  endfacet
  facet normal 0 0 1
    outer loop
      vertex 36.2122 32.4696 22
      vertex 40.4912 35.5793 22
      vertex 40.1174 35.9092 22
    endloop
  endfacet
  facet normal 0 0 1
    outer loop
      vertex 41.6074 -33.9422 22
      vertex 36.2122 -32.4696 22
      vertex 41.3911 -34.3913 22
    endloop
  endfacet
  facet normal 0 0 1
    outer loop
      vertex 36.2122 32.4696 22
      vertex 40.1174 35.9092 22
      vertex 39.7127 36.2001 22
    endloop
  endfacet
  facet normal 0 0 1
    outer loop
      vertex 41.3911 -34.3913 22
      vertex 36.2122 -32.4696 22
      vertex 41.1312 -34.8166 22
    endloop
  endfacet
  facet normal 0 0 1
    outer loop
      vertex 41.1312 -34.8166 22
      vertex 36.2122 -32.4696 22
      vertex 40.8302 -35.2139 22
    endloop
  endfacet
  facet normal 0 0 1
    outer loop
      vertex 42 32 22
      vertex 36.3 32 22
      vertex 39.6 28.995 22
    endloop
  endfacet
  facet normal 0 0 1
    outer loop
      vertex 35.9607 32.8758 22
      vertex 39.7127 36.2001 22
      vertex 39.2811 36.4494 22
    endloop
  endfacet
  facet normal -0 0 1
    outer loop
      vertex 36.2122 31.5304 22
      vertex 39.6 28.995 22
      vertex 36.3 32 22
    endloop
  endfacet
  facet normal 0 0 1
    outer loop
      vertex 35.9607 32.8758 22
      vertex 39.2811 36.4494 22
      vertex 38.8267 36.6544 22
    endloop
  endfacet
  facet normal -0 0 1
    outer loop
      vertex 35.9607 31.1242 22
      vertex 39.6 28.995 22
      vertex 36.2122 31.5304 22
    endloop
  endfacet
  facet normal 0 0 1
    outer loop
      vertex 39.6 28.995 22
      vertex 35.9607 31.1242 22
      vertex 39.4496 28.7672 22
    endloop
  endfacet
  facet normal 0 0 1
    outer loop
      vertex 35.9607 32.8758 22
      vertex 38.8267 36.6544 22
      vertex 38.3542 36.8131 22
    endloop
  endfacet
  facet normal 0 0 1
    outer loop
      vertex 39.4496 28.7672 22
      vertex 35.9607 31.1242 22
      vertex 39.1419 28.3813 22
    endloop
  endfacet
  facet normal 0 0 1
    outer loop
      vertex 35.9607 32.8758 22
      vertex 38.3542 36.8131 22
      vertex 37.8682 36.924 22
    endloop
  endfacet
  facet normal 0 0 1
    outer loop
      vertex 39.1419 28.3813 22
      vertex 35.9607 31.1242 22
      vertex 38.8008 28.0246 22
    endloop
  endfacet
  facet normal 0 0 1
    outer loop
      vertex 35.9607 32.8758 22
      vertex 37.8682 36.924 22
      vertex 37.3736 36.986 22
    endloop
  endfacet
  facet normal 0 0 1
    outer loop
      vertex 35.9607 32.8758 22
      vertex 37.3736 36.986 22
      vertex 37.3064 36.9877 22
    endloop
  endfacet
  facet normal 0 0 1
    outer loop
      vertex 35.5795 33.1637 22
      vertex 37.3064 36.9877 22
      vertex 37.1616 37.0574 22
    endloop
  endfacet
  facet normal 0 0 1
    outer loop
      vertex 38.8008 28.0246 22
      vertex 35.9607 31.1242 22
      vertex 38.4292 27.6999 22
    endloop
  endfacet
  facet normal 0 0 1
    outer loop
      vertex 35.5795 33.1637 22
      vertex 37.1616 37.0574 22
      vertex 36.6996 37.2308 22
    endloop
  endfacet
  facet normal -0 0 1
    outer loop
      vertex 35.5795 30.8363 22
      vertex 38.4292 27.6999 22
      vertex 35.9607 31.1242 22
    endloop
  endfacet
  facet normal 0 0 1
    outer loop
      vertex 38.4292 27.6999 22
      vertex 35.5795 30.8363 22
      vertex 38.0299 27.4098 22
    endloop
  endfacet
  facet normal 0 0 1
    outer loop
      vertex 35.1199 33.2945 22
      vertex 36.6996 37.2308 22
      vertex 36.2239 37.3621 22
    endloop
  endfacet
  facet normal 0 0 1
    outer loop
      vertex 41.6074 33.9422 22
      vertex 36.2122 32.4696 22
      vertex 36.3 32 22
    endloop
  endfacet
  facet normal 0 0 1
    outer loop
      vertex 39.7127 36.2001 22
      vertex 35.9607 32.8758 22
      vertex 36.2122 32.4696 22
    endloop
  endfacet
  facet normal 0 0 1
    outer loop
      vertex 35.1199 33.2945 22
      vertex 36.2239 37.3621 22
      vertex 35.7383 37.4502 22
    endloop
  endfacet
  facet normal 0 0 1
    outer loop
      vertex 37.3064 36.9877 22
      vertex 35.5795 33.1637 22
      vertex 35.9607 32.8758 22
    endloop
  endfacet
  facet normal 0 0 1
    outer loop
      vertex 35.1199 33.2945 22
      vertex 35.7383 37.4502 22
      vertex 35.2468 37.4945 22
    endloop
  endfacet
  facet normal 0 0 1
    outer loop
      vertex 36.6996 37.2308 22
      vertex 35.1199 33.2945 22
      vertex 35.5795 33.1637 22
    endloop
  endfacet
  facet normal -0 0 1
    outer loop
      vertex 34.7532 37.4945 22
      vertex 35.1199 33.2945 22
      vertex 35.2468 37.4945 22
    endloop
  endfacet
  facet normal 0 0 1
    outer loop
      vertex 34.7532 37.4945 22
      vertex 34.6442 33.2504 22
      vertex 35.1199 33.2945 22
    endloop
  endfacet
  facet normal -0 0 1
    outer loop
      vertex 34.2617 37.4502 22
      vertex 34.6442 33.2504 22
      vertex 34.7532 37.4945 22
    endloop
  endfacet
  facet normal -0 0 1
    outer loop
      vertex 33.7761 37.3621 22
      vertex 34.6442 33.2504 22
      vertex 34.2617 37.4502 22
    endloop
  endfacet
  facet normal -0 0 1
    outer loop
      vertex 33.3004 37.2308 22
      vertex 34.6442 33.2504 22
      vertex 33.7761 37.3621 22
    endloop
  endfacet
  facet normal -0 0 1
    outer loop
      vertex 32.8384 37.0574 22
      vertex 34.6442 33.2504 22
      vertex 33.3004 37.2308 22
    endloop
  endfacet
  facet normal -0 0 1
    outer loop
      vertex 32.7159 36.9984 22
      vertex 34.6442 33.2504 22
      vertex 32.8384 37.0574 22
    endloop
  endfacet
  facet normal -0 0 1
    outer loop
      vertex 30.1586 34.5981 22
      vertex 34.2166 33.0374 22
      vertex 32.7159 36.9984 22
    endloop
  endfacet
  facet normal 0 0 1
    outer loop
      vertex 34.6442 33.2504 22
      vertex 32.7159 36.9984 22
      vertex 34.2166 33.0374 22
    endloop
  endfacet
  facet normal 0 0 1
    outer loop
      vertex 40.8302 -35.2139 22
      vertex 36.2122 -32.4696 22
      vertex 40.4912 -35.5793 22
    endloop
  endfacet
  facet normal 0 0 1
    outer loop
      vertex 35.9607 -31.1242 22
      vertex 39.6 -28.995 22
      vertex 39.4496 -28.7672 22
    endloop
  endfacet
  facet normal 0 0 1
    outer loop
      vertex 40.4912 -35.5793 22
      vertex 36.2122 -32.4696 22
      vertex 40.1174 -35.9092 22
    endloop
  endfacet
  facet normal 0 0 1
    outer loop
      vertex 35.9607 -31.1242 22
      vertex 39.4496 -28.7672 22
      vertex 39.1419 -28.3813 22
    endloop
  endfacet
  facet normal 0 0 1
    outer loop
      vertex 40.1174 -35.9092 22
      vertex 36.2122 -32.4696 22
      vertex 39.7127 -36.2001 22
    endloop
  endfacet
  facet normal 0 0 1
    outer loop
      vertex 35.9607 -31.1242 22
      vertex 39.1419 -28.3813 22
      vertex 38.8008 -28.0246 22
    endloop
  endfacet
  facet normal 0 0 1
    outer loop
      vertex 35.9607 -31.1242 22
      vertex 38.8008 -28.0246 22
      vertex 38.4292 -27.6999 22
    endloop
  endfacet
  facet normal -0 0 1
    outer loop
      vertex 35.9607 -32.8758 22
      vertex 39.7127 -36.2001 22
      vertex 36.2122 -32.4696 22
    endloop
  endfacet
  facet normal 0 0 1
    outer loop
      vertex 35.5795 -30.8363 22
      vertex 38.4292 -27.6999 22
      vertex 38.0299 -27.4098 22
    endloop
  endfacet
  facet normal 0 0 1
    outer loop
      vertex 39.7127 -36.2001 22
      vertex 35.9607 -32.8758 22
      vertex 39.2811 -36.4494 22
    endloop
  endfacet
  facet normal 0 0 1
    outer loop
      vertex 35.5795 -30.8363 22
      vertex 38.0299 -27.4098 22
      vertex 37.6063 -27.1567 22
    endloop
  endfacet
  facet normal 0 0 1
    outer loop
      vertex 39.2811 -36.4494 22
      vertex 35.9607 -32.8758 22
      vertex 38.8267 -36.6544 22
    endloop
  endfacet
  facet normal 0 0 1
    outer loop
      vertex 38.8267 -36.6544 22
      vertex 35.9607 -32.8758 22
      vertex 38.3542 -36.8131 22
    endloop
  endfacet
  facet normal 0 0 1
    outer loop
      vertex 35.5795 -30.8363 22
      vertex 37.6063 -27.1567 22
      vertex 37.1616 -26.9426 22
    endloop
  endfacet
  facet normal 0 0 1
    outer loop
      vertex 38.3542 -36.8131 22
      vertex 35.9607 -32.8758 22
      vertex 37.8682 -36.924 22
    endloop
  endfacet
  facet normal 0 0 1
    outer loop
      vertex 35.5795 -30.8363 22
      vertex 37.1616 -26.9426 22
      vertex 36.6996 -26.7692 22
    endloop
  endfacet
  facet normal 0 0 1
    outer loop
      vertex 37.8682 -36.924 22
      vertex 35.9607 -32.8758 22
      vertex 37.3736 -36.986 22
    endloop
  endfacet
  facet normal 0 0 1
    outer loop
      vertex 37.3736 -36.986 22
      vertex 35.9607 -32.8758 22
      vertex 37.3064 -36.9877 22
    endloop
  endfacet
  facet normal 0 0 1
    outer loop
      vertex 35.1199 -30.7055 22
      vertex 36.6996 -26.7692 22
      vertex 36.2239 -26.6379 22
    endloop
  endfacet
  facet normal 0 0 1
    outer loop
      vertex 39.6 -28.995 22
      vertex 36.2122 -31.5304 22
      vertex 36.3 -32 22
    endloop
  endfacet
  facet normal 0 0 1
    outer loop
      vertex 39.6 -28.995 22
      vertex 35.9607 -31.1242 22
      vertex 36.2122 -31.5304 22
    endloop
  endfacet
  facet normal 0 0 1
    outer loop
      vertex 35.1199 -30.7055 22
      vertex 36.2239 -26.6379 22
      vertex 35.7383 -26.5498 22
    endloop
  endfacet
  facet normal 0 0 1
    outer loop
      vertex 38.4292 -27.6999 22
      vertex 35.5795 -30.8363 22
      vertex 35.9607 -31.1242 22
    endloop
  endfacet
  facet normal 0 0 1
    outer loop
      vertex 35.1199 -30.7055 22
      vertex 35.7383 -26.5498 22
      vertex 35.2468 -26.5055 22
    endloop
  endfacet
  facet normal 0 0 1
    outer loop
      vertex 36.6996 -26.7692 22
      vertex 35.1199 -30.7055 22
      vertex 35.5795 -30.8363 22
    endloop
  endfacet
  facet normal -0 0 1
    outer loop
      vertex 34.7532 -26.5055 22
      vertex 35.1199 -30.7055 22
      vertex 35.2468 -26.5055 22
    endloop
  endfacet
  facet normal 0 0 1
    outer loop
      vertex 34.7532 -26.5055 22
      vertex 34.6442 -30.7496 22
      vertex 35.1199 -30.7055 22
    endloop
  endfacet
  facet normal -0 0 1
    outer loop
      vertex 34.2617 -26.5498 22
      vertex 34.6442 -30.7496 22
      vertex 34.7532 -26.5055 22
    endloop
  endfacet
  facet normal -0 0 1
    outer loop
      vertex 33.7761 -26.6379 22
      vertex 34.6442 -30.7496 22
      vertex 34.2617 -26.5498 22
    endloop
  endfacet
  facet normal -0 0 1
    outer loop
      vertex 33.3004 -26.7692 22
      vertex 34.6442 -30.7496 22
      vertex 33.7761 -26.6379 22
    endloop
  endfacet
  facet normal -0 0 1
    outer loop
      vertex 32.8384 -26.9426 22
      vertex 34.6442 -30.7496 22
      vertex 33.3004 -26.7692 22
    endloop
  endfacet
  facet normal -0 0 1
    outer loop
      vertex 32.3937 -27.1567 22
      vertex 34.6442 -30.7496 22
      vertex 32.8384 -26.9426 22
    endloop
  endfacet
  facet normal -0 0 1
    outer loop
      vertex 31.9701 -27.4098 22
      vertex 34.2166 -30.9626 22
      vertex 32.3937 -27.1567 22
    endloop
  endfacet
  facet normal 0 0 1
    outer loop
      vertex 34.6442 -30.7496 22
      vertex 32.3937 -27.1567 22
      vertex 34.2166 -30.9626 22
    endloop
  endfacet
  facet normal 0 0 1
    outer loop
      vertex 38.0299 27.4098 22
      vertex 35.5795 30.8363 22
      vertex 37.6063 27.1567 22
    endloop
  endfacet
  facet normal 0 0 1
    outer loop
      vertex 37.6063 27.1567 22
      vertex 35.5795 30.8363 22
      vertex 37.1616 26.9426 22
    endloop
  endfacet
  facet normal 0 0 1
    outer loop
      vertex 37.1616 26.9426 22
      vertex 35.5795 30.8363 22
      vertex 36.6996 26.7692 22
    endloop
  endfacet
  facet normal -0 0 1
    outer loop
      vertex 35.1199 30.7055 22
      vertex 36.6996 26.7692 22
      vertex 35.5795 30.8363 22
    endloop
  endfacet
  facet normal 0 0 1
    outer loop
      vertex 36.6996 26.7692 22
      vertex 35.1199 30.7055 22
      vertex 36.2239 26.6379 22
    endloop
  endfacet
  facet normal 0 0 1
    outer loop
      vertex 36.2239 26.6379 22
      vertex 35.1199 30.7055 22
      vertex 35.7383 26.5498 22
    endloop
  endfacet
  facet normal 0 0 1
    outer loop
      vertex 35.7383 26.5498 22
      vertex 35.1199 30.7055 22
      vertex 35.2468 26.5055 22
    endloop
  endfacet
  facet normal 0 0 1
    outer loop
      vertex 35.1199 30.7055 22
      vertex 34.7532 26.5055 22
      vertex 35.2468 26.5055 22
    endloop
  endfacet
  facet normal 0 0 1
    outer loop
      vertex 34.6442 30.7496 22
      vertex 34.7532 26.5055 22
      vertex 35.1199 30.7055 22
    endloop
  endfacet
  facet normal 0 0 1
    outer loop
      vertex 34.6442 30.7496 22
      vertex 34.2617 26.5498 22
      vertex 34.7532 26.5055 22
    endloop
  endfacet
  facet normal 0 0 1
    outer loop
      vertex 32.3937 27.1567 22
      vertex 34.6442 30.7496 22
      vertex 34.2166 30.9626 22
    endloop
  endfacet
  facet normal 0 0 1
    outer loop
      vertex 30.8581 28.3813 22
      vertex 34.2166 30.9626 22
      vertex 33.8947 31.3156 22
    endloop
  endfacet
  facet normal 0 0 1
    outer loop
      vertex 34.6442 30.7496 22
      vertex 33.7761 26.6379 22
      vertex 34.2617 26.5498 22
    endloop
  endfacet
  facet normal 0 0 1
    outer loop
      vertex 30.2785 29.1791 22
      vertex 33.8947 31.3156 22
      vertex 33.7221 31.7611 22
    endloop
  endfacet
  facet normal 0 0 1
    outer loop
      vertex 34.2166 33.0374 22
      vertex 30.1586 34.5981 22
      vertex 33.8947 32.6844 22
    endloop
  endfacet
  facet normal 0 0 1
    outer loop
      vertex 34.6442 30.7496 22
      vertex 33.3004 26.7692 22
      vertex 33.7761 26.6379 22
    endloop
  endfacet
  facet normal -0 0 1
    outer loop
      vertex 30.0447 34.3864 22
      vertex 33.8947 32.6844 22
      vertex 30.1586 34.5981 22
    endloop
  endfacet
  facet normal -0 0 1
    outer loop
      vertex 29.8507 33.9326 22
      vertex 33.8947 32.6844 22
      vertex 30.0447 34.3864 22
    endloop
  endfacet
  facet normal 0 0 1
    outer loop
      vertex 34.6442 30.7496 22
      vertex 32.8384 26.9426 22
      vertex 33.3004 26.7692 22
    endloop
  endfacet
  facet normal 0 0 1
    outer loop
      vertex 34.6442 30.7496 22
      vertex 32.3937 27.1567 22
      vertex 32.8384 26.9426 22
    endloop
  endfacet
  facet normal 0 0 1
    outer loop
      vertex 34.2166 30.9626 22
      vertex 31.9701 27.4098 22
      vertex 32.3937 27.1567 22
    endloop
  endfacet
  facet normal 0 0 1
    outer loop
      vertex 34.2166 30.9626 22
      vertex 31.5708 27.6999 22
      vertex 31.9701 27.4098 22
    endloop
  endfacet
  facet normal 0 0 1
    outer loop
      vertex 34.2166 30.9626 22
      vertex 31.1992 28.0246 22
      vertex 31.5708 27.6999 22
    endloop
  endfacet
  facet normal 0 0 1
    outer loop
      vertex 34.2166 30.9626 22
      vertex 30.8581 28.3813 22
      vertex 31.1992 28.0246 22
    endloop
  endfacet
  facet normal 0 0 1
    outer loop
      vertex 33.8947 31.3156 22
      vertex 30.5504 28.7672 22
      vertex 30.8581 28.3813 22
    endloop
  endfacet
  facet normal 0 0 1
    outer loop
      vertex 33.8947 31.3156 22
      vertex 30.2785 29.1791 22
      vertex 30.5504 28.7672 22
    endloop
  endfacet
  facet normal 0 0 1
    outer loop
      vertex 33.8947 32.6844 22
      vertex 29.8507 33.9326 22
      vertex 33.7221 32.2389 22
    endloop
  endfacet
  facet normal 0 0 1
    outer loop
      vertex 32.7159 36.9984 22
      vertex -30.1586 34.5981 22
      vertex 30.1586 34.5981 22
    endloop
  endfacet
  facet normal 0 0 1
    outer loop
      vertex -29.8507 30.0674 22
      vertex -33.7878 31.5304 22
      vertex -30.0447 29.6136 22
    endloop
  endfacet
  facet normal 0 0 1
    outer loop
      vertex -30.0447 29.6136 22
      vertex -33.7878 31.5304 22
      vertex -30.2785 29.1791 22
    endloop
  endfacet
  facet normal -0 0 1
    outer loop
      vertex -34.0393 31.1242 22
      vertex -30.2785 29.1791 22
      vertex -33.7878 31.5304 22
    endloop
  endfacet
  facet normal 0 0 1
    outer loop
      vertex -30.2785 29.1791 22
      vertex -34.0393 31.1242 22
      vertex -30.5504 28.7672 22
    endloop
  endfacet
  facet normal 0 0 1
    outer loop
      vertex -30.5504 28.7672 22
      vertex -34.0393 31.1242 22
      vertex -30.8581 28.3813 22
    endloop
  endfacet
  facet normal 0 0 1
    outer loop
      vertex -30.8581 28.3813 22
      vertex -34.0393 31.1242 22
      vertex -31.1992 28.0246 22
    endloop
  endfacet
  facet normal -0 0 1
    outer loop
      vertex -32.7159 36.9984 22
      vertex -30.1586 34.5981 22
      vertex 32.7159 36.9984 22
    endloop
  endfacet
  facet normal 0 0 1
    outer loop
      vertex -34.0393 32.8758 22
      vertex -30.1586 34.5981 22
      vertex -32.7159 36.9984 22
    endloop
  endfacet
  facet normal 0 0 1
    outer loop
      vertex -34.4205 33.1637 22
      vertex -32.7159 36.9984 22
      vertex -32.8384 37.0574 22
    endloop
  endfacet
  facet normal 0 0 1
    outer loop
      vertex -31.1992 28.0246 22
      vertex -34.0393 31.1242 22
      vertex -31.5708 27.6999 22
    endloop
  endfacet
  facet normal 0 0 1
    outer loop
      vertex -34.4205 33.1637 22
      vertex -32.8384 37.0574 22
      vertex -33.3004 37.2308 22
    endloop
  endfacet
  facet normal -0 0 1
    outer loop
      vertex -34.4205 30.8363 22
      vertex -31.5708 27.6999 22
      vertex -34.0393 31.1242 22
    endloop
  endfacet
  facet normal 0 0 1
    outer loop
      vertex -31.5708 27.6999 22
      vertex -34.4205 30.8363 22
      vertex -31.9701 27.4098 22
    endloop
  endfacet
  facet normal 0 0 1
    outer loop
      vertex -34.8801 33.2945 22
      vertex -33.3004 37.2308 22
      vertex -33.7761 37.3621 22
    endloop
  endfacet
  facet normal 0 0 1
    outer loop
      vertex -29.5884 32.9821 22
      vertex -33.7878 32.4696 22
      vertex -33.7 32 22
    endloop
  endfacet
  facet normal 0 0 1
    outer loop
      vertex -30.1586 34.5981 22
      vertex -34.0393 32.8758 22
      vertex -33.7878 32.4696 22
    endloop
  endfacet
  facet normal 0 0 1
    outer loop
      vertex -34.8801 33.2945 22
      vertex -33.7761 37.3621 22
      vertex -34.2617 37.4502 22
    endloop
  endfacet
  facet normal 0 0 1
    outer loop
      vertex -32.7159 36.9984 22
      vertex -34.4205 33.1637 22
      vertex -34.0393 32.8758 22
    endloop
  endfacet
  facet normal 0 0 1
    outer loop
      vertex -34.8801 33.2945 22
      vertex -34.2617 37.4502 22
      vertex -34.7532 37.4945 22
    endloop
  endfacet
  facet normal 0 0 1
    outer loop
      vertex -33.3004 37.2308 22
      vertex -34.8801 33.2945 22
      vertex -34.4205 33.1637 22
    endloop
  endfacet
  facet normal -0 0 1
    outer loop
      vertex -35.2468 37.4945 22
      vertex -34.8801 33.2945 22
      vertex -34.7532 37.4945 22
    endloop
  endfacet
  facet normal 0 0 1
    outer loop
      vertex -35.2468 37.4945 22
      vertex -35.3558 33.2504 22
      vertex -34.8801 33.2945 22
    endloop
  endfacet
  facet normal -0 0 1
    outer loop
      vertex -35.7383 37.4502 22
      vertex -35.3558 33.2504 22
      vertex -35.2468 37.4945 22
    endloop
  endfacet
  facet normal -0 0 1
    outer loop
      vertex -36.2239 37.3621 22
      vertex -35.3558 33.2504 22
      vertex -35.7383 37.4502 22
    endloop
  endfacet
  facet normal -0 0 1
    outer loop
      vertex -36.6996 37.2308 22
      vertex -35.3558 33.2504 22
      vertex -36.2239 37.3621 22
    endloop
  endfacet
  facet normal -0 0 1
    outer loop
      vertex -37.1616 37.0574 22
      vertex -35.3558 33.2504 22
      vertex -36.6996 37.2308 22
    endloop
  endfacet
  facet normal -0 0 1
    outer loop
      vertex -37.3134 36.9843 22
      vertex -35.3558 33.2504 22
      vertex -37.1616 37.0574 22
    endloop
  endfacet
  facet normal -0 0 1
    outer loop
      vertex -37.6217 36.9612 22
      vertex -35.7834 33.0374 22
      vertex -37.3134 36.9843 22
    endloop
  endfacet
  facet normal 0 0 1
    outer loop
      vertex -35.3558 33.2504 22
      vertex -37.3134 36.9843 22
      vertex -35.7834 33.0374 22
    endloop
  endfacet
  facet normal -0 0 1
    outer loop
      vertex 35.5795 -33.1637 22
      vertex 37.3064 -36.9877 22
      vertex 35.9607 -32.8758 22
    endloop
  endfacet
  facet normal 0 0 1
    outer loop
      vertex 37.3064 -36.9877 22
      vertex 35.5795 -33.1637 22
      vertex 37.1616 -37.0574 22
    endloop
  endfacet
  facet normal 0 0 1
    outer loop
      vertex 37.1616 -37.0574 22
      vertex 35.5795 -33.1637 22
      vertex 36.6996 -37.2308 22
    endloop
  endfacet
  facet normal -0 0 1
    outer loop
      vertex 35.1199 -33.2945 22
      vertex 36.6996 -37.2308 22
      vertex 35.5795 -33.1637 22
    endloop
  endfacet
  facet normal 0 0 1
    outer loop
      vertex 36.6996 -37.2308 22
      vertex 35.1199 -33.2945 22
      vertex 36.2239 -37.3621 22
    endloop
  endfacet
  facet normal 0 0 1
    outer loop
      vertex 36.2239 -37.3621 22
      vertex 35.1199 -33.2945 22
      vertex 35.7383 -37.4502 22
    endloop
  endfacet
  facet normal 0 0 1
    outer loop
      vertex 35.7383 -37.4502 22
      vertex 35.1199 -33.2945 22
      vertex 35.2468 -37.4945 22
    endloop
  endfacet
  facet normal 0 0 1
    outer loop
      vertex 35.1199 -33.2945 22
      vertex 34.7532 -37.4945 22
      vertex 35.2468 -37.4945 22
    endloop
  endfacet
  facet normal 0 0 1
    outer loop
      vertex 34.6442 -33.2504 22
      vertex 34.7532 -37.4945 22
      vertex 35.1199 -33.2945 22
    endloop
  endfacet
  facet normal 0 0 1
    outer loop
      vertex 34.6442 -33.2504 22
      vertex 34.2617 -37.4502 22
      vertex 34.7532 -37.4945 22
    endloop
  endfacet
  facet normal 0 0 1
    outer loop
      vertex 32.7159 -36.9984 22
      vertex 34.6442 -33.2504 22
      vertex 34.2166 -33.0374 22
    endloop
  endfacet
  facet normal 0 0 1
    outer loop
      vertex 30.1586 -34.5981 22
      vertex 34.2166 -33.0374 22
      vertex 33.8947 -32.6844 22
    endloop
  endfacet
  facet normal 0 0 1
    outer loop
      vertex 34.6442 -33.2504 22
      vertex 33.7761 -37.3621 22
      vertex 34.2617 -37.4502 22
    endloop
  endfacet
  facet normal 0 0 1
    outer loop
      vertex 30.1586 -34.5981 22
      vertex 33.8947 -32.6844 22
      vertex 33.7221 -32.2389 22
    endloop
  endfacet
  facet normal -0 0 1
    outer loop
      vertex 31.5708 -27.6999 22
      vertex 34.2166 -30.9626 22
      vertex 31.9701 -27.4098 22
    endloop
  endfacet
  facet normal 0 0 1
    outer loop
      vertex 34.6442 -33.2504 22
      vertex 33.3004 -37.2308 22
      vertex 33.7761 -37.3621 22
    endloop
  endfacet
  facet normal -0 0 1
    outer loop
      vertex 31.1992 -28.0246 22
      vertex 34.2166 -30.9626 22
      vertex 31.5708 -27.6999 22
    endloop
  endfacet
  facet normal 0 0 1
    outer loop
      vertex 34.6442 -33.2504 22
      vertex 32.7159 -36.9984 22
      vertex 32.8384 -37.0574 22
    endloop
  endfacet
  facet normal 0 0 1
    outer loop
      vertex 34.6442 -33.2504 22
      vertex 32.8384 -37.0574 22
      vertex 33.3004 -37.2308 22
    endloop
  endfacet
  facet normal -0 0 1
    outer loop
      vertex 30.8581 -28.3813 22
      vertex 34.2166 -30.9626 22
      vertex 31.1992 -28.0246 22
    endloop
  endfacet
  facet normal 0 0 1
    outer loop
      vertex 34.2166 -30.9626 22
      vertex 30.8581 -28.3813 22
      vertex 33.8947 -31.3156 22
    endloop
  endfacet
  facet normal -0 0 1
    outer loop
      vertex 30.5504 -28.7672 22
      vertex 33.8947 -31.3156 22
      vertex 30.8581 -28.3813 22
    endloop
  endfacet
  facet normal -0 0 1
    outer loop
      vertex 30.2785 -29.1791 22
      vertex 33.8947 -31.3156 22
      vertex 30.5504 -28.7672 22
    endloop
  endfacet
  facet normal -0 0 1
    outer loop
      vertex 30.0447 -29.6136 22
      vertex 33.8947 -31.3156 22
      vertex 30.2785 -29.1791 22
    endloop
  endfacet
  facet normal -0 0 1
    outer loop
      vertex 29.8507 -30.0674 22
      vertex 33.8947 -31.3156 22
      vertex 30.0447 -29.6136 22
    endloop
  endfacet
  facet normal 0 0 1
    outer loop
      vertex 33.8947 -31.3156 22
      vertex 29.8507 -30.0674 22
      vertex 33.7221 -31.7611 22
    endloop
  endfacet
  facet normal 0 0 1
    outer loop
      vertex 34.2166 -33.0374 22
      vertex 30.1586 -34.5981 22
      vertex 32.7159 -36.9984 22
    endloop
  endfacet
  facet normal -0 0 1
    outer loop
      vertex -30.1586 -34.5981 22
      vertex 32.7159 -36.9984 22
      vertex 30.1586 -34.5981 22
    endloop
  endfacet
  facet normal 0 0 1
    outer loop
      vertex -34.0393 -31.1242 22
      vertex -30.2785 -29.1791 22
      vertex -30.5504 -28.7672 22
    endloop
  endfacet
  facet normal 0 0 1
    outer loop
      vertex -34.0393 -31.1242 22
      vertex -30.5504 -28.7672 22
      vertex -30.8581 -28.3813 22
    endloop
  endfacet
  facet normal 0 0 1
    outer loop
      vertex -34.0393 -31.1242 22
      vertex -30.8581 -28.3813 22
      vertex -31.1992 -28.0246 22
    endloop
  endfacet
  facet normal 0 0 1
    outer loop
      vertex -34.0393 -31.1242 22
      vertex -31.1992 -28.0246 22
      vertex -31.5708 -27.6999 22
    endloop
  endfacet
  facet normal 0 0 1
    outer loop
      vertex -34.4205 -30.8363 22
      vertex -31.5708 -27.6999 22
      vertex -31.9701 -27.4098 22
    endloop
  endfacet
  facet normal 0 0 1
    outer loop
      vertex -34.4205 -30.8363 22
      vertex -31.9701 -27.4098 22
      vertex -32.3937 -27.1567 22
    endloop
  endfacet
  facet normal 0 0 1
    outer loop
      vertex -30.1586 -34.5981 22
      vertex -32.7159 -36.9984 22
      vertex 32.7159 -36.9984 22
    endloop
  endfacet
  facet normal 0 0 1
    outer loop
      vertex -29.5884 -31.0179 22
      vertex -33.7878 -31.5304 22
      vertex -33.7 -32 22
    endloop
  endfacet
  facet normal 0 0 1
    outer loop
      vertex -34.4205 -30.8363 22
      vertex -32.3937 -27.1567 22
      vertex -32.8384 -26.9426 22
    endloop
  endfacet
  facet normal 0 0 1
    outer loop
      vertex -30.0447 -34.3864 22
      vertex -33.7878 -32.4696 22
      vertex -30.1586 -34.5981 22
    endloop
  endfacet
  facet normal 0 0 1
    outer loop
      vertex -34.4205 -30.8363 22
      vertex -32.8384 -26.9426 22
      vertex -33.3004 -26.7692 22
    endloop
  endfacet
  facet normal -0 0 1
    outer loop
      vertex -34.0393 -32.8758 22
      vertex -30.1586 -34.5981 22
      vertex -33.7878 -32.4696 22
    endloop
  endfacet
  facet normal 0 0 1
    outer loop
      vertex -30.1586 -34.5981 22
      vertex -34.0393 -32.8758 22
      vertex -32.7159 -36.9984 22
    endloop
  endfacet
  facet normal 0 0 1
    outer loop
      vertex -34.8801 -30.7055 22
      vertex -33.3004 -26.7692 22
      vertex -33.7761 -26.6379 22
    endloop
  endfacet
  facet normal 0 0 1
    outer loop
      vertex -29.8507 -33.9326 22
      vertex -33.7878 -32.4696 22
      vertex -30.0447 -34.3864 22
    endloop
  endfacet
  facet normal 0 0 1
    outer loop
      vertex -30.2785 -29.1791 22
      vertex -34.0393 -31.1242 22
      vertex -33.7878 -31.5304 22
    endloop
  endfacet
  facet normal 0 0 1
    outer loop
      vertex -34.8801 -30.7055 22
      vertex -33.7761 -26.6379 22
      vertex -34.2617 -26.5498 22
    endloop
  endfacet
  facet normal 0 0 1
    outer loop
      vertex -31.5708 -27.6999 22
      vertex -34.4205 -30.8363 22
      vertex -34.0393 -31.1242 22
    endloop
  endfacet
  facet normal 0 0 1
    outer loop
      vertex -34.8801 -30.7055 22
      vertex -34.2617 -26.5498 22
      vertex -34.7532 -26.5055 22
    endloop
  endfacet
  facet normal 0 0 1
    outer loop
      vertex -33.3004 -26.7692 22
      vertex -34.8801 -30.7055 22
      vertex -34.4205 -30.8363 22
    endloop
  endfacet
  facet normal -0 0 1
    outer loop
      vertex -35.2468 -26.5055 22
      vertex -34.8801 -30.7055 22
      vertex -34.7532 -26.5055 22
    endloop
  endfacet
  facet normal 0 0 1
    outer loop
      vertex -35.2468 -26.5055 22
      vertex -35.3558 -30.7496 22
      vertex -34.8801 -30.7055 22
    endloop
  endfacet
  facet normal -0 0 1
    outer loop
      vertex -35.7383 -26.5498 22
      vertex -35.3558 -30.7496 22
      vertex -35.2468 -26.5055 22
    endloop
  endfacet
  facet normal -0 0 1
    outer loop
      vertex -36.2239 -26.6379 22
      vertex -35.3558 -30.7496 22
      vertex -35.7383 -26.5498 22
    endloop
  endfacet
  facet normal -0 0 1
    outer loop
      vertex -36.6996 -26.7692 22
      vertex -35.3558 -30.7496 22
      vertex -36.2239 -26.6379 22
    endloop
  endfacet
  facet normal -0 0 1
    outer loop
      vertex -37.1616 -26.9426 22
      vertex -35.3558 -30.7496 22
      vertex -36.6996 -26.7692 22
    endloop
  endfacet
  facet normal -0 0 1
    outer loop
      vertex -37.6063 -27.1567 22
      vertex -35.3558 -30.7496 22
      vertex -37.1616 -26.9426 22
    endloop
  endfacet
  facet normal -0 0 1
    outer loop
      vertex -38.0299 -27.4098 22
      vertex -35.7834 -30.9626 22
      vertex -37.6063 -27.1567 22
    endloop
  endfacet
  facet normal 0 0 1
    outer loop
      vertex -35.3558 -30.7496 22
      vertex -37.6063 -27.1567 22
      vertex -35.7834 -30.9626 22
    endloop
  endfacet
  facet normal -0.766096 0.642726 0
    outer loop
      vertex -40.9857 35.019 0
      vertex -40.6653 35.4009 22
      vertex -40.6653 35.4009 0
    endloop
  endfacet
  facet normal -0.766096 0.642726 0
    outer loop
      vertex -40.6653 35.4009 22
      vertex -40.9857 35.019 0
      vertex -40.9857 35.019 22
    endloop
  endfacet
  facet normal 0.500174 0.865925 -0
    outer loop
      vertex 39.7127 36.2001 6.9
      vertex 39.2811 36.4494 22
      vertex 39.7127 36.2001 22
    endloop
  endfacet
  facet normal 0.500174 0.865925 0
    outer loop
      vertex 39.2811 36.4494 22
      vertex 39.7127 36.2001 6.9
      vertex 39.2811 36.4494 6.9
    endloop
  endfacet
  facet normal 0.939682 0.342049 0
    outer loop
      vertex 41.7779 33.4738 22
      vertex 41.6074 33.9422 0
      vertex 41.6074 33.9422 22
    endloop
  endfacet
  facet normal 0.939682 0.342049 0
    outer loop
      vertex 41.6074 33.9422 0
      vertex 41.7779 33.4738 22
      vertex 41.7779 33.4738 0
    endloop
  endfacet
  facet normal -0.955584 0.29472 0
    outer loop
      vertex -41.8454 33.2338 0
      vertex -41.6985 33.7101 22
      vertex -41.6985 33.7101 0
    endloop
  endfacet
  facet normal -0.955584 0.29472 0
    outer loop
      vertex -41.6985 33.7101 22
      vertex -41.8454 33.2338 0
      vertex -41.8454 33.2338 22
    endloop
  endfacet
  facet normal -0.980162 -0.198199 0
    outer loop
      vertex -41.8454 -33.2338 0
      vertex -41.9442 -32.7452 22
      vertex -41.9442 -32.7452 0
    endloop
  endfacet
  facet normal -0.980162 -0.198199 0
    outer loop
      vertex -41.9442 -32.7452 22
      vertex -41.8454 -33.2338 0
      vertex -41.8454 -33.2338 22
    endloop
  endfacet
  facet normal 0 0 -1
    outer loop
      vertex 33.8947 -31.3156 0
      vertex -34.0393 -31.1242 0
      vertex 30 33.6 0
    endloop
  endfacet
  facet normal 0 0 -1
    outer loop
      vertex 30 33.6 0
      vertex -33.7878 31.5304 0
      vertex -33.7 32 0
    endloop
  endfacet
  facet normal 0 0 -1
    outer loop
      vertex -34.0393 31.1242 0
      vertex 30 33.6 0
      vertex -34.0393 -31.1242 0
    endloop
  endfacet
  facet normal 0 0 -1
    outer loop
      vertex 30 33.6 0
      vertex -34.0393 31.1242 0
      vertex -33.7878 31.5304 0
    endloop
  endfacet
  facet normal 0 0 -1
    outer loop
      vertex -34.4205 -30.8363 0
      vertex -34.0393 31.1242 0
      vertex -34.0393 -31.1242 0
    endloop
  endfacet
  facet normal 0 0 -1
    outer loop
      vertex -34.4205 -30.8363 0
      vertex -34.4205 30.8363 0
      vertex -34.0393 31.1242 0
    endloop
  endfacet
  facet normal 0 0 -1
    outer loop
      vertex -34.8801 -30.7055 0
      vertex -34.4205 30.8363 0
      vertex -34.4205 -30.8363 0
    endloop
  endfacet
  facet normal 0 0 -1
    outer loop
      vertex -34.8801 -30.7055 0
      vertex -34.8801 30.7055 0
      vertex -34.4205 30.8363 0
    endloop
  endfacet
  facet normal 0 0 -1
    outer loop
      vertex -35.3558 -30.7496 0
      vertex -34.8801 30.7055 0
      vertex -34.8801 -30.7055 0
    endloop
  endfacet
  facet normal 0 0 -1
    outer loop
      vertex -35.3558 -30.7496 0
      vertex -35.3558 30.7496 0
      vertex -34.8801 30.7055 0
    endloop
  endfacet
  facet normal 0 0 -1
    outer loop
      vertex -41.9938 -32.2492 0
      vertex -35.3558 -30.7496 0
      vertex -35.7834 -30.9626 0
    endloop
  endfacet
  facet normal -0 0 -1
    outer loop
      vertex -35.3558 -30.7496 0
      vertex -41.9938 -32.2492 0
      vertex -35.3558 30.7496 0
    endloop
  endfacet
  facet normal 0 0 -1
    outer loop
      vertex -41.9938 -32.2492 0
      vertex -35.7834 -30.9626 0
      vertex -36.1053 -31.3156 0
    endloop
  endfacet
  facet normal 0 0 -1
    outer loop
      vertex -41.9938 32.2492 0
      vertex -35.3558 30.7496 0
      vertex -41.9938 -32.2492 0
    endloop
  endfacet
  facet normal 0 0 -1
    outer loop
      vertex -41.9938 -32.2492 0
      vertex -36.1053 -31.3156 0
      vertex -36.2779 -31.7611 0
    endloop
  endfacet
  facet normal 0 0 -1
    outer loop
      vertex -35.3558 30.7496 0
      vertex -41.9938 32.2492 0
      vertex -35.7834 30.9626 0
    endloop
  endfacet
  facet normal 0 0 -1
    outer loop
      vertex 35.5795 -30.8363 0
      vertex 42 -32 0
      vertex 35.9607 -31.1242 0
    endloop
  endfacet
  facet normal -0 0 -1
    outer loop
      vertex 42 32 0
      vertex 36.2122 31.5304 0
      vertex 36.3 32 0
    endloop
  endfacet
  facet normal 0 0 -1
    outer loop
      vertex 42 -32 0
      vertex 35.5795 -30.8363 0
      vertex 42 32 0
    endloop
  endfacet
  facet normal 0 0 -1
    outer loop
      vertex 42 32 0
      vertex 35.9607 31.1242 0
      vertex 36.2122 31.5304 0
    endloop
  endfacet
  facet normal 0 0 -1
    outer loop
      vertex 35.5795 30.8363 0
      vertex 42 32 0
      vertex 35.5795 -30.8363 0
    endloop
  endfacet
  facet normal 0 0 -1
    outer loop
      vertex 42 32 0
      vertex 35.5795 30.8363 0
      vertex 35.9607 31.1242 0
    endloop
  endfacet
  facet normal 0 0 -1
    outer loop
      vertex 35.1199 -30.7055 0
      vertex 35.5795 30.8363 0
      vertex 35.5795 -30.8363 0
    endloop
  endfacet
  facet normal 0 0 -1
    outer loop
      vertex 35.1199 -30.7055 0
      vertex 35.1199 30.7055 0
      vertex 35.5795 30.8363 0
    endloop
  endfacet
  facet normal 0 0 -1
    outer loop
      vertex 34.6442 -30.7496 0
      vertex 35.1199 30.7055 0
      vertex 35.1199 -30.7055 0
    endloop
  endfacet
  facet normal 0 0 -1
    outer loop
      vertex 34.6442 -30.7496 0
      vertex 34.6442 30.7496 0
      vertex 35.1199 30.7055 0
    endloop
  endfacet
  facet normal 0 0 -1
    outer loop
      vertex 34.2166 -30.9626 0
      vertex 34.6442 30.7496 0
      vertex 34.6442 -30.7496 0
    endloop
  endfacet
  facet normal 0 0 -1
    outer loop
      vertex 34.2166 -30.9626 0
      vertex 34.2166 30.9626 0
      vertex 34.6442 30.7496 0
    endloop
  endfacet
  facet normal 0 0 -1
    outer loop
      vertex 30 33.6 0
      vertex 34.2166 -30.9626 0
      vertex 33.8947 -31.3156 0
    endloop
  endfacet
  facet normal 0 0 -1
    outer loop
      vertex 34.2166 -30.9626 0
      vertex 30 33.6 0
      vertex 34.2166 30.9626 0
    endloop
  endfacet
  facet normal 0 0 -1
    outer loop
      vertex -33.7878 -31.5304 0
      vertex 33.7221 -31.7611 0
      vertex -33.7 -32 0
    endloop
  endfacet
  facet normal 0 0 -1
    outer loop
      vertex 34.2166 30.9626 0
      vertex 30 33.6 0
      vertex 33.8947 31.3156 0
    endloop
  endfacet
  facet normal 0 0 -1
    outer loop
      vertex 41.6074 -33.9422 0
      vertex 36.2122 -32.4696 0
      vertex 36.3 -32 0
    endloop
  endfacet
  facet normal 0 0 -1
    outer loop
      vertex 37.3736 -36.986 0
      vertex 35.9607 -32.8758 0
      vertex 36.2122 -32.4696 0
    endloop
  endfacet
  facet normal 0 0 -1
    outer loop
      vertex 37.3736 -36.986 0
      vertex 35.5795 -33.1637 0
      vertex 35.9607 -32.8758 0
    endloop
  endfacet
  facet normal 0 0 -1
    outer loop
      vertex 36.8753 -36.9984 0
      vertex 35.1199 -33.2945 0
      vertex 35.5795 -33.1637 0
    endloop
  endfacet
  facet normal 0 0 -1
    outer loop
      vertex 36.8753 -36.9984 0
      vertex 34.6442 -33.2504 0
      vertex 35.1199 -33.2945 0
    endloop
  endfacet
  facet normal 0 0 -1
    outer loop
      vertex 36.8753 -36.9984 0
      vertex 34.2166 -33.0374 0
      vertex 34.6442 -33.2504 0
    endloop
  endfacet
  facet normal 0 0 -1
    outer loop
      vertex 36.8753 -36.9984 0
      vertex 33.8947 -32.6844 0
      vertex 34.2166 -33.0374 0
    endloop
  endfacet
  facet normal 0 0 -1
    outer loop
      vertex -33.7 -32 0
      vertex 33.7221 -31.7611 0
      vertex 33.7221 -32.2389 0
    endloop
  endfacet
  facet normal 0 0 -1
    outer loop
      vertex 33.8947 31.3156 0
      vertex 30 33.6 0
      vertex 33.7221 31.7611 0
    endloop
  endfacet
  facet normal 0 0 -1
    outer loop
      vertex 33.7221 31.7611 0
      vertex 30 33.6 0
      vertex 33.7221 32.2389 0
    endloop
  endfacet
  facet normal 0 0 -1
    outer loop
      vertex -34.0393 -31.1242 0
      vertex 33.8947 -31.3156 0
      vertex -33.7878 -31.5304 0
    endloop
  endfacet
  facet normal 0 0 -1
    outer loop
      vertex 33.7221 -31.7611 0
      vertex -33.7878 -31.5304 0
      vertex 33.8947 -31.3156 0
    endloop
  endfacet
  facet normal 0 0 -1
    outer loop
      vertex -33.7878 -32.4696 0
      vertex 33.7221 -32.2389 0
      vertex 33.8947 -32.6844 0
    endloop
  endfacet
  facet normal 0 0 -1
    outer loop
      vertex -34.0393 -32.8758 0
      vertex 33.8947 -32.6844 0
      vertex 36.8753 -36.9984 0
    endloop
  endfacet
  facet normal -0 0 -1
    outer loop
      vertex 33.7221 -32.2389 0
      vertex -33.7878 -32.4696 0
      vertex -33.7 -32 0
    endloop
  endfacet
  facet normal -0 0 -1
    outer loop
      vertex 33.8947 -32.6844 0
      vertex -34.0393 -32.8758 0
      vertex -33.7878 -32.4696 0
    endloop
  endfacet
  facet normal 0 0 -1
    outer loop
      vertex -37.1247 -36.9984 0
      vertex -34.0393 -32.8758 0
      vertex 36.8753 -36.9984 0
    endloop
  endfacet
  facet normal 0 0 -1
    outer loop
      vertex -34.0393 -32.8758 0
      vertex -37.1247 -36.9984 0
      vertex -34.4205 -33.1637 0
    endloop
  endfacet
  facet normal 0 0 -1
    outer loop
      vertex -41.9938 -32.2492 0
      vertex -36.2779 -31.7611 0
      vertex -36.2779 -32.2389 0
    endloop
  endfacet
  facet normal 0 0 -1
    outer loop
      vertex -35.7834 30.9626 0
      vertex -41.9938 32.2492 0
      vertex -36.1053 31.3156 0
    endloop
  endfacet
  facet normal 0 0 -1
    outer loop
      vertex -38.5924 -36.7396 0
      vertex -35.7834 -33.0374 0
      vertex -38.1126 -36.8746 0
    endloop
  endfacet
  facet normal 0 0 -1
    outer loop
      vertex -38.1126 -36.8746 0
      vertex -35.7834 -33.0374 0
      vertex -37.6217 -36.9612 0
    endloop
  endfacet
  facet normal 0 0 -1
    outer loop
      vertex -37.6217 -36.9612 0
      vertex -35.7834 -33.0374 0
      vertex -37.1247 -36.9984 0
    endloop
  endfacet
  facet normal -0 0 -1
    outer loop
      vertex -35.3558 -33.2504 0
      vertex -37.1247 -36.9984 0
      vertex -35.7834 -33.0374 0
    endloop
  endfacet
  facet normal -0 0 -1
    outer loop
      vertex -34.8801 -33.2945 0
      vertex -37.1247 -36.9984 0
      vertex -35.3558 -33.2504 0
    endloop
  endfacet
  facet normal 0 0 -1
    outer loop
      vertex -34.4205 -33.1637 0
      vertex -37.1247 -36.9984 0
      vertex -34.8801 -33.2945 0
    endloop
  endfacet
  facet normal 0 0 -1
    outer loop
      vertex 36.3 -32 0
      vertex 42 -32 0
      vertex 41.9752 -32.4978 0
    endloop
  endfacet
  facet normal 0 0 -1
    outer loop
      vertex 36.2122 -31.5304 0
      vertex 42 -32 0
      vertex 36.3 -32 0
    endloop
  endfacet
  facet normal 0 0 -1
    outer loop
      vertex 36.3 -32 0
      vertex 41.9752 -32.4978 0
      vertex 41.9009 -32.9907 0
    endloop
  endfacet
  facet normal 0 0 -1
    outer loop
      vertex 35.9607 -31.1242 0
      vertex 42 -32 0
      vertex 36.2122 -31.5304 0
    endloop
  endfacet
  facet normal 0 0 -1
    outer loop
      vertex 36.3 -32 0
      vertex 41.9009 -32.9907 0
      vertex 41.7779 -33.4738 0
    endloop
  endfacet
  facet normal 0 -0 -1
    outer loop
      vertex 40 33.6 0
      vertex 42 32 0
      vertex 36.3 32 0
    endloop
  endfacet
  facet normal 0 0 -1
    outer loop
      vertex 36.3 -32 0
      vertex 41.7779 -33.4738 0
      vertex 41.6074 -33.9422 0
    endloop
  endfacet
  facet normal 0 0 -1
    outer loop
      vertex 42 32 0
      vertex 40 33.6 0
      vertex 41.9752 32.4978 0
    endloop
  endfacet
  facet normal 0 0 -1
    outer loop
      vertex 36.2122 -32.4696 0
      vertex 41.6074 -33.9422 0
      vertex 41.3911 -34.3913 0
    endloop
  endfacet
  facet normal 0 0 -1
    outer loop
      vertex 41.9752 32.4978 0
      vertex 40 33.6 0
      vertex 41.9009 32.9907 0
    endloop
  endfacet
  facet normal 0 0 -1
    outer loop
      vertex 36.2122 -32.4696 0
      vertex 41.3911 -34.3913 0
      vertex 41.1312 -34.8166 0
    endloop
  endfacet
  facet normal -0 0 -1
    outer loop
      vertex 41.6074 33.9422 0
      vertex 40 33.6 0
      vertex 41.3911 34.3913 0
    endloop
  endfacet
  facet normal 0 0 -1
    outer loop
      vertex 36.2122 -32.4696 0
      vertex 41.1312 -34.8166 0
      vertex 40.8302 -35.2139 0
    endloop
  endfacet
  facet normal -0 0 -1
    outer loop
      vertex 41.3911 34.3913 0
      vertex 40 33.6 0
      vertex 41.1312 34.8166 0
    endloop
  endfacet
  facet normal 0 0 -1
    outer loop
      vertex 36.2122 -32.4696 0
      vertex 40.8302 -35.2139 0
      vertex 40.4912 -35.5793 0
    endloop
  endfacet
  facet normal -0 0 -1
    outer loop
      vertex 41.1312 34.8166 0
      vertex 40 33.6 0
      vertex 40.8302 35.2139 0
    endloop
  endfacet
  facet normal 0 0 -1
    outer loop
      vertex 36.2122 -32.4696 0
      vertex 40.4912 -35.5793 0
      vertex 40.1174 -35.9092 0
    endloop
  endfacet
  facet normal -0 0 -1
    outer loop
      vertex 40.8302 35.2139 0
      vertex 40 33.6 0
      vertex 40.4912 35.5793 0
    endloop
  endfacet
  facet normal -0 0 -1
    outer loop
      vertex 40.4912 35.5793 0
      vertex 40 33.6 0
      vertex 40.1174 35.9092 0
    endloop
  endfacet
  facet normal 0 0 -1
    outer loop
      vertex 36.2122 -32.4696 0
      vertex 40.1174 -35.9092 0
      vertex 39.7127 -36.2001 0
    endloop
  endfacet
  facet normal 0 0 -1
    outer loop
      vertex 36.2122 -32.4696 0
      vertex 39.7127 -36.2001 0
      vertex 39.2811 -36.4494 0
    endloop
  endfacet
  facet normal 0 0 -1
    outer loop
      vertex 36.2122 -32.4696 0
      vertex 39.2811 -36.4494 0
      vertex 38.8267 -36.6544 0
    endloop
  endfacet
  facet normal 0 0 -1
    outer loop
      vertex 36.2122 -32.4696 0
      vertex 38.8267 -36.6544 0
      vertex 38.3542 -36.8131 0
    endloop
  endfacet
  facet normal 0 0 -1
    outer loop
      vertex 36.2122 -32.4696 0
      vertex 38.3542 -36.8131 0
      vertex 37.8682 -36.924 0
    endloop
  endfacet
  facet normal 0 0 -1
    outer loop
      vertex 36.2122 -32.4696 0
      vertex 37.8682 -36.924 0
      vertex 37.3736 -36.986 0
    endloop
  endfacet
  facet normal 0 0 -1
    outer loop
      vertex 35.5795 -33.1637 0
      vertex 37.3736 -36.986 0
      vertex 36.8753 -36.9984 0
    endloop
  endfacet
  facet normal 0 0 -1
    outer loop
      vertex 41.9009 32.9907 0
      vertex 40 33.6 0
      vertex 41.7779 33.4738 0
    endloop
  endfacet
  facet normal 0 0 -1
    outer loop
      vertex 41.7779 33.4738 0
      vertex 40 33.6 0
      vertex 41.6074 33.9422 0
    endloop
  endfacet
  facet normal 0 0 -1
    outer loop
      vertex 36.2122 32.4696 0
      vertex 40 33.6 0
      vertex 36.3 32 0
    endloop
  endfacet
  facet normal 0 0 -1
    outer loop
      vertex 35.9607 32.8758 0
      vertex 40 33.6 0
      vertex 36.2122 32.4696 0
    endloop
  endfacet
  facet normal 0 0 -1
    outer loop
      vertex 35.5795 33.1637 0
      vertex 40 33.6 0
      vertex 35.9607 32.8758 0
    endloop
  endfacet
  facet normal 0 0 -1
    outer loop
      vertex 35.1199 33.2945 0
      vertex 40 33.6 0
      vertex 35.5795 33.1637 0
    endloop
  endfacet
  facet normal 0 0 -1
    outer loop
      vertex 35.1199 33.2945 0
      vertex 30 33.6 0
      vertex 40 33.6 0
    endloop
  endfacet
  facet normal 0 0 -1
    outer loop
      vertex 34.6442 33.2504 0
      vertex 30 33.6 0
      vertex 35.1199 33.2945 0
    endloop
  endfacet
  facet normal 0 0 -1
    outer loop
      vertex 34.2166 33.0374 0
      vertex 30 33.6 0
      vertex 34.6442 33.2504 0
    endloop
  endfacet
  facet normal 0 0 -1
    outer loop
      vertex 33.8947 32.6844 0
      vertex 30 33.6 0
      vertex 34.2166 33.0374 0
    endloop
  endfacet
  facet normal 0 0 -1
    outer loop
      vertex 30 33.6 0
      vertex 33.8947 32.6844 0
      vertex 33.7221 32.2389 0
    endloop
  endfacet
  facet normal -0 0 -1
    outer loop
      vertex 40.1174 35.9092 0
      vertex 40 33.6 0
      vertex 40 35.9936 0
    endloop
  endfacet
  facet normal -0 0 -1
    outer loop
      vertex 30 33.6 0
      vertex -33.7 32 0
      vertex 30 36.9984 0
    endloop
  endfacet
  facet normal 0 0 -1
    outer loop
      vertex -33.7878 32.4696 0
      vertex 30 36.9984 0
      vertex -33.7 32 0
    endloop
  endfacet
  facet normal 0 0 -1
    outer loop
      vertex -34.0393 32.8758 0
      vertex 30 36.9984 0
      vertex -33.7878 32.4696 0
    endloop
  endfacet
  facet normal 0 0 -1
    outer loop
      vertex -37.1247 36.9984 0
      vertex -34.0393 32.8758 0
      vertex -34.4205 33.1637 0
    endloop
  endfacet
  facet normal 0 0 -1
    outer loop
      vertex -37.1247 36.9984 0
      vertex -34.4205 33.1637 0
      vertex -34.8801 33.2945 0
    endloop
  endfacet
  facet normal 0 0 -1
    outer loop
      vertex -34.0393 32.8758 0
      vertex -37.1247 36.9984 0
      vertex 30 36.9984 0
    endloop
  endfacet
  facet normal 0 0 -1
    outer loop
      vertex -35.3558 33.2504 0
      vertex -37.1247 36.9984 0
      vertex -34.8801 33.2945 0
    endloop
  endfacet
  facet normal 0 0 -1
    outer loop
      vertex -35.7834 33.0374 0
      vertex -37.1247 36.9984 0
      vertex -35.3558 33.2504 0
    endloop
  endfacet
  facet normal 0 0 -1
    outer loop
      vertex -38.5924 36.7396 0
      vertex -35.7834 33.0374 0
      vertex -36.1053 32.6844 0
    endloop
  endfacet
  facet normal 0 0 -1
    outer loop
      vertex -40.6653 35.4009 0
      vertex -36.1053 32.6844 0
      vertex -36.2779 32.2389 0
    endloop
  endfacet
  facet normal 0 0 -1
    outer loop
      vertex -36.1053 31.3156 0
      vertex -41.9938 32.2492 0
      vertex -36.2779 31.7611 0
    endloop
  endfacet
  facet normal -0 0 -1
    outer loop
      vertex -35.7834 -33.0374 0
      vertex -38.5924 -36.7396 0
      vertex -36.1053 -32.6844 0
    endloop
  endfacet
  facet normal 0 0 -1
    outer loop
      vertex -36.2779 31.7611 0
      vertex -41.9938 32.2492 0
      vertex -36.2779 32.2389 0
    endloop
  endfacet
  facet normal 0 0 -1
    outer loop
      vertex -39.0564 -36.5575 0
      vertex -36.1053 -32.6844 0
      vertex -38.5924 -36.7396 0
    endloop
  endfacet
  facet normal 0 -0 -1
    outer loop
      vertex -41.9442 32.7452 0
      vertex -36.2779 32.2389 0
      vertex -41.9938 32.2492 0
    endloop
  endfacet
  facet normal 0 0 -1
    outer loop
      vertex -39.5 -36.3301 0
      vertex -36.1053 -32.6844 0
      vertex -39.0564 -36.5575 0
    endloop
  endfacet
  facet normal 0 0 -1
    outer loop
      vertex -35.7834 33.0374 0
      vertex -37.6217 36.9612 0
      vertex -37.1247 36.9984 0
    endloop
  endfacet
  facet normal 0 0 -1
    outer loop
      vertex -39.9187 -36.0597 0
      vertex -36.1053 -32.6844 0
      vertex -39.5 -36.3301 0
    endloop
  endfacet
  facet normal 0 0 -1
    outer loop
      vertex -35.7834 33.0374 0
      vertex -38.1126 36.8746 0
      vertex -37.6217 36.9612 0
    endloop
  endfacet
  facet normal 0 0 -1
    outer loop
      vertex -40.3084 -35.7489 0
      vertex -36.1053 -32.6844 0
      vertex -39.9187 -36.0597 0
    endloop
  endfacet
  facet normal 0 0 -1
    outer loop
      vertex -35.7834 33.0374 0
      vertex -38.5924 36.7396 0
      vertex -38.1126 36.8746 0
    endloop
  endfacet
  facet normal 0 0 -1
    outer loop
      vertex -40.6653 -35.4009 0
      vertex -36.1053 -32.6844 0
      vertex -40.3084 -35.7489 0
    endloop
  endfacet
  facet normal 0 0 -1
    outer loop
      vertex -36.1053 32.6844 0
      vertex -39.0564 36.5575 0
      vertex -38.5924 36.7396 0
    endloop
  endfacet
  facet normal -0 0 -1
    outer loop
      vertex -36.1053 -32.6844 0
      vertex -40.6653 -35.4009 0
      vertex -36.2779 -32.2389 0
    endloop
  endfacet
  facet normal 0 0 -1
    outer loop
      vertex -36.1053 32.6844 0
      vertex -39.5 36.3301 0
      vertex -39.0564 36.5575 0
    endloop
  endfacet
  facet normal 0 0 -1
    outer loop
      vertex -40.9857 -35.019 0
      vertex -36.2779 -32.2389 0
      vertex -40.6653 -35.4009 0
    endloop
  endfacet
  facet normal 0 0 -1
    outer loop
      vertex -36.1053 32.6844 0
      vertex -39.9187 36.0597 0
      vertex -39.5 36.3301 0
    endloop
  endfacet
  facet normal 0 0 -1
    outer loop
      vertex -41.2665 -34.6072 0
      vertex -36.2779 -32.2389 0
      vertex -40.9857 -35.019 0
    endloop
  endfacet
  facet normal 0 0 -1
    outer loop
      vertex -36.1053 32.6844 0
      vertex -40.3084 35.7489 0
      vertex -39.9187 36.0597 0
    endloop
  endfacet
  facet normal 0 0 -1
    outer loop
      vertex -41.5048 -34.1694 0
      vertex -36.2779 -32.2389 0
      vertex -41.2665 -34.6072 0
    endloop
  endfacet
  facet normal 0 0 -1
    outer loop
      vertex -36.1053 32.6844 0
      vertex -40.6653 35.4009 0
      vertex -40.3084 35.7489 0
    endloop
  endfacet
  facet normal 0 0 -1
    outer loop
      vertex -41.6985 -33.7101 0
      vertex -36.2779 -32.2389 0
      vertex -41.5048 -34.1694 0
    endloop
  endfacet
  facet normal 0 0 -1
    outer loop
      vertex -36.2779 32.2389 0
      vertex -40.9857 35.019 0
      vertex -40.6653 35.4009 0
    endloop
  endfacet
  facet normal 0 0 -1
    outer loop
      vertex -41.8454 -33.2338 0
      vertex -36.2779 -32.2389 0
      vertex -41.6985 -33.7101 0
    endloop
  endfacet
  facet normal 0 0 -1
    outer loop
      vertex -36.2779 32.2389 0
      vertex -41.2665 34.6072 0
      vertex -40.9857 35.019 0
    endloop
  endfacet
  facet normal 0 0 -1
    outer loop
      vertex -41.9442 -32.7452 0
      vertex -36.2779 -32.2389 0
      vertex -41.8454 -33.2338 0
    endloop
  endfacet
  facet normal 0 0 -1
    outer loop
      vertex -36.2779 32.2389 0
      vertex -41.5048 34.1694 0
      vertex -41.2665 34.6072 0
    endloop
  endfacet
  facet normal 0 0 -1
    outer loop
      vertex -36.2779 -32.2389 0
      vertex -41.9442 -32.7452 0
      vertex -41.9938 -32.2492 0
    endloop
  endfacet
  facet normal 0 0 -1
    outer loop
      vertex -36.2779 32.2389 0
      vertex -41.6985 33.7101 0
      vertex -41.5048 34.1694 0
    endloop
  endfacet
  facet normal 0 0 -1
    outer loop
      vertex -36.2779 32.2389 0
      vertex -41.8454 33.2338 0
      vertex -41.6985 33.7101 0
    endloop
  endfacet
  facet normal 0 0 -1
    outer loop
      vertex -36.2779 32.2389 0
      vertex -41.9442 32.7452 0
      vertex -41.8454 33.2338 0
    endloop
  endfacet
  facet normal -0.995037 0.0995037 0
    outer loop
      vertex -41.9938 32.2492 0
      vertex -41.9442 32.7452 22
      vertex -41.9442 32.7452 0
    endloop
  endfacet
  facet normal -0.995037 0.0995037 0
    outer loop
      vertex -41.9442 32.7452 22
      vertex -41.9938 32.2492 0
      vertex -41.9938 32.2492 22
    endloop
  endfacet
  facet normal -0.980162 0.198199 0
    outer loop
      vertex -41.9442 32.7452 0
      vertex -41.8454 33.2338 22
      vertex -41.8454 33.2338 0
    endloop
  endfacet
  facet normal -0.980162 0.198199 0
    outer loop
      vertex -41.8454 33.2338 22
      vertex -41.9442 32.7452 0
      vertex -41.9442 32.7452 22
    endloop
  endfacet
  facet normal -1 0 0
    outer loop
      vertex 39.6 28.995 2.4
      vertex 39.6 21 12
      vertex 39.6 28.995 22
    endloop
  endfacet
  facet normal -1 0 0
    outer loop
      vertex 39.6 28.995 2.4
      vertex 39.6 20.9795 11.5045
      vertex 39.6 21 12
    endloop
  endfacet
  facet normal -1 0 0
    outer loop
      vertex 39.6 28.995 2.4
      vertex 39.6 20.9182 11.0124
      vertex 39.6 20.9795 11.5045
    endloop
  endfacet
  facet normal -1 0 0
    outer loop
      vertex 39.6 28.995 2.4
      vertex 39.6 20.8164 10.5271
      vertex 39.6 20.9182 11.0124
    endloop
  endfacet
  facet normal -1 0 0
    outer loop
      vertex 39.6 28.995 2.4
      vertex 39.6 20.6749 10.0518
      vertex 39.6 20.8164 10.5271
    endloop
  endfacet
  facet normal -1 0 0
    outer loop
      vertex 39.6 28.995 2.4
      vertex 39.6 20.4946 9.58983
      vertex 39.6 20.6749 10.0518
    endloop
  endfacet
  facet normal -1 0 0
    outer loop
      vertex 39.6 28.995 2.4
      vertex 39.6 20.2768 9.14431
      vertex 39.6 20.4946 9.58983
    endloop
  endfacet
  facet normal -1 0 0
    outer loop
      vertex 39.6 28.995 2.4
      vertex 39.6 20.023 8.71831
      vertex 39.6 20.2768 9.14431
    endloop
  endfacet
  facet normal -1 0 0
    outer loop
      vertex 39.6 28.995 2.4
      vertex 39.6 19.7348 8.31472
      vertex 39.6 20.023 8.71831
    endloop
  endfacet
  facet normal -1 0 0
    outer loop
      vertex 39.6 28.995 2.4
      vertex 39.6 19.4143 7.93631
      vertex 39.6 19.7348 8.31472
    endloop
  endfacet
  facet normal -1 0 0
    outer loop
      vertex 39.6 28.995 2.4
      vertex 39.6 19.0637 7.58566
      vertex 39.6 19.4143 7.93631
    endloop
  endfacet
  facet normal -1 0 0
    outer loop
      vertex 39.6 28.995 2.4
      vertex 39.6 18.6853 7.26516
      vertex 39.6 19.0637 7.58566
    endloop
  endfacet
  facet normal -1 0 0
    outer loop
      vertex 39.6 28.995 2.4
      vertex 39.6 18.2817 6.977
      vertex 39.6 18.6853 7.26516
    endloop
  endfacet
  facet normal -1 0 0
    outer loop
      vertex 39.6 28.995 2.4
      vertex 39.6 17.8557 6.72316
      vertex 39.6 18.2817 6.977
    endloop
  endfacet
  facet normal -1 0 0
    outer loop
      vertex 39.6 28.995 2.4
      vertex 39.6 17.4102 6.50536
      vertex 39.6 17.8557 6.72316
    endloop
  endfacet
  facet normal -1 0 0
    outer loop
      vertex 39.6 28.995 2.4
      vertex 39.6 16.9482 6.3251
      vertex 39.6 17.4102 6.50536
    endloop
  endfacet
  facet normal -1 0 0
    outer loop
      vertex 39.6 28.995 2.4
      vertex 39.6 16.4729 6.1836
      vertex 39.6 16.9482 6.3251
    endloop
  endfacet
  facet normal -1 0 0
    outer loop
      vertex 39.6 28.995 2.4
      vertex 39.6 15.9876 6.08183
      vertex 39.6 16.4729 6.1836
    endloop
  endfacet
  facet normal -1 0 0
    outer loop
      vertex 39.6 28.995 2.4
      vertex 39.6 15.4955 6.02049
      vertex 39.6 15.9876 6.08183
    endloop
  endfacet
  facet normal -1 0 0
    outer loop
      vertex 39.6 28.995 2.4
      vertex 39.6 15 6
      vertex 39.6 15.4955 6.02049
    endloop
  endfacet
  facet normal -1 0 0
    outer loop
      vertex 39.6 28.995 2.4
      vertex 39.6 14.5045 6.02049
      vertex 39.6 15 6
    endloop
  endfacet
  facet normal -1 0 0
    outer loop
      vertex 39.6 28.995 2.4
      vertex 39.6 14.0124 6.08183
      vertex 39.6 14.5045 6.02049
    endloop
  endfacet
  facet normal -1 0 0
    outer loop
      vertex 39.6 -14.0124 6.08183
      vertex 39.6 14.0124 6.08183
      vertex 39.6 28.995 2.4
    endloop
  endfacet
  facet normal -1 0 0
    outer loop
      vertex 39.6 9.02049 11.5045
      vertex 39.6 -9 12
      vertex 39.6 9 12
    endloop
  endfacet
  facet normal -1 0 0
    outer loop
      vertex 39.6 -9.02049 11.5045
      vertex 39.6 9.02049 11.5045
      vertex 39.6 9.08183 11.0124
    endloop
  endfacet
  facet normal -1 0 0
    outer loop
      vertex 39.6 -9.08183 11.0124
      vertex 39.6 9.08183 11.0124
      vertex 39.6 9.1836 10.5271
    endloop
  endfacet
  facet normal -1 0 0
    outer loop
      vertex 39.6 -9.1836 10.5271
      vertex 39.6 9.1836 10.5271
      vertex 39.6 9.3251 10.0518
    endloop
  endfacet
  facet normal -1 0 0
    outer loop
      vertex 39.6 -9.3251 10.0518
      vertex 39.6 9.3251 10.0518
      vertex 39.6 9.50536 9.58983
    endloop
  endfacet
  facet normal -1 0 0
    outer loop
      vertex 39.6 -9.50536 9.58983
      vertex 39.6 9.50536 9.58983
      vertex 39.6 9.72316 9.14431
    endloop
  endfacet
  facet normal -1 0 0
    outer loop
      vertex 39.6 -9.72316 9.14431
      vertex 39.6 9.72316 9.14431
      vertex 39.6 9.977 8.71831
    endloop
  endfacet
  facet normal -1 0 0
    outer loop
      vertex 39.6 -9.977 8.71831
      vertex 39.6 9.977 8.71831
      vertex 39.6 10.2652 8.31472
    endloop
  endfacet
  facet normal -1 0 0
    outer loop
      vertex 39.6 -10.2652 8.31472
      vertex 39.6 10.2652 8.31472
      vertex 39.6 10.5857 7.93631
    endloop
  endfacet
  facet normal -1 0 0
    outer loop
      vertex 39.6 -10.5857 7.93631
      vertex 39.6 10.5857 7.93631
      vertex 39.6 10.9363 7.58566
    endloop
  endfacet
  facet normal -1 0 0
    outer loop
      vertex 39.6 -10.9363 7.58566
      vertex 39.6 10.9363 7.58566
      vertex 39.6 11.3147 7.26516
    endloop
  endfacet
  facet normal -1 0 0
    outer loop
      vertex 39.6 -11.3147 7.26516
      vertex 39.6 11.3147 7.26516
      vertex 39.6 11.7183 6.977
    endloop
  endfacet
  facet normal -1 0 0
    outer loop
      vertex 39.6 -11.7183 6.977
      vertex 39.6 11.7183 6.977
      vertex 39.6 12.1443 6.72316
    endloop
  endfacet
  facet normal -1 0 0
    outer loop
      vertex 39.6 -12.1443 6.72316
      vertex 39.6 12.1443 6.72316
      vertex 39.6 12.5898 6.50536
    endloop
  endfacet
  facet normal -1 0 0
    outer loop
      vertex 39.6 -12.5898 6.50536
      vertex 39.6 12.5898 6.50536
      vertex 39.6 13.0518 6.3251
    endloop
  endfacet
  facet normal -1 0 0
    outer loop
      vertex 39.6 -13.0518 6.3251
      vertex 39.6 13.0518 6.3251
      vertex 39.6 13.5271 6.1836
    endloop
  endfacet
  facet normal -1 0 0
    outer loop
      vertex 39.6 9.02049 11.5045
      vertex 39.6 -9.02049 11.5045
      vertex 39.6 -9 12
    endloop
  endfacet
  facet normal -1 0 0
    outer loop
      vertex 39.6 14.0124 6.08183
      vertex 39.6 -14.0124 6.08183
      vertex 39.6 13.5271 6.1836
    endloop
  endfacet
  facet normal -1 0 0
    outer loop
      vertex 39.6 9.08183 11.0124
      vertex 39.6 -9.08183 11.0124
      vertex 39.6 -9.02049 11.5045
    endloop
  endfacet
  facet normal -1 0 0
    outer loop
      vertex 39.6 9.1836 10.5271
      vertex 39.6 -9.1836 10.5271
      vertex 39.6 -9.08183 11.0124
    endloop
  endfacet
  facet normal -1 0 0
    outer loop
      vertex 39.6 9.3251 10.0518
      vertex 39.6 -9.3251 10.0518
      vertex 39.6 -9.1836 10.5271
    endloop
  endfacet
  facet normal -1 0 0
    outer loop
      vertex 39.6 9.50536 9.58983
      vertex 39.6 -9.50536 9.58983
      vertex 39.6 -9.3251 10.0518
    endloop
  endfacet
  facet normal -1 0 0
    outer loop
      vertex 39.6 9.72316 9.14431
      vertex 39.6 -9.72316 9.14431
      vertex 39.6 -9.50536 9.58983
    endloop
  endfacet
  facet normal -1 0 0
    outer loop
      vertex 39.6 9.977 8.71831
      vertex 39.6 -9.977 8.71831
      vertex 39.6 -9.72316 9.14431
    endloop
  endfacet
  facet normal -1 0 0
    outer loop
      vertex 39.6 10.2652 8.31472
      vertex 39.6 -10.2652 8.31472
      vertex 39.6 -9.977 8.71831
    endloop
  endfacet
  facet normal -1 0 0
    outer loop
      vertex 39.6 10.5857 7.93631
      vertex 39.6 -10.5857 7.93631
      vertex 39.6 -10.2652 8.31472
    endloop
  endfacet
  facet normal -1 0 0
    outer loop
      vertex 39.6 10.9363 7.58566
      vertex 39.6 -10.9363 7.58566
      vertex 39.6 -10.5857 7.93631
    endloop
  endfacet
  facet normal -1 0 0
    outer loop
      vertex 39.6 11.3147 7.26516
      vertex 39.6 -11.3147 7.26516
      vertex 39.6 -10.9363 7.58566
    endloop
  endfacet
  facet normal -1 0 0
    outer loop
      vertex 39.6 11.7183 6.977
      vertex 39.6 -11.7183 6.977
      vertex 39.6 -11.3147 7.26516
    endloop
  endfacet
  facet normal -1 0 0
    outer loop
      vertex 39.6 12.1443 6.72316
      vertex 39.6 -12.1443 6.72316
      vertex 39.6 -11.7183 6.977
    endloop
  endfacet
  facet normal -1 0 0
    outer loop
      vertex 39.6 12.5898 6.50536
      vertex 39.6 -12.5898 6.50536
      vertex 39.6 -12.1443 6.72316
    endloop
  endfacet
  facet normal -1 0 0
    outer loop
      vertex 39.6 13.0518 6.3251
      vertex 39.6 -13.0518 6.3251
      vertex 39.6 -12.5898 6.50536
    endloop
  endfacet
  facet normal -1 0 0
    outer loop
      vertex 39.6 13.5271 6.1836
      vertex 39.6 -13.5271 6.1836
      vertex 39.6 -13.0518 6.3251
    endloop
  endfacet
  facet normal -1 -0 0
    outer loop
      vertex 39.6 13.5271 6.1836
      vertex 39.6 -14.0124 6.08183
      vertex 39.6 -13.5271 6.1836
    endloop
  endfacet
  facet normal -1 0 0
    outer loop
      vertex 39.6 -28.995 2.4
      vertex 39.6 -14.0124 6.08183
      vertex 39.6 28.995 2.4
    endloop
  endfacet
  facet normal -1 0 0
    outer loop
      vertex 39.6 -14.0124 6.08183
      vertex 39.6 -28.995 2.4
      vertex 39.6 -14.5045 6.02049
    endloop
  endfacet
  facet normal -1 0 0
    outer loop
      vertex 39.6 -14.5045 6.02049
      vertex 39.6 -28.995 2.4
      vertex 39.6 -15 6
    endloop
  endfacet
  facet normal -1 -0 0
    outer loop
      vertex 39.6 -20.9795 11.5045
      vertex 39.6 -28.995 2.4
      vertex 39.6 -21 12
    endloop
  endfacet
  facet normal -1 -0 0
    outer loop
      vertex 39.6 -20.9182 11.0124
      vertex 39.6 -28.995 2.4
      vertex 39.6 -20.9795 11.5045
    endloop
  endfacet
  facet normal -1 -0 0
    outer loop
      vertex 39.6 -20.8164 10.5271
      vertex 39.6 -28.995 2.4
      vertex 39.6 -20.9182 11.0124
    endloop
  endfacet
  facet normal -1 -0 0
    outer loop
      vertex 39.6 -20.6749 10.0518
      vertex 39.6 -28.995 2.4
      vertex 39.6 -20.8164 10.5271
    endloop
  endfacet
  facet normal -1 -0 0
    outer loop
      vertex 39.6 -20.4946 9.58983
      vertex 39.6 -28.995 2.4
      vertex 39.6 -20.6749 10.0518
    endloop
  endfacet
  facet normal -1 -0 0
    outer loop
      vertex 39.6 -20.2768 9.14431
      vertex 39.6 -28.995 2.4
      vertex 39.6 -20.4946 9.58983
    endloop
  endfacet
  facet normal -1 -0 0
    outer loop
      vertex 39.6 -20.023 8.71831
      vertex 39.6 -28.995 2.4
      vertex 39.6 -20.2768 9.14431
    endloop
  endfacet
  facet normal -1 -0 0
    outer loop
      vertex 39.6 -19.7348 8.31472
      vertex 39.6 -28.995 2.4
      vertex 39.6 -20.023 8.71831
    endloop
  endfacet
  facet normal -1 -0 0
    outer loop
      vertex 39.6 -19.4143 7.93631
      vertex 39.6 -28.995 2.4
      vertex 39.6 -19.7348 8.31472
    endloop
  endfacet
  facet normal -1 -0 0
    outer loop
      vertex 39.6 -19.0637 7.58566
      vertex 39.6 -28.995 2.4
      vertex 39.6 -19.4143 7.93631
    endloop
  endfacet
  facet normal -1 -0 0
    outer loop
      vertex 39.6 -18.6853 7.26516
      vertex 39.6 -28.995 2.4
      vertex 39.6 -19.0637 7.58566
    endloop
  endfacet
  facet normal -1 -0 0
    outer loop
      vertex 39.6 -18.2817 6.977
      vertex 39.6 -28.995 2.4
      vertex 39.6 -18.6853 7.26516
    endloop
  endfacet
  facet normal -1 -0 0
    outer loop
      vertex 39.6 -17.8557 6.72316
      vertex 39.6 -28.995 2.4
      vertex 39.6 -18.2817 6.977
    endloop
  endfacet
  facet normal -1 -0 0
    outer loop
      vertex 39.6 -17.4102 6.50536
      vertex 39.6 -28.995 2.4
      vertex 39.6 -17.8557 6.72316
    endloop
  endfacet
  facet normal -1 -0 0
    outer loop
      vertex 39.6 -16.9482 6.3251
      vertex 39.6 -28.995 2.4
      vertex 39.6 -17.4102 6.50536
    endloop
  endfacet
  facet normal -1 -0 0
    outer loop
      vertex 39.6 -16.4729 6.1836
      vertex 39.6 -28.995 2.4
      vertex 39.6 -16.9482 6.3251
    endloop
  endfacet
  facet normal -1 -0 0
    outer loop
      vertex 39.6 -15.9876 6.08183
      vertex 39.6 -28.995 2.4
      vertex 39.6 -16.4729 6.1836
    endloop
  endfacet
  facet normal -1 -0 0
    outer loop
      vertex 39.6 -15.4955 6.02049
      vertex 39.6 -28.995 2.4
      vertex 39.6 -15.9876 6.08183
    endloop
  endfacet
  facet normal -1 -0 0
    outer loop
      vertex 39.6 -15 6
      vertex 39.6 -28.995 2.4
      vertex 39.6 -15.4955 6.02049
    endloop
  endfacet
  facet normal -1 0 0
    outer loop
      vertex 39.6 20.9795 12.4955
      vertex 39.6 28.995 22
      vertex 39.6 21 12
    endloop
  endfacet
  facet normal -1 0 0
    outer loop
      vertex 39.6 20.9182 12.9876
      vertex 39.6 28.995 22
      vertex 39.6 20.9795 12.4955
    endloop
  endfacet
  facet normal -1 0 0
    outer loop
      vertex 39.6 20.8164 13.4729
      vertex 39.6 28.995 22
      vertex 39.6 20.9182 12.9876
    endloop
  endfacet
  facet normal -1 0 0
    outer loop
      vertex 39.6 20.6749 13.9482
      vertex 39.6 28.995 22
      vertex 39.6 20.8164 13.4729
    endloop
  endfacet
  facet normal -1 0 0
    outer loop
      vertex 39.6 20.4946 14.4102
      vertex 39.6 28.995 22
      vertex 39.6 20.6749 13.9482
    endloop
  endfacet
  facet normal -1 0 0
    outer loop
      vertex 39.6 20.2768 14.8557
      vertex 39.6 28.995 22
      vertex 39.6 20.4946 14.4102
    endloop
  endfacet
  facet normal -1 0 0
    outer loop
      vertex 39.6 20.023 15.2817
      vertex 39.6 28.995 22
      vertex 39.6 20.2768 14.8557
    endloop
  endfacet
  facet normal -1 0 0
    outer loop
      vertex 39.6 19.7348 15.6853
      vertex 39.6 28.995 22
      vertex 39.6 20.023 15.2817
    endloop
  endfacet
  facet normal -1 0 0
    outer loop
      vertex 39.6 19.4143 16.0637
      vertex 39.6 28.995 22
      vertex 39.6 19.7348 15.6853
    endloop
  endfacet
  facet normal -1 0 0
    outer loop
      vertex 39.6 19.0637 16.4143
      vertex 39.6 28.995 22
      vertex 39.6 19.4143 16.0637
    endloop
  endfacet
  facet normal -1 0 0
    outer loop
      vertex 39.6 18.6853 16.7348
      vertex 39.6 28.995 22
      vertex 39.6 19.0637 16.4143
    endloop
  endfacet
  facet normal -1 0 0
    outer loop
      vertex 39.6 18.2817 17.023
      vertex 39.6 28.995 22
      vertex 39.6 18.6853 16.7348
    endloop
  endfacet
  facet normal -1 0 0
    outer loop
      vertex 39.6 17.8557 17.2768
      vertex 39.6 28.995 22
      vertex 39.6 18.2817 17.023
    endloop
  endfacet
  facet normal -1 0 0
    outer loop
      vertex 39.6 17.4102 17.4946
      vertex 39.6 28.995 22
      vertex 39.6 17.8557 17.2768
    endloop
  endfacet
  facet normal -1 0 0
    outer loop
      vertex 39.6 16.9482 17.6749
      vertex 39.6 28.995 22
      vertex 39.6 17.4102 17.4946
    endloop
  endfacet
  facet normal -1 0 0
    outer loop
      vertex 39.6 16.4729 17.8164
      vertex 39.6 28.995 22
      vertex 39.6 16.9482 17.6749
    endloop
  endfacet
  facet normal -1 0 0
    outer loop
      vertex 39.6 15.9876 17.9182
      vertex 39.6 28.995 22
      vertex 39.6 16.4729 17.8164
    endloop
  endfacet
  facet normal -1 0 0
    outer loop
      vertex 39.6 15.4955 17.9795
      vertex 39.6 28.995 22
      vertex 39.6 15.9876 17.9182
    endloop
  endfacet
  facet normal -1 0 0
    outer loop
      vertex 39.6 15 18
      vertex 39.6 28.995 22
      vertex 39.6 15.4955 17.9795
    endloop
  endfacet
  facet normal -1 0 0
    outer loop
      vertex 39.6 14.5045 17.9795
      vertex 39.6 28.995 22
      vertex 39.6 15 18
    endloop
  endfacet
  facet normal -1 0 0
    outer loop
      vertex 39.6 14.0124 17.9182
      vertex 39.6 28.995 22
      vertex 39.6 14.5045 17.9795
    endloop
  endfacet
  facet normal -1 0 0
    outer loop
      vertex 39.6 -14.0124 17.9182
      vertex 39.6 14.0124 17.9182
      vertex 39.6 13.5271 17.8164
    endloop
  endfacet
  facet normal -1 0 0
    outer loop
      vertex 39.6 -9 12
      vertex 39.6 9.02049 12.4955
      vertex 39.6 9 12
    endloop
  endfacet
  facet normal -1 0 0
    outer loop
      vertex 39.6 -9.02049 12.4955
      vertex 39.6 9.02049 12.4955
      vertex 39.6 -9 12
    endloop
  endfacet
  facet normal -1 0 0
    outer loop
      vertex 39.6 9.02049 12.4955
      vertex 39.6 -9.02049 12.4955
      vertex 39.6 9.08183 12.9876
    endloop
  endfacet
  facet normal -1 0 0
    outer loop
      vertex 39.6 -9.08183 12.9876
      vertex 39.6 9.08183 12.9876
      vertex 39.6 -9.02049 12.4955
    endloop
  endfacet
  facet normal -1 0 0
    outer loop
      vertex 39.6 9.08183 12.9876
      vertex 39.6 -9.08183 12.9876
      vertex 39.6 9.1836 13.4729
    endloop
  endfacet
  facet normal -1 0 0
    outer loop
      vertex 39.6 -9.1836 13.4729
      vertex 39.6 9.1836 13.4729
      vertex 39.6 -9.08183 12.9876
    endloop
  endfacet
  facet normal -1 0 0
    outer loop
      vertex 39.6 9.1836 13.4729
      vertex 39.6 -9.1836 13.4729
      vertex 39.6 9.3251 13.9482
    endloop
  endfacet
  facet normal -1 0 0
    outer loop
      vertex 39.6 -9.3251 13.9482
      vertex 39.6 9.3251 13.9482
      vertex 39.6 -9.1836 13.4729
    endloop
  endfacet
  facet normal -1 0 0
    outer loop
      vertex 39.6 9.3251 13.9482
      vertex 39.6 -9.3251 13.9482
      vertex 39.6 9.50536 14.4102
    endloop
  endfacet
  facet normal -1 0 0
    outer loop
      vertex 39.6 -9.50536 14.4102
      vertex 39.6 9.50536 14.4102
      vertex 39.6 -9.3251 13.9482
    endloop
  endfacet
  facet normal -1 0 0
    outer loop
      vertex 39.6 9.50536 14.4102
      vertex 39.6 -9.50536 14.4102
      vertex 39.6 9.72316 14.8557
    endloop
  endfacet
  facet normal -1 0 0
    outer loop
      vertex 39.6 -9.72316 14.8557
      vertex 39.6 9.72316 14.8557
      vertex 39.6 -9.50536 14.4102
    endloop
  endfacet
  facet normal -1 0 0
    outer loop
      vertex 39.6 9.72316 14.8557
      vertex 39.6 -9.72316 14.8557
      vertex 39.6 9.977 15.2817
    endloop
  endfacet
  facet normal -1 0 0
    outer loop
      vertex 39.6 -9.977 15.2817
      vertex 39.6 9.977 15.2817
      vertex 39.6 -9.72316 14.8557
    endloop
  endfacet
  facet normal -1 0 0
    outer loop
      vertex 39.6 9.977 15.2817
      vertex 39.6 -9.977 15.2817
      vertex 39.6 10.2652 15.6853
    endloop
  endfacet
  facet normal -1 0 0
    outer loop
      vertex 39.6 -10.2652 15.6853
      vertex 39.6 10.2652 15.6853
      vertex 39.6 -9.977 15.2817
    endloop
  endfacet
  facet normal -1 0 0
    outer loop
      vertex 39.6 10.2652 15.6853
      vertex 39.6 -10.2652 15.6853
      vertex 39.6 10.5857 16.0637
    endloop
  endfacet
  facet normal -1 0 0
    outer loop
      vertex 39.6 -10.5857 16.0637
      vertex 39.6 10.5857 16.0637
      vertex 39.6 -10.2652 15.6853
    endloop
  endfacet
  facet normal -1 0 0
    outer loop
      vertex 39.6 10.5857 16.0637
      vertex 39.6 -10.5857 16.0637
      vertex 39.6 10.9363 16.4143
    endloop
  endfacet
  facet normal -1 0 0
    outer loop
      vertex 39.6 -10.9363 16.4143
      vertex 39.6 10.9363 16.4143
      vertex 39.6 -10.5857 16.0637
    endloop
  endfacet
  facet normal -1 0 0
    outer loop
      vertex 39.6 10.9363 16.4143
      vertex 39.6 -10.9363 16.4143
      vertex 39.6 11.3147 16.7348
    endloop
  endfacet
  facet normal -1 0 0
    outer loop
      vertex 39.6 -11.3147 16.7348
      vertex 39.6 11.3147 16.7348
      vertex 39.6 -10.9363 16.4143
    endloop
  endfacet
  facet normal -1 0 0
    outer loop
      vertex 39.6 11.3147 16.7348
      vertex 39.6 -11.3147 16.7348
      vertex 39.6 11.7183 17.023
    endloop
  endfacet
  facet normal -1 0 0
    outer loop
      vertex 39.6 -11.7183 17.023
      vertex 39.6 11.7183 17.023
      vertex 39.6 -11.3147 16.7348
    endloop
  endfacet
  facet normal -1 0 0
    outer loop
      vertex 39.6 11.7183 17.023
      vertex 39.6 -11.7183 17.023
      vertex 39.6 12.1443 17.2768
    endloop
  endfacet
  facet normal -1 0 0
    outer loop
      vertex 39.6 -12.1443 17.2768
      vertex 39.6 12.1443 17.2768
      vertex 39.6 -11.7183 17.023
    endloop
  endfacet
  facet normal -1 0 0
    outer loop
      vertex 39.6 12.1443 17.2768
      vertex 39.6 -12.1443 17.2768
      vertex 39.6 12.5898 17.4946
    endloop
  endfacet
  facet normal -1 0 0
    outer loop
      vertex 39.6 -12.5898 17.4946
      vertex 39.6 12.5898 17.4946
      vertex 39.6 -12.1443 17.2768
    endloop
  endfacet
  facet normal -1 0 0
    outer loop
      vertex 39.6 12.5898 17.4946
      vertex 39.6 -12.5898 17.4946
      vertex 39.6 13.0518 17.6749
    endloop
  endfacet
  facet normal -1 0 0
    outer loop
      vertex 39.6 -13.0518 17.6749
      vertex 39.6 13.0518 17.6749
      vertex 39.6 -12.5898 17.4946
    endloop
  endfacet
  facet normal -1 0 0
    outer loop
      vertex 39.6 13.0518 17.6749
      vertex 39.6 -13.0518 17.6749
      vertex 39.6 13.5271 17.8164
    endloop
  endfacet
  facet normal -1 0 0
    outer loop
      vertex 39.6 -13.5271 17.8164
      vertex 39.6 13.5271 17.8164
      vertex 39.6 -13.0518 17.6749
    endloop
  endfacet
  facet normal -1 0 0
    outer loop
      vertex 39.6 -14.0124 17.9182
      vertex 39.6 13.5271 17.8164
      vertex 39.6 -13.5271 17.8164
    endloop
  endfacet
  facet normal -1 0 0
    outer loop
      vertex 39.6 14.0124 17.9182
      vertex 39.6 -14.0124 17.9182
      vertex 39.6 28.995 22
    endloop
  endfacet
  facet normal -1 0 0
    outer loop
      vertex 39.6 -28.995 22
      vertex 39.6 -14.0124 17.9182
      vertex 39.6 -14.5045 17.9795
    endloop
  endfacet
  facet normal -1 0 0
    outer loop
      vertex 39.6 -28.995 22
      vertex 39.6 -14.5045 17.9795
      vertex 39.6 -15 18
    endloop
  endfacet
  facet normal -1 0 0
    outer loop
      vertex 39.6 -28.995 22
      vertex 39.6 -15 18
      vertex 39.6 -15.4955 17.9795
    endloop
  endfacet
  facet normal -1 0 0
    outer loop
      vertex 39.6 -28.995 22
      vertex 39.6 -21 12
      vertex 39.6 -28.995 2.4
    endloop
  endfacet
  facet normal -1 0 0
    outer loop
      vertex 39.6 -21 12
      vertex 39.6 -28.995 22
      vertex 39.6 -20.9795 12.4955
    endloop
  endfacet
  facet normal -1 0 0
    outer loop
      vertex 39.6 -20.9795 12.4955
      vertex 39.6 -28.995 22
      vertex 39.6 -20.9182 12.9876
    endloop
  endfacet
  facet normal -1 0 0
    outer loop
      vertex 39.6 -20.9182 12.9876
      vertex 39.6 -28.995 22
      vertex 39.6 -20.8164 13.4729
    endloop
  endfacet
  facet normal -1 0 0
    outer loop
      vertex 39.6 -20.8164 13.4729
      vertex 39.6 -28.995 22
      vertex 39.6 -20.6749 13.9482
    endloop
  endfacet
  facet normal -1 0 0
    outer loop
      vertex 39.6 -20.6749 13.9482
      vertex 39.6 -28.995 22
      vertex 39.6 -20.4946 14.4102
    endloop
  endfacet
  facet normal -1 0 0
    outer loop
      vertex 39.6 -20.4946 14.4102
      vertex 39.6 -28.995 22
      vertex 39.6 -20.2768 14.8557
    endloop
  endfacet
  facet normal -1 0 0
    outer loop
      vertex 39.6 -14.0124 17.9182
      vertex 39.6 -28.995 22
      vertex 39.6 28.995 22
    endloop
  endfacet
  facet normal -1 0 0
    outer loop
      vertex 39.6 -15.9876 17.9182
      vertex 39.6 -28.995 22
      vertex 39.6 -15.4955 17.9795
    endloop
  endfacet
  facet normal -1 0 0
    outer loop
      vertex 39.6 -16.4729 17.8164
      vertex 39.6 -28.995 22
      vertex 39.6 -15.9876 17.9182
    endloop
  endfacet
  facet normal -1 0 0
    outer loop
      vertex 39.6 -16.9482 17.6749
      vertex 39.6 -28.995 22
      vertex 39.6 -16.4729 17.8164
    endloop
  endfacet
  facet normal -1 0 0
    outer loop
      vertex 39.6 -17.4102 17.4946
      vertex 39.6 -28.995 22
      vertex 39.6 -16.9482 17.6749
    endloop
  endfacet
  facet normal -1 0 0
    outer loop
      vertex 39.6 -17.8557 17.2768
      vertex 39.6 -28.995 22
      vertex 39.6 -17.4102 17.4946
    endloop
  endfacet
  facet normal -1 0 0
    outer loop
      vertex 39.6 -18.2817 17.023
      vertex 39.6 -28.995 22
      vertex 39.6 -17.8557 17.2768
    endloop
  endfacet
  facet normal -1 0 0
    outer loop
      vertex 39.6 -18.6853 16.7348
      vertex 39.6 -28.995 22
      vertex 39.6 -18.2817 17.023
    endloop
  endfacet
  facet normal -1 0 0
    outer loop
      vertex 39.6 -19.0637 16.4143
      vertex 39.6 -28.995 22
      vertex 39.6 -18.6853 16.7348
    endloop
  endfacet
  facet normal -1 0 0
    outer loop
      vertex 39.6 -19.4143 16.0637
      vertex 39.6 -28.995 22
      vertex 39.6 -19.0637 16.4143
    endloop
  endfacet
  facet normal -1 0 0
    outer loop
      vertex 39.6 -19.7348 15.6853
      vertex 39.6 -28.995 22
      vertex 39.6 -19.4143 16.0637
    endloop
  endfacet
  facet normal -1 0 0
    outer loop
      vertex 39.6 -20.023 15.2817
      vertex 39.6 -28.995 22
      vertex 39.6 -19.7348 15.6853
    endloop
  endfacet
  facet normal -1 0 0
    outer loop
      vertex 39.6 -20.2768 14.8557
      vertex 39.6 -28.995 22
      vertex 39.6 -20.023 15.2817
    endloop
  endfacet
  facet normal 0 -1 0
    outer loop
      vertex -30.1586 34.5981 22
      vertex 30 34.5981 6.9
      vertex 30.1586 34.5981 22
    endloop
  endfacet
  facet normal 0 -1 0
    outer loop
      vertex -30.1586 34.5981 2.4
      vertex 30 34.5981 6.9
      vertex -30.1586 34.5981 22
    endloop
  endfacet
  facet normal 0 -1 -0
    outer loop
      vertex 30 34.5981 6.9
      vertex -30.1586 34.5981 2.4
      vertex 30 34.5981 2.4
    endloop
  endfacet
  facet normal 0 -1 -0
    outer loop
      vertex 30.1586 34.5981 22
      vertex 30 34.5981 6.9
      vertex 30.1586 34.5981 6.9
    endloop
  endfacet
  facet normal 1 0 0
    outer loop
      vertex -39.5924 28.9835 22
      vertex -39.5924 21 12
      vertex -39.5924 28.9835 2.4
    endloop
  endfacet
  facet normal 1 0 0
    outer loop
      vertex -39.5924 28.9835 22
      vertex -39.5924 20.9795 12.4955
      vertex -39.5924 21 12
    endloop
  endfacet
  facet normal 1 0 0
    outer loop
      vertex -39.5924 28.9835 22
      vertex -39.5924 20.9182 12.9876
      vertex -39.5924 20.9795 12.4955
    endloop
  endfacet
  facet normal 1 0 0
    outer loop
      vertex -39.5924 28.9835 22
      vertex -39.5924 20.8164 13.4729
      vertex -39.5924 20.9182 12.9876
    endloop
  endfacet
  facet normal 1 0 0
    outer loop
      vertex -39.5924 28.9835 22
      vertex -39.5924 20.6749 13.9482
      vertex -39.5924 20.8164 13.4729
    endloop
  endfacet
  facet normal 1 0 0
    outer loop
      vertex -39.5924 28.9835 22
      vertex -39.5924 20.4946 14.4102
      vertex -39.5924 20.6749 13.9482
    endloop
  endfacet
  facet normal 1 0 0
    outer loop
      vertex -39.5924 28.9835 22
      vertex -39.5924 20.2768 14.8557
      vertex -39.5924 20.4946 14.4102
    endloop
  endfacet
  facet normal 1 0 0
    outer loop
      vertex -39.5924 28.9835 22
      vertex -39.5924 20.023 15.2817
      vertex -39.5924 20.2768 14.8557
    endloop
  endfacet
  facet normal 1 0 0
    outer loop
      vertex -39.5924 28.9835 22
      vertex -39.5924 19.7348 15.6853
      vertex -39.5924 20.023 15.2817
    endloop
  endfacet
  facet normal 1 0 0
    outer loop
      vertex -39.5924 28.9835 22
      vertex -39.5924 19.4143 16.0637
      vertex -39.5924 19.7348 15.6853
    endloop
  endfacet
  facet normal 1 0 0
    outer loop
      vertex -39.5924 28.9835 22
      vertex -39.5924 19.0637 16.4143
      vertex -39.5924 19.4143 16.0637
    endloop
  endfacet
  facet normal 1 0 0
    outer loop
      vertex -39.5924 28.9835 22
      vertex -39.5924 18.6853 16.7348
      vertex -39.5924 19.0637 16.4143
    endloop
  endfacet
  facet normal 1 0 0
    outer loop
      vertex -39.5924 28.9835 22
      vertex -39.5924 18.2817 17.023
      vertex -39.5924 18.6853 16.7348
    endloop
  endfacet
  facet normal 1 0 0
    outer loop
      vertex -39.5924 28.9835 22
      vertex -39.5924 17.8557 17.2768
      vertex -39.5924 18.2817 17.023
    endloop
  endfacet
  facet normal 1 0 0
    outer loop
      vertex -39.5924 28.9835 22
      vertex -39.5924 17.4102 17.4946
      vertex -39.5924 17.8557 17.2768
    endloop
  endfacet
  facet normal 1 0 0
    outer loop
      vertex -39.5924 28.9835 22
      vertex -39.5924 16.9482 17.6749
      vertex -39.5924 17.4102 17.4946
    endloop
  endfacet
  facet normal 1 0 0
    outer loop
      vertex -39.5924 28.9835 22
      vertex -39.5924 16.4729 17.8164
      vertex -39.5924 16.9482 17.6749
    endloop
  endfacet
  facet normal 1 0 0
    outer loop
      vertex -39.5924 28.9835 22
      vertex -39.5924 15.9876 17.9182
      vertex -39.5924 16.4729 17.8164
    endloop
  endfacet
  facet normal 1 0 0
    outer loop
      vertex -39.5924 28.9835 22
      vertex -39.5924 15.4955 17.9795
      vertex -39.5924 15.9876 17.9182
    endloop
  endfacet
  facet normal 1 0 0
    outer loop
      vertex -39.5924 28.9835 22
      vertex -39.5924 15 18
      vertex -39.5924 15.4955 17.9795
    endloop
  endfacet
  facet normal 1 0 0
    outer loop
      vertex -39.5924 28.9835 22
      vertex -39.5924 14.5045 17.9795
      vertex -39.5924 15 18
    endloop
  endfacet
  facet normal 1 0 0
    outer loop
      vertex -39.5924 28.9835 22
      vertex -39.5924 14.0124 17.9182
      vertex -39.5924 14.5045 17.9795
    endloop
  endfacet
  facet normal 1 0 0
    outer loop
      vertex -39.5924 -14.0124 17.9182
      vertex -39.5924 14.0124 17.9182
      vertex -39.5924 28.9835 22
    endloop
  endfacet
  facet normal 1 0 0
    outer loop
      vertex -39.5924 9.02049 12.4955
      vertex -39.5924 -9 12
      vertex -39.5924 9 12
    endloop
  endfacet
  facet normal 1 0 0
    outer loop
      vertex -39.5924 -9.02049 12.4955
      vertex -39.5924 9.02049 12.4955
      vertex -39.5924 9.08183 12.9876
    endloop
  endfacet
  facet normal 1 0 0
    outer loop
      vertex -39.5924 -9.08183 12.9876
      vertex -39.5924 9.08183 12.9876
      vertex -39.5924 9.1836 13.4729
    endloop
  endfacet
  facet normal 1 0 0
    outer loop
      vertex -39.5924 -9.1836 13.4729
      vertex -39.5924 9.1836 13.4729
      vertex -39.5924 9.3251 13.9482
    endloop
  endfacet
  facet normal 1 0 0
    outer loop
      vertex -39.5924 -9.3251 13.9482
      vertex -39.5924 9.3251 13.9482
      vertex -39.5924 9.50536 14.4102
    endloop
  endfacet
  facet normal 1 0 0
    outer loop
      vertex -39.5924 -9.50536 14.4102
      vertex -39.5924 9.50536 14.4102
      vertex -39.5924 9.72316 14.8557
    endloop
  endfacet
  facet normal 1 0 0
    outer loop
      vertex -39.5924 -9.72316 14.8557
      vertex -39.5924 9.72316 14.8557
      vertex -39.5924 9.977 15.2817
    endloop
  endfacet
  facet normal 1 0 0
    outer loop
      vertex -39.5924 -9.977 15.2817
      vertex -39.5924 9.977 15.2817
      vertex -39.5924 10.2652 15.6853
    endloop
  endfacet
  facet normal 1 0 0
    outer loop
      vertex -39.5924 -10.2652 15.6853
      vertex -39.5924 10.2652 15.6853
      vertex -39.5924 10.5857 16.0637
    endloop
  endfacet
  facet normal 1 0 0
    outer loop
      vertex -39.5924 -10.5857 16.0637
      vertex -39.5924 10.5857 16.0637
      vertex -39.5924 10.9363 16.4143
    endloop
  endfacet
  facet normal 1 0 0
    outer loop
      vertex -39.5924 -10.9363 16.4143
      vertex -39.5924 10.9363 16.4143
      vertex -39.5924 11.3147 16.7348
    endloop
  endfacet
  facet normal 1 0 0
    outer loop
      vertex -39.5924 -11.3147 16.7348
      vertex -39.5924 11.3147 16.7348
      vertex -39.5924 11.7183 17.023
    endloop
  endfacet
  facet normal 1 0 0
    outer loop
      vertex -39.5924 -11.7183 17.023
      vertex -39.5924 11.7183 17.023
      vertex -39.5924 12.1443 17.2768
    endloop
  endfacet
  facet normal 1 0 0
    outer loop
      vertex -39.5924 -12.1443 17.2768
      vertex -39.5924 12.1443 17.2768
      vertex -39.5924 12.5898 17.4946
    endloop
  endfacet
  facet normal 1 0 0
    outer loop
      vertex -39.5924 -12.5898 17.4946
      vertex -39.5924 12.5898 17.4946
      vertex -39.5924 13.0518 17.6749
    endloop
  endfacet
  facet normal 1 0 0
    outer loop
      vertex -39.5924 -13.0518 17.6749
      vertex -39.5924 13.0518 17.6749
      vertex -39.5924 13.5271 17.8164
    endloop
  endfacet
  facet normal 1 0 0
    outer loop
      vertex -39.5924 14.0124 17.9182
      vertex -39.5924 -14.0124 17.9182
      vertex -39.5924 13.5271 17.8164
    endloop
  endfacet
  facet normal 1 0 0
    outer loop
      vertex -39.5924 9.02049 12.4955
      vertex -39.5924 -9.02049 12.4955
      vertex -39.5924 -9 12
    endloop
  endfacet
  facet normal 1 0 0
    outer loop
      vertex -39.5924 9.08183 12.9876
      vertex -39.5924 -9.08183 12.9876
      vertex -39.5924 -9.02049 12.4955
    endloop
  endfacet
  facet normal 1 0 0
    outer loop
      vertex -39.5924 9.1836 13.4729
      vertex -39.5924 -9.1836 13.4729
      vertex -39.5924 -9.08183 12.9876
    endloop
  endfacet
  facet normal 1 0 0
    outer loop
      vertex -39.5924 9.3251 13.9482
      vertex -39.5924 -9.3251 13.9482
      vertex -39.5924 -9.1836 13.4729
    endloop
  endfacet
  facet normal 1 0 0
    outer loop
      vertex -39.5924 9.50536 14.4102
      vertex -39.5924 -9.50536 14.4102
      vertex -39.5924 -9.3251 13.9482
    endloop
  endfacet
  facet normal 1 0 0
    outer loop
      vertex -39.5924 9.72316 14.8557
      vertex -39.5924 -9.72316 14.8557
      vertex -39.5924 -9.50536 14.4102
    endloop
  endfacet
  facet normal 1 0 0
    outer loop
      vertex -39.5924 9.977 15.2817
      vertex -39.5924 -9.977 15.2817
      vertex -39.5924 -9.72316 14.8557
    endloop
  endfacet
  facet normal 1 0 0
    outer loop
      vertex -39.5924 10.2652 15.6853
      vertex -39.5924 -10.2652 15.6853
      vertex -39.5924 -9.977 15.2817
    endloop
  endfacet
  facet normal 1 0 0
    outer loop
      vertex -39.5924 10.5857 16.0637
      vertex -39.5924 -10.5857 16.0637
      vertex -39.5924 -10.2652 15.6853
    endloop
  endfacet
  facet normal 1 0 0
    outer loop
      vertex -39.5924 10.9363 16.4143
      vertex -39.5924 -10.9363 16.4143
      vertex -39.5924 -10.5857 16.0637
    endloop
  endfacet
  facet normal 1 0 0
    outer loop
      vertex -39.5924 11.3147 16.7348
      vertex -39.5924 -11.3147 16.7348
      vertex -39.5924 -10.9363 16.4143
    endloop
  endfacet
  facet normal 1 0 0
    outer loop
      vertex -39.5924 11.7183 17.023
      vertex -39.5924 -11.7183 17.023
      vertex -39.5924 -11.3147 16.7348
    endloop
  endfacet
  facet normal 1 0 0
    outer loop
      vertex -39.5924 12.1443 17.2768
      vertex -39.5924 -12.1443 17.2768
      vertex -39.5924 -11.7183 17.023
    endloop
  endfacet
  facet normal 1 0 0
    outer loop
      vertex -39.5924 12.5898 17.4946
      vertex -39.5924 -12.5898 17.4946
      vertex -39.5924 -12.1443 17.2768
    endloop
  endfacet
  facet normal 1 0 0
    outer loop
      vertex -39.5924 13.0518 17.6749
      vertex -39.5924 -13.0518 17.6749
      vertex -39.5924 -12.5898 17.4946
    endloop
  endfacet
  facet normal 1 0 0
    outer loop
      vertex -39.5924 13.5271 17.8164
      vertex -39.5924 -13.5271 17.8164
      vertex -39.5924 -13.0518 17.6749
    endloop
  endfacet
  facet normal 1 0 0
    outer loop
      vertex -39.5924 13.5271 17.8164
      vertex -39.5924 -14.0124 17.9182
      vertex -39.5924 -13.5271 17.8164
    endloop
  endfacet
  facet normal 1 -0 0
    outer loop
      vertex -39.5924 -28.9835 22
      vertex -39.5924 -14.0124 17.9182
      vertex -39.5924 28.9835 22
    endloop
  endfacet
  facet normal 1 0 0
    outer loop
      vertex -39.5924 -14.0124 17.9182
      vertex -39.5924 -28.9835 22
      vertex -39.5924 -14.5045 17.9795
    endloop
  endfacet
  facet normal 1 0 0
    outer loop
      vertex -39.5924 -14.5045 17.9795
      vertex -39.5924 -28.9835 22
      vertex -39.5924 -15 18
    endloop
  endfacet
  facet normal 1 0 0
    outer loop
      vertex -39.5924 -20.9795 12.4955
      vertex -39.5924 -28.9835 22
      vertex -39.5924 -21 12
    endloop
  endfacet
  facet normal 1 0 0
    outer loop
      vertex -39.5924 -20.9182 12.9876
      vertex -39.5924 -28.9835 22
      vertex -39.5924 -20.9795 12.4955
    endloop
  endfacet
  facet normal 1 0 0
    outer loop
      vertex -39.5924 -20.8164 13.4729
      vertex -39.5924 -28.9835 22
      vertex -39.5924 -20.9182 12.9876
    endloop
  endfacet
  facet normal 1 0 0
    outer loop
      vertex -39.5924 -20.6749 13.9482
      vertex -39.5924 -28.9835 22
      vertex -39.5924 -20.8164 13.4729
    endloop
  endfacet
  facet normal 1 0 0
    outer loop
      vertex -39.5924 -20.4946 14.4102
      vertex -39.5924 -28.9835 22
      vertex -39.5924 -20.6749 13.9482
    endloop
  endfacet
  facet normal 1 0 0
    outer loop
      vertex -39.5924 -20.2768 14.8557
      vertex -39.5924 -28.9835 22
      vertex -39.5924 -20.4946 14.4102
    endloop
  endfacet
  facet normal 1 0 0
    outer loop
      vertex -39.5924 -20.023 15.2817
      vertex -39.5924 -28.9835 22
      vertex -39.5924 -20.2768 14.8557
    endloop
  endfacet
  facet normal 1 0 0
    outer loop
      vertex -39.5924 -19.7348 15.6853
      vertex -39.5924 -28.9835 22
      vertex -39.5924 -20.023 15.2817
    endloop
  endfacet
  facet normal 1 0 0
    outer loop
      vertex -39.5924 -19.4143 16.0637
      vertex -39.5924 -28.9835 22
      vertex -39.5924 -19.7348 15.6853
    endloop
  endfacet
  facet normal 1 0 0
    outer loop
      vertex -39.5924 -19.0637 16.4143
      vertex -39.5924 -28.9835 22
      vertex -39.5924 -19.4143 16.0637
    endloop
  endfacet
  facet normal 1 0 0
    outer loop
      vertex -39.5924 -18.6853 16.7348
      vertex -39.5924 -28.9835 22
      vertex -39.5924 -19.0637 16.4143
    endloop
  endfacet
  facet normal 1 0 0
    outer loop
      vertex -39.5924 -18.2817 17.023
      vertex -39.5924 -28.9835 22
      vertex -39.5924 -18.6853 16.7348
    endloop
  endfacet
  facet normal 1 0 0
    outer loop
      vertex -39.5924 -17.8557 17.2768
      vertex -39.5924 -28.9835 22
      vertex -39.5924 -18.2817 17.023
    endloop
  endfacet
  facet normal 1 0 0
    outer loop
      vertex -39.5924 -17.4102 17.4946
      vertex -39.5924 -28.9835 22
      vertex -39.5924 -17.8557 17.2768
    endloop
  endfacet
  facet normal 1 0 0
    outer loop
      vertex -39.5924 -16.9482 17.6749
      vertex -39.5924 -28.9835 22
      vertex -39.5924 -17.4102 17.4946
    endloop
  endfacet
  facet normal 1 0 0
    outer loop
      vertex -39.5924 -16.4729 17.8164
      vertex -39.5924 -28.9835 22
      vertex -39.5924 -16.9482 17.6749
    endloop
  endfacet
  facet normal 1 0 0
    outer loop
      vertex -39.5924 -15.9876 17.9182
      vertex -39.5924 -28.9835 22
      vertex -39.5924 -16.4729 17.8164
    endloop
  endfacet
  facet normal 1 0 0
    outer loop
      vertex -39.5924 -15.4955 17.9795
      vertex -39.5924 -28.9835 22
      vertex -39.5924 -15.9876 17.9182
    endloop
  endfacet
  facet normal 1 0 0
    outer loop
      vertex -39.5924 -15 18
      vertex -39.5924 -28.9835 22
      vertex -39.5924 -15.4955 17.9795
    endloop
  endfacet
  facet normal 1 -0 0
    outer loop
      vertex -39.5924 20.9795 11.5045
      vertex -39.5924 28.9835 2.4
      vertex -39.5924 21 12
    endloop
  endfacet
  facet normal 1 -0 0
    outer loop
      vertex -39.5924 20.9182 11.0124
      vertex -39.5924 28.9835 2.4
      vertex -39.5924 20.9795 11.5045
    endloop
  endfacet
  facet normal 1 -0 0
    outer loop
      vertex -39.5924 20.8164 10.5271
      vertex -39.5924 28.9835 2.4
      vertex -39.5924 20.9182 11.0124
    endloop
  endfacet
  facet normal 1 -0 0
    outer loop
      vertex -39.5924 20.6749 10.0518
      vertex -39.5924 28.9835 2.4
      vertex -39.5924 20.8164 10.5271
    endloop
  endfacet
  facet normal 1 -0 0
    outer loop
      vertex -39.5924 20.4946 9.58983
      vertex -39.5924 28.9835 2.4
      vertex -39.5924 20.6749 10.0518
    endloop
  endfacet
  facet normal 1 -0 0
    outer loop
      vertex -39.5924 20.2768 9.14431
      vertex -39.5924 28.9835 2.4
      vertex -39.5924 20.4946 9.58983
    endloop
  endfacet
  facet normal 1 -0 0
    outer loop
      vertex -39.5924 20.023 8.71831
      vertex -39.5924 28.9835 2.4
      vertex -39.5924 20.2768 9.14431
    endloop
  endfacet
  facet normal 1 -0 0
    outer loop
      vertex -39.5924 19.7348 8.31472
      vertex -39.5924 28.9835 2.4
      vertex -39.5924 20.023 8.71831
    endloop
  endfacet
  facet normal 1 -0 0
    outer loop
      vertex -39.5924 19.4143 7.93631
      vertex -39.5924 28.9835 2.4
      vertex -39.5924 19.7348 8.31472
    endloop
  endfacet
  facet normal 1 -0 0
    outer loop
      vertex -39.5924 19.0637 7.58566
      vertex -39.5924 28.9835 2.4
      vertex -39.5924 19.4143 7.93631
    endloop
  endfacet
  facet normal 1 -0 0
    outer loop
      vertex -39.5924 18.6853 7.26516
      vertex -39.5924 28.9835 2.4
      vertex -39.5924 19.0637 7.58566
    endloop
  endfacet
  facet normal 1 -0 0
    outer loop
      vertex -39.5924 18.2817 6.977
      vertex -39.5924 28.9835 2.4
      vertex -39.5924 18.6853 7.26516
    endloop
  endfacet
  facet normal 1 -0 0
    outer loop
      vertex -39.5924 17.8557 6.72316
      vertex -39.5924 28.9835 2.4
      vertex -39.5924 18.2817 6.977
    endloop
  endfacet
  facet normal 1 -0 0
    outer loop
      vertex -39.5924 17.4102 6.50536
      vertex -39.5924 28.9835 2.4
      vertex -39.5924 17.8557 6.72316
    endloop
  endfacet
  facet normal 1 -0 0
    outer loop
      vertex -39.5924 16.9482 6.3251
      vertex -39.5924 28.9835 2.4
      vertex -39.5924 17.4102 6.50536
    endloop
  endfacet
  facet normal 1 -0 0
    outer loop
      vertex -39.5924 16.4729 6.1836
      vertex -39.5924 28.9835 2.4
      vertex -39.5924 16.9482 6.3251
    endloop
  endfacet
  facet normal 1 -0 0
    outer loop
      vertex -39.5924 15.9876 6.08183
      vertex -39.5924 28.9835 2.4
      vertex -39.5924 16.4729 6.1836
    endloop
  endfacet
  facet normal 1 -0 0
    outer loop
      vertex -39.5924 15.4955 6.02049
      vertex -39.5924 28.9835 2.4
      vertex -39.5924 15.9876 6.08183
    endloop
  endfacet
  facet normal 1 -0 0
    outer loop
      vertex -39.5924 15 6
      vertex -39.5924 28.9835 2.4
      vertex -39.5924 15.4955 6.02049
    endloop
  endfacet
  facet normal 1 0 0
    outer loop
      vertex -39.5924 14.5045 6.02049
      vertex -39.5924 28.9835 2.4
      vertex -39.5924 15 6
    endloop
  endfacet
  facet normal 1 0 0
    outer loop
      vertex -39.5924 14.0124 6.08183
      vertex -39.5924 28.9835 2.4
      vertex -39.5924 14.5045 6.02049
    endloop
  endfacet
  facet normal 1 0 0
    outer loop
      vertex -39.5924 -14.0124 6.08183
      vertex -39.5924 14.0124 6.08183
      vertex -39.5924 13.5271 6.1836
    endloop
  endfacet
  facet normal 1 -0 0
    outer loop
      vertex -39.5924 -9 12
      vertex -39.5924 9.02049 11.5045
      vertex -39.5924 9 12
    endloop
  endfacet
  facet normal 1 0 0
    outer loop
      vertex -39.5924 -9.02049 11.5045
      vertex -39.5924 9.02049 11.5045
      vertex -39.5924 -9 12
    endloop
  endfacet
  facet normal 1 0 0
    outer loop
      vertex -39.5924 9.02049 11.5045
      vertex -39.5924 -9.02049 11.5045
      vertex -39.5924 9.08183 11.0124
    endloop
  endfacet
  facet normal 1 0 0
    outer loop
      vertex -39.5924 -9.08183 11.0124
      vertex -39.5924 9.08183 11.0124
      vertex -39.5924 -9.02049 11.5045
    endloop
  endfacet
  facet normal 1 0 0
    outer loop
      vertex -39.5924 9.08183 11.0124
      vertex -39.5924 -9.08183 11.0124
      vertex -39.5924 9.1836 10.5271
    endloop
  endfacet
  facet normal 1 0 0
    outer loop
      vertex -39.5924 -9.1836 10.5271
      vertex -39.5924 9.1836 10.5271
      vertex -39.5924 -9.08183 11.0124
    endloop
  endfacet
  facet normal 1 0 0
    outer loop
      vertex -39.5924 9.1836 10.5271
      vertex -39.5924 -9.1836 10.5271
      vertex -39.5924 9.3251 10.0518
    endloop
  endfacet
  facet normal 1 0 0
    outer loop
      vertex -39.5924 -9.3251 10.0518
      vertex -39.5924 9.3251 10.0518
      vertex -39.5924 -9.1836 10.5271
    endloop
  endfacet
  facet normal 1 0 0
    outer loop
      vertex -39.5924 9.3251 10.0518
      vertex -39.5924 -9.3251 10.0518
      vertex -39.5924 9.50536 9.58983
    endloop
  endfacet
  facet normal 1 0 0
    outer loop
      vertex -39.5924 -9.50536 9.58983
      vertex -39.5924 9.50536 9.58983
      vertex -39.5924 -9.3251 10.0518
    endloop
  endfacet
  facet normal 1 0 0
    outer loop
      vertex -39.5924 9.50536 9.58983
      vertex -39.5924 -9.50536 9.58983
      vertex -39.5924 9.72316 9.14431
    endloop
  endfacet
  facet normal 1 0 0
    outer loop
      vertex -39.5924 -9.72316 9.14431
      vertex -39.5924 9.72316 9.14431
      vertex -39.5924 -9.50536 9.58983
    endloop
  endfacet
  facet normal 1 0 0
    outer loop
      vertex -39.5924 9.72316 9.14431
      vertex -39.5924 -9.72316 9.14431
      vertex -39.5924 9.977 8.71831
    endloop
  endfacet
  facet normal 1 0 0
    outer loop
      vertex -39.5924 -9.977 8.71831
      vertex -39.5924 9.977 8.71831
      vertex -39.5924 -9.72316 9.14431
    endloop
  endfacet
  facet normal 1 0 0
    outer loop
      vertex -39.5924 9.977 8.71831
      vertex -39.5924 -9.977 8.71831
      vertex -39.5924 10.2652 8.31472
    endloop
  endfacet
  facet normal 1 0 0
    outer loop
      vertex -39.5924 -10.2652 8.31472
      vertex -39.5924 10.2652 8.31472
      vertex -39.5924 -9.977 8.71831
    endloop
  endfacet
  facet normal 1 0 0
    outer loop
      vertex -39.5924 10.2652 8.31472
      vertex -39.5924 -10.2652 8.31472
      vertex -39.5924 10.5857 7.93631
    endloop
  endfacet
  facet normal 1 0 0
    outer loop
      vertex -39.5924 -10.5857 7.93631
      vertex -39.5924 10.5857 7.93631
      vertex -39.5924 -10.2652 8.31472
    endloop
  endfacet
  facet normal 1 0 0
    outer loop
      vertex -39.5924 10.5857 7.93631
      vertex -39.5924 -10.5857 7.93631
      vertex -39.5924 10.9363 7.58566
    endloop
  endfacet
  facet normal 1 0 0
    outer loop
      vertex -39.5924 -10.9363 7.58566
      vertex -39.5924 10.9363 7.58566
      vertex -39.5924 -10.5857 7.93631
    endloop
  endfacet
  facet normal 1 0 0
    outer loop
      vertex -39.5924 10.9363 7.58566
      vertex -39.5924 -10.9363 7.58566
      vertex -39.5924 11.3147 7.26516
    endloop
  endfacet
  facet normal 1 0 0
    outer loop
      vertex -39.5924 -11.3147 7.26516
      vertex -39.5924 11.3147 7.26516
      vertex -39.5924 -10.9363 7.58566
    endloop
  endfacet
  facet normal 1 0 0
    outer loop
      vertex -39.5924 11.3147 7.26516
      vertex -39.5924 -11.3147 7.26516
      vertex -39.5924 11.7183 6.977
    endloop
  endfacet
  facet normal 1 0 0
    outer loop
      vertex -39.5924 -11.7183 6.977
      vertex -39.5924 11.7183 6.977
      vertex -39.5924 -11.3147 7.26516
    endloop
  endfacet
  facet normal 1 0 0
    outer loop
      vertex -39.5924 11.7183 6.977
      vertex -39.5924 -11.7183 6.977
      vertex -39.5924 12.1443 6.72316
    endloop
  endfacet
  facet normal 1 0 0
    outer loop
      vertex -39.5924 -12.1443 6.72316
      vertex -39.5924 12.1443 6.72316
      vertex -39.5924 -11.7183 6.977
    endloop
  endfacet
  facet normal 1 0 0
    outer loop
      vertex -39.5924 12.1443 6.72316
      vertex -39.5924 -12.1443 6.72316
      vertex -39.5924 12.5898 6.50536
    endloop
  endfacet
  facet normal 1 0 0
    outer loop
      vertex -39.5924 -12.5898 6.50536
      vertex -39.5924 12.5898 6.50536
      vertex -39.5924 -12.1443 6.72316
    endloop
  endfacet
  facet normal 1 0 0
    outer loop
      vertex -39.5924 12.5898 6.50536
      vertex -39.5924 -12.5898 6.50536
      vertex -39.5924 13.0518 6.3251
    endloop
  endfacet
  facet normal 1 0 0
    outer loop
      vertex -39.5924 -13.0518 6.3251
      vertex -39.5924 13.0518 6.3251
      vertex -39.5924 -12.5898 6.50536
    endloop
  endfacet
  facet normal 1 0 0
    outer loop
      vertex -39.5924 13.0518 6.3251
      vertex -39.5924 -13.0518 6.3251
      vertex -39.5924 13.5271 6.1836
    endloop
  endfacet
  facet normal 1 0 0
    outer loop
      vertex -39.5924 -13.5271 6.1836
      vertex -39.5924 13.5271 6.1836
      vertex -39.5924 -13.0518 6.3251
    endloop
  endfacet
  facet normal 1 0 0
    outer loop
      vertex -39.5924 -14.0124 6.08183
      vertex -39.5924 13.5271 6.1836
      vertex -39.5924 -13.5271 6.1836
    endloop
  endfacet
  facet normal 1 0 0
    outer loop
      vertex -39.5924 14.0124 6.08183
      vertex -39.5924 -14.0124 6.08183
      vertex -39.5924 28.9835 2.4
    endloop
  endfacet
  facet normal 1 0 0
    outer loop
      vertex -39.5924 -28.9835 2.4
      vertex -39.5924 -14.0124 6.08183
      vertex -39.5924 -14.5045 6.02049
    endloop
  endfacet
  facet normal 1 0 0
    outer loop
      vertex -39.5924 -28.9835 2.4
      vertex -39.5924 -14.5045 6.02049
      vertex -39.5924 -15 6
    endloop
  endfacet
  facet normal 1 0 0
    outer loop
      vertex -39.5924 -28.9835 2.4
      vertex -39.5924 -15 6
      vertex -39.5924 -15.4955 6.02049
    endloop
  endfacet
  facet normal 1 0 0
    outer loop
      vertex -39.5924 -28.9835 2.4
      vertex -39.5924 -21 12
      vertex -39.5924 -28.9835 22
    endloop
  endfacet
  facet normal 1 0 0
    outer loop
      vertex -39.5924 -21 12
      vertex -39.5924 -28.9835 2.4
      vertex -39.5924 -20.9795 11.5045
    endloop
  endfacet
  facet normal 1 0 0
    outer loop
      vertex -39.5924 -20.9795 11.5045
      vertex -39.5924 -28.9835 2.4
      vertex -39.5924 -20.9182 11.0124
    endloop
  endfacet
  facet normal 1 0 0
    outer loop
      vertex -39.5924 -20.9182 11.0124
      vertex -39.5924 -28.9835 2.4
      vertex -39.5924 -20.8164 10.5271
    endloop
  endfacet
  facet normal 1 0 0
    outer loop
      vertex -39.5924 -20.8164 10.5271
      vertex -39.5924 -28.9835 2.4
      vertex -39.5924 -20.6749 10.0518
    endloop
  endfacet
  facet normal 1 0 0
    outer loop
      vertex -39.5924 -20.6749 10.0518
      vertex -39.5924 -28.9835 2.4
      vertex -39.5924 -20.4946 9.58983
    endloop
  endfacet
  facet normal 1 0 0
    outer loop
      vertex -39.5924 -20.4946 9.58983
      vertex -39.5924 -28.9835 2.4
      vertex -39.5924 -20.2768 9.14431
    endloop
  endfacet
  facet normal 1 0 0
    outer loop
      vertex -39.5924 -14.0124 6.08183
      vertex -39.5924 -28.9835 2.4
      vertex -39.5924 28.9835 2.4
    endloop
  endfacet
  facet normal 1 0 0
    outer loop
      vertex -39.5924 -15.9876 6.08183
      vertex -39.5924 -28.9835 2.4
      vertex -39.5924 -15.4955 6.02049
    endloop
  endfacet
  facet normal 1 0 0
    outer loop
      vertex -39.5924 -16.4729 6.1836
      vertex -39.5924 -28.9835 2.4
      vertex -39.5924 -15.9876 6.08183
    endloop
  endfacet
  facet normal 1 0 0
    outer loop
      vertex -39.5924 -16.9482 6.3251
      vertex -39.5924 -28.9835 2.4
      vertex -39.5924 -16.4729 6.1836
    endloop
  endfacet
  facet normal 1 0 0
    outer loop
      vertex -39.5924 -17.4102 6.50536
      vertex -39.5924 -28.9835 2.4
      vertex -39.5924 -16.9482 6.3251
    endloop
  endfacet
  facet normal 1 0 0
    outer loop
      vertex -39.5924 -17.8557 6.72316
      vertex -39.5924 -28.9835 2.4
      vertex -39.5924 -17.4102 6.50536
    endloop
  endfacet
  facet normal 1 0 0
    outer loop
      vertex -39.5924 -18.2817 6.977
      vertex -39.5924 -28.9835 2.4
      vertex -39.5924 -17.8557 6.72316
    endloop
  endfacet
  facet normal 1 0 0
    outer loop
      vertex -39.5924 -18.6853 7.26516
      vertex -39.5924 -28.9835 2.4
      vertex -39.5924 -18.2817 6.977
    endloop
  endfacet
  facet normal 1 0 0
    outer loop
      vertex -39.5924 -19.0637 7.58566
      vertex -39.5924 -28.9835 2.4
      vertex -39.5924 -18.6853 7.26516
    endloop
  endfacet
  facet normal 1 0 0
    outer loop
      vertex -39.5924 -19.4143 7.93631
      vertex -39.5924 -28.9835 2.4
      vertex -39.5924 -19.0637 7.58566
    endloop
  endfacet
  facet normal 1 0 0
    outer loop
      vertex -39.5924 -19.7348 8.31472
      vertex -39.5924 -28.9835 2.4
      vertex -39.5924 -19.4143 7.93631
    endloop
  endfacet
  facet normal 1 0 0
    outer loop
      vertex -39.5924 -20.023 8.71831
      vertex -39.5924 -28.9835 2.4
      vertex -39.5924 -19.7348 8.31472
    endloop
  endfacet
  facet normal 1 0 0
    outer loop
      vertex -39.5924 -20.2768 9.14431
      vertex -39.5924 -28.9835 2.4
      vertex -39.5924 -20.023 8.71831
    endloop
  endfacet
  facet normal 0 1 -0
    outer loop
      vertex 30.1586 -34.5981 2.4
      vertex -30.1586 -34.5981 22
      vertex 30.1586 -34.5981 22
    endloop
  endfacet
  facet normal 0 1 0
    outer loop
      vertex -30.1586 -34.5981 22
      vertex 30.1586 -34.5981 2.4
      vertex -30.1586 -34.5981 2.4
    endloop
  endfacet
  facet normal 0 0 1
    outer loop
      vertex 30.0447 29.6136 2.4
      vertex -30.0447 29.6136 2.4
      vertex 30.2785 29.1791 2.4
    endloop
  endfacet
  facet normal 0 0 1
    outer loop
      vertex 30.8581 -28.3813 2.4
      vertex -29.5221 -31.507 2.4
      vertex -29.5 -32 2.4
    endloop
  endfacet
  facet normal 0 0 1
    outer loop
      vertex -30.2785 29.1791 2.4
      vertex 30.2785 29.1791 2.4
      vertex -30.0447 29.6136 2.4
    endloop
  endfacet
  facet normal 0 0 1
    outer loop
      vertex 30.8581 -28.3813 2.4
      vertex -29.5884 -31.0179 2.4
      vertex -29.5221 -31.507 2.4
    endloop
  endfacet
  facet normal 0 0 1
    outer loop
      vertex 30.2785 29.1791 2.4
      vertex -30.2785 29.1791 2.4
      vertex 30.5504 28.7672 2.4
    endloop
  endfacet
  facet normal 0 0 1
    outer loop
      vertex 30.8581 -28.3813 2.4
      vertex -29.6982 -30.5368 2.4
      vertex -29.5884 -31.0179 2.4
    endloop
  endfacet
  facet normal 0 0 1
    outer loop
      vertex -30.5504 28.7672 2.4
      vertex 30.5504 28.7672 2.4
      vertex -30.2785 29.1791 2.4
    endloop
  endfacet
  facet normal 0 0 1
    outer loop
      vertex 30.8581 -28.3813 2.4
      vertex -29.8507 -30.0674 2.4
      vertex -29.6982 -30.5368 2.4
    endloop
  endfacet
  facet normal 0 0 1
    outer loop
      vertex 30.5504 28.7672 2.4
      vertex -30.5504 28.7672 2.4
      vertex 30.8581 28.3813 2.4
    endloop
  endfacet
  facet normal 0 0 1
    outer loop
      vertex 30.8581 -28.3813 2.4
      vertex -30.0447 -29.6136 2.4
      vertex -29.8507 -30.0674 2.4
    endloop
  endfacet
  facet normal 0 0 1
    outer loop
      vertex -30.8581 28.3813 2.4
      vertex 30.8581 28.3813 2.4
      vertex -30.5504 28.7672 2.4
    endloop
  endfacet
  facet normal 0 0 1
    outer loop
      vertex 30.8581 -28.3813 2.4
      vertex -30.2785 -29.1791 2.4
      vertex -30.0447 -29.6136 2.4
    endloop
  endfacet
  facet normal 0 0 1
    outer loop
      vertex 30.8581 28.3813 2.4
      vertex -30.8581 28.3813 2.4
      vertex 30.8581 -28.3813 2.4
    endloop
  endfacet
  facet normal 0 0 1
    outer loop
      vertex 30.8581 -28.3813 2.4
      vertex -30.5504 -28.7672 2.4
      vertex -30.2785 -29.1791 2.4
    endloop
  endfacet
  facet normal 0 0 1
    outer loop
      vertex -30.8581 -28.3813 2.4
      vertex 30.8581 -28.3813 2.4
      vertex -30.8581 28.3813 2.4
    endloop
  endfacet
  facet normal 0 0 1
    outer loop
      vertex 30.8581 -28.3813 2.4
      vertex -30.8581 -28.3813 2.4
      vertex -30.5504 -28.7672 2.4
    endloop
  endfacet
  facet normal -0 0 1
    outer loop
      vertex -31.1992 28.0246 2.4
      vertex -30.8581 -28.3813 2.4
      vertex -30.8581 28.3813 2.4
    endloop
  endfacet
  facet normal 0 0 1
    outer loop
      vertex -31.1992 28.0246 2.4
      vertex -31.1992 -28.0246 2.4
      vertex -30.8581 -28.3813 2.4
    endloop
  endfacet
  facet normal -0 0 1
    outer loop
      vertex -31.5708 27.6999 2.4
      vertex -31.1992 -28.0246 2.4
      vertex -31.1992 28.0246 2.4
    endloop
  endfacet
  facet normal 0 0 1
    outer loop
      vertex -31.5708 27.6999 2.4
      vertex -31.5708 -27.6999 2.4
      vertex -31.1992 -28.0246 2.4
    endloop
  endfacet
  facet normal -0 0 1
    outer loop
      vertex -31.9701 27.4098 2.4
      vertex -31.5708 -27.6999 2.4
      vertex -31.5708 27.6999 2.4
    endloop
  endfacet
  facet normal 0 0 1
    outer loop
      vertex -31.9701 27.4098 2.4
      vertex -31.9701 -27.4098 2.4
      vertex -31.5708 -27.6999 2.4
    endloop
  endfacet
  facet normal -0 0 1
    outer loop
      vertex -32.3937 27.1567 2.4
      vertex -31.9701 -27.4098 2.4
      vertex -31.9701 27.4098 2.4
    endloop
  endfacet
  facet normal 0 0 1
    outer loop
      vertex -32.3937 27.1567 2.4
      vertex -32.3937 -27.1567 2.4
      vertex -31.9701 -27.4098 2.4
    endloop
  endfacet
  facet normal -0 0 1
    outer loop
      vertex -32.8384 26.9426 2.4
      vertex -32.3937 -27.1567 2.4
      vertex -32.3937 27.1567 2.4
    endloop
  endfacet
  facet normal 0 0 1
    outer loop
      vertex -32.8384 26.9426 2.4
      vertex -32.8384 -26.9426 2.4
      vertex -32.3937 -27.1567 2.4
    endloop
  endfacet
  facet normal -0 0 1
    outer loop
      vertex -33.3004 26.7692 2.4
      vertex -32.8384 -26.9426 2.4
      vertex -32.8384 26.9426 2.4
    endloop
  endfacet
  facet normal 0 0 1
    outer loop
      vertex -33.3004 26.7692 2.4
      vertex -33.3004 -26.7692 2.4
      vertex -32.8384 -26.9426 2.4
    endloop
  endfacet
  facet normal -0 0 1
    outer loop
      vertex -33.7761 26.6379 2.4
      vertex -33.3004 -26.7692 2.4
      vertex -33.3004 26.7692 2.4
    endloop
  endfacet
  facet normal 0 0 1
    outer loop
      vertex -33.7761 26.6379 2.4
      vertex -33.7761 -26.6379 2.4
      vertex -33.3004 -26.7692 2.4
    endloop
  endfacet
  facet normal -0 0 1
    outer loop
      vertex -34.2617 26.5498 2.4
      vertex -33.7761 -26.6379 2.4
      vertex -33.7761 26.6379 2.4
    endloop
  endfacet
  facet normal 0 0 1
    outer loop
      vertex -34.2617 26.5498 2.4
      vertex -34.2617 -26.5498 2.4
      vertex -33.7761 -26.6379 2.4
    endloop
  endfacet
  facet normal -0 0 1
    outer loop
      vertex -34.7532 26.5055 2.4
      vertex -34.2617 -26.5498 2.4
      vertex -34.2617 26.5498 2.4
    endloop
  endfacet
  facet normal 0 0 1
    outer loop
      vertex -34.7532 26.5055 2.4
      vertex -34.7532 -26.5055 2.4
      vertex -34.2617 -26.5498 2.4
    endloop
  endfacet
  facet normal -0 0 1
    outer loop
      vertex -35.2468 26.5055 2.4
      vertex -34.7532 -26.5055 2.4
      vertex -34.7532 26.5055 2.4
    endloop
  endfacet
  facet normal 0 0 1
    outer loop
      vertex -35.2468 26.5055 2.4
      vertex -35.2468 -26.5055 2.4
      vertex -34.7532 -26.5055 2.4
    endloop
  endfacet
  facet normal 0 0 1
    outer loop
      vertex -35.7383 26.5498 2.4
      vertex -35.2468 -26.5055 2.4
      vertex -35.2468 26.5055 2.4
    endloop
  endfacet
  facet normal 0 0 1
    outer loop
      vertex -35.7383 26.5498 2.4
      vertex -35.7383 -26.5498 2.4
      vertex -35.2468 -26.5055 2.4
    endloop
  endfacet
  facet normal 0 0 1
    outer loop
      vertex -36.2239 26.6379 2.4
      vertex -35.7383 -26.5498 2.4
      vertex -35.7383 26.5498 2.4
    endloop
  endfacet
  facet normal 0 0 1
    outer loop
      vertex -36.2239 26.6379 2.4
      vertex -36.2239 -26.6379 2.4
      vertex -35.7383 -26.5498 2.4
    endloop
  endfacet
  facet normal 0 0 1
    outer loop
      vertex -36.6996 26.7692 2.4
      vertex -36.2239 -26.6379 2.4
      vertex -36.2239 26.6379 2.4
    endloop
  endfacet
  facet normal 0 0 1
    outer loop
      vertex -36.6996 26.7692 2.4
      vertex -36.6996 -26.7692 2.4
      vertex -36.2239 -26.6379 2.4
    endloop
  endfacet
  facet normal 0 0 1
    outer loop
      vertex -37.1616 26.9426 2.4
      vertex -36.6996 -26.7692 2.4
      vertex -36.6996 26.7692 2.4
    endloop
  endfacet
  facet normal 0 0 1
    outer loop
      vertex -37.1616 26.9426 2.4
      vertex -37.1616 -26.9426 2.4
      vertex -36.6996 -26.7692 2.4
    endloop
  endfacet
  facet normal 0 0 1
    outer loop
      vertex -37.6063 27.1567 2.4
      vertex -37.1616 -26.9426 2.4
      vertex -37.1616 26.9426 2.4
    endloop
  endfacet
  facet normal 0 0 1
    outer loop
      vertex -37.6063 27.1567 2.4
      vertex -37.6063 -27.1567 2.4
      vertex -37.1616 -26.9426 2.4
    endloop
  endfacet
  facet normal 0 0 1
    outer loop
      vertex -38.0299 27.4098 2.4
      vertex -37.6063 -27.1567 2.4
      vertex -37.6063 27.1567 2.4
    endloop
  endfacet
  facet normal 0 0 1
    outer loop
      vertex -38.0299 27.4098 2.4
      vertex -38.0299 -27.4098 2.4
      vertex -37.6063 -27.1567 2.4
    endloop
  endfacet
  facet normal 0 0 1
    outer loop
      vertex -38.4292 27.6999 2.4
      vertex -38.0299 -27.4098 2.4
      vertex -38.0299 27.4098 2.4
    endloop
  endfacet
  facet normal 0 0 1
    outer loop
      vertex -38.4292 27.6999 2.4
      vertex -38.4292 -27.6999 2.4
      vertex -38.0299 -27.4098 2.4
    endloop
  endfacet
  facet normal 0 0 1
    outer loop
      vertex -38.8008 28.0246 2.4
      vertex -38.4292 -27.6999 2.4
      vertex -38.4292 27.6999 2.4
    endloop
  endfacet
  facet normal 0 0 1
    outer loop
      vertex -38.8008 28.0246 2.4
      vertex -38.8008 -28.0246 2.4
      vertex -38.4292 -27.6999 2.4
    endloop
  endfacet
  facet normal 0 0 1
    outer loop
      vertex -39.1419 28.3813 2.4
      vertex -38.8008 -28.0246 2.4
      vertex -38.8008 28.0246 2.4
    endloop
  endfacet
  facet normal 0 0 1
    outer loop
      vertex -39.1419 28.3813 2.4
      vertex -39.1419 -28.3813 2.4
      vertex -38.8008 -28.0246 2.4
    endloop
  endfacet
  facet normal 0 0 1
    outer loop
      vertex -39.4496 28.7672 2.4
      vertex -39.1419 -28.3813 2.4
      vertex -39.1419 28.3813 2.4
    endloop
  endfacet
  facet normal 0 0 1
    outer loop
      vertex -39.4496 28.7672 2.4
      vertex -39.4496 -28.7672 2.4
      vertex -39.1419 -28.3813 2.4
    endloop
  endfacet
  facet normal 0 0 1
    outer loop
      vertex -39.5924 28.9835 2.4
      vertex -39.4496 -28.7672 2.4
      vertex -39.4496 28.7672 2.4
    endloop
  endfacet
  facet normal 0 0 1
    outer loop
      vertex -39.4496 -28.7672 2.4
      vertex -39.5924 28.9835 2.4
      vertex -39.5924 -28.9835 2.4
    endloop
  endfacet
  facet normal 0 0 1
    outer loop
      vertex 30 34.5981 2.4
      vertex 29.8507 33.9326 2.4
      vertex 30 34.2818 2.4
    endloop
  endfacet
  facet normal 0 0 1
    outer loop
      vertex 30 34.5981 2.4
      vertex 29.6982 33.4632 2.4
      vertex 29.8507 33.9326 2.4
    endloop
  endfacet
  facet normal 0 0 1
    outer loop
      vertex 29.5884 -31.0179 2.4
      vertex -29.5 -32 2.4
      vertex 29.5221 -31.507 2.4
    endloop
  endfacet
  facet normal 0 0 1
    outer loop
      vertex 29.5221 32.493 2.4
      vertex -29.5 32 2.4
      vertex 29.5 32 2.4
    endloop
  endfacet
  facet normal 0 0 1
    outer loop
      vertex -29.5221 32.493 2.4
      vertex 29.5221 32.493 2.4
      vertex 29.5884 32.9821 2.4
    endloop
  endfacet
  facet normal 0 0 1
    outer loop
      vertex -29.5884 32.9821 2.4
      vertex 29.5884 32.9821 2.4
      vertex 29.6982 33.4632 2.4
    endloop
  endfacet
  facet normal 0 0 1
    outer loop
      vertex -29.6982 33.4632 2.4
      vertex 29.6982 33.4632 2.4
      vertex 30 34.5981 2.4
    endloop
  endfacet
  facet normal 0 0 1
    outer loop
      vertex 29.5221 32.493 2.4
      vertex -29.5221 32.493 2.4
      vertex -29.5 32 2.4
    endloop
  endfacet
  facet normal 0 0 1
    outer loop
      vertex 29.5884 32.9821 2.4
      vertex -29.5884 32.9821 2.4
      vertex -29.5221 32.493 2.4
    endloop
  endfacet
  facet normal 0 0 1
    outer loop
      vertex 29.6982 33.4632 2.4
      vertex -29.6982 33.4632 2.4
      vertex -29.5884 32.9821 2.4
    endloop
  endfacet
  facet normal 0 0 1
    outer loop
      vertex 30 34.5981 2.4
      vertex -29.8507 33.9326 2.4
      vertex -29.6982 33.4632 2.4
    endloop
  endfacet
  facet normal 0 0 1
    outer loop
      vertex 30 34.5981 2.4
      vertex -30.0447 34.3864 2.4
      vertex -29.8507 33.9326 2.4
    endloop
  endfacet
  facet normal 0 -0 1
    outer loop
      vertex -30.0447 34.3864 2.4
      vertex 30 34.5981 2.4
      vertex -30.1586 34.5981 2.4
    endloop
  endfacet
  facet normal -0 0 1
    outer loop
      vertex 39.4496 28.7672 2.4
      vertex 39.6 -28.995 2.4
      vertex 39.6 28.995 2.4
    endloop
  endfacet
  facet normal 0 0 1
    outer loop
      vertex 39.4496 28.7672 2.4
      vertex 39.4496 -28.7672 2.4
      vertex 39.6 -28.995 2.4
    endloop
  endfacet
  facet normal -0 0 1
    outer loop
      vertex 39.1419 28.3813 2.4
      vertex 39.4496 -28.7672 2.4
      vertex 39.4496 28.7672 2.4
    endloop
  endfacet
  facet normal 0 0 1
    outer loop
      vertex 39.1419 28.3813 2.4
      vertex 39.1419 -28.3813 2.4
      vertex 39.4496 -28.7672 2.4
    endloop
  endfacet
  facet normal -0 0 1
    outer loop
      vertex 38.8008 28.0246 2.4
      vertex 39.1419 -28.3813 2.4
      vertex 39.1419 28.3813 2.4
    endloop
  endfacet
  facet normal 0 0 1
    outer loop
      vertex 38.8008 28.0246 2.4
      vertex 38.8008 -28.0246 2.4
      vertex 39.1419 -28.3813 2.4
    endloop
  endfacet
  facet normal -0 0 1
    outer loop
      vertex 38.4292 27.6999 2.4
      vertex 38.8008 -28.0246 2.4
      vertex 38.8008 28.0246 2.4
    endloop
  endfacet
  facet normal 0 0 1
    outer loop
      vertex 38.4292 27.6999 2.4
      vertex 38.4292 -27.6999 2.4
      vertex 38.8008 -28.0246 2.4
    endloop
  endfacet
  facet normal -0 0 1
    outer loop
      vertex 38.0299 27.4098 2.4
      vertex 38.4292 -27.6999 2.4
      vertex 38.4292 27.6999 2.4
    endloop
  endfacet
  facet normal 0 0 1
    outer loop
      vertex 38.0299 27.4098 2.4
      vertex 38.0299 -27.4098 2.4
      vertex 38.4292 -27.6999 2.4
    endloop
  endfacet
  facet normal -0 0 1
    outer loop
      vertex 37.6063 27.1567 2.4
      vertex 38.0299 -27.4098 2.4
      vertex 38.0299 27.4098 2.4
    endloop
  endfacet
  facet normal 0 0 1
    outer loop
      vertex 37.6063 27.1567 2.4
      vertex 37.6063 -27.1567 2.4
      vertex 38.0299 -27.4098 2.4
    endloop
  endfacet
  facet normal -0 0 1
    outer loop
      vertex 37.1616 26.9426 2.4
      vertex 37.6063 -27.1567 2.4
      vertex 37.6063 27.1567 2.4
    endloop
  endfacet
  facet normal 0 0 1
    outer loop
      vertex 37.1616 26.9426 2.4
      vertex 37.1616 -26.9426 2.4
      vertex 37.6063 -27.1567 2.4
    endloop
  endfacet
  facet normal -0 0 1
    outer loop
      vertex 36.6996 26.7692 2.4
      vertex 37.1616 -26.9426 2.4
      vertex 37.1616 26.9426 2.4
    endloop
  endfacet
  facet normal 0 0 1
    outer loop
      vertex 36.6996 26.7692 2.4
      vertex 36.6996 -26.7692 2.4
      vertex 37.1616 -26.9426 2.4
    endloop
  endfacet
  facet normal -0 0 1
    outer loop
      vertex 36.2239 26.6379 2.4
      vertex 36.6996 -26.7692 2.4
      vertex 36.6996 26.7692 2.4
    endloop
  endfacet
  facet normal 0 0 1
    outer loop
      vertex 36.2239 26.6379 2.4
      vertex 36.2239 -26.6379 2.4
      vertex 36.6996 -26.7692 2.4
    endloop
  endfacet
  facet normal -0 0 1
    outer loop
      vertex 35.7383 26.5498 2.4
      vertex 36.2239 -26.6379 2.4
      vertex 36.2239 26.6379 2.4
    endloop
  endfacet
  facet normal 0 0 1
    outer loop
      vertex 35.7383 26.5498 2.4
      vertex 35.7383 -26.5498 2.4
      vertex 36.2239 -26.6379 2.4
    endloop
  endfacet
  facet normal -0 0 1
    outer loop
      vertex 35.2468 26.5055 2.4
      vertex 35.7383 -26.5498 2.4
      vertex 35.7383 26.5498 2.4
    endloop
  endfacet
  facet normal 0 0 1
    outer loop
      vertex 35.2468 26.5055 2.4
      vertex 35.2468 -26.5055 2.4
      vertex 35.7383 -26.5498 2.4
    endloop
  endfacet
  facet normal -0 0 1
    outer loop
      vertex 34.7532 26.5055 2.4
      vertex 35.2468 -26.5055 2.4
      vertex 35.2468 26.5055 2.4
    endloop
  endfacet
  facet normal 0 0 1
    outer loop
      vertex 34.7532 26.5055 2.4
      vertex 34.7532 -26.5055 2.4
      vertex 35.2468 -26.5055 2.4
    endloop
  endfacet
  facet normal 0 0 1
    outer loop
      vertex 34.2617 26.5498 2.4
      vertex 34.7532 -26.5055 2.4
      vertex 34.7532 26.5055 2.4
    endloop
  endfacet
  facet normal 0 0 1
    outer loop
      vertex 34.2617 26.5498 2.4
      vertex 34.2617 -26.5498 2.4
      vertex 34.7532 -26.5055 2.4
    endloop
  endfacet
  facet normal 0 0 1
    outer loop
      vertex 33.7761 26.6379 2.4
      vertex 34.2617 -26.5498 2.4
      vertex 34.2617 26.5498 2.4
    endloop
  endfacet
  facet normal 0 0 1
    outer loop
      vertex 33.7761 26.6379 2.4
      vertex 33.7761 -26.6379 2.4
      vertex 34.2617 -26.5498 2.4
    endloop
  endfacet
  facet normal 0 0 1
    outer loop
      vertex 33.3004 26.7692 2.4
      vertex 33.7761 -26.6379 2.4
      vertex 33.7761 26.6379 2.4
    endloop
  endfacet
  facet normal 0 0 1
    outer loop
      vertex 33.3004 26.7692 2.4
      vertex 33.3004 -26.7692 2.4
      vertex 33.7761 -26.6379 2.4
    endloop
  endfacet
  facet normal 0 0 1
    outer loop
      vertex 32.8384 26.9426 2.4
      vertex 33.3004 -26.7692 2.4
      vertex 33.3004 26.7692 2.4
    endloop
  endfacet
  facet normal 0 0 1
    outer loop
      vertex 32.8384 26.9426 2.4
      vertex 32.8384 -26.9426 2.4
      vertex 33.3004 -26.7692 2.4
    endloop
  endfacet
  facet normal 0 0 1
    outer loop
      vertex 32.3937 27.1567 2.4
      vertex 32.8384 -26.9426 2.4
      vertex 32.8384 26.9426 2.4
    endloop
  endfacet
  facet normal 0 0 1
    outer loop
      vertex 32.3937 27.1567 2.4
      vertex 32.3937 -27.1567 2.4
      vertex 32.8384 -26.9426 2.4
    endloop
  endfacet
  facet normal 0 0 1
    outer loop
      vertex 31.9701 27.4098 2.4
      vertex 32.3937 -27.1567 2.4
      vertex 32.3937 27.1567 2.4
    endloop
  endfacet
  facet normal 0 0 1
    outer loop
      vertex 31.9701 27.4098 2.4
      vertex 31.9701 -27.4098 2.4
      vertex 32.3937 -27.1567 2.4
    endloop
  endfacet
  facet normal 0 0 1
    outer loop
      vertex 31.5708 27.6999 2.4
      vertex 31.9701 -27.4098 2.4
      vertex 31.9701 27.4098 2.4
    endloop
  endfacet
  facet normal 0 0 1
    outer loop
      vertex 31.5708 27.6999 2.4
      vertex 31.5708 -27.6999 2.4
      vertex 31.9701 -27.4098 2.4
    endloop
  endfacet
  facet normal 0 0 1
    outer loop
      vertex 31.1992 28.0246 2.4
      vertex 31.5708 -27.6999 2.4
      vertex 31.5708 27.6999 2.4
    endloop
  endfacet
  facet normal 0 0 1
    outer loop
      vertex 31.1992 28.0246 2.4
      vertex 31.1992 -28.0246 2.4
      vertex 31.5708 -27.6999 2.4
    endloop
  endfacet
  facet normal 0 0 1
    outer loop
      vertex 30.8581 28.3813 2.4
      vertex 31.1992 -28.0246 2.4
      vertex 31.1992 28.0246 2.4
    endloop
  endfacet
  facet normal 0 0 1
    outer loop
      vertex 30.8581 28.3813 2.4
      vertex 30.8581 -28.3813 2.4
      vertex 31.1992 -28.0246 2.4
    endloop
  endfacet
  facet normal 0 0 1
    outer loop
      vertex -29.8507 30.0674 2.4
      vertex 29.8507 30.0674 2.4
      vertex -29.6982 30.5368 2.4
    endloop
  endfacet
  facet normal 0 0 1
    outer loop
      vertex 29.8507 30.0674 2.4
      vertex -29.8507 30.0674 2.4
      vertex 30.0447 29.6136 2.4
    endloop
  endfacet
  facet normal 0 0 1
    outer loop
      vertex 29.6982 30.5368 2.4
      vertex -29.6982 30.5368 2.4
      vertex 29.8507 30.0674 2.4
    endloop
  endfacet
  facet normal 0 0 1
    outer loop
      vertex -30.0447 29.6136 2.4
      vertex 30.0447 29.6136 2.4
      vertex -29.8507 30.0674 2.4
    endloop
  endfacet
  facet normal 0 0 1
    outer loop
      vertex -29.6982 30.5368 2.4
      vertex 29.6982 30.5368 2.4
      vertex -29.5884 31.0179 2.4
    endloop
  endfacet
  facet normal 0 0 1
    outer loop
      vertex 30.8581 -28.3813 2.4
      vertex -29.5 -32 2.4
      vertex 30.5504 -28.7672 2.4
    endloop
  endfacet
  facet normal 0 0 1
    outer loop
      vertex 29.5884 31.0179 2.4
      vertex -29.5884 31.0179 2.4
      vertex 29.6982 30.5368 2.4
    endloop
  endfacet
  facet normal 0 0 1
    outer loop
      vertex 30.5504 -28.7672 2.4
      vertex -29.5 -32 2.4
      vertex 30.2785 -29.1791 2.4
    endloop
  endfacet
  facet normal 0 0 1
    outer loop
      vertex -29.5884 31.0179 2.4
      vertex 29.5884 31.0179 2.4
      vertex -29.5221 31.507 2.4
    endloop
  endfacet
  facet normal 0 0 1
    outer loop
      vertex 30.2785 -29.1791 2.4
      vertex -29.5 -32 2.4
      vertex 30.0447 -29.6136 2.4
    endloop
  endfacet
  facet normal 0 0 1
    outer loop
      vertex 29.5221 31.507 2.4
      vertex -29.5221 31.507 2.4
      vertex 29.5884 31.0179 2.4
    endloop
  endfacet
  facet normal 0 0 1
    outer loop
      vertex 30.0447 -29.6136 2.4
      vertex -29.5 -32 2.4
      vertex 29.8507 -30.0674 2.4
    endloop
  endfacet
  facet normal 0 0 1
    outer loop
      vertex -29.5221 31.507 2.4
      vertex 29.5221 31.507 2.4
      vertex -29.5 32 2.4
    endloop
  endfacet
  facet normal 0 0 1
    outer loop
      vertex 29.8507 -30.0674 2.4
      vertex -29.5 -32 2.4
      vertex 29.6982 -30.5368 2.4
    endloop
  endfacet
  facet normal -0 0 1
    outer loop
      vertex -29.5 32 2.4
      vertex 29.5221 31.507 2.4
      vertex 29.5 32 2.4
    endloop
  endfacet
  facet normal 0 0 1
    outer loop
      vertex 29.6982 -30.5368 2.4
      vertex -29.5 -32 2.4
      vertex 29.5884 -31.0179 2.4
    endloop
  endfacet
  facet normal 0 0 1
    outer loop
      vertex 29.5221 -31.507 2.4
      vertex -29.5 -32 2.4
      vertex 29.5 -32 2.4
    endloop
  endfacet
  facet normal 0 0 1
    outer loop
      vertex 29.5 -32 2.4
      vertex -29.5 -32 2.4
      vertex 29.5221 -32.493 2.4
    endloop
  endfacet
  facet normal 0 0 1
    outer loop
      vertex -29.5221 -32.493 2.4
      vertex 29.5221 -32.493 2.4
      vertex -29.5 -32 2.4
    endloop
  endfacet
  facet normal 0 0 1
    outer loop
      vertex 29.5221 -32.493 2.4
      vertex -29.5221 -32.493 2.4
      vertex 29.5884 -32.9821 2.4
    endloop
  endfacet
  facet normal 0 0 1
    outer loop
      vertex -29.5884 -32.9821 2.4
      vertex 29.5884 -32.9821 2.4
      vertex -29.5221 -32.493 2.4
    endloop
  endfacet
  facet normal 0 0 1
    outer loop
      vertex 29.5884 -32.9821 2.4
      vertex -29.5884 -32.9821 2.4
      vertex 29.6982 -33.4632 2.4
    endloop
  endfacet
  facet normal 0 0 1
    outer loop
      vertex -29.6982 -33.4632 2.4
      vertex 29.6982 -33.4632 2.4
      vertex -29.5884 -32.9821 2.4
    endloop
  endfacet
  facet normal 0 0 1
    outer loop
      vertex 29.6982 -33.4632 2.4
      vertex -29.6982 -33.4632 2.4
      vertex 29.8507 -33.9326 2.4
    endloop
  endfacet
  facet normal 0 0 1
    outer loop
      vertex -29.8507 -33.9326 2.4
      vertex 29.8507 -33.9326 2.4
      vertex -29.6982 -33.4632 2.4
    endloop
  endfacet
  facet normal 0 0 1
    outer loop
      vertex 29.8507 -33.9326 2.4
      vertex -29.8507 -33.9326 2.4
      vertex 30.0447 -34.3864 2.4
    endloop
  endfacet
  facet normal 0 0 1
    outer loop
      vertex -30.0447 -34.3864 2.4
      vertex 30.0447 -34.3864 2.4
      vertex -29.8507 -33.9326 2.4
    endloop
  endfacet
  facet normal 0 0 1
    outer loop
      vertex 30.0447 -34.3864 2.4
      vertex -30.0447 -34.3864 2.4
      vertex 30.1586 -34.5981 2.4
    endloop
  endfacet
  facet normal 0 0 1
    outer loop
      vertex 30.1586 -34.5981 2.4
      vertex -30.0447 -34.3864 2.4
      vertex -30.1586 -34.5981 2.4
    endloop
  endfacet
  facet normal 0 0 -1
    outer loop
      vertex -33.3004 -37.2308 2.4
      vertex -32.7159 -36.9984 2.4
      vertex -32.8384 -37.0574 2.4
    endloop
  endfacet
  facet normal 0 0 -1
    outer loop
      vertex -33.7761 -37.3621 2.4
      vertex -32.7159 -36.9984 2.4
      vertex -33.3004 -37.2308 2.4
    endloop
  endfacet
  facet normal 0 0 -1
    outer loop
      vertex -34.2617 -37.4502 2.4
      vertex -32.7159 -36.9984 2.4
      vertex -33.7761 -37.3621 2.4
    endloop
  endfacet
  facet normal 0 0 -1
    outer loop
      vertex -37.1247 -36.9984 2.4
      vertex -34.2617 -37.4502 2.4
      vertex -34.7532 -37.4945 2.4
    endloop
  endfacet
  facet normal 0 0 -1
    outer loop
      vertex -37.1247 -36.9984 2.4
      vertex -34.7532 -37.4945 2.4
      vertex -35.2468 -37.4945 2.4
    endloop
  endfacet
  facet normal 0 0 -1
    outer loop
      vertex -37.1247 -36.9984 2.4
      vertex -35.2468 -37.4945 2.4
      vertex -35.7383 -37.4502 2.4
    endloop
  endfacet
  facet normal 0 0 -1
    outer loop
      vertex -37.1247 -36.9984 2.4
      vertex -35.7383 -37.4502 2.4
      vertex -36.2239 -37.3621 2.4
    endloop
  endfacet
  facet normal 0 0 -1
    outer loop
      vertex -37.1247 -36.9984 2.4
      vertex -36.2239 -37.3621 2.4
      vertex -36.6996 -37.2308 2.4
    endloop
  endfacet
  facet normal 0 0 -1
    outer loop
      vertex -34.2617 -37.4502 2.4
      vertex -37.1247 -36.9984 2.4
      vertex -32.7159 -36.9984 2.4
    endloop
  endfacet
  facet normal 0 0 -1
    outer loop
      vertex -37.1616 -37.0574 2.4
      vertex -37.1247 -36.9984 2.4
      vertex -36.6996 -37.2308 2.4
    endloop
  endfacet
  facet normal -0 0 -1
    outer loop
      vertex -37.1247 -36.9984 2.4
      vertex -37.1616 -37.0574 2.4
      vertex -37.3134 -36.9843 2.4
    endloop
  endfacet
  facet normal 0 0 -1
    outer loop
      vertex 37.1616 -37.0574 2.4
      vertex 36.8753 -36.9984 2.4
      vertex 37.3064 -36.9877 2.4
    endloop
  endfacet
  facet normal 0 0 -1
    outer loop
      vertex 36.6996 -37.2308 2.4
      vertex 36.8753 -36.9984 2.4
      vertex 37.1616 -37.0574 2.4
    endloop
  endfacet
  facet normal 0 0 -1
    outer loop
      vertex 36.2239 -37.3621 2.4
      vertex 36.8753 -36.9984 2.4
      vertex 36.6996 -37.2308 2.4
    endloop
  endfacet
  facet normal 0 0 -1
    outer loop
      vertex 35.7383 -37.4502 2.4
      vertex 36.8753 -36.9984 2.4
      vertex 36.2239 -37.3621 2.4
    endloop
  endfacet
  facet normal 0 0 -1
    outer loop
      vertex 35.2468 -37.4945 2.4
      vertex 36.8753 -36.9984 2.4
      vertex 35.7383 -37.4502 2.4
    endloop
  endfacet
  facet normal 0 0 -1
    outer loop
      vertex 34.7532 -37.4945 2.4
      vertex 36.8753 -36.9984 2.4
      vertex 35.2468 -37.4945 2.4
    endloop
  endfacet
  facet normal 0 0 -1
    outer loop
      vertex 34.2617 -37.4502 2.4
      vertex 36.8753 -36.9984 2.4
      vertex 34.7532 -37.4945 2.4
    endloop
  endfacet
  facet normal 0 0 -1
    outer loop
      vertex 33.7761 -37.3621 2.4
      vertex 36.8753 -36.9984 2.4
      vertex 34.2617 -37.4502 2.4
    endloop
  endfacet
  facet normal 0 0 -1
    outer loop
      vertex 33.3004 -37.2308 2.4
      vertex 36.8753 -36.9984 2.4
      vertex 33.7761 -37.3621 2.4
    endloop
  endfacet
  facet normal 0 0 -1
    outer loop
      vertex 32.7159 -36.9984 2.4
      vertex 33.3004 -37.2308 2.4
      vertex 32.8384 -37.0574 2.4
    endloop
  endfacet
  facet normal 0 0 -1
    outer loop
      vertex 33.3004 -37.2308 2.4
      vertex 32.7159 -36.9984 2.4
      vertex 36.8753 -36.9984 2.4
    endloop
  endfacet
  facet normal 0 0 -1
    outer loop
      vertex -32.7159 36.9984 2.4
      vertex -33.3004 37.2308 2.4
      vertex -32.8384 37.0574 2.4
    endloop
  endfacet
  facet normal 0 0 -1
    outer loop
      vertex -32.7159 36.9984 2.4
      vertex -33.7761 37.3621 2.4
      vertex -33.3004 37.2308 2.4
    endloop
  endfacet
  facet normal 0 0 -1
    outer loop
      vertex -32.7159 36.9984 2.4
      vertex -34.2617 37.4502 2.4
      vertex -33.7761 37.3621 2.4
    endloop
  endfacet
  facet normal 0 0 -1
    outer loop
      vertex -37.1247 36.9984 2.4
      vertex -34.2617 37.4502 2.4
      vertex -32.7159 36.9984 2.4
    endloop
  endfacet
  facet normal -0 0 -1
    outer loop
      vertex -34.2617 37.4502 2.4
      vertex -37.1247 36.9984 2.4
      vertex -34.7532 37.4945 2.4
    endloop
  endfacet
  facet normal -0 0 -1
    outer loop
      vertex -34.7532 37.4945 2.4
      vertex -37.1247 36.9984 2.4
      vertex -35.2468 37.4945 2.4
    endloop
  endfacet
  facet normal 0 0 -1
    outer loop
      vertex -35.2468 37.4945 2.4
      vertex -37.1247 36.9984 2.4
      vertex -35.7383 37.4502 2.4
    endloop
  endfacet
  facet normal 0 0 -1
    outer loop
      vertex -35.7383 37.4502 2.4
      vertex -37.1247 36.9984 2.4
      vertex -36.2239 37.3621 2.4
    endloop
  endfacet
  facet normal 0 0 -1
    outer loop
      vertex -36.2239 37.3621 2.4
      vertex -37.1247 36.9984 2.4
      vertex -36.6996 37.2308 2.4
    endloop
  endfacet
  facet normal 0 0 -1
    outer loop
      vertex -37.1247 36.9984 2.4
      vertex -37.1616 37.0574 2.4
      vertex -36.6996 37.2308 2.4
    endloop
  endfacet
  facet normal 0 -0 -1
    outer loop
      vertex -37.1616 37.0574 2.4
      vertex -37.1247 36.9984 2.4
      vertex -37.3134 36.9843 2.4
    endloop
  endfacet
  facet normal 0.990937 0.134327 0
    outer loop
      vertex -29.5221 -31.507 22
      vertex -29.5884 -31.0179 2.4
      vertex -29.5884 -31.0179 22
    endloop
  endfacet
  facet normal 0.990937 0.134327 0
    outer loop
      vertex -29.5884 -31.0179 2.4
      vertex -29.5221 -31.507 22
      vertex -29.5221 -31.507 2.4
    endloop
  endfacet
  facet normal 0.998997 0.0447826 0
    outer loop
      vertex -29.5 -32 22
      vertex -29.5221 -31.507 2.4
      vertex -29.5221 -31.507 22
    endloop
  endfacet
  facet normal 0.998997 0.0447826 0
    outer loop
      vertex -29.5221 -31.507 2.4
      vertex -29.5 -32 22
      vertex -29.5 -32 2.4
    endloop
  endfacet
  facet normal 0.974931 0.222506 0
    outer loop
      vertex -29.5884 -31.0179 22
      vertex -29.6982 -30.5368 2.4
      vertex -29.6982 -30.5368 22
    endloop
  endfacet
  facet normal 0.974931 0.222506 0
    outer loop
      vertex -29.6982 -30.5368 2.4
      vertex -29.5884 -31.0179 22
      vertex -29.5884 -31.0179 2.4
    endloop
  endfacet
  facet normal 0 1 -0
    outer loop
      vertex -34.7532 -26.5055 2.4
      vertex -35.2468 -26.5055 22
      vertex -34.7532 -26.5055 22
    endloop
  endfacet
  facet normal 0 1 0
    outer loop
      vertex -35.2468 -26.5055 22
      vertex -34.7532 -26.5055 2.4
      vertex -35.2468 -26.5055 2.4
    endloop
  endfacet
  facet normal 0.266065 0.963955 -0
    outer loop
      vertex -33.3004 -26.7692 2.4
      vertex -33.7761 -26.6379 22
      vertex -33.3004 -26.7692 22
    endloop
  endfacet
  facet normal 0.266065 0.963955 0
    outer loop
      vertex -33.7761 -26.6379 22
      vertex -33.3004 -26.7692 2.4
      vertex -33.7761 -26.6379 2.4
    endloop
  endfacet
  facet normal 0.266065 -0.963955 0
    outer loop
      vertex -33.7761 -37.3621 2.4
      vertex -33.3004 -37.2308 22
      vertex -33.7761 -37.3621 22
    endloop
  endfacet
  facet normal 0.266065 -0.963955 0
    outer loop
      vertex -33.3004 -37.2308 22
      vertex -33.7761 -37.3621 2.4
      vertex -33.3004 -37.2308 2.4
    endloop
  endfacet
  facet normal 0.880631 -0.473802 0
    outer loop
      vertex -30.1586 -34.5981 22
      vertex -30.0447 -34.3864 2.4
      vertex -30.0447 -34.3864 22
    endloop
  endfacet
  facet normal 0.880631 -0.473802 0
    outer loop
      vertex -30.0447 -34.3864 2.4
      vertex -30.1586 -34.5981 22
      vertex -30.1586 -34.5981 2.4
    endloop
  endfacet
  facet normal 0.722734 0.691126 0
    outer loop
      vertex -30.8581 -28.3813 22
      vertex -31.1992 -28.0246 2.4
      vertex -31.1992 -28.0246 22
    endloop
  endfacet
  facet normal 0.722734 0.691126 0
    outer loop
      vertex -31.1992 -28.0246 2.4
      vertex -30.8581 -28.3813 22
      vertex -30.8581 -28.3813 2.4
    endloop
  endfacet
  facet normal -0.178511 0.983938 0
    outer loop
      vertex -35.7383 -26.5498 2.4
      vertex -36.2239 -26.6379 22
      vertex -35.7383 -26.5498 22
    endloop
  endfacet
  facet normal -0.178511 0.983938 0
    outer loop
      vertex -36.2239 -26.6379 22
      vertex -35.7383 -26.5498 2.4
      vertex -36.2239 -26.6379 2.4
    endloop
  endfacet
  facet normal 0.974931 -0.222506 0
    outer loop
      vertex -29.6982 -33.4632 22
      vertex -29.5884 -32.9821 2.4
      vertex -29.5884 -32.9821 22
    endloop
  endfacet
  facet normal 0.974931 -0.222506 0
    outer loop
      vertex -29.5884 -32.9821 2.4
      vertex -29.6982 -33.4632 22
      vertex -29.6982 -33.4632 2.4
    endloop
  endfacet
  facet normal 0.35139 0.936229 -0
    outer loop
      vertex -32.8384 -26.9426 2.4
      vertex -33.3004 -26.7692 22
      vertex -32.8384 -26.9426 22
    endloop
  endfacet
  facet normal 0.35139 0.936229 0
    outer loop
      vertex -33.3004 -26.7692 22
      vertex -32.8384 -26.9426 2.4
      vertex -33.3004 -26.7692 2.4
    endloop
  endfacet
  facet normal 0.587774 0.809025 -0
    outer loop
      vertex -31.5708 -27.6999 2.4
      vertex -31.9701 -27.4098 22
      vertex -31.5708 -27.6999 22
    endloop
  endfacet
  facet normal 0.587774 0.809025 0
    outer loop
      vertex -31.9701 -27.4098 22
      vertex -31.5708 -27.6999 2.4
      vertex -31.9701 -27.4098 2.4
    endloop
  endfacet
  facet normal -0.0897684 -0.995963 0
    outer loop
      vertex -35.7383 -37.4502 2.4
      vertex -35.2468 -37.4945 22
      vertex -35.7383 -37.4502 22
    endloop
  endfacet
  facet normal -0.0897684 -0.995963 -0
    outer loop
      vertex -35.2468 -37.4945 22
      vertex -35.7383 -37.4502 2.4
      vertex -35.2468 -37.4945 2.4
    endloop
  endfacet
  facet normal 0 -1 0
    outer loop
      vertex -35.2468 -37.4945 2.4
      vertex -34.7532 -37.4945 22
      vertex -35.2468 -37.4945 22
    endloop
  endfacet
  facet normal 0 -1 -0
    outer loop
      vertex -34.7532 -37.4945 22
      vertex -35.2468 -37.4945 2.4
      vertex -34.7532 -37.4945 2.4
    endloop
  endfacet
  facet normal 0.178511 -0.983938 0
    outer loop
      vertex -34.2617 -37.4502 2.4
      vertex -33.7761 -37.3621 22
      vertex -34.2617 -37.4502 22
    endloop
  endfacet
  facet normal 0.178511 -0.983938 0
    outer loop
      vertex -33.7761 -37.3621 22
      vertex -34.2617 -37.4502 2.4
      vertex -33.7761 -37.3621 2.4
    endloop
  endfacet
  facet normal -0.266065 0.963955 0
    outer loop
      vertex -36.2239 -26.6379 2.4
      vertex -36.6996 -26.7692 22
      vertex -36.2239 -26.6379 22
    endloop
  endfacet
  facet normal -0.266065 0.963955 0
    outer loop
      vertex -36.6996 -26.7692 22
      vertex -36.2239 -26.6379 2.4
      vertex -36.6996 -26.7692 2.4
    endloop
  endfacet
  facet normal -0.433791 0.901013 0
    outer loop
      vertex -37.1616 -26.9426 2.4
      vertex -37.6063 -27.1567 22
      vertex -37.1616 -26.9426 22
    endloop
  endfacet
  facet normal -0.433791 0.901013 0
    outer loop
      vertex -37.6063 -27.1567 22
      vertex -37.1616 -26.9426 2.4
      vertex -37.6063 -27.1567 2.4
    endloop
  endfacet
  facet normal 0.834567 0.550907 0
    outer loop
      vertex -30.2785 -29.1791 22
      vertex -30.5504 -28.7672 2.4
      vertex -30.5504 -28.7672 22
    endloop
  endfacet
  facet normal 0.834567 0.550907 0
    outer loop
      vertex -30.5504 -28.7672 2.4
      vertex -30.2785 -29.1791 22
      vertex -30.2785 -29.1791 2.4
    endloop
  endfacet
  facet normal 0.657988 0.753028 -0
    outer loop
      vertex -31.1992 -28.0246 2.4
      vertex -31.5708 -27.6999 22
      vertex -31.1992 -28.0246 22
    endloop
  endfacet
  facet normal 0.657988 0.753028 0
    outer loop
      vertex -31.5708 -27.6999 22
      vertex -31.1992 -28.0246 2.4
      vertex -31.5708 -27.6999 2.4
    endloop
  endfacet
  facet normal 0.433791 0.901013 -0
    outer loop
      vertex -32.3937 -27.1567 2.4
      vertex -32.8384 -26.9426 22
      vertex -32.3937 -27.1567 22
    endloop
  endfacet
  facet normal 0.433791 0.901013 0
    outer loop
      vertex -32.8384 -26.9426 22
      vertex -32.3937 -27.1567 2.4
      vertex -32.8384 -26.9426 2.4
    endloop
  endfacet
  facet normal -0.722734 0.691126 0
    outer loop
      vertex -39.1419 -28.3813 2.4
      vertex -38.8008 -28.0246 22
      vertex -38.8008 -28.0246 2.4
    endloop
  endfacet
  facet normal -0.722734 0.691126 0
    outer loop
      vertex -38.8008 -28.0246 22
      vertex -39.1419 -28.3813 2.4
      vertex -39.1419 -28.3813 22
    endloop
  endfacet
  facet normal -0.587774 0.809025 0
    outer loop
      vertex -38.0299 -27.4098 2.4
      vertex -38.4292 -27.6999 22
      vertex -38.0299 -27.4098 22
    endloop
  endfacet
  facet normal -0.587774 0.809025 0
    outer loop
      vertex -38.4292 -27.6999 22
      vertex -38.0299 -27.4098 2.4
      vertex -38.4292 -27.6999 2.4
    endloop
  endfacet
  facet normal 0.512915 0.858439 -0
    outer loop
      vertex -31.9701 -27.4098 2.4
      vertex -32.3937 -27.1567 22
      vertex -31.9701 -27.4098 22
    endloop
  endfacet
  facet normal 0.512915 0.858439 0
    outer loop
      vertex -32.3937 -27.1567 22
      vertex -31.9701 -27.4098 2.4
      vertex -32.3937 -27.1567 2.4
    endloop
  endfacet
  facet normal 0.951067 0.308985 0
    outer loop
      vertex -29.6982 -30.5368 22
      vertex -29.8507 -30.0674 2.4
      vertex -29.8507 -30.0674 22
    endloop
  endfacet
  facet normal 0.951067 0.308985 0
    outer loop
      vertex -29.8507 -30.0674 2.4
      vertex -29.6982 -30.5368 22
      vertex -29.6982 -30.5368 2.4
    endloop
  endfacet
  facet normal 0.990937 -0.134327 0
    outer loop
      vertex -29.5884 -32.9821 22
      vertex -29.5221 -32.493 2.4
      vertex -29.5221 -32.493 22
    endloop
  endfacet
  facet normal 0.990937 -0.134327 0
    outer loop
      vertex -29.5221 -32.493 2.4
      vertex -29.5884 -32.9821 22
      vertex -29.5884 -32.9821 2.4
    endloop
  endfacet
  facet normal 0.998997 -0.0447826 0
    outer loop
      vertex -29.5221 -32.493 22
      vertex -29.5 -32 2.4
      vertex -29.5 -32 22
    endloop
  endfacet
  facet normal 0.998997 -0.0447826 0
    outer loop
      vertex -29.5 -32 2.4
      vertex -29.5221 -32.493 22
      vertex -29.5221 -32.493 2.4
    endloop
  endfacet
  facet normal 0.178511 0.983938 -0
    outer loop
      vertex -33.7761 -26.6379 2.4
      vertex -34.2617 -26.5498 22
      vertex -33.7761 -26.6379 22
    endloop
  endfacet
  facet normal 0.178511 0.983938 0
    outer loop
      vertex -34.2617 -26.5498 22
      vertex -33.7761 -26.6379 2.4
      vertex -34.2617 -26.5498 2.4
    endloop
  endfacet
  facet normal 0.919501 0.393088 0
    outer loop
      vertex -29.8507 -30.0674 22
      vertex -30.0447 -29.6136 2.4
      vertex -30.0447 -29.6136 22
    endloop
  endfacet
  facet normal 0.919501 0.393088 0
    outer loop
      vertex -30.0447 -29.6136 2.4
      vertex -29.8507 -30.0674 22
      vertex -29.8507 -30.0674 2.4
    endloop
  endfacet
  facet normal 0.35139 -0.936229 0
    outer loop
      vertex -33.3004 -37.2308 2.4
      vertex -32.8384 -37.0574 22
      vertex -33.3004 -37.2308 22
    endloop
  endfacet
  facet normal 0.35139 -0.936229 0
    outer loop
      vertex -32.8384 -37.0574 22
      vertex -33.3004 -37.2308 2.4
      vertex -32.8384 -37.0574 2.4
    endloop
  endfacet
  facet normal -0.512915 0.858439 0
    outer loop
      vertex -37.6063 -27.1567 2.4
      vertex -38.0299 -27.4098 22
      vertex -37.6063 -27.1567 22
    endloop
  endfacet
  facet normal -0.512915 0.858439 0
    outer loop
      vertex -38.0299 -27.4098 22
      vertex -37.6063 -27.1567 2.4
      vertex -38.0299 -27.4098 2.4
    endloop
  endfacet
  facet normal -0.0897684 0.995963 0
    outer loop
      vertex -35.2468 -26.5055 2.4
      vertex -35.7383 -26.5498 22
      vertex -35.2468 -26.5055 22
    endloop
  endfacet
  facet normal -0.0897684 0.995963 0
    outer loop
      vertex -35.7383 -26.5498 22
      vertex -35.2468 -26.5055 2.4
      vertex -35.7383 -26.5498 2.4
    endloop
  endfacet
  facet normal -0.35139 0.936229 0
    outer loop
      vertex -36.6996 -26.7692 2.4
      vertex -37.1616 -26.9426 22
      vertex -36.6996 -26.7692 22
    endloop
  endfacet
  facet normal -0.35139 0.936229 0
    outer loop
      vertex -37.1616 -26.9426 22
      vertex -36.6996 -26.7692 2.4
      vertex -37.1616 -26.9426 2.4
    endloop
  endfacet
  facet normal 0.0897684 -0.995963 0
    outer loop
      vertex -34.7532 -37.4945 2.4
      vertex -34.2617 -37.4502 22
      vertex -34.7532 -37.4945 22
    endloop
  endfacet
  facet normal 0.0897684 -0.995963 0
    outer loop
      vertex -34.2617 -37.4502 22
      vertex -34.7532 -37.4945 2.4
      vertex -34.2617 -37.4502 2.4
    endloop
  endfacet
  facet normal 0.880608 0.473846 0
    outer loop
      vertex -30.0447 -29.6136 22
      vertex -30.2785 -29.1791 2.4
      vertex -30.2785 -29.1791 22
    endloop
  endfacet
  facet normal 0.880608 0.473846 0
    outer loop
      vertex -30.2785 -29.1791 2.4
      vertex -30.0447 -29.6136 22
      vertex -30.0447 -29.6136 2.4
    endloop
  endfacet
  facet normal 0.433926 -0.900948 0
    outer loop
      vertex -32.8384 -37.0574 2.4
      vertex -32.7159 -36.9984 22
      vertex -32.8384 -37.0574 22
    endloop
  endfacet
  facet normal 0.433926 -0.900948 0
    outer loop
      vertex -32.7159 -36.9984 22
      vertex -32.8384 -37.0574 2.4
      vertex -32.7159 -36.9984 2.4
    endloop
  endfacet
  facet normal 0.951067 -0.308985 0
    outer loop
      vertex -29.8507 -33.9326 22
      vertex -29.6982 -33.4632 2.4
      vertex -29.6982 -33.4632 22
    endloop
  endfacet
  facet normal 0.951067 -0.308985 0
    outer loop
      vertex -29.6982 -33.4632 2.4
      vertex -29.8507 -33.9326 22
      vertex -29.8507 -33.9326 2.4
    endloop
  endfacet
  facet normal -0.657988 0.753028 0
    outer loop
      vertex -38.4292 -27.6999 2.4
      vertex -38.8008 -28.0246 22
      vertex -38.4292 -27.6999 22
    endloop
  endfacet
  facet normal -0.657988 0.753028 0
    outer loop
      vertex -38.8008 -28.0246 22
      vertex -38.4292 -27.6999 2.4
      vertex -38.8008 -28.0246 2.4
    endloop
  endfacet
  facet normal 0.781876 0.623434 0
    outer loop
      vertex -30.5504 -28.7672 22
      vertex -30.8581 -28.3813 2.4
      vertex -30.8581 -28.3813 22
    endloop
  endfacet
  facet normal 0.781876 0.623434 0
    outer loop
      vertex -30.8581 -28.3813 2.4
      vertex -30.5504 -28.7672 22
      vertex -30.5504 -28.7672 2.4
    endloop
  endfacet
  facet normal -0.35139 -0.936229 0
    outer loop
      vertex -37.1616 -37.0574 2.4
      vertex -36.6996 -37.2308 22
      vertex -37.1616 -37.0574 22
    endloop
  endfacet
  facet normal -0.35139 -0.936229 -0
    outer loop
      vertex -36.6996 -37.2308 22
      vertex -37.1616 -37.0574 2.4
      vertex -36.6996 -37.2308 2.4
    endloop
  endfacet
  facet normal -0.781876 0.623434 0
    outer loop
      vertex -39.4496 -28.7672 2.4
      vertex -39.1419 -28.3813 22
      vertex -39.1419 -28.3813 2.4
    endloop
  endfacet
  facet normal -0.781876 0.623434 0
    outer loop
      vertex -39.1419 -28.3813 22
      vertex -39.4496 -28.7672 2.4
      vertex -39.4496 -28.7672 22
    endloop
  endfacet
  facet normal 0.919501 -0.393088 0
    outer loop
      vertex -30.0447 -34.3864 22
      vertex -29.8507 -33.9326 2.4
      vertex -29.8507 -33.9326 22
    endloop
  endfacet
  facet normal 0.919501 -0.393088 0
    outer loop
      vertex -29.8507 -33.9326 2.4
      vertex -30.0447 -34.3864 22
      vertex -30.0447 -34.3864 2.4
    endloop
  endfacet
  facet normal -0.834535 0.550955 0
    outer loop
      vertex -39.5924 -28.9835 2.4
      vertex -39.4496 -28.7672 22
      vertex -39.4496 -28.7672 2.4
    endloop
  endfacet
  facet normal -0.834535 0.550955 0
    outer loop
      vertex -39.4496 -28.7672 22
      vertex -39.5924 -28.9835 2.4
      vertex -39.5924 -28.9835 22
    endloop
  endfacet
  facet normal -0.266065 -0.963955 0
    outer loop
      vertex -36.6996 -37.2308 2.4
      vertex -36.2239 -37.3621 22
      vertex -36.6996 -37.2308 22
    endloop
  endfacet
  facet normal -0.266065 -0.963955 -0
    outer loop
      vertex -36.2239 -37.3621 22
      vertex -36.6996 -37.2308 2.4
      vertex -36.2239 -37.3621 2.4
    endloop
  endfacet
  facet normal 0.0897684 0.995963 -0
    outer loop
      vertex -34.2617 -26.5498 2.4
      vertex -34.7532 -26.5055 22
      vertex -34.2617 -26.5498 22
    endloop
  endfacet
  facet normal 0.0897684 0.995963 0
    outer loop
      vertex -34.7532 -26.5055 22
      vertex -34.2617 -26.5498 2.4
      vertex -34.7532 -26.5055 2.4
    endloop
  endfacet
  facet normal -0.178511 -0.983938 0
    outer loop
      vertex -36.2239 -37.3621 2.4
      vertex -35.7383 -37.4502 22
      vertex -36.2239 -37.3621 22
    endloop
  endfacet
  facet normal -0.178511 -0.983938 -0
    outer loop
      vertex -35.7383 -37.4502 22
      vertex -36.2239 -37.3621 2.4
      vertex -35.7383 -37.4502 2.4
    endloop
  endfacet
  facet normal -0.433869 -0.900976 0
    outer loop
      vertex -37.3134 -36.9843 2.4
      vertex -37.1616 -37.0574 22
      vertex -37.3134 -36.9843 22
    endloop
  endfacet
  facet normal -0.433869 -0.900976 -0
    outer loop
      vertex -37.1616 -37.0574 22
      vertex -37.3134 -36.9843 2.4
      vertex -37.1616 -37.0574 2.4
    endloop
  endfacet
  facet normal 0.990937 0.134327 0
    outer loop
      vertex -29.5221 32.493 22
      vertex -29.5884 32.9821 2.4
      vertex -29.5884 32.9821 22
    endloop
  endfacet
  facet normal 0.990937 0.134327 0
    outer loop
      vertex -29.5884 32.9821 2.4
      vertex -29.5221 32.493 22
      vertex -29.5221 32.493 2.4
    endloop
  endfacet
  facet normal 0.998997 0.0447826 0
    outer loop
      vertex -29.5 32 22
      vertex -29.5221 32.493 2.4
      vertex -29.5221 32.493 22
    endloop
  endfacet
  facet normal 0.998997 0.0447826 0
    outer loop
      vertex -29.5221 32.493 2.4
      vertex -29.5 32 22
      vertex -29.5 32 2.4
    endloop
  endfacet
  facet normal 0.974931 0.222506 0
    outer loop
      vertex -29.5884 32.9821 22
      vertex -29.6982 33.4632 2.4
      vertex -29.6982 33.4632 22
    endloop
  endfacet
  facet normal 0.974931 0.222506 0
    outer loop
      vertex -29.6982 33.4632 2.4
      vertex -29.5884 32.9821 22
      vertex -29.5884 32.9821 2.4
    endloop
  endfacet
  facet normal 0 1 -0
    outer loop
      vertex -34.7532 37.4945 2.4
      vertex -35.2468 37.4945 22
      vertex -34.7532 37.4945 22
    endloop
  endfacet
  facet normal 0 1 0
    outer loop
      vertex -35.2468 37.4945 22
      vertex -34.7532 37.4945 2.4
      vertex -35.2468 37.4945 2.4
    endloop
  endfacet
  facet normal 0.266065 0.963955 -0
    outer loop
      vertex -33.3004 37.2308 2.4
      vertex -33.7761 37.3621 22
      vertex -33.3004 37.2308 22
    endloop
  endfacet
  facet normal 0.266065 0.963955 0
    outer loop
      vertex -33.7761 37.3621 22
      vertex -33.3004 37.2308 2.4
      vertex -33.7761 37.3621 2.4
    endloop
  endfacet
  facet normal 0.266065 -0.963955 0
    outer loop
      vertex -33.7761 26.6379 2.4
      vertex -33.3004 26.7692 22
      vertex -33.7761 26.6379 22
    endloop
  endfacet
  facet normal 0.266065 -0.963955 0
    outer loop
      vertex -33.3004 26.7692 22
      vertex -33.7761 26.6379 2.4
      vertex -33.3004 26.7692 2.4
    endloop
  endfacet
  facet normal 0.880608 -0.473846 0
    outer loop
      vertex -30.2785 29.1791 22
      vertex -30.0447 29.6136 2.4
      vertex -30.0447 29.6136 22
    endloop
  endfacet
  facet normal 0.880608 -0.473846 0
    outer loop
      vertex -30.0447 29.6136 2.4
      vertex -30.2785 29.1791 22
      vertex -30.2785 29.1791 2.4
    endloop
  endfacet
  facet normal -0.834535 -0.550955 0
    outer loop
      vertex -39.4496 28.7672 2.4
      vertex -39.5924 28.9835 22
      vertex -39.5924 28.9835 2.4
    endloop
  endfacet
  facet normal -0.834535 -0.550955 0
    outer loop
      vertex -39.5924 28.9835 22
      vertex -39.4496 28.7672 2.4
      vertex -39.4496 28.7672 22
    endloop
  endfacet
  facet normal 0.587774 -0.809025 0
    outer loop
      vertex -31.9701 27.4098 2.4
      vertex -31.5708 27.6999 22
      vertex -31.9701 27.4098 22
    endloop
  endfacet
  facet normal 0.587774 -0.809025 0
    outer loop
      vertex -31.5708 27.6999 22
      vertex -31.9701 27.4098 2.4
      vertex -31.5708 27.6999 2.4
    endloop
  endfacet
  facet normal -0.178511 0.983938 0
    outer loop
      vertex -35.7383 37.4502 2.4
      vertex -36.2239 37.3621 22
      vertex -35.7383 37.4502 22
    endloop
  endfacet
  facet normal -0.178511 0.983938 0
    outer loop
      vertex -36.2239 37.3621 22
      vertex -35.7383 37.4502 2.4
      vertex -36.2239 37.3621 2.4
    endloop
  endfacet
  facet normal 0.974931 -0.222506 0
    outer loop
      vertex -29.6982 30.5368 22
      vertex -29.5884 31.0179 2.4
      vertex -29.5884 31.0179 22
    endloop
  endfacet
  facet normal 0.974931 -0.222506 0
    outer loop
      vertex -29.5884 31.0179 2.4
      vertex -29.6982 30.5368 22
      vertex -29.6982 30.5368 2.4
    endloop
  endfacet
  facet normal 0.35139 0.936229 -0
    outer loop
      vertex -32.8384 37.0574 2.4
      vertex -33.3004 37.2308 22
      vertex -32.8384 37.0574 22
    endloop
  endfacet
  facet normal 0.35139 0.936229 0
    outer loop
      vertex -33.3004 37.2308 22
      vertex -32.8384 37.0574 2.4
      vertex -33.3004 37.2308 2.4
    endloop
  endfacet
  facet normal -0.0897684 -0.995963 0
    outer loop
      vertex -35.7383 26.5498 2.4
      vertex -35.2468 26.5055 22
      vertex -35.7383 26.5498 22
    endloop
  endfacet
  facet normal -0.0897684 -0.995963 -0
    outer loop
      vertex -35.2468 26.5055 22
      vertex -35.7383 26.5498 2.4
      vertex -35.2468 26.5055 2.4
    endloop
  endfacet
  facet normal 0 -1 0
    outer loop
      vertex -35.2468 26.5055 2.4
      vertex -34.7532 26.5055 22
      vertex -35.2468 26.5055 22
    endloop
  endfacet
  facet normal 0 -1 -0
    outer loop
      vertex -34.7532 26.5055 22
      vertex -35.2468 26.5055 2.4
      vertex -34.7532 26.5055 2.4
    endloop
  endfacet
  facet normal 0.834567 -0.550907 0
    outer loop
      vertex -30.5504 28.7672 22
      vertex -30.2785 29.1791 2.4
      vertex -30.2785 29.1791 22
    endloop
  endfacet
  facet normal 0.834567 -0.550907 0
    outer loop
      vertex -30.2785 29.1791 2.4
      vertex -30.5504 28.7672 22
      vertex -30.5504 28.7672 2.4
    endloop
  endfacet
  facet normal 0.178511 -0.983938 0
    outer loop
      vertex -34.2617 26.5498 2.4
      vertex -33.7761 26.6379 22
      vertex -34.2617 26.5498 22
    endloop
  endfacet
  facet normal 0.178511 -0.983938 0
    outer loop
      vertex -33.7761 26.6379 22
      vertex -34.2617 26.5498 2.4
      vertex -33.7761 26.6379 2.4
    endloop
  endfacet
  facet normal 0.657988 -0.753028 0
    outer loop
      vertex -31.5708 27.6999 2.4
      vertex -31.1992 28.0246 22
      vertex -31.5708 27.6999 22
    endloop
  endfacet
  facet normal 0.657988 -0.753028 0
    outer loop
      vertex -31.1992 28.0246 22
      vertex -31.5708 27.6999 2.4
      vertex -31.1992 28.0246 2.4
    endloop
  endfacet
  facet normal -0.266065 0.963955 0
    outer loop
      vertex -36.2239 37.3621 2.4
      vertex -36.6996 37.2308 22
      vertex -36.2239 37.3621 22
    endloop
  endfacet
  facet normal -0.266065 0.963955 0
    outer loop
      vertex -36.6996 37.2308 22
      vertex -36.2239 37.3621 2.4
      vertex -36.6996 37.2308 2.4
    endloop
  endfacet
  facet normal -0.433869 0.900976 0
    outer loop
      vertex -37.1616 37.0574 2.4
      vertex -37.3134 36.9843 22
      vertex -37.1616 37.0574 22
    endloop
  endfacet
  facet normal -0.433869 0.900976 0
    outer loop
      vertex -37.3134 36.9843 22
      vertex -37.1616 37.0574 2.4
      vertex -37.3134 36.9843 2.4
    endloop
  endfacet
  facet normal 0.433926 0.900948 -0
    outer loop
      vertex -32.7159 36.9984 2.4
      vertex -32.8384 37.0574 22
      vertex -32.7159 36.9984 22
    endloop
  endfacet
  facet normal 0.433926 0.900948 0
    outer loop
      vertex -32.8384 37.0574 22
      vertex -32.7159 36.9984 2.4
      vertex -32.8384 37.0574 2.4
    endloop
  endfacet
  facet normal -0.587774 -0.809025 0
    outer loop
      vertex -38.4292 27.6999 2.4
      vertex -38.0299 27.4098 22
      vertex -38.4292 27.6999 22
    endloop
  endfacet
  facet normal -0.587774 -0.809025 -0
    outer loop
      vertex -38.0299 27.4098 22
      vertex -38.4292 27.6999 2.4
      vertex -38.0299 27.4098 2.4
    endloop
  endfacet
  facet normal 0.781876 -0.623434 0
    outer loop
      vertex -30.8581 28.3813 22
      vertex -30.5504 28.7672 2.4
      vertex -30.5504 28.7672 22
    endloop
  endfacet
  facet normal 0.781876 -0.623434 0
    outer loop
      vertex -30.5504 28.7672 2.4
      vertex -30.8581 28.3813 22
      vertex -30.8581 28.3813 2.4
    endloop
  endfacet
  facet normal 0.951067 0.308985 0
    outer loop
      vertex -29.6982 33.4632 22
      vertex -29.8507 33.9326 2.4
      vertex -29.8507 33.9326 22
    endloop
  endfacet
  facet normal 0.951067 0.308985 0
    outer loop
      vertex -29.8507 33.9326 2.4
      vertex -29.6982 33.4632 22
      vertex -29.6982 33.4632 2.4
    endloop
  endfacet
  facet normal 0.990937 -0.134327 0
    outer loop
      vertex -29.5884 31.0179 22
      vertex -29.5221 31.507 2.4
      vertex -29.5221 31.507 22
    endloop
  endfacet
  facet normal 0.990937 -0.134327 0
    outer loop
      vertex -29.5221 31.507 2.4
      vertex -29.5884 31.0179 22
      vertex -29.5884 31.0179 2.4
    endloop
  endfacet
  facet normal 0.998997 -0.0447826 0
    outer loop
      vertex -29.5221 31.507 22
      vertex -29.5 32 2.4
      vertex -29.5 32 22
    endloop
  endfacet
  facet normal 0.998997 -0.0447826 0
    outer loop
      vertex -29.5 32 2.4
      vertex -29.5221 31.507 22
      vertex -29.5221 31.507 2.4
    endloop
  endfacet
  facet normal 0.178511 0.983938 -0
    outer loop
      vertex -33.7761 37.3621 2.4
      vertex -34.2617 37.4502 22
      vertex -33.7761 37.3621 22
    endloop
  endfacet
  facet normal 0.178511 0.983938 0
    outer loop
      vertex -34.2617 37.4502 22
      vertex -33.7761 37.3621 2.4
      vertex -34.2617 37.4502 2.4
    endloop
  endfacet
  facet normal 0.919501 0.393088 0
    outer loop
      vertex -29.8507 33.9326 22
      vertex -30.0447 34.3864 2.4
      vertex -30.0447 34.3864 22
    endloop
  endfacet
  facet normal 0.919501 0.393088 0
    outer loop
      vertex -30.0447 34.3864 2.4
      vertex -29.8507 33.9326 22
      vertex -29.8507 33.9326 2.4
    endloop
  endfacet
  facet normal -0.657988 -0.753028 0
    outer loop
      vertex -38.8008 28.0246 2.4
      vertex -38.4292 27.6999 22
      vertex -38.8008 28.0246 22
    endloop
  endfacet
  facet normal -0.657988 -0.753028 -0
    outer loop
      vertex -38.4292 27.6999 22
      vertex -38.8008 28.0246 2.4
      vertex -38.4292 27.6999 2.4
    endloop
  endfacet
  facet normal 0.35139 -0.936229 0
    outer loop
      vertex -33.3004 26.7692 2.4
      vertex -32.8384 26.9426 22
      vertex -33.3004 26.7692 22
    endloop
  endfacet
  facet normal 0.35139 -0.936229 0
    outer loop
      vertex -32.8384 26.9426 22
      vertex -33.3004 26.7692 2.4
      vertex -32.8384 26.9426 2.4
    endloop
  endfacet
  facet normal 0.512915 -0.858439 0
    outer loop
      vertex -32.3937 27.1567 2.4
      vertex -31.9701 27.4098 22
      vertex -32.3937 27.1567 22
    endloop
  endfacet
  facet normal 0.512915 -0.858439 0
    outer loop
      vertex -31.9701 27.4098 22
      vertex -32.3937 27.1567 2.4
      vertex -31.9701 27.4098 2.4
    endloop
  endfacet
  facet normal -0.0897684 0.995963 0
    outer loop
      vertex -35.2468 37.4945 2.4
      vertex -35.7383 37.4502 22
      vertex -35.2468 37.4945 22
    endloop
  endfacet
  facet normal -0.0897684 0.995963 0
    outer loop
      vertex -35.7383 37.4502 22
      vertex -35.2468 37.4945 2.4
      vertex -35.7383 37.4502 2.4
    endloop
  endfacet
  facet normal -0.35139 0.936229 0
    outer loop
      vertex -36.6996 37.2308 2.4
      vertex -37.1616 37.0574 22
      vertex -36.6996 37.2308 22
    endloop
  endfacet
  facet normal -0.35139 0.936229 0
    outer loop
      vertex -37.1616 37.0574 22
      vertex -36.6996 37.2308 2.4
      vertex -37.1616 37.0574 2.4
    endloop
  endfacet
  facet normal 0.0897684 -0.995963 0
    outer loop
      vertex -34.7532 26.5055 2.4
      vertex -34.2617 26.5498 22
      vertex -34.7532 26.5055 22
    endloop
  endfacet
  facet normal 0.0897684 -0.995963 0
    outer loop
      vertex -34.2617 26.5498 22
      vertex -34.7532 26.5055 2.4
      vertex -34.2617 26.5498 2.4
    endloop
  endfacet
  facet normal 0.880631 0.473802 0
    outer loop
      vertex -30.0447 34.3864 22
      vertex -30.1586 34.5981 2.4
      vertex -30.1586 34.5981 22
    endloop
  endfacet
  facet normal 0.880631 0.473802 0
    outer loop
      vertex -30.1586 34.5981 2.4
      vertex -30.0447 34.3864 22
      vertex -30.0447 34.3864 2.4
    endloop
  endfacet
  facet normal 0.0897684 0.995963 -0
    outer loop
      vertex -34.2617 37.4502 2.4
      vertex -34.7532 37.4945 22
      vertex -34.2617 37.4502 22
    endloop
  endfacet
  facet normal 0.0897684 0.995963 0
    outer loop
      vertex -34.7532 37.4945 22
      vertex -34.2617 37.4502 2.4
      vertex -34.7532 37.4945 2.4
    endloop
  endfacet
  facet normal -0.781876 -0.623434 0
    outer loop
      vertex -39.1419 28.3813 2.4
      vertex -39.4496 28.7672 22
      vertex -39.4496 28.7672 2.4
    endloop
  endfacet
  facet normal -0.781876 -0.623434 0
    outer loop
      vertex -39.4496 28.7672 22
      vertex -39.1419 28.3813 2.4
      vertex -39.1419 28.3813 22
    endloop
  endfacet
  facet normal -0.722734 -0.691126 0
    outer loop
      vertex -38.8008 28.0246 2.4
      vertex -39.1419 28.3813 22
      vertex -39.1419 28.3813 2.4
    endloop
  endfacet
  facet normal -0.722734 -0.691126 0
    outer loop
      vertex -39.1419 28.3813 22
      vertex -38.8008 28.0246 2.4
      vertex -38.8008 28.0246 22
    endloop
  endfacet
  facet normal 0.433791 -0.901013 0
    outer loop
      vertex -32.8384 26.9426 2.4
      vertex -32.3937 27.1567 22
      vertex -32.8384 26.9426 22
    endloop
  endfacet
  facet normal 0.433791 -0.901013 0
    outer loop
      vertex -32.3937 27.1567 22
      vertex -32.8384 26.9426 2.4
      vertex -32.3937 27.1567 2.4
    endloop
  endfacet
  facet normal 0.951067 -0.308985 0
    outer loop
      vertex -29.8507 30.0674 22
      vertex -29.6982 30.5368 2.4
      vertex -29.6982 30.5368 22
    endloop
  endfacet
  facet normal 0.951067 -0.308985 0
    outer loop
      vertex -29.6982 30.5368 2.4
      vertex -29.8507 30.0674 22
      vertex -29.8507 30.0674 2.4
    endloop
  endfacet
  facet normal 0.722734 -0.691126 0
    outer loop
      vertex -31.1992 28.0246 22
      vertex -30.8581 28.3813 2.4
      vertex -30.8581 28.3813 22
    endloop
  endfacet
  facet normal 0.722734 -0.691126 0
    outer loop
      vertex -30.8581 28.3813 2.4
      vertex -31.1992 28.0246 22
      vertex -31.1992 28.0246 2.4
    endloop
  endfacet
  facet normal -0.35139 -0.936229 0
    outer loop
      vertex -37.1616 26.9426 2.4
      vertex -36.6996 26.7692 22
      vertex -37.1616 26.9426 22
    endloop
  endfacet
  facet normal -0.35139 -0.936229 -0
    outer loop
      vertex -36.6996 26.7692 22
      vertex -37.1616 26.9426 2.4
      vertex -36.6996 26.7692 2.4
    endloop
  endfacet
  facet normal 0.919501 -0.393088 0
    outer loop
      vertex -30.0447 29.6136 22
      vertex -29.8507 30.0674 2.4
      vertex -29.8507 30.0674 22
    endloop
  endfacet
  facet normal 0.919501 -0.393088 0
    outer loop
      vertex -29.8507 30.0674 2.4
      vertex -30.0447 29.6136 22
      vertex -30.0447 29.6136 2.4
    endloop
  endfacet
  facet normal -0.512915 -0.858439 0
    outer loop
      vertex -38.0299 27.4098 2.4
      vertex -37.6063 27.1567 22
      vertex -38.0299 27.4098 22
    endloop
  endfacet
  facet normal -0.512915 -0.858439 -0
    outer loop
      vertex -37.6063 27.1567 22
      vertex -38.0299 27.4098 2.4
      vertex -37.6063 27.1567 2.4
    endloop
  endfacet
  facet normal -0.266065 -0.963955 0
    outer loop
      vertex -36.6996 26.7692 2.4
      vertex -36.2239 26.6379 22
      vertex -36.6996 26.7692 22
    endloop
  endfacet
  facet normal -0.266065 -0.963955 -0
    outer loop
      vertex -36.2239 26.6379 22
      vertex -36.6996 26.7692 2.4
      vertex -36.2239 26.6379 2.4
    endloop
  endfacet
  facet normal -0.178511 -0.983938 0
    outer loop
      vertex -36.2239 26.6379 2.4
      vertex -35.7383 26.5498 22
      vertex -36.2239 26.6379 22
    endloop
  endfacet
  facet normal -0.178511 -0.983938 -0
    outer loop
      vertex -35.7383 26.5498 22
      vertex -36.2239 26.6379 2.4
      vertex -35.7383 26.5498 2.4
    endloop
  endfacet
  facet normal -0.433791 -0.901013 0
    outer loop
      vertex -37.6063 27.1567 2.4
      vertex -37.1616 26.9426 22
      vertex -37.6063 27.1567 22
    endloop
  endfacet
  facet normal -0.433791 -0.901013 -0
    outer loop
      vertex -37.1616 26.9426 22
      vertex -37.6063 27.1567 2.4
      vertex -37.1616 26.9426 2.4
    endloop
  endfacet
  facet normal -0.178511 0.983938 0
    outer loop
      vertex 34.2617 -26.5498 2.4
      vertex 33.7761 -26.6379 22
      vertex 34.2617 -26.5498 22
    endloop
  endfacet
  facet normal -0.178511 0.983938 0
    outer loop
      vertex 33.7761 -26.6379 22
      vertex 34.2617 -26.5498 2.4
      vertex 33.7761 -26.6379 2.4
    endloop
  endfacet
  facet normal -0.919501 -0.393088 0
    outer loop
      vertex 30.0447 -34.3864 2.4
      vertex 29.8507 -33.9326 22
      vertex 29.8507 -33.9326 2.4
    endloop
  endfacet
  facet normal -0.919501 -0.393088 0
    outer loop
      vertex 29.8507 -33.9326 22
      vertex 30.0447 -34.3864 2.4
      vertex 30.0447 -34.3864 22
    endloop
  endfacet
  facet normal 0.587774 0.809025 -0
    outer loop
      vertex 38.4292 -27.6999 2.4
      vertex 38.0299 -27.4098 22
      vertex 38.4292 -27.6999 22
    endloop
  endfacet
  facet normal 0.587774 0.809025 0
    outer loop
      vertex 38.0299 -27.4098 22
      vertex 38.4292 -27.6999 2.4
      vertex 38.0299 -27.4098 2.4
    endloop
  endfacet
  facet normal 0.433722 -0.901047 0
    outer loop
      vertex 37.1616 -37.0574 2.4
      vertex 37.3064 -36.9877 22
      vertex 37.1616 -37.0574 22
    endloop
  endfacet
  facet normal 0.433722 -0.901047 0
    outer loop
      vertex 37.3064 -36.9877 22
      vertex 37.1616 -37.0574 2.4
      vertex 37.3064 -36.9877 2.4
    endloop
  endfacet
  facet normal -0.512915 0.858439 0
    outer loop
      vertex 32.3937 -27.1567 2.4
      vertex 31.9701 -27.4098 22
      vertex 32.3937 -27.1567 22
    endloop
  endfacet
  facet normal -0.512915 0.858439 0
    outer loop
      vertex 31.9701 -27.4098 22
      vertex 32.3937 -27.1567 2.4
      vertex 31.9701 -27.4098 2.4
    endloop
  endfacet
  facet normal 0.266065 -0.963955 0
    outer loop
      vertex 36.2239 -37.3621 2.4
      vertex 36.6996 -37.2308 22
      vertex 36.2239 -37.3621 22
    endloop
  endfacet
  facet normal 0.266065 -0.963955 0
    outer loop
      vertex 36.6996 -37.2308 22
      vertex 36.2239 -37.3621 2.4
      vertex 36.6996 -37.2308 2.4
    endloop
  endfacet
  facet normal -0.974931 0.222506 0
    outer loop
      vertex 29.5884 -31.0179 2.4
      vertex 29.6982 -30.5368 22
      vertex 29.6982 -30.5368 2.4
    endloop
  endfacet
  facet normal -0.974931 0.222506 0
    outer loop
      vertex 29.6982 -30.5368 22
      vertex 29.5884 -31.0179 2.4
      vertex 29.5884 -31.0179 22
    endloop
  endfacet
  facet normal 0.0897684 0.995963 -0
    outer loop
      vertex 35.7383 -26.5498 2.4
      vertex 35.2468 -26.5055 22
      vertex 35.7383 -26.5498 22
    endloop
  endfacet
  facet normal 0.0897684 0.995963 0
    outer loop
      vertex 35.2468 -26.5055 22
      vertex 35.7383 -26.5498 2.4
      vertex 35.2468 -26.5055 2.4
    endloop
  endfacet
  facet normal 0.0897684 -0.995963 0
    outer loop
      vertex 35.2468 -37.4945 2.4
      vertex 35.7383 -37.4502 22
      vertex 35.2468 -37.4945 22
    endloop
  endfacet
  facet normal 0.0897684 -0.995963 0
    outer loop
      vertex 35.7383 -37.4502 22
      vertex 35.2468 -37.4945 2.4
      vertex 35.7383 -37.4502 2.4
    endloop
  endfacet
  facet normal -0.433926 -0.900948 0
    outer loop
      vertex 32.7159 -36.9984 2.4
      vertex 32.8384 -37.0574 22
      vertex 32.7159 -36.9984 22
    endloop
  endfacet
  facet normal -0.433926 -0.900948 -0
    outer loop
      vertex 32.8384 -37.0574 22
      vertex 32.7159 -36.9984 2.4
      vertex 32.8384 -37.0574 2.4
    endloop
  endfacet
  facet normal -0.990937 0.134327 0
    outer loop
      vertex 29.5221 -31.507 2.4
      vertex 29.5884 -31.0179 22
      vertex 29.5884 -31.0179 2.4
    endloop
  endfacet
  facet normal -0.990937 0.134327 0
    outer loop
      vertex 29.5884 -31.0179 22
      vertex 29.5221 -31.507 2.4
      vertex 29.5221 -31.507 22
    endloop
  endfacet
  facet normal -0.781876 0.623434 0
    outer loop
      vertex 30.5504 -28.7672 2.4
      vertex 30.8581 -28.3813 22
      vertex 30.8581 -28.3813 2.4
    endloop
  endfacet
  facet normal -0.781876 0.623434 0
    outer loop
      vertex 30.8581 -28.3813 22
      vertex 30.5504 -28.7672 2.4
      vertex 30.5504 -28.7672 22
    endloop
  endfacet
  facet normal -0.657988 0.753028 0
    outer loop
      vertex 31.5708 -27.6999 2.4
      vertex 31.1992 -28.0246 22
      vertex 31.5708 -27.6999 22
    endloop
  endfacet
  facet normal -0.657988 0.753028 0
    outer loop
      vertex 31.1992 -28.0246 22
      vertex 31.5708 -27.6999 2.4
      vertex 31.1992 -28.0246 2.4
    endloop
  endfacet
  facet normal 0.657988 0.753028 -0
    outer loop
      vertex 38.8008 -28.0246 2.4
      vertex 38.4292 -27.6999 22
      vertex 38.8008 -28.0246 22
    endloop
  endfacet
  facet normal 0.657988 0.753028 0
    outer loop
      vertex 38.4292 -27.6999 22
      vertex 38.8008 -28.0246 2.4
      vertex 38.4292 -27.6999 2.4
    endloop
  endfacet
  facet normal -0.951067 0.308985 0
    outer loop
      vertex 29.6982 -30.5368 2.4
      vertex 29.8507 -30.0674 22
      vertex 29.8507 -30.0674 2.4
    endloop
  endfacet
  facet normal -0.951067 0.308985 0
    outer loop
      vertex 29.8507 -30.0674 22
      vertex 29.6982 -30.5368 2.4
      vertex 29.6982 -30.5368 22
    endloop
  endfacet
  facet normal -0.178511 -0.983938 0
    outer loop
      vertex 33.7761 -37.3621 2.4
      vertex 34.2617 -37.4502 22
      vertex 33.7761 -37.3621 22
    endloop
  endfacet
  facet normal -0.178511 -0.983938 -0
    outer loop
      vertex 34.2617 -37.4502 22
      vertex 33.7761 -37.3621 2.4
      vertex 34.2617 -37.4502 2.4
    endloop
  endfacet
  facet normal 0 1 -0
    outer loop
      vertex 35.2468 -26.5055 2.4
      vertex 34.7532 -26.5055 22
      vertex 35.2468 -26.5055 22
    endloop
  endfacet
  facet normal 0 1 0
    outer loop
      vertex 34.7532 -26.5055 22
      vertex 35.2468 -26.5055 2.4
      vertex 34.7532 -26.5055 2.4
    endloop
  endfacet
  facet normal 0.834522 0.550975 0
    outer loop
      vertex 39.6 -28.995 22
      vertex 39.4496 -28.7672 2.4
      vertex 39.4496 -28.7672 22
    endloop
  endfacet
  facet normal 0.834522 0.550975 0
    outer loop
      vertex 39.4496 -28.7672 2.4
      vertex 39.6 -28.995 22
      vertex 39.6 -28.995 2.4
    endloop
  endfacet
  facet normal -0.433791 0.901013 0
    outer loop
      vertex 32.8384 -26.9426 2.4
      vertex 32.3937 -27.1567 22
      vertex 32.8384 -26.9426 22
    endloop
  endfacet
  facet normal -0.433791 0.901013 0
    outer loop
      vertex 32.3937 -27.1567 22
      vertex 32.8384 -26.9426 2.4
      vertex 32.3937 -27.1567 2.4
    endloop
  endfacet
  facet normal -0.0897684 0.995963 0
    outer loop
      vertex 34.7532 -26.5055 2.4
      vertex 34.2617 -26.5498 22
      vertex 34.7532 -26.5055 22
    endloop
  endfacet
  facet normal -0.0897684 0.995963 0
    outer loop
      vertex 34.2617 -26.5498 22
      vertex 34.7532 -26.5055 2.4
      vertex 34.2617 -26.5498 2.4
    endloop
  endfacet
  facet normal -0.951067 -0.308985 0
    outer loop
      vertex 29.8507 -33.9326 2.4
      vertex 29.6982 -33.4632 22
      vertex 29.6982 -33.4632 2.4
    endloop
  endfacet
  facet normal -0.951067 -0.308985 0
    outer loop
      vertex 29.6982 -33.4632 22
      vertex 29.8507 -33.9326 2.4
      vertex 29.8507 -33.9326 22
    endloop
  endfacet
  facet normal -0.35139 0.936229 0
    outer loop
      vertex 33.3004 -26.7692 2.4
      vertex 32.8384 -26.9426 22
      vertex 33.3004 -26.7692 22
    endloop
  endfacet
  facet normal -0.35139 0.936229 0
    outer loop
      vertex 32.8384 -26.9426 22
      vertex 33.3004 -26.7692 2.4
      vertex 32.8384 -26.9426 2.4
    endloop
  endfacet
  facet normal 0.178511 -0.983938 0
    outer loop
      vertex 35.7383 -37.4502 2.4
      vertex 36.2239 -37.3621 22
      vertex 35.7383 -37.4502 22
    endloop
  endfacet
  facet normal 0.178511 -0.983938 0
    outer loop
      vertex 36.2239 -37.3621 22
      vertex 35.7383 -37.4502 2.4
      vertex 36.2239 -37.3621 2.4
    endloop
  endfacet
  facet normal -0.919501 0.393088 0
    outer loop
      vertex 29.8507 -30.0674 2.4
      vertex 30.0447 -29.6136 22
      vertex 30.0447 -29.6136 2.4
    endloop
  endfacet
  facet normal -0.919501 0.393088 0
    outer loop
      vertex 30.0447 -29.6136 22
      vertex 29.8507 -30.0674 2.4
      vertex 29.8507 -30.0674 22
    endloop
  endfacet
  facet normal 0.35139 0.936229 -0
    outer loop
      vertex 37.1616 -26.9426 2.4
      vertex 36.6996 -26.7692 22
      vertex 37.1616 -26.9426 22
    endloop
  endfacet
  facet normal 0.35139 0.936229 0
    outer loop
      vertex 36.6996 -26.7692 22
      vertex 37.1616 -26.9426 2.4
      vertex 36.6996 -26.7692 2.4
    endloop
  endfacet
  facet normal 0.433791 0.901013 -0
    outer loop
      vertex 37.6063 -27.1567 2.4
      vertex 37.1616 -26.9426 22
      vertex 37.6063 -27.1567 22
    endloop
  endfacet
  facet normal 0.433791 0.901013 0
    outer loop
      vertex 37.1616 -26.9426 22
      vertex 37.6063 -27.1567 2.4
      vertex 37.1616 -26.9426 2.4
    endloop
  endfacet
  facet normal -0.266065 0.963955 0
    outer loop
      vertex 33.7761 -26.6379 2.4
      vertex 33.3004 -26.7692 22
      vertex 33.7761 -26.6379 22
    endloop
  endfacet
  facet normal -0.266065 0.963955 0
    outer loop
      vertex 33.3004 -26.7692 22
      vertex 33.7761 -26.6379 2.4
      vertex 33.3004 -26.7692 2.4
    endloop
  endfacet
  facet normal 0 -1 0
    outer loop
      vertex 34.7532 -37.4945 2.4
      vertex 35.2468 -37.4945 22
      vertex 34.7532 -37.4945 22
    endloop
  endfacet
  facet normal 0 -1 -0
    outer loop
      vertex 35.2468 -37.4945 22
      vertex 34.7532 -37.4945 2.4
      vertex 35.2468 -37.4945 2.4
    endloop
  endfacet
  facet normal 0.512915 0.858439 -0
    outer loop
      vertex 38.0299 -27.4098 2.4
      vertex 37.6063 -27.1567 22
      vertex 38.0299 -27.4098 22
    endloop
  endfacet
  facet normal 0.512915 0.858439 0
    outer loop
      vertex 37.6063 -27.1567 22
      vertex 38.0299 -27.4098 2.4
      vertex 37.6063 -27.1567 2.4
    endloop
  endfacet
  facet normal 0.722734 0.691126 0
    outer loop
      vertex 39.1419 -28.3813 22
      vertex 38.8008 -28.0246 2.4
      vertex 38.8008 -28.0246 22
    endloop
  endfacet
  facet normal 0.722734 0.691126 0
    outer loop
      vertex 38.8008 -28.0246 2.4
      vertex 39.1419 -28.3813 22
      vertex 39.1419 -28.3813 2.4
    endloop
  endfacet
  facet normal -0.587774 0.809025 0
    outer loop
      vertex 31.9701 -27.4098 2.4
      vertex 31.5708 -27.6999 22
      vertex 31.9701 -27.4098 22
    endloop
  endfacet
  facet normal -0.587774 0.809025 0
    outer loop
      vertex 31.5708 -27.6999 22
      vertex 31.9701 -27.4098 2.4
      vertex 31.5708 -27.6999 2.4
    endloop
  endfacet
  facet normal -0.722734 0.691126 0
    outer loop
      vertex 30.8581 -28.3813 2.4
      vertex 31.1992 -28.0246 22
      vertex 31.1992 -28.0246 2.4
    endloop
  endfacet
  facet normal -0.722734 0.691126 0
    outer loop
      vertex 31.1992 -28.0246 22
      vertex 30.8581 -28.3813 2.4
      vertex 30.8581 -28.3813 22
    endloop
  endfacet
  facet normal -0.266065 -0.963955 0
    outer loop
      vertex 33.3004 -37.2308 2.4
      vertex 33.7761 -37.3621 22
      vertex 33.3004 -37.2308 22
    endloop
  endfacet
  facet normal -0.266065 -0.963955 -0
    outer loop
      vertex 33.7761 -37.3621 22
      vertex 33.3004 -37.2308 2.4
      vertex 33.7761 -37.3621 2.4
    endloop
  endfacet
  facet normal -0.0897684 -0.995963 0
    outer loop
      vertex 34.2617 -37.4502 2.4
      vertex 34.7532 -37.4945 22
      vertex 34.2617 -37.4502 22
    endloop
  endfacet
  facet normal -0.0897684 -0.995963 -0
    outer loop
      vertex 34.7532 -37.4945 22
      vertex 34.2617 -37.4502 2.4
      vertex 34.7532 -37.4945 2.4
    endloop
  endfacet
  facet normal -0.974931 -0.222506 0
    outer loop
      vertex 29.6982 -33.4632 2.4
      vertex 29.5884 -32.9821 22
      vertex 29.5884 -32.9821 2.4
    endloop
  endfacet
  facet normal -0.974931 -0.222506 0
    outer loop
      vertex 29.5884 -32.9821 22
      vertex 29.6982 -33.4632 2.4
      vertex 29.6982 -33.4632 22
    endloop
  endfacet
  facet normal 0.178511 0.983938 -0
    outer loop
      vertex 36.2239 -26.6379 2.4
      vertex 35.7383 -26.5498 22
      vertex 36.2239 -26.6379 22
    endloop
  endfacet
  facet normal 0.178511 0.983938 0
    outer loop
      vertex 35.7383 -26.5498 22
      vertex 36.2239 -26.6379 2.4
      vertex 35.7383 -26.5498 2.4
    endloop
  endfacet
  facet normal 0.35139 -0.936229 0
    outer loop
      vertex 36.6996 -37.2308 2.4
      vertex 37.1616 -37.0574 22
      vertex 36.6996 -37.2308 22
    endloop
  endfacet
  facet normal 0.35139 -0.936229 0
    outer loop
      vertex 37.1616 -37.0574 22
      vertex 36.6996 -37.2308 2.4
      vertex 37.1616 -37.0574 2.4
    endloop
  endfacet
  facet normal -0.990937 -0.134327 0
    outer loop
      vertex 29.5884 -32.9821 2.4
      vertex 29.5221 -32.493 22
      vertex 29.5221 -32.493 2.4
    endloop
  endfacet
  facet normal -0.990937 -0.134327 0
    outer loop
      vertex 29.5221 -32.493 22
      vertex 29.5884 -32.9821 2.4
      vertex 29.5884 -32.9821 22
    endloop
  endfacet
  facet normal 0.266065 0.963955 -0
    outer loop
      vertex 36.6996 -26.7692 2.4
      vertex 36.2239 -26.6379 22
      vertex 36.6996 -26.7692 22
    endloop
  endfacet
  facet normal 0.266065 0.963955 0
    outer loop
      vertex 36.2239 -26.6379 22
      vertex 36.6996 -26.7692 2.4
      vertex 36.2239 -26.6379 2.4
    endloop
  endfacet
  facet normal 0.781876 0.623434 0
    outer loop
      vertex 39.4496 -28.7672 22
      vertex 39.1419 -28.3813 2.4
      vertex 39.1419 -28.3813 22
    endloop
  endfacet
  facet normal 0.781876 0.623434 0
    outer loop
      vertex 39.1419 -28.3813 2.4
      vertex 39.4496 -28.7672 22
      vertex 39.4496 -28.7672 2.4
    endloop
  endfacet
  facet normal -0.880631 -0.473802 0
    outer loop
      vertex 30.1586 -34.5981 2.4
      vertex 30.0447 -34.3864 22
      vertex 30.0447 -34.3864 2.4
    endloop
  endfacet
  facet normal -0.880631 -0.473802 0
    outer loop
      vertex 30.0447 -34.3864 22
      vertex 30.1586 -34.5981 2.4
      vertex 30.1586 -34.5981 22
    endloop
  endfacet
  facet normal -0.998997 0.0447826 0
    outer loop
      vertex 29.5 -32 2.4
      vertex 29.5221 -31.507 22
      vertex 29.5221 -31.507 2.4
    endloop
  endfacet
  facet normal -0.998997 0.0447826 0
    outer loop
      vertex 29.5221 -31.507 22
      vertex 29.5 -32 2.4
      vertex 29.5 -32 22
    endloop
  endfacet
  facet normal -0.998997 -0.0447826 0
    outer loop
      vertex 29.5221 -32.493 2.4
      vertex 29.5 -32 22
      vertex 29.5 -32 2.4
    endloop
  endfacet
  facet normal -0.998997 -0.0447826 0
    outer loop
      vertex 29.5 -32 22
      vertex 29.5221 -32.493 2.4
      vertex 29.5221 -32.493 22
    endloop
  endfacet
  facet normal -0.35139 -0.936229 0
    outer loop
      vertex 32.8384 -37.0574 2.4
      vertex 33.3004 -37.2308 22
      vertex 32.8384 -37.0574 22
    endloop
  endfacet
  facet normal -0.35139 -0.936229 -0
    outer loop
      vertex 33.3004 -37.2308 22
      vertex 32.8384 -37.0574 2.4
      vertex 33.3004 -37.2308 2.4
    endloop
  endfacet
  facet normal -0.834567 0.550907 0
    outer loop
      vertex 30.2785 -29.1791 2.4
      vertex 30.5504 -28.7672 22
      vertex 30.5504 -28.7672 2.4
    endloop
  endfacet
  facet normal -0.834567 0.550907 0
    outer loop
      vertex 30.5504 -28.7672 22
      vertex 30.2785 -29.1791 2.4
      vertex 30.2785 -29.1791 22
    endloop
  endfacet
  facet normal -0.880608 0.473846 0
    outer loop
      vertex 30.0447 -29.6136 2.4
      vertex 30.2785 -29.1791 22
      vertex 30.2785 -29.1791 2.4
    endloop
  endfacet
  facet normal -0.880608 0.473846 0
    outer loop
      vertex 30.2785 -29.1791 22
      vertex 30.0447 -29.6136 2.4
      vertex 30.0447 -29.6136 22
    endloop
  endfacet
  facet normal -0.657988 -0.753028 0
    outer loop
      vertex 31.1992 28.0246 2.4
      vertex 31.5708 27.6999 22
      vertex 31.1992 28.0246 22
    endloop
  endfacet
  facet normal -0.657988 -0.753028 -0
    outer loop
      vertex 31.5708 27.6999 22
      vertex 31.1992 28.0246 2.4
      vertex 31.5708 27.6999 2.4
    endloop
  endfacet
  facet normal -0.974931 0.222506 0
    outer loop
      vertex 29.5884 32.9821 2.4
      vertex 29.6982 33.4632 22
      vertex 29.6982 33.4632 2.4
    endloop
  endfacet
  facet normal -0.974931 0.222506 0
    outer loop
      vertex 29.6982 33.4632 22
      vertex 29.5884 32.9821 2.4
      vertex 29.5884 32.9821 22
    endloop
  endfacet
  facet normal -0.834567 -0.550907 0
    outer loop
      vertex 30.5504 28.7672 2.4
      vertex 30.2785 29.1791 22
      vertex 30.2785 29.1791 2.4
    endloop
  endfacet
  facet normal -0.834567 -0.550907 0
    outer loop
      vertex 30.2785 29.1791 22
      vertex 30.5504 28.7672 2.4
      vertex 30.5504 28.7672 22
    endloop
  endfacet
  facet normal 0.178511 -0.983938 0
    outer loop
      vertex 35.7383 26.5498 2.4
      vertex 36.2239 26.6379 22
      vertex 35.7383 26.5498 22
    endloop
  endfacet
  facet normal 0.178511 -0.983938 0
    outer loop
      vertex 36.2239 26.6379 22
      vertex 35.7383 26.5498 2.4
      vertex 36.2239 26.6379 2.4
    endloop
  endfacet
  facet normal 0.512915 -0.858439 0
    outer loop
      vertex 37.6063 27.1567 2.4
      vertex 38.0299 27.4098 22
      vertex 37.6063 27.1567 22
    endloop
  endfacet
  facet normal 0.512915 -0.858439 0
    outer loop
      vertex 38.0299 27.4098 22
      vertex 37.6063 27.1567 2.4
      vertex 38.0299 27.4098 2.4
    endloop
  endfacet
  facet normal 0.587774 -0.809025 0
    outer loop
      vertex 38.0299 27.4098 2.4
      vertex 38.4292 27.6999 22
      vertex 38.0299 27.4098 22
    endloop
  endfacet
  facet normal 0.587774 -0.809025 0
    outer loop
      vertex 38.4292 27.6999 22
      vertex 38.0299 27.4098 2.4
      vertex 38.4292 27.6999 2.4
    endloop
  endfacet
  facet normal 0.35139 0.936229 -0
    outer loop
      vertex 37.1616 37.0574 6.9
      vertex 36.6996 37.2308 22
      vertex 37.1616 37.0574 22
    endloop
  endfacet
  facet normal 0.35139 0.936229 0
    outer loop
      vertex 36.6996 37.2308 22
      vertex 37.1616 37.0574 6.9
      vertex 36.6996 37.2308 6.9
    endloop
  endfacet
  facet normal -0.919501 -0.393088 0
    outer loop
      vertex 30.0447 29.6136 2.4
      vertex 29.8507 30.0674 22
      vertex 29.8507 30.0674 2.4
    endloop
  endfacet
  facet normal -0.919501 -0.393088 0
    outer loop
      vertex 29.8507 30.0674 22
      vertex 30.0447 29.6136 2.4
      vertex 30.0447 29.6136 22
    endloop
  endfacet
  facet normal -0.951067 -0.308985 0
    outer loop
      vertex 29.8507 30.0674 2.4
      vertex 29.6982 30.5368 22
      vertex 29.6982 30.5368 2.4
    endloop
  endfacet
  facet normal -0.951067 -0.308985 0
    outer loop
      vertex 29.6982 30.5368 22
      vertex 29.8507 30.0674 2.4
      vertex 29.8507 30.0674 22
    endloop
  endfacet
  facet normal 0.433722 0.901047 -0
    outer loop
      vertex 37.3064 36.9877 6.9
      vertex 37.1616 37.0574 22
      vertex 37.3064 36.9877 22
    endloop
  endfacet
  facet normal 0.433722 0.901047 0
    outer loop
      vertex 37.1616 37.0574 22
      vertex 37.3064 36.9877 6.9
      vertex 37.1616 37.0574 6.9
    endloop
  endfacet
  facet normal 0 -1 0
    outer loop
      vertex 34.7532 26.5055 2.4
      vertex 35.2468 26.5055 22
      vertex 34.7532 26.5055 22
    endloop
  endfacet
  facet normal 0 -1 -0
    outer loop
      vertex 35.2468 26.5055 22
      vertex 34.7532 26.5055 2.4
      vertex 35.2468 26.5055 2.4
    endloop
  endfacet
  facet normal -0.880631 0.473802 0
    outer loop
      vertex 30.0447 34.3864 6.9
      vertex 30.1586 34.5981 22
      vertex 30.1586 34.5981 6.9
    endloop
  endfacet
  facet normal -0.880631 0.473802 0
    outer loop
      vertex 30.1586 34.5981 22
      vertex 30.0447 34.3864 6.9
      vertex 30.0447 34.3864 22
    endloop
  endfacet
  facet normal -0.0897684 0.995963 0
    outer loop
      vertex 34.7532 37.4945 6.9
      vertex 34.2617 37.4502 22
      vertex 34.7532 37.4945 22
    endloop
  endfacet
  facet normal -0.0897684 0.995963 0
    outer loop
      vertex 34.2617 37.4502 22
      vertex 34.7532 37.4945 6.9
      vertex 34.2617 37.4502 6.9
    endloop
  endfacet
  facet normal -0.178511 0.983938 0
    outer loop
      vertex 34.2617 37.4502 6.9
      vertex 33.7761 37.3621 22
      vertex 34.2617 37.4502 22
    endloop
  endfacet
  facet normal -0.178511 0.983938 0
    outer loop
      vertex 33.7761 37.3621 22
      vertex 34.2617 37.4502 6.9
      vertex 33.7761 37.3621 6.9
    endloop
  endfacet
  facet normal -0.781876 -0.623434 0
    outer loop
      vertex 30.8581 28.3813 2.4
      vertex 30.5504 28.7672 22
      vertex 30.5504 28.7672 2.4
    endloop
  endfacet
  facet normal -0.781876 -0.623434 0
    outer loop
      vertex 30.5504 28.7672 22
      vertex 30.8581 28.3813 2.4
      vertex 30.8581 28.3813 22
    endloop
  endfacet
  facet normal -0.266065 0.963955 0
    outer loop
      vertex 33.7761 37.3621 6.9
      vertex 33.3004 37.2308 22
      vertex 33.7761 37.3621 22
    endloop
  endfacet
  facet normal -0.266065 0.963955 0
    outer loop
      vertex 33.3004 37.2308 22
      vertex 33.7761 37.3621 6.9
      vertex 33.3004 37.2308 6.9
    endloop
  endfacet
  facet normal -0.587774 -0.809025 0
    outer loop
      vertex 31.5708 27.6999 2.4
      vertex 31.9701 27.4098 22
      vertex 31.5708 27.6999 22
    endloop
  endfacet
  facet normal -0.587774 -0.809025 -0
    outer loop
      vertex 31.9701 27.4098 22
      vertex 31.5708 27.6999 2.4
      vertex 31.9701 27.4098 2.4
    endloop
  endfacet
  facet normal -0.722734 -0.691126 0
    outer loop
      vertex 31.1992 28.0246 2.4
      vertex 30.8581 28.3813 22
      vertex 30.8581 28.3813 2.4
    endloop
  endfacet
  facet normal -0.722734 -0.691126 0
    outer loop
      vertex 30.8581 28.3813 22
      vertex 31.1992 28.0246 2.4
      vertex 31.1992 28.0246 22
    endloop
  endfacet
  facet normal 0.834522 -0.550975 0
    outer loop
      vertex 39.4496 28.7672 22
      vertex 39.6 28.995 2.4
      vertex 39.6 28.995 22
    endloop
  endfacet
  facet normal 0.834522 -0.550975 0
    outer loop
      vertex 39.6 28.995 2.4
      vertex 39.4496 28.7672 22
      vertex 39.4496 28.7672 2.4
    endloop
  endfacet
  facet normal 0.266065 -0.963955 0
    outer loop
      vertex 36.2239 26.6379 2.4
      vertex 36.6996 26.7692 22
      vertex 36.2239 26.6379 22
    endloop
  endfacet
  facet normal 0.266065 -0.963955 0
    outer loop
      vertex 36.6996 26.7692 22
      vertex 36.2239 26.6379 2.4
      vertex 36.6996 26.7692 2.4
    endloop
  endfacet
  facet normal -0.880608 -0.473846 0
    outer loop
      vertex 30.2785 29.1791 2.4
      vertex 30.0447 29.6136 22
      vertex 30.0447 29.6136 2.4
    endloop
  endfacet
  facet normal -0.880608 -0.473846 0
    outer loop
      vertex 30.0447 29.6136 22
      vertex 30.2785 29.1791 2.4
      vertex 30.2785 29.1791 22
    endloop
  endfacet
  facet normal -0.990937 -0.134327 0
    outer loop
      vertex 29.5884 31.0179 2.4
      vertex 29.5221 31.507 22
      vertex 29.5221 31.507 2.4
    endloop
  endfacet
  facet normal -0.990937 -0.134327 0
    outer loop
      vertex 29.5221 31.507 22
      vertex 29.5884 31.0179 2.4
      vertex 29.5884 31.0179 22
    endloop
  endfacet
  facet normal -0.990937 0.134327 0
    outer loop
      vertex 29.5221 32.493 2.4
      vertex 29.5884 32.9821 22
      vertex 29.5884 32.9821 2.4
    endloop
  endfacet
  facet normal -0.990937 0.134327 0
    outer loop
      vertex 29.5884 32.9821 22
      vertex 29.5221 32.493 2.4
      vertex 29.5221 32.493 22
    endloop
  endfacet
  facet normal -0.512915 -0.858439 0
    outer loop
      vertex 31.9701 27.4098 2.4
      vertex 32.3937 27.1567 22
      vertex 31.9701 27.4098 22
    endloop
  endfacet
  facet normal -0.512915 -0.858439 -0
    outer loop
      vertex 32.3937 27.1567 22
      vertex 31.9701 27.4098 2.4
      vertex 32.3937 27.1567 2.4
    endloop
  endfacet
  facet normal -0.998997 -0.0447826 0
    outer loop
      vertex 29.5221 31.507 2.4
      vertex 29.5 32 22
      vertex 29.5 32 2.4
    endloop
  endfacet
  facet normal -0.998997 -0.0447826 0
    outer loop
      vertex 29.5 32 22
      vertex 29.5221 31.507 2.4
      vertex 29.5221 31.507 22
    endloop
  endfacet
  facet normal 0.0897684 -0.995963 0
    outer loop
      vertex 35.2468 26.5055 2.4
      vertex 35.7383 26.5498 22
      vertex 35.2468 26.5055 22
    endloop
  endfacet
  facet normal 0.0897684 -0.995963 0
    outer loop
      vertex 35.7383 26.5498 22
      vertex 35.2468 26.5055 2.4
      vertex 35.7383 26.5498 2.4
    endloop
  endfacet
  facet normal 0 1 -0
    outer loop
      vertex 35.2468 37.4945 6.9
      vertex 34.7532 37.4945 22
      vertex 35.2468 37.4945 22
    endloop
  endfacet
  facet normal 0 1 0
    outer loop
      vertex 34.7532 37.4945 22
      vertex 35.2468 37.4945 6.9
      vertex 34.7532 37.4945 6.9
    endloop
  endfacet
  facet normal -0.998997 0.0447826 0
    outer loop
      vertex 29.5 32 2.4
      vertex 29.5221 32.493 22
      vertex 29.5221 32.493 2.4
    endloop
  endfacet
  facet normal -0.998997 0.0447826 0
    outer loop
      vertex 29.5221 32.493 22
      vertex 29.5 32 2.4
      vertex 29.5 32 22
    endloop
  endfacet
  facet normal -0.35139 -0.936229 0
    outer loop
      vertex 32.8384 26.9426 2.4
      vertex 33.3004 26.7692 22
      vertex 32.8384 26.9426 22
    endloop
  endfacet
  facet normal -0.35139 -0.936229 -0
    outer loop
      vertex 33.3004 26.7692 22
      vertex 32.8384 26.9426 2.4
      vertex 33.3004 26.7692 2.4
    endloop
  endfacet
  facet normal 0.657988 -0.753028 0
    outer loop
      vertex 38.4292 27.6999 2.4
      vertex 38.8008 28.0246 22
      vertex 38.4292 27.6999 22
    endloop
  endfacet
  facet normal 0.657988 -0.753028 0
    outer loop
      vertex 38.8008 28.0246 22
      vertex 38.4292 27.6999 2.4
      vertex 38.8008 28.0246 2.4
    endloop
  endfacet
  facet normal -0.266065 -0.963955 0
    outer loop
      vertex 33.3004 26.7692 2.4
      vertex 33.7761 26.6379 22
      vertex 33.3004 26.7692 22
    endloop
  endfacet
  facet normal -0.266065 -0.963955 -0
    outer loop
      vertex 33.7761 26.6379 22
      vertex 33.3004 26.7692 2.4
      vertex 33.7761 26.6379 2.4
    endloop
  endfacet
  facet normal -0.35139 0.936229 0
    outer loop
      vertex 33.3004 37.2308 6.9
      vertex 32.8384 37.0574 22
      vertex 33.3004 37.2308 22
    endloop
  endfacet
  facet normal -0.35139 0.936229 0
    outer loop
      vertex 32.8384 37.0574 22
      vertex 33.3004 37.2308 6.9
      vertex 32.8384 37.0574 6.9
    endloop
  endfacet
  facet normal 0.722734 -0.691126 0
    outer loop
      vertex 38.8008 28.0246 22
      vertex 39.1419 28.3813 2.4
      vertex 39.1419 28.3813 22
    endloop
  endfacet
  facet normal 0.722734 -0.691126 0
    outer loop
      vertex 39.1419 28.3813 2.4
      vertex 38.8008 28.0246 22
      vertex 38.8008 28.0246 2.4
    endloop
  endfacet
  facet normal -0.951067 0.308985 0
    outer loop
      vertex 29.6982 33.4632 2.4
      vertex 29.8507 33.9326 22
      vertex 29.8507 33.9326 2.4
    endloop
  endfacet
  facet normal -0.951067 0.308985 0
    outer loop
      vertex 29.8507 33.9326 22
      vertex 29.6982 33.4632 2.4
      vertex 29.6982 33.4632 22
    endloop
  endfacet
  facet normal -0.178511 -0.983938 0
    outer loop
      vertex 33.7761 26.6379 2.4
      vertex 34.2617 26.5498 22
      vertex 33.7761 26.6379 22
    endloop
  endfacet
  facet normal -0.178511 -0.983938 -0
    outer loop
      vertex 34.2617 26.5498 22
      vertex 33.7761 26.6379 2.4
      vertex 34.2617 26.5498 2.4
    endloop
  endfacet
  facet normal -0.974931 -0.222506 0
    outer loop
      vertex 29.6982 30.5368 2.4
      vertex 29.5884 31.0179 22
      vertex 29.5884 31.0179 2.4
    endloop
  endfacet
  facet normal -0.974931 -0.222506 0
    outer loop
      vertex 29.5884 31.0179 22
      vertex 29.6982 30.5368 2.4
      vertex 29.6982 30.5368 22
    endloop
  endfacet
  facet normal 0.35139 -0.936229 0
    outer loop
      vertex 36.6996 26.7692 2.4
      vertex 37.1616 26.9426 22
      vertex 36.6996 26.7692 22
    endloop
  endfacet
  facet normal 0.35139 -0.936229 0
    outer loop
      vertex 37.1616 26.9426 22
      vertex 36.6996 26.7692 2.4
      vertex 37.1616 26.9426 2.4
    endloop
  endfacet
  facet normal 0.178511 0.983938 -0
    outer loop
      vertex 36.2239 37.3621 6.9
      vertex 35.7383 37.4502 22
      vertex 36.2239 37.3621 22
    endloop
  endfacet
  facet normal 0.178511 0.983938 0
    outer loop
      vertex 35.7383 37.4502 22
      vertex 36.2239 37.3621 6.9
      vertex 35.7383 37.4502 6.9
    endloop
  endfacet
  facet normal 0.433791 -0.901013 0
    outer loop
      vertex 37.1616 26.9426 2.4
      vertex 37.6063 27.1567 22
      vertex 37.1616 26.9426 22
    endloop
  endfacet
  facet normal 0.433791 -0.901013 0
    outer loop
      vertex 37.6063 27.1567 22
      vertex 37.1616 26.9426 2.4
      vertex 37.6063 27.1567 2.4
    endloop
  endfacet
  facet normal -0.433791 -0.901013 0
    outer loop
      vertex 32.3937 27.1567 2.4
      vertex 32.8384 26.9426 22
      vertex 32.3937 27.1567 22
    endloop
  endfacet
  facet normal -0.433791 -0.901013 -0
    outer loop
      vertex 32.8384 26.9426 22
      vertex 32.3937 27.1567 2.4
      vertex 32.8384 26.9426 2.4
    endloop
  endfacet
  facet normal 0.781876 -0.623434 0
    outer loop
      vertex 39.1419 28.3813 22
      vertex 39.4496 28.7672 2.4
      vertex 39.4496 28.7672 22
    endloop
  endfacet
  facet normal 0.781876 -0.623434 0
    outer loop
      vertex 39.4496 28.7672 2.4
      vertex 39.1419 28.3813 22
      vertex 39.1419 28.3813 2.4
    endloop
  endfacet
  facet normal 0.266065 0.963955 -0
    outer loop
      vertex 36.6996 37.2308 6.9
      vertex 36.2239 37.3621 22
      vertex 36.6996 37.2308 22
    endloop
  endfacet
  facet normal 0.266065 0.963955 0
    outer loop
      vertex 36.2239 37.3621 22
      vertex 36.6996 37.2308 6.9
      vertex 36.2239 37.3621 6.9
    endloop
  endfacet
  facet normal -0.433926 0.900948 0
    outer loop
      vertex 32.8384 37.0574 6.9
      vertex 32.7159 36.9984 22
      vertex 32.8384 37.0574 22
    endloop
  endfacet
  facet normal -0.433926 0.900948 0
    outer loop
      vertex 32.7159 36.9984 22
      vertex 32.8384 37.0574 6.9
      vertex 32.7159 36.9984 6.9
    endloop
  endfacet
  facet normal -0.919485 0.393125 0
    outer loop
      vertex 30 34.2818 2.4
      vertex 29.8507 33.9326 2.4
      vertex 30 34.2818 6.9
    endloop
  endfacet
  facet normal -0.919554 0.392964 0
    outer loop
      vertex 30 34.2818 6.9
      vertex 30.0447 34.3864 22
      vertex 30.0447 34.3864 6.9
    endloop
  endfacet
  facet normal -0.919485 0.393125 0
    outer loop
      vertex 29.8507 33.9326 22
      vertex 30 34.2818 6.9
      vertex 29.8507 33.9326 2.4
    endloop
  endfacet
  facet normal -0.919501 0.393088 -1.01177e-06
    outer loop
      vertex 30 34.2818 6.9
      vertex 29.8507 33.9326 22
      vertex 30.0447 34.3864 22
    endloop
  endfacet
  facet normal 0.0897684 0.995963 -0
    outer loop
      vertex 35.7383 37.4502 6.9
      vertex 35.2468 37.4945 22
      vertex 35.7383 37.4502 22
    endloop
  endfacet
  facet normal 0.0897684 0.995963 0
    outer loop
      vertex 35.2468 37.4945 22
      vertex 35.7383 37.4502 6.9
      vertex 35.2468 37.4945 6.9
    endloop
  endfacet
  facet normal -0.0897684 -0.995963 0
    outer loop
      vertex 34.2617 26.5498 2.4
      vertex 34.7532 26.5055 22
      vertex 34.2617 26.5498 22
    endloop
  endfacet
  facet normal -0.0897684 -0.995963 -0
    outer loop
      vertex 34.7532 26.5055 22
      vertex 34.2617 26.5498 2.4
      vertex 34.7532 26.5055 2.4
    endloop
  endfacet
  facet normal 0 -0.363485 -0.9316
    outer loop
      vertex -42 -17.4102 6.50536
      vertex -41.9938 -16.9482 6.3251
      vertex -41.9938 -17.4102 6.50536
    endloop
  endfacet
  facet normal -0 -0.363485 -0.9316
    outer loop
      vertex -41.9938 -16.9482 6.3251
      vertex -42 -17.4102 6.50536
      vertex -42 -16.9482 6.3251
    endloop
  endfacet
  facet normal 0 -0.363485 -0.9316
    outer loop
      vertex -39.5924 -17.4102 6.50536
      vertex -35.6 -16.9482 6.3251
      vertex -35.6 -17.4102 6.50536
    endloop
  endfacet
  facet normal -0 -0.363485 -0.9316
    outer loop
      vertex -35.6 -16.9482 6.3251
      vertex -39.5924 -17.4102 6.50536
      vertex -39.5924 -16.9482 6.3251
    endloop
  endfacet
  facet normal 0 0.978711 -0.205241
    outer loop
      vertex -35.6 -9.1836 10.5271
      vertex -39.5924 -9.08183 11.0124
      vertex -35.6 -9.08183 11.0124
    endloop
  endfacet
  facet normal 0 0.978711 -0.205241
    outer loop
      vertex -39.5924 -9.08183 11.0124
      vertex -35.6 -9.1836 10.5271
      vertex -39.5924 -9.1836 10.5271
    endloop
  endfacet
  facet normal 0 0.978711 -0.205241
    outer loop
      vertex -41.9938 -9.1836 10.5271
      vertex -42 -9.08183 11.0124
      vertex -41.9938 -9.08183 11.0124
    endloop
  endfacet
  facet normal 0 0.978711 -0.205241
    outer loop
      vertex -42 -9.08183 11.0124
      vertex -41.9938 -9.1836 10.5271
      vertex -42 -9.1836 10.5271
    endloop
  endfacet
  facet normal -0 0.205299 0.978699
    outer loop
      vertex -42 -13.5271 17.8164
      vertex -41.9938 -14.0124 17.9182
      vertex -41.9938 -13.5271 17.8164
    endloop
  endfacet
  facet normal 0 0.205299 0.978699
    outer loop
      vertex -41.9938 -14.0124 17.9182
      vertex -42 -13.5271 17.8164
      vertex -42 -14.0124 17.9182
    endloop
  endfacet
  facet normal -0 0.205299 0.978699
    outer loop
      vertex -39.5924 -13.5271 17.8164
      vertex -35.6 -14.0124 17.9182
      vertex -35.6 -13.5271 17.8164
    endloop
  endfacet
  facet normal 0 0.205299 0.978699
    outer loop
      vertex -35.6 -14.0124 17.9182
      vertex -39.5924 -13.5271 17.8164
      vertex -39.5924 -14.0124 17.9182
    endloop
  endfacet
  facet normal 0 -0.813808 -0.581133
    outer loop
      vertex -42 -19.7348 8.31472
      vertex -41.9938 -20.023 8.71831
      vertex -42 -20.023 8.71831
    endloop
  endfacet
  facet normal 0 -0.813808 -0.581133
    outer loop
      vertex -41.9938 -20.023 8.71831
      vertex -42 -19.7348 8.31472
      vertex -41.9938 -19.7348 8.31472
    endloop
  endfacet
  facet normal 0 -0.813808 -0.581133
    outer loop
      vertex -39.5924 -19.7348 8.31472
      vertex -35.6 -20.023 8.71831
      vertex -39.5924 -20.023 8.71831
    endloop
  endfacet
  facet normal 0 -0.813808 -0.581133
    outer loop
      vertex -35.6 -20.023 8.71831
      vertex -39.5924 -19.7348 8.31472
      vertex -35.6 -19.7348 8.31472
    endloop
  endfacet
  facet normal 0 -0.999145 0.041337
    outer loop
      vertex -39.5924 -21 12
      vertex -35.6 -20.9795 12.4955
      vertex -39.5924 -20.9795 12.4955
    endloop
  endfacet
  facet normal 0 -0.999145 0.041337
    outer loop
      vertex -35.6 -20.9795 12.4955
      vertex -39.5924 -21 12
      vertex -35.6 -21 12
    endloop
  endfacet
  facet normal 0 -0.999145 0.041337
    outer loop
      vertex -42 -21 12
      vertex -41.9938 -20.9795 12.4955
      vertex -42 -20.9795 12.4955
    endloop
  endfacet
  facet normal 0 -0.999145 0.041337
    outer loop
      vertex -41.9938 -20.9795 12.4955
      vertex -42 -21 12
      vertex -41.9938 -21 12
    endloop
  endfacet
  facet normal 0 -0.85909 -0.511824
    outer loop
      vertex -39.5924 -20.023 8.71831
      vertex -35.6 -20.2768 9.14431
      vertex -39.5924 -20.2768 9.14431
    endloop
  endfacet
  facet normal 0 -0.85909 -0.511824
    outer loop
      vertex -35.6 -20.2768 9.14431
      vertex -39.5924 -20.023 8.71831
      vertex -35.6 -20.023 8.71831
    endloop
  endfacet
  facet normal 0 -0.85909 -0.511824
    outer loop
      vertex -42 -20.023 8.71831
      vertex -41.9938 -20.2768 9.14431
      vertex -42 -20.2768 9.14431
    endloop
  endfacet
  facet normal 0 -0.85909 -0.511824
    outer loop
      vertex -41.9938 -20.2768 9.14431
      vertex -42 -20.023 8.71831
      vertex -41.9938 -20.023 8.71831
    endloop
  endfacet
  facet normal 0 -0.511884 -0.859055
    outer loop
      vertex -39.5924 -18.2817 6.977
      vertex -35.6 -17.8557 6.72316
      vertex -35.6 -18.2817 6.977
    endloop
  endfacet
  facet normal -0 -0.511884 -0.859055
    outer loop
      vertex -35.6 -17.8557 6.72316
      vertex -39.5924 -18.2817 6.977
      vertex -39.5924 -17.8557 6.72316
    endloop
  endfacet
  facet normal 0 -0.511884 -0.859055
    outer loop
      vertex -42 -18.2817 6.977
      vertex -41.9938 -17.8557 6.72316
      vertex -41.9938 -18.2817 6.977
    endloop
  endfacet
  facet normal -0 -0.511884 -0.859055
    outer loop
      vertex -41.9938 -17.8557 6.72316
      vertex -42 -18.2817 6.977
      vertex -42 -17.8557 6.72316
    endloop
  endfacet
  facet normal 0 0.123692 -0.992321
    outer loop
      vertex -39.5924 -14.5045 6.02049
      vertex -35.6 -14.0124 6.08183
      vertex -35.6 -14.5045 6.02049
    endloop
  endfacet
  facet normal 0 0.123692 -0.992321
    outer loop
      vertex -35.6 -14.0124 6.08183
      vertex -39.5924 -14.5045 6.02049
      vertex -39.5924 -14.0124 6.08183
    endloop
  endfacet
  facet normal 0 0.123692 -0.992321
    outer loop
      vertex -42 -14.5045 6.02049
      vertex -41.9938 -14.0124 6.08183
      vertex -41.9938 -14.5045 6.02049
    endloop
  endfacet
  facet normal 0 0.123692 -0.992321
    outer loop
      vertex -41.9938 -14.0124 6.08183
      vertex -42 -14.5045 6.02049
      vertex -42 -14.0124 6.08183
    endloop
  endfacet
  facet normal 0 -0.123613 0.992331
    outer loop
      vertex -42 -15.4955 17.9795
      vertex -41.9938 -15.9876 17.9182
      vertex -41.9938 -15.4955 17.9795
    endloop
  endfacet
  facet normal 0 -0.123613 0.992331
    outer loop
      vertex -41.9938 -15.9876 17.9182
      vertex -42 -15.4955 17.9795
      vertex -42 -15.9876 17.9182
    endloop
  endfacet
  facet normal 0 -0.123613 0.992331
    outer loop
      vertex -39.5924 -15.4955 17.9795
      vertex -35.6 -15.9876 17.9182
      vertex -35.6 -15.4955 17.9795
    endloop
  endfacet
  facet normal 0 -0.123613 0.992331
    outer loop
      vertex -35.6 -15.9876 17.9182
      vertex -39.5924 -15.4955 17.9795
      vertex -39.5924 -15.9876 17.9182
    endloop
  endfacet
  facet normal 0 -0.707157 -0.707056
    outer loop
      vertex -39.5924 -19.0637 7.58566
      vertex -35.6 -19.4143 7.93631
      vertex -39.5924 -19.4143 7.93631
    endloop
  endfacet
  facet normal 0 -0.707157 -0.707056
    outer loop
      vertex -35.6 -19.4143 7.93631
      vertex -39.5924 -19.0637 7.58566
      vertex -35.6 -19.0637 7.58566
    endloop
  endfacet
  facet normal 0 -0.707157 -0.707056
    outer loop
      vertex -42 -19.0637 7.58566
      vertex -41.9938 -19.4143 7.93631
      vertex -42 -19.4143 7.93631
    endloop
  endfacet
  facet normal 0 -0.707157 -0.707056
    outer loop
      vertex -41.9938 -19.4143 7.93631
      vertex -42 -19.0637 7.58566
      vertex -41.9938 -19.0637 7.58566
    endloop
  endfacet
  facet normal 0 -0.205299 0.978699
    outer loop
      vertex -39.5924 -15.9876 17.9182
      vertex -35.6 -16.4729 17.8164
      vertex -35.6 -15.9876 17.9182
    endloop
  endfacet
  facet normal 0 -0.205299 0.978699
    outer loop
      vertex -35.6 -16.4729 17.8164
      vertex -39.5924 -15.9876 17.9182
      vertex -39.5924 -16.4729 17.8164
    endloop
  endfacet
  facet normal 0 -0.205299 0.978699
    outer loop
      vertex -42 -15.9876 17.9182
      vertex -41.9938 -16.4729 17.8164
      vertex -41.9938 -15.9876 17.9182
    endloop
  endfacet
  facet normal 0 -0.205299 0.978699
    outer loop
      vertex -41.9938 -16.4729 17.8164
      vertex -42 -15.9876 17.9182
      vertex -42 -16.4729 17.8164
    endloop
  endfacet
  facet normal 0 0.999146 -0.0413169
    outer loop
      vertex -35.6 -9.02049 11.5045
      vertex -39.5924 -9 12
      vertex -35.6 -9 12
    endloop
  endfacet
  facet normal 0 0.999146 -0.0413169
    outer loop
      vertex -39.5924 -9 12
      vertex -35.6 -9.02049 11.5045
      vertex -39.5924 -9.02049 11.5045
    endloop
  endfacet
  facet normal 0 0.999146 -0.0413169
    outer loop
      vertex -41.9938 -9.02049 11.5045
      vertex -42 -9 12
      vertex -41.9938 -9 12
    endloop
  endfacet
  facet normal 0 0.999146 -0.0413169
    outer loop
      vertex -42 -9 12
      vertex -41.9938 -9.02049 11.5045
      vertex -42 -9.02049 11.5045
    endloop
  endfacet
  facet normal 0 -0.43921 -0.898384
    outer loop
      vertex -39.5924 -17.8557 6.72316
      vertex -35.6 -17.4102 6.50536
      vertex -35.6 -17.8557 6.72316
    endloop
  endfacet
  facet normal -0 -0.43921 -0.898384
    outer loop
      vertex -35.6 -17.4102 6.50536
      vertex -39.5924 -17.8557 6.72316
      vertex -39.5924 -17.4102 6.50536
    endloop
  endfacet
  facet normal 0 -0.43921 -0.898384
    outer loop
      vertex -42 -17.8557 6.72316
      vertex -41.9938 -17.4102 6.50536
      vertex -41.9938 -17.8557 6.72316
    endloop
  endfacet
  facet normal -0 -0.43921 -0.898384
    outer loop
      vertex -41.9938 -17.4102 6.50536
      vertex -42 -17.8557 6.72316
      vertex -42 -17.4102 6.50536
    endloop
  endfacet
  facet normal 0 -0.285331 0.958429
    outer loop
      vertex -39.5924 -16.4729 17.8164
      vertex -35.6 -16.9482 17.6749
      vertex -35.6 -16.4729 17.8164
    endloop
  endfacet
  facet normal 0 -0.285331 0.958429
    outer loop
      vertex -35.6 -16.9482 17.6749
      vertex -39.5924 -16.4729 17.8164
      vertex -39.5924 -16.9482 17.6749
    endloop
  endfacet
  facet normal 0 -0.285331 0.958429
    outer loop
      vertex -42 -16.4729 17.8164
      vertex -41.9938 -16.9482 17.6749
      vertex -41.9938 -16.4729 17.8164
    endloop
  endfacet
  facet normal 0 -0.285331 0.958429
    outer loop
      vertex -41.9938 -16.9482 17.6749
      vertex -42 -16.4729 17.8164
      vertex -42 -16.9482 17.6749
    endloop
  endfacet
  facet normal -0 0.123613 0.992331
    outer loop
      vertex -42 -14.0124 17.9182
      vertex -41.9938 -14.5045 17.9795
      vertex -41.9938 -14.0124 17.9182
    endloop
  endfacet
  facet normal 0 0.123613 0.992331
    outer loop
      vertex -41.9938 -14.5045 17.9795
      vertex -42 -14.0124 17.9182
      vertex -42 -14.5045 17.9795
    endloop
  endfacet
  facet normal -0 0.123613 0.992331
    outer loop
      vertex -39.5924 -14.0124 17.9182
      vertex -35.6 -14.5045 17.9795
      vertex -35.6 -14.0124 17.9182
    endloop
  endfacet
  facet normal 0 0.123613 0.992331
    outer loop
      vertex -35.6 -14.5045 17.9795
      vertex -39.5924 -14.0124 17.9182
      vertex -39.5924 -14.5045 17.9795
    endloop
  endfacet
  facet normal 0 0.813808 -0.581133
    outer loop
      vertex -35.6 -10.2652 8.31472
      vertex -39.5924 -9.977 8.71831
      vertex -35.6 -9.977 8.71831
    endloop
  endfacet
  facet normal 0 0.813808 -0.581133
    outer loop
      vertex -39.5924 -9.977 8.71831
      vertex -35.6 -10.2652 8.31472
      vertex -39.5924 -10.2652 8.31472
    endloop
  endfacet
  facet normal 0 0.813808 -0.581133
    outer loop
      vertex -41.9938 -10.2652 8.31472
      vertex -42 -9.977 8.71831
      vertex -41.9938 -9.977 8.71831
    endloop
  endfacet
  facet normal 0 0.813808 -0.581133
    outer loop
      vertex -42 -9.977 8.71831
      vertex -41.9938 -10.2652 8.31472
      vertex -42 -10.2652 8.31472
    endloop
  endfacet
  facet normal 0 0.0413169 -0.999146
    outer loop
      vertex -42 -15 6
      vertex -41.9938 -14.5045 6.02049
      vertex -41.9938 -15 6
    endloop
  endfacet
  facet normal 0 0.0413169 -0.999146
    outer loop
      vertex -41.9938 -14.5045 6.02049
      vertex -42 -15 6
      vertex -42 -14.5045 6.02049
    endloop
  endfacet
  facet normal 0 0.0413169 -0.999146
    outer loop
      vertex -39.5924 -15 6
      vertex -35.6 -14.5045 6.02049
      vertex -35.6 -15 6
    endloop
  endfacet
  facet normal 0 0.0413169 -0.999146
    outer loop
      vertex -35.6 -14.5045 6.02049
      vertex -39.5924 -15 6
      vertex -39.5924 -14.5045 6.02049
    endloop
  endfacet
  facet normal -0 0.43921 0.898384
    outer loop
      vertex -42 -12.1443 17.2768
      vertex -41.9938 -12.5898 17.4946
      vertex -41.9938 -12.1443 17.2768
    endloop
  endfacet
  facet normal 0 0.43921 0.898384
    outer loop
      vertex -41.9938 -12.5898 17.4946
      vertex -42 -12.1443 17.2768
      vertex -42 -12.5898 17.4946
    endloop
  endfacet
  facet normal -0 0.43921 0.898384
    outer loop
      vertex -39.5924 -12.1443 17.2768
      vertex -35.6 -12.5898 17.4946
      vertex -35.6 -12.1443 17.2768
    endloop
  endfacet
  facet normal 0 0.43921 0.898384
    outer loop
      vertex -35.6 -12.5898 17.4946
      vertex -39.5924 -12.1443 17.2768
      vertex -39.5924 -12.5898 17.4946
    endloop
  endfacet
  facet normal 0 -0.931573 0.363555
    outer loop
      vertex -42 -20.6749 13.9482
      vertex -41.9938 -20.4946 14.4102
      vertex -42 -20.4946 14.4102
    endloop
  endfacet
  facet normal 0 -0.931573 0.363555
    outer loop
      vertex -41.9938 -20.4946 14.4102
      vertex -42 -20.6749 13.9482
      vertex -41.9938 -20.6749 13.9482
    endloop
  endfacet
  facet normal 0 -0.931573 0.363555
    outer loop
      vertex -39.5924 -20.6749 13.9482
      vertex -35.6 -20.4946 14.4102
      vertex -39.5924 -20.4946 14.4102
    endloop
  endfacet
  facet normal 0 -0.931573 0.363555
    outer loop
      vertex -35.6 -20.4946 14.4102
      vertex -39.5924 -20.6749 13.9482
      vertex -35.6 -20.6749 13.9482
    endloop
  endfacet
  facet normal 0 0.205241 -0.978711
    outer loop
      vertex -39.5924 -14.0124 6.08183
      vertex -35.6 -13.5271 6.1836
      vertex -35.6 -14.0124 6.08183
    endloop
  endfacet
  facet normal 0 0.205241 -0.978711
    outer loop
      vertex -35.6 -13.5271 6.1836
      vertex -39.5924 -14.0124 6.08183
      vertex -39.5924 -13.5271 6.1836
    endloop
  endfacet
  facet normal 0 0.205241 -0.978711
    outer loop
      vertex -42 -14.0124 6.08183
      vertex -41.9938 -13.5271 6.1836
      vertex -41.9938 -14.0124 6.08183
    endloop
  endfacet
  facet normal 0 0.205241 -0.978711
    outer loop
      vertex -41.9938 -13.5271 6.1836
      vertex -42 -14.0124 6.08183
      vertex -42 -13.5271 6.1836
    endloop
  endfacet
  facet normal 0 0.992321 0.123692
    outer loop
      vertex -41.9938 -9.02049 12.4955
      vertex -42 -9.08183 12.9876
      vertex -41.9938 -9.08183 12.9876
    endloop
  endfacet
  facet normal 0 0.992321 0.123692
    outer loop
      vertex -42 -9.08183 12.9876
      vertex -41.9938 -9.02049 12.4955
      vertex -42 -9.02049 12.4955
    endloop
  endfacet
  facet normal 0 0.992321 0.123692
    outer loop
      vertex -35.6 -9.02049 12.4955
      vertex -39.5924 -9.08183 12.9876
      vertex -35.6 -9.08183 12.9876
    endloop
  endfacet
  facet normal 0 0.992321 0.123692
    outer loop
      vertex -39.5924 -9.08183 12.9876
      vertex -35.6 -9.02049 12.4955
      vertex -39.5924 -9.02049 12.4955
    endloop
  endfacet
  facet normal 0 0.978711 0.205241
    outer loop
      vertex -41.9938 -9.08183 12.9876
      vertex -42 -9.1836 13.4729
      vertex -41.9938 -9.1836 13.4729
    endloop
  endfacet
  facet normal 0 0.978711 0.205241
    outer loop
      vertex -42 -9.1836 13.4729
      vertex -41.9938 -9.08183 12.9876
      vertex -42 -9.08183 12.9876
    endloop
  endfacet
  facet normal 0 0.978711 0.205241
    outer loop
      vertex -35.6 -9.08183 12.9876
      vertex -39.5924 -9.1836 13.4729
      vertex -35.6 -9.1836 13.4729
    endloop
  endfacet
  facet normal 0 0.978711 0.205241
    outer loop
      vertex -39.5924 -9.1836 13.4729
      vertex -35.6 -9.08183 12.9876
      vertex -39.5924 -9.08183 12.9876
    endloop
  endfacet
  facet normal 0 0.859055 0.511884
    outer loop
      vertex -41.9938 -9.72316 14.8557
      vertex -42 -9.977 15.2817
      vertex -41.9938 -9.977 15.2817
    endloop
  endfacet
  facet normal 0 0.859055 0.511884
    outer loop
      vertex -42 -9.977 15.2817
      vertex -41.9938 -9.72316 14.8557
      vertex -42 -9.72316 14.8557
    endloop
  endfacet
  facet normal 0 0.859055 0.511884
    outer loop
      vertex -35.6 -9.72316 14.8557
      vertex -39.5924 -9.977 15.2817
      vertex -35.6 -9.977 15.2817
    endloop
  endfacet
  facet normal 0 0.859055 0.511884
    outer loop
      vertex -39.5924 -9.977 15.2817
      vertex -35.6 -9.72316 14.8557
      vertex -39.5924 -9.72316 14.8557
    endloop
  endfacet
  facet normal 0 -0.581124 0.813815
    outer loop
      vertex -39.5924 -18.2817 17.023
      vertex -35.6 -18.6853 16.7348
      vertex -35.6 -18.2817 17.023
    endloop
  endfacet
  facet normal 0 -0.581124 0.813815
    outer loop
      vertex -35.6 -18.6853 16.7348
      vertex -39.5924 -18.2817 17.023
      vertex -39.5924 -18.6853 16.7348
    endloop
  endfacet
  facet normal 0 -0.581124 0.813815
    outer loop
      vertex -42 -18.2817 17.023
      vertex -41.9938 -18.6853 16.7348
      vertex -41.9938 -18.2817 17.023
    endloop
  endfacet
  facet normal 0 -0.581124 0.813815
    outer loop
      vertex -41.9938 -18.6853 16.7348
      vertex -42 -18.2817 17.023
      vertex -42 -18.6853 16.7348
    endloop
  endfacet
  facet normal 0 -0.85909 0.511824
    outer loop
      vertex -42 -20.2768 14.8557
      vertex -41.9938 -20.023 15.2817
      vertex -42 -20.023 15.2817
    endloop
  endfacet
  facet normal 0 -0.85909 0.511824
    outer loop
      vertex -41.9938 -20.023 15.2817
      vertex -42 -20.2768 14.8557
      vertex -41.9938 -20.2768 14.8557
    endloop
  endfacet
  facet normal 0 -0.85909 0.511824
    outer loop
      vertex -39.5924 -20.2768 14.8557
      vertex -35.6 -20.023 15.2817
      vertex -39.5924 -20.023 15.2817
    endloop
  endfacet
  facet normal 0 -0.85909 0.511824
    outer loop
      vertex -35.6 -20.023 15.2817
      vertex -39.5924 -20.2768 14.8557
      vertex -35.6 -20.2768 14.8557
    endloop
  endfacet
  facet normal 0 -0.978699 0.205299
    outer loop
      vertex -42 -20.9182 12.9876
      vertex -41.9938 -20.8164 13.4729
      vertex -42 -20.8164 13.4729
    endloop
  endfacet
  facet normal 0 -0.978699 0.205299
    outer loop
      vertex -41.9938 -20.8164 13.4729
      vertex -42 -20.9182 12.9876
      vertex -41.9938 -20.9182 12.9876
    endloop
  endfacet
  facet normal 0 -0.978699 0.205299
    outer loop
      vertex -39.5924 -20.9182 12.9876
      vertex -35.6 -20.8164 13.4729
      vertex -39.5924 -20.8164 13.4729
    endloop
  endfacet
  facet normal 0 -0.978699 0.205299
    outer loop
      vertex -35.6 -20.8164 13.4729
      vertex -39.5924 -20.9182 12.9876
      vertex -35.6 -20.9182 12.9876
    endloop
  endfacet
  facet normal 0 0.43921 -0.898384
    outer loop
      vertex -39.5924 -12.5898 6.50536
      vertex -35.6 -12.1443 6.72316
      vertex -35.6 -12.5898 6.50536
    endloop
  endfacet
  facet normal 0 0.43921 -0.898384
    outer loop
      vertex -35.6 -12.1443 6.72316
      vertex -39.5924 -12.5898 6.50536
      vertex -39.5924 -12.1443 6.72316
    endloop
  endfacet
  facet normal 0 0.43921 -0.898384
    outer loop
      vertex -42 -12.5898 6.50536
      vertex -41.9938 -12.1443 6.72316
      vertex -41.9938 -12.5898 6.50536
    endloop
  endfacet
  facet normal 0 0.43921 -0.898384
    outer loop
      vertex -41.9938 -12.1443 6.72316
      vertex -42 -12.5898 6.50536
      vertex -42 -12.1443 6.72316
    endloop
  endfacet
  facet normal 1 0 0
    outer loop
      vertex -35.6 -12.7034 11.8755
      vertex -35.6 -9 12
      vertex -35.6 -9.02049 12.4955
    endloop
  endfacet
  facet normal 1 0 0
    outer loop
      vertex -35.6 -12.7303 12.3721
      vertex -35.6 -9.02049 12.4955
      vertex -35.6 -9.08183 12.9876
    endloop
  endfacet
  facet normal 1 0 0
    outer loop
      vertex -35.6 -9 12
      vertex -35.6 -12.7034 11.8755
      vertex -35.6 -9.02049 11.5045
    endloop
  endfacet
  facet normal 1 0 0
    outer loop
      vertex -35.6 -12.7303 12.3721
      vertex -35.6 -9.08183 12.9876
      vertex -35.6 -9.1836 13.4729
    endloop
  endfacet
  facet normal 1 0 0
    outer loop
      vertex -35.6 -9.02049 11.5045
      vertex -35.6 -12.7034 11.8755
      vertex -35.6 -9.08183 11.0124
    endloop
  endfacet
  facet normal 1 0 0
    outer loop
      vertex -35.6 -12.8634 12.8513
      vertex -35.6 -9.1836 13.4729
      vertex -35.6 -9.3251 13.9482
    endloop
  endfacet
  facet normal 1 -0 0
    outer loop
      vertex -35.6 -12.7838 11.3847
      vertex -35.6 -9.08183 11.0124
      vertex -35.6 -12.7034 11.8755
    endloop
  endfacet
  facet normal 1 0 0
    outer loop
      vertex -35.6 -12.8634 12.8513
      vertex -35.6 -9.3251 13.9482
      vertex -35.6 -9.50536 14.4102
    endloop
  endfacet
  facet normal 1 0 0
    outer loop
      vertex -35.6 -9.08183 11.0124
      vertex -35.6 -12.7838 11.3847
      vertex -35.6 -9.1836 10.5271
    endloop
  endfacet
  facet normal 1 0 0
    outer loop
      vertex -35.6 -12.8634 12.8513
      vertex -35.6 -9.50536 14.4102
      vertex -35.6 -9.72316 14.8557
    endloop
  endfacet
  facet normal 1 0 0
    outer loop
      vertex -35.6 -9.1836 10.5271
      vertex -35.6 -12.7838 11.3847
      vertex -35.6 -9.3251 10.0518
    endloop
  endfacet
  facet normal 1 0 0
    outer loop
      vertex -35.6 -13.0963 13.2907
      vertex -35.6 -9.72316 14.8557
      vertex -35.6 -9.977 15.2817
    endloop
  endfacet
  facet normal 1 0 0
    outer loop
      vertex -35.6 -9.3251 10.0518
      vertex -35.6 -12.7838 11.3847
      vertex -35.6 -9.50536 9.58983
    endloop
  endfacet
  facet normal 1 0 0
    outer loop
      vertex -35.6 -13.0963 13.2907
      vertex -35.6 -9.977 15.2817
      vertex -35.6 -10.2652 15.6853
    endloop
  endfacet
  facet normal 1 -0 0
    outer loop
      vertex -35.6 -12.9679 10.9227
      vertex -35.6 -9.50536 9.58983
      vertex -35.6 -12.7838 11.3847
    endloop
  endfacet
  facet normal 1 0 0
    outer loop
      vertex -35.6 -13.0963 13.2907
      vertex -35.6 -10.2652 15.6853
      vertex -35.6 -10.5857 16.0637
    endloop
  endfacet
  facet normal 1 0 0
    outer loop
      vertex -35.6 -9.50536 9.58983
      vertex -35.6 -12.9679 10.9227
      vertex -35.6 -9.72316 9.14431
    endloop
  endfacet
  facet normal 1 0 0
    outer loop
      vertex -35.6 -13.4183 13.6698
      vertex -35.6 -10.5857 16.0637
      vertex -35.6 -10.9363 16.4143
    endloop
  endfacet
  facet normal 1 0 0
    outer loop
      vertex -35.6 -9.72316 9.14431
      vertex -35.6 -12.9679 10.9227
      vertex -35.6 -9.977 8.71831
    endloop
  endfacet
  facet normal 1 0 0
    outer loop
      vertex -35.6 -13.4183 13.6698
      vertex -35.6 -10.9363 16.4143
      vertex -35.6 -11.3147 16.7348
    endloop
  endfacet
  facet normal 1 -0 0
    outer loop
      vertex -35.6 -13.247 10.511
      vertex -35.6 -9.977 8.71831
      vertex -35.6 -12.9679 10.9227
    endloop
  endfacet
  facet normal 1 0 0
    outer loop
      vertex -35.6 -13.8142 13.9708
      vertex -35.6 -11.3147 16.7348
      vertex -35.6 -11.7183 17.023
    endloop
  endfacet
  facet normal 1 0 0
    outer loop
      vertex -35.6 -9.977 8.71831
      vertex -35.6 -13.247 10.511
      vertex -35.6 -10.2652 8.31472
    endloop
  endfacet
  facet normal 1 0 0
    outer loop
      vertex -35.6 -13.8142 13.9708
      vertex -35.6 -11.7183 17.023
      vertex -35.6 -12.1443 17.2768
    endloop
  endfacet
  facet normal 1 0 0
    outer loop
      vertex -35.6 -10.2652 8.31472
      vertex -35.6 -13.247 10.511
      vertex -35.6 -10.5857 7.93631
    endloop
  endfacet
  facet normal 1 0 0
    outer loop
      vertex -35.6 -13.8142 13.9708
      vertex -35.6 -12.1443 17.2768
      vertex -35.6 -12.5898 17.4946
    endloop
  endfacet
  facet normal 1 0 0
    outer loop
      vertex -35.6 -10.5857 7.93631
      vertex -35.6 -13.247 10.511
      vertex -35.6 -10.9363 7.58566
    endloop
  endfacet
  facet normal 1 -0 0
    outer loop
      vertex -35.6 -13.6081 10.169
      vertex -35.6 -10.9363 7.58566
      vertex -35.6 -13.247 10.511
    endloop
  endfacet
  facet normal 1 0 0
    outer loop
      vertex -35.6 -9.02049 12.4955
      vertex -35.6 -12.7303 12.3721
      vertex -35.6 -12.7034 11.8755
    endloop
  endfacet
  facet normal 1 0 0
    outer loop
      vertex -35.6 -9.1836 13.4729
      vertex -35.6 -12.8634 12.8513
      vertex -35.6 -12.7303 12.3721
    endloop
  endfacet
  facet normal 1 0 0
    outer loop
      vertex -35.6 -14.2656 14.1796
      vertex -35.6 -12.5898 17.4946
      vertex -35.6 -13.0518 17.6749
    endloop
  endfacet
  facet normal 1 0 0
    outer loop
      vertex -35.6 -9.72316 14.8557
      vertex -35.6 -13.0963 13.2907
      vertex -35.6 -12.8634 12.8513
    endloop
  endfacet
  facet normal 1 0 0
    outer loop
      vertex -35.6 -10.5857 16.0637
      vertex -35.6 -13.4183 13.6698
      vertex -35.6 -13.0963 13.2907
    endloop
  endfacet
  facet normal 1 0 0
    outer loop
      vertex -35.6 -14.2656 14.1796
      vertex -35.6 -13.0518 17.6749
      vertex -35.6 -13.5271 17.8164
    endloop
  endfacet
  facet normal 1 0 0
    outer loop
      vertex -35.6 -11.3147 16.7348
      vertex -35.6 -13.8142 13.9708
      vertex -35.6 -13.4183 13.6698
    endloop
  endfacet
  facet normal 1 0 0
    outer loop
      vertex -35.6 -14.7513 14.2865
      vertex -35.6 -13.5271 17.8164
      vertex -35.6 -14.0124 17.9182
    endloop
  endfacet
  facet normal 1 0 0
    outer loop
      vertex -35.6 -12.5898 17.4946
      vertex -35.6 -14.2656 14.1796
      vertex -35.6 -13.8142 13.9708
    endloop
  endfacet
  facet normal 1 0 0
    outer loop
      vertex -35.6 -14.7513 14.2865
      vertex -35.6 -14.0124 17.9182
      vertex -35.6 -14.5045 17.9795
    endloop
  endfacet
  facet normal 1 0 0
    outer loop
      vertex -35.6 -13.5271 17.8164
      vertex -35.6 -14.7513 14.2865
      vertex -35.6 -14.2656 14.1796
    endloop
  endfacet
  facet normal 1 0 0
    outer loop
      vertex -35.6 -15 18
      vertex -35.6 -14.7513 14.2865
      vertex -35.6 -14.5045 17.9795
    endloop
  endfacet
  facet normal 1 0 0
    outer loop
      vertex -35.6 -15 18
      vertex -35.6 -15.2487 14.2865
      vertex -35.6 -14.7513 14.2865
    endloop
  endfacet
  facet normal 1 -0 0
    outer loop
      vertex -35.6 -15.4955 17.9795
      vertex -35.6 -15.2487 14.2865
      vertex -35.6 -15 18
    endloop
  endfacet
  facet normal 1 -0 0
    outer loop
      vertex -35.6 -15.9876 17.9182
      vertex -35.6 -15.2487 14.2865
      vertex -35.6 -15.4955 17.9795
    endloop
  endfacet
  facet normal 1 -0 0
    outer loop
      vertex -35.6 -16.4729 17.8164
      vertex -35.6 -15.2487 14.2865
      vertex -35.6 -15.9876 17.9182
    endloop
  endfacet
  facet normal 1 0 0
    outer loop
      vertex -35.6 -15.2487 14.2865
      vertex -35.6 -16.4729 17.8164
      vertex -35.6 -15.7344 14.1796
    endloop
  endfacet
  facet normal 1 -0 0
    outer loop
      vertex -35.6 -16.9482 17.6749
      vertex -35.6 -15.7344 14.1796
      vertex -35.6 -16.4729 17.8164
    endloop
  endfacet
  facet normal 1 -0 0
    outer loop
      vertex -35.6 -17.4102 17.4946
      vertex -35.6 -15.7344 14.1796
      vertex -35.6 -16.9482 17.6749
    endloop
  endfacet
  facet normal 1 0 0
    outer loop
      vertex -35.6 -15.7344 14.1796
      vertex -35.6 -17.4102 17.4946
      vertex -35.6 -16.1858 13.9708
    endloop
  endfacet
  facet normal 1 -0 0
    outer loop
      vertex -35.6 -17.8557 17.2768
      vertex -35.6 -16.1858 13.9708
      vertex -35.6 -17.4102 17.4946
    endloop
  endfacet
  facet normal 1 -0 0
    outer loop
      vertex -35.6 -18.2817 17.023
      vertex -35.6 -16.1858 13.9708
      vertex -35.6 -17.8557 17.2768
    endloop
  endfacet
  facet normal 1 -0 0
    outer loop
      vertex -35.6 -18.6853 16.7348
      vertex -35.6 -16.1858 13.9708
      vertex -35.6 -18.2817 17.023
    endloop
  endfacet
  facet normal 1 -0 0
    outer loop
      vertex -35.6 -19.0637 16.4143
      vertex -35.6 -16.5817 13.6698
      vertex -35.6 -18.6853 16.7348
    endloop
  endfacet
  facet normal 1 0 0
    outer loop
      vertex -35.6 -16.1858 13.9708
      vertex -35.6 -18.6853 16.7348
      vertex -35.6 -16.5817 13.6698
    endloop
  endfacet
  facet normal 1 0 0
    outer loop
      vertex -35.6 -10.9363 7.58566
      vertex -35.6 -13.6081 10.169
      vertex -35.6 -11.3147 7.26516
    endloop
  endfacet
  facet normal 1 0 0
    outer loop
      vertex -35.6 -11.3147 7.26516
      vertex -35.6 -13.6081 10.169
      vertex -35.6 -11.7183 6.977
    endloop
  endfacet
  facet normal 1 0 0
    outer loop
      vertex -35.6 -11.7183 6.977
      vertex -35.6 -13.6081 10.169
      vertex -35.6 -12.1443 6.72316
    endloop
  endfacet
  facet normal 1 -0 0
    outer loop
      vertex -35.6 -14.0343 9.91258
      vertex -35.6 -12.1443 6.72316
      vertex -35.6 -13.6081 10.169
    endloop
  endfacet
  facet normal 1 0 0
    outer loop
      vertex -35.6 -12.1443 6.72316
      vertex -35.6 -14.0343 9.91258
      vertex -35.6 -12.5898 6.50536
    endloop
  endfacet
  facet normal 1 0 0
    outer loop
      vertex -35.6 -12.5898 6.50536
      vertex -35.6 -14.0343 9.91258
      vertex -35.6 -13.0518 6.3251
    endloop
  endfacet
  facet normal 1 -0 0
    outer loop
      vertex -35.6 -14.5056 9.75377
      vertex -35.6 -13.0518 6.3251
      vertex -35.6 -14.0343 9.91258
    endloop
  endfacet
  facet normal 1 0 0
    outer loop
      vertex -35.6 -13.0518 6.3251
      vertex -35.6 -14.5056 9.75377
      vertex -35.6 -13.5271 6.1836
    endloop
  endfacet
  facet normal 1 0 0
    outer loop
      vertex -35.6 -13.5271 6.1836
      vertex -35.6 -14.5056 9.75377
      vertex -35.6 -14.0124 6.08183
    endloop
  endfacet
  facet normal 1 0 0
    outer loop
      vertex -35.6 -14.0124 6.08183
      vertex -35.6 -14.5056 9.75377
      vertex -35.6 -14.5045 6.02049
    endloop
  endfacet
  facet normal 1 -0 0
    outer loop
      vertex -35.6 -15 9.7
      vertex -35.6 -14.5045 6.02049
      vertex -35.6 -14.5056 9.75377
    endloop
  endfacet
  facet normal 1 0 0
    outer loop
      vertex -35.6 -15 9.7
      vertex -35.6 -15 6
      vertex -35.6 -14.5045 6.02049
    endloop
  endfacet
  facet normal 1 0 0
    outer loop
      vertex -35.6 -15.4955 6.02049
      vertex -35.6 -15 9.7
      vertex -35.6 -15.4944 9.75377
    endloop
  endfacet
  facet normal 1 0 0
    outer loop
      vertex -35.6 -15 9.7
      vertex -35.6 -15.4955 6.02049
      vertex -35.6 -15 6
    endloop
  endfacet
  facet normal 1 0 0
    outer loop
      vertex -35.6 -16.9482 6.3251
      vertex -35.6 -15.4944 9.75377
      vertex -35.6 -15.9657 9.91258
    endloop
  endfacet
  facet normal 1 0 0
    outer loop
      vertex -35.6 -15.4944 9.75377
      vertex -35.6 -15.9876 6.08183
      vertex -35.6 -15.4955 6.02049
    endloop
  endfacet
  facet normal 1 0 0
    outer loop
      vertex -35.6 -17.8557 6.72316
      vertex -35.6 -15.9657 9.91258
      vertex -35.6 -16.3919 10.169
    endloop
  endfacet
  facet normal 1 0 0
    outer loop
      vertex -35.6 -15.4944 9.75377
      vertex -35.6 -16.4729 6.1836
      vertex -35.6 -15.9876 6.08183
    endloop
  endfacet
  facet normal 1 0 0
    outer loop
      vertex -35.6 -19.0637 7.58566
      vertex -35.6 -16.3919 10.169
      vertex -35.6 -16.753 10.511
    endloop
  endfacet
  facet normal 1 0 0
    outer loop
      vertex -35.6 -15.4944 9.75377
      vertex -35.6 -16.9482 6.3251
      vertex -35.6 -16.4729 6.1836
    endloop
  endfacet
  facet normal 1 0 0
    outer loop
      vertex -35.6 -20.023 8.71831
      vertex -35.6 -16.753 10.511
      vertex -35.6 -17.0321 10.9227
    endloop
  endfacet
  facet normal 1 0 0
    outer loop
      vertex -35.6 -20.4946 9.58983
      vertex -35.6 -17.0321 10.9227
      vertex -35.6 -17.2162 11.3847
    endloop
  endfacet
  facet normal 1 0 0
    outer loop
      vertex -35.6 -20.9182 11.0124
      vertex -35.6 -17.2162 11.3847
      vertex -35.6 -17.2966 11.8755
    endloop
  endfacet
  facet normal 1 0 0
    outer loop
      vertex -35.6 -15.9657 9.91258
      vertex -35.6 -17.4102 6.50536
      vertex -35.6 -16.9482 6.3251
    endloop
  endfacet
  facet normal 1 -0 0
    outer loop
      vertex -35.6 -19.4143 16.0637
      vertex -35.6 -16.5817 13.6698
      vertex -35.6 -19.0637 16.4143
    endloop
  endfacet
  facet normal 1 0 0
    outer loop
      vertex -35.6 -16.5817 13.6698
      vertex -35.6 -19.4143 16.0637
      vertex -35.6 -16.9037 13.2907
    endloop
  endfacet
  facet normal 1 0 0
    outer loop
      vertex -35.6 -15.9657 9.91258
      vertex -35.6 -17.8557 6.72316
      vertex -35.6 -17.4102 6.50536
    endloop
  endfacet
  facet normal 1 -0 0
    outer loop
      vertex -35.6 -19.7348 15.6853
      vertex -35.6 -16.9037 13.2907
      vertex -35.6 -19.4143 16.0637
    endloop
  endfacet
  facet normal 1 0 0
    outer loop
      vertex -35.6 -16.3919 10.169
      vertex -35.6 -18.2817 6.977
      vertex -35.6 -17.8557 6.72316
    endloop
  endfacet
  facet normal 1 -0 0
    outer loop
      vertex -35.6 -20.023 15.2817
      vertex -35.6 -16.9037 13.2907
      vertex -35.6 -19.7348 15.6853
    endloop
  endfacet
  facet normal 1 0 0
    outer loop
      vertex -35.6 -16.3919 10.169
      vertex -35.6 -18.6853 7.26516
      vertex -35.6 -18.2817 6.977
    endloop
  endfacet
  facet normal 1 -0 0
    outer loop
      vertex -35.6 -20.2768 14.8557
      vertex -35.6 -16.9037 13.2907
      vertex -35.6 -20.023 15.2817
    endloop
  endfacet
  facet normal 1 0 0
    outer loop
      vertex -35.6 -16.3919 10.169
      vertex -35.6 -19.0637 7.58566
      vertex -35.6 -18.6853 7.26516
    endloop
  endfacet
  facet normal 1 0 0
    outer loop
      vertex -35.6 -16.9037 13.2907
      vertex -35.6 -20.2768 14.8557
      vertex -35.6 -17.1366 12.8513
    endloop
  endfacet
  facet normal 1 0 0
    outer loop
      vertex -35.6 -16.753 10.511
      vertex -35.6 -19.4143 7.93631
      vertex -35.6 -19.0637 7.58566
    endloop
  endfacet
  facet normal 1 -0 0
    outer loop
      vertex -35.6 -20.4946 14.4102
      vertex -35.6 -17.1366 12.8513
      vertex -35.6 -20.2768 14.8557
    endloop
  endfacet
  facet normal 1 0 0
    outer loop
      vertex -35.6 -16.753 10.511
      vertex -35.6 -19.7348 8.31472
      vertex -35.6 -19.4143 7.93631
    endloop
  endfacet
  facet normal 1 -0 0
    outer loop
      vertex -35.6 -20.6749 13.9482
      vertex -35.6 -17.1366 12.8513
      vertex -35.6 -20.4946 14.4102
    endloop
  endfacet
  facet normal 1 0 0
    outer loop
      vertex -35.6 -16.753 10.511
      vertex -35.6 -20.023 8.71831
      vertex -35.6 -19.7348 8.31472
    endloop
  endfacet
  facet normal 1 -0 0
    outer loop
      vertex -35.6 -20.8164 13.4729
      vertex -35.6 -17.1366 12.8513
      vertex -35.6 -20.6749 13.9482
    endloop
  endfacet
  facet normal 1 0 0
    outer loop
      vertex -35.6 -17.0321 10.9227
      vertex -35.6 -20.2768 9.14431
      vertex -35.6 -20.023 8.71831
    endloop
  endfacet
  facet normal 1 0 0
    outer loop
      vertex -35.6 -17.1366 12.8513
      vertex -35.6 -20.8164 13.4729
      vertex -35.6 -17.2697 12.3721
    endloop
  endfacet
  facet normal 1 0 0
    outer loop
      vertex -35.6 -17.0321 10.9227
      vertex -35.6 -20.4946 9.58983
      vertex -35.6 -20.2768 9.14431
    endloop
  endfacet
  facet normal 1 -0 0
    outer loop
      vertex -35.6 -20.9182 12.9876
      vertex -35.6 -17.2697 12.3721
      vertex -35.6 -20.8164 13.4729
    endloop
  endfacet
  facet normal 1 0 0
    outer loop
      vertex -35.6 -17.2162 11.3847
      vertex -35.6 -20.6749 10.0518
      vertex -35.6 -20.4946 9.58983
    endloop
  endfacet
  facet normal 1 -0 0
    outer loop
      vertex -35.6 -20.9795 12.4955
      vertex -35.6 -17.2697 12.3721
      vertex -35.6 -20.9182 12.9876
    endloop
  endfacet
  facet normal 1 0 0
    outer loop
      vertex -35.6 -17.2162 11.3847
      vertex -35.6 -20.8164 10.5271
      vertex -35.6 -20.6749 10.0518
    endloop
  endfacet
  facet normal 1 0 0
    outer loop
      vertex -35.6 -17.2697 12.3721
      vertex -35.6 -20.9795 12.4955
      vertex -35.6 -17.2966 11.8755
    endloop
  endfacet
  facet normal 1 0 0
    outer loop
      vertex -35.6 -17.2162 11.3847
      vertex -35.6 -20.9182 11.0124
      vertex -35.6 -20.8164 10.5271
    endloop
  endfacet
  facet normal 1 -0 0
    outer loop
      vertex -35.6 -21 12
      vertex -35.6 -17.2966 11.8755
      vertex -35.6 -20.9795 12.4955
    endloop
  endfacet
  facet normal 1 0 0
    outer loop
      vertex -35.6 -17.2966 11.8755
      vertex -35.6 -20.9795 11.5045
      vertex -35.6 -20.9182 11.0124
    endloop
  endfacet
  facet normal 1 0 0
    outer loop
      vertex -35.6 -17.2966 11.8755
      vertex -35.6 -21 12
      vertex -35.6 -20.9795 11.5045
    endloop
  endfacet
  facet normal 0 0.763081 -0.646303
    outer loop
      vertex -35.6 -10.5857 7.93631
      vertex -39.5924 -10.2652 8.31472
      vertex -35.6 -10.2652 8.31472
    endloop
  endfacet
  facet normal 0 0.763081 -0.646303
    outer loop
      vertex -39.5924 -10.2652 8.31472
      vertex -35.6 -10.5857 7.93631
      vertex -39.5924 -10.5857 7.93631
    endloop
  endfacet
  facet normal 0 0.763081 -0.646303
    outer loop
      vertex -41.9938 -10.5857 7.93631
      vertex -42 -10.2652 8.31472
      vertex -41.9938 -10.2652 8.31472
    endloop
  endfacet
  facet normal 0 0.763081 -0.646303
    outer loop
      vertex -42 -10.2652 8.31472
      vertex -41.9938 -10.5857 7.93631
      vertex -42 -10.5857 7.93631
    endloop
  endfacet
  facet normal 0 -0.285331 -0.958429
    outer loop
      vertex -42 -16.9482 6.3251
      vertex -41.9938 -16.4729 6.1836
      vertex -41.9938 -16.9482 6.3251
    endloop
  endfacet
  facet normal -0 -0.285331 -0.958429
    outer loop
      vertex -41.9938 -16.4729 6.1836
      vertex -42 -16.9482 6.3251
      vertex -42 -16.4729 6.1836
    endloop
  endfacet
  facet normal 0 -0.285331 -0.958429
    outer loop
      vertex -39.5924 -16.9482 6.3251
      vertex -35.6 -16.4729 6.1836
      vertex -35.6 -16.9482 6.3251
    endloop
  endfacet
  facet normal -0 -0.285331 -0.958429
    outer loop
      vertex -35.6 -16.4729 6.1836
      vertex -39.5924 -16.9482 6.3251
      vertex -39.5924 -16.4729 6.1836
    endloop
  endfacet
  facet normal 0 0.992321 -0.123692
    outer loop
      vertex -35.6 -9.08183 11.0124
      vertex -39.5924 -9.02049 11.5045
      vertex -35.6 -9.02049 11.5045
    endloop
  endfacet
  facet normal 0 0.992321 -0.123692
    outer loop
      vertex -39.5924 -9.02049 11.5045
      vertex -35.6 -9.08183 11.0124
      vertex -39.5924 -9.08183 11.0124
    endloop
  endfacet
  facet normal 0 0.992321 -0.123692
    outer loop
      vertex -41.9938 -9.08183 11.0124
      vertex -42 -9.02049 11.5045
      vertex -41.9938 -9.02049 11.5045
    endloop
  endfacet
  facet normal 0 0.992321 -0.123692
    outer loop
      vertex -42 -9.02049 11.5045
      vertex -41.9938 -9.08183 11.0124
      vertex -42 -9.08183 11.0124
    endloop
  endfacet
  facet normal 0 -0.707107 0.707107
    outer loop
      vertex -39.5924 -19.4143 16.0637
      vertex -35.6 -19.0637 16.4143
      vertex -39.5924 -19.0637 16.4143
    endloop
  endfacet
  facet normal 0 -0.707107 0.707107
    outer loop
      vertex -35.6 -19.0637 16.4143
      vertex -39.5924 -19.4143 16.0637
      vertex -35.6 -19.4143 16.0637
    endloop
  endfacet
  facet normal 0 -0.707107 0.707107
    outer loop
      vertex -42 -19.4143 16.0637
      vertex -41.9938 -19.0637 16.4143
      vertex -42 -19.0637 16.4143
    endloop
  endfacet
  facet normal 0 -0.707107 0.707107
    outer loop
      vertex -41.9938 -19.0637 16.4143
      vertex -42 -19.4143 16.0637
      vertex -41.9938 -19.4143 16.0637
    endloop
  endfacet
  facet normal 0 0.813815 0.581124
    outer loop
      vertex -41.9938 -9.977 15.2817
      vertex -42 -10.2652 15.6853
      vertex -41.9938 -10.2652 15.6853
    endloop
  endfacet
  facet normal 0 0.813815 0.581124
    outer loop
      vertex -42 -10.2652 15.6853
      vertex -41.9938 -9.977 15.2817
      vertex -42 -9.977 15.2817
    endloop
  endfacet
  facet normal 0 0.813815 0.581124
    outer loop
      vertex -35.6 -9.977 15.2817
      vertex -39.5924 -10.2652 15.6853
      vertex -35.6 -10.2652 15.6853
    endloop
  endfacet
  facet normal 0 0.813815 0.581124
    outer loop
      vertex -39.5924 -10.2652 15.6853
      vertex -35.6 -9.977 15.2817
      vertex -39.5924 -9.977 15.2817
    endloop
  endfacet
  facet normal -0 0.707107 0.707107
    outer loop
      vertex -39.5924 -10.5857 16.0637
      vertex -35.6 -10.9363 16.4143
      vertex -35.6 -10.5857 16.0637
    endloop
  endfacet
  facet normal 0 0.707107 0.707107
    outer loop
      vertex -35.6 -10.9363 16.4143
      vertex -39.5924 -10.5857 16.0637
      vertex -39.5924 -10.9363 16.4143
    endloop
  endfacet
  facet normal -0 0.707107 0.707107
    outer loop
      vertex -42 -10.5857 16.0637
      vertex -41.9938 -10.9363 16.4143
      vertex -41.9938 -10.5857 16.0637
    endloop
  endfacet
  facet normal 0 0.707107 0.707107
    outer loop
      vertex -41.9938 -10.9363 16.4143
      vertex -42 -10.5857 16.0637
      vertex -42 -10.9363 16.4143
    endloop
  endfacet
  facet normal 0 0.363485 -0.9316
    outer loop
      vertex -39.5924 -13.0518 6.3251
      vertex -35.6 -12.5898 6.50536
      vertex -35.6 -13.0518 6.3251
    endloop
  endfacet
  facet normal 0 0.363485 -0.9316
    outer loop
      vertex -35.6 -12.5898 6.50536
      vertex -39.5924 -13.0518 6.3251
      vertex -39.5924 -12.5898 6.50536
    endloop
  endfacet
  facet normal 0 0.363485 -0.9316
    outer loop
      vertex -42 -13.0518 6.3251
      vertex -41.9938 -12.5898 6.50536
      vertex -41.9938 -13.0518 6.3251
    endloop
  endfacet
  facet normal 0 0.363485 -0.9316
    outer loop
      vertex -41.9938 -12.5898 6.50536
      vertex -42 -13.0518 6.3251
      vertex -42 -12.5898 6.50536
    endloop
  endfacet
  facet normal 0 -0.0413169 -0.999146
    outer loop
      vertex -39.5924 -15.4955 6.02049
      vertex -35.6 -15 6
      vertex -35.6 -15.4955 6.02049
    endloop
  endfacet
  facet normal -0 -0.0413169 -0.999146
    outer loop
      vertex -35.6 -15 6
      vertex -39.5924 -15.4955 6.02049
      vertex -39.5924 -15 6
    endloop
  endfacet
  facet normal 0 -0.0413169 -0.999146
    outer loop
      vertex -42 -15.4955 6.02049
      vertex -41.9938 -15 6
      vertex -41.9938 -15.4955 6.02049
    endloop
  endfacet
  facet normal -0 -0.0413169 -0.999146
    outer loop
      vertex -41.9938 -15 6
      vertex -42 -15.4955 6.02049
      vertex -42 -15 6
    endloop
  endfacet
  facet normal 0 -0.958429 -0.285331
    outer loop
      vertex -39.5924 -20.6749 10.0518
      vertex -35.6 -20.8164 10.5271
      vertex -39.5924 -20.8164 10.5271
    endloop
  endfacet
  facet normal 0 -0.958429 -0.285331
    outer loop
      vertex -35.6 -20.8164 10.5271
      vertex -39.5924 -20.6749 10.0518
      vertex -35.6 -20.6749 10.0518
    endloop
  endfacet
  facet normal 0 -0.958429 -0.285331
    outer loop
      vertex -42 -20.6749 10.0518
      vertex -41.9938 -20.8164 10.5271
      vertex -42 -20.8164 10.5271
    endloop
  endfacet
  facet normal 0 -0.958429 -0.285331
    outer loop
      vertex -41.9938 -20.8164 10.5271
      vertex -42 -20.6749 10.0518
      vertex -41.9938 -20.6749 10.0518
    endloop
  endfacet
  facet normal 0 0.931592 -0.363506
    outer loop
      vertex -41.9938 -9.50536 9.58983
      vertex -42 -9.3251 10.0518
      vertex -41.9938 -9.3251 10.0518
    endloop
  endfacet
  facet normal 0 0.931592 -0.363506
    outer loop
      vertex -42 -9.3251 10.0518
      vertex -41.9938 -9.50536 9.58983
      vertex -42 -9.50536 9.58983
    endloop
  endfacet
  facet normal 0 0.931592 -0.363506
    outer loop
      vertex -35.6 -9.50536 9.58983
      vertex -39.5924 -9.3251 10.0518
      vertex -35.6 -9.3251 10.0518
    endloop
  endfacet
  facet normal 0 0.931592 -0.363506
    outer loop
      vertex -39.5924 -9.3251 10.0518
      vertex -35.6 -9.50536 9.58983
      vertex -39.5924 -9.50536 9.58983
    endloop
  endfacet
  facet normal -0 0.285331 0.958429
    outer loop
      vertex -42 -13.0518 17.6749
      vertex -41.9938 -13.5271 17.8164
      vertex -41.9938 -13.0518 17.6749
    endloop
  endfacet
  facet normal 0 0.285331 0.958429
    outer loop
      vertex -41.9938 -13.5271 17.8164
      vertex -42 -13.0518 17.6749
      vertex -42 -13.5271 17.8164
    endloop
  endfacet
  facet normal -0 0.285331 0.958429
    outer loop
      vertex -39.5924 -13.0518 17.6749
      vertex -35.6 -13.5271 17.8164
      vertex -35.6 -13.0518 17.6749
    endloop
  endfacet
  facet normal 0 0.285331 0.958429
    outer loop
      vertex -35.6 -13.5271 17.8164
      vertex -39.5924 -13.0518 17.6749
      vertex -39.5924 -13.5271 17.8164
    endloop
  endfacet
  facet normal 0 0.646313 -0.763073
    outer loop
      vertex -42 -11.3147 7.26516
      vertex -41.9938 -10.9363 7.58566
      vertex -41.9938 -11.3147 7.26516
    endloop
  endfacet
  facet normal 0 0.646313 -0.763073
    outer loop
      vertex -41.9938 -10.9363 7.58566
      vertex -42 -11.3147 7.26516
      vertex -42 -10.9363 7.58566
    endloop
  endfacet
  facet normal 0 0.646313 -0.763073
    outer loop
      vertex -39.5924 -11.3147 7.26516
      vertex -35.6 -10.9363 7.58566
      vertex -35.6 -11.3147 7.26516
    endloop
  endfacet
  facet normal 0 0.646313 -0.763073
    outer loop
      vertex -35.6 -10.9363 7.58566
      vertex -39.5924 -11.3147 7.26516
      vertex -39.5924 -10.9363 7.58566
    endloop
  endfacet
  facet normal 0 -0.58107 -0.813853
    outer loop
      vertex -39.5924 -18.6853 7.26516
      vertex -35.6 -18.2817 6.977
      vertex -35.6 -18.6853 7.26516
    endloop
  endfacet
  facet normal -0 -0.58107 -0.813853
    outer loop
      vertex -35.6 -18.2817 6.977
      vertex -39.5924 -18.6853 7.26516
      vertex -39.5924 -18.2817 6.977
    endloop
  endfacet
  facet normal 0 -0.58107 -0.813853
    outer loop
      vertex -42 -18.6853 7.26516
      vertex -41.9938 -18.2817 6.977
      vertex -41.9938 -18.6853 7.26516
    endloop
  endfacet
  facet normal -0 -0.58107 -0.813853
    outer loop
      vertex -41.9938 -18.2817 6.977
      vertex -42 -18.6853 7.26516
      vertex -42 -18.2817 6.977
    endloop
  endfacet
  facet normal 0 -0.992331 -0.123613
    outer loop
      vertex -42 -20.9182 11.0124
      vertex -41.9938 -20.9795 11.5045
      vertex -42 -20.9795 11.5045
    endloop
  endfacet
  facet normal 0 -0.992331 -0.123613
    outer loop
      vertex -41.9938 -20.9795 11.5045
      vertex -42 -20.9182 11.0124
      vertex -41.9938 -20.9182 11.0124
    endloop
  endfacet
  facet normal 0 -0.992331 -0.123613
    outer loop
      vertex -39.5924 -20.9182 11.0124
      vertex -35.6 -20.9795 11.5045
      vertex -39.5924 -20.9795 11.5045
    endloop
  endfacet
  facet normal 0 -0.992331 -0.123613
    outer loop
      vertex -35.6 -20.9795 11.5045
      vertex -39.5924 -20.9182 11.0124
      vertex -35.6 -20.9182 11.0124
    endloop
  endfacet
  facet normal 0 0.285331 -0.958429
    outer loop
      vertex -42 -13.5271 6.1836
      vertex -41.9938 -13.0518 6.3251
      vertex -41.9938 -13.5271 6.1836
    endloop
  endfacet
  facet normal 0 0.285331 -0.958429
    outer loop
      vertex -41.9938 -13.0518 6.3251
      vertex -42 -13.5271 6.1836
      vertex -42 -13.0518 6.3251
    endloop
  endfacet
  facet normal 0 0.285331 -0.958429
    outer loop
      vertex -39.5924 -13.5271 6.1836
      vertex -35.6 -13.0518 6.3251
      vertex -35.6 -13.5271 6.1836
    endloop
  endfacet
  facet normal 0 0.285331 -0.958429
    outer loop
      vertex -35.6 -13.0518 6.3251
      vertex -39.5924 -13.5271 6.1836
      vertex -39.5924 -13.0518 6.3251
    endloop
  endfacet
  facet normal 0 -0.041337 0.999145
    outer loop
      vertex -39.5924 -15 18
      vertex -35.6 -15.4955 17.9795
      vertex -35.6 -15 18
    endloop
  endfacet
  facet normal 0 -0.041337 0.999145
    outer loop
      vertex -35.6 -15.4955 17.9795
      vertex -39.5924 -15 18
      vertex -39.5924 -15.4955 17.9795
    endloop
  endfacet
  facet normal 0 -0.041337 0.999145
    outer loop
      vertex -42 -15 18
      vertex -41.9938 -15.4955 17.9795
      vertex -41.9938 -15 18
    endloop
  endfacet
  facet normal 0 -0.041337 0.999145
    outer loop
      vertex -41.9938 -15.4955 17.9795
      vertex -42 -15 18
      vertex -42 -15.4955 17.9795
    endloop
  endfacet
  facet normal 0 0.958429 0.285331
    outer loop
      vertex -41.9938 -9.1836 13.4729
      vertex -42 -9.3251 13.9482
      vertex -41.9938 -9.3251 13.9482
    endloop
  endfacet
  facet normal 0 0.958429 0.285331
    outer loop
      vertex -42 -9.3251 13.9482
      vertex -41.9938 -9.1836 13.4729
      vertex -42 -9.1836 13.4729
    endloop
  endfacet
  facet normal 0 0.958429 0.285331
    outer loop
      vertex -35.6 -9.1836 13.4729
      vertex -39.5924 -9.3251 13.9482
      vertex -35.6 -9.3251 13.9482
    endloop
  endfacet
  facet normal 0 0.958429 0.285331
    outer loop
      vertex -39.5924 -9.3251 13.9482
      vertex -35.6 -9.1836 13.4729
      vertex -39.5924 -9.1836 13.4729
    endloop
  endfacet
  facet normal -0 0.581124 0.813815
    outer loop
      vertex -42 -11.3147 16.7348
      vertex -41.9938 -11.7183 17.023
      vertex -41.9938 -11.3147 16.7348
    endloop
  endfacet
  facet normal 0 0.581124 0.813815
    outer loop
      vertex -41.9938 -11.7183 17.023
      vertex -42 -11.3147 16.7348
      vertex -42 -11.7183 17.023
    endloop
  endfacet
  facet normal -0 0.581124 0.813815
    outer loop
      vertex -39.5924 -11.3147 16.7348
      vertex -35.6 -11.7183 17.023
      vertex -35.6 -11.3147 16.7348
    endloop
  endfacet
  facet normal 0 0.581124 0.813815
    outer loop
      vertex -35.6 -11.7183 17.023
      vertex -39.5924 -11.3147 16.7348
      vertex -39.5924 -11.7183 17.023
    endloop
  endfacet
  facet normal -1 0 0
    outer loop
      vertex -42 -12.7034 11.8755
      vertex -42 -9 12
      vertex -42 -9.02049 11.5045
    endloop
  endfacet
  facet normal -1 0 0
    outer loop
      vertex -42 -12.7034 11.8755
      vertex -42 -9.02049 11.5045
      vertex -42 -9.08183 11.0124
    endloop
  endfacet
  facet normal -1 -0 0
    outer loop
      vertex -42 -9 12
      vertex -42 -12.7034 11.8755
      vertex -42 -9.02049 12.4955
    endloop
  endfacet
  facet normal -1 0 0
    outer loop
      vertex -42 -12.7838 11.3847
      vertex -42 -9.08183 11.0124
      vertex -42 -9.1836 10.5271
    endloop
  endfacet
  facet normal -1 0 0
    outer loop
      vertex -42 -12.7303 12.3721
      vertex -42 -9.02049 12.4955
      vertex -42 -12.7034 11.8755
    endloop
  endfacet
  facet normal -1 0 0
    outer loop
      vertex -42 -12.7838 11.3847
      vertex -42 -9.1836 10.5271
      vertex -42 -9.3251 10.0518
    endloop
  endfacet
  facet normal -1 -0 0
    outer loop
      vertex -42 -9.02049 12.4955
      vertex -42 -12.7303 12.3721
      vertex -42 -9.08183 12.9876
    endloop
  endfacet
  facet normal -1 0 0
    outer loop
      vertex -42 -12.7838 11.3847
      vertex -42 -9.3251 10.0518
      vertex -42 -9.50536 9.58983
    endloop
  endfacet
  facet normal -1 -0 0
    outer loop
      vertex -42 -9.08183 12.9876
      vertex -42 -12.7303 12.3721
      vertex -42 -9.1836 13.4729
    endloop
  endfacet
  facet normal -1 0 0
    outer loop
      vertex -42 -12.9679 10.9227
      vertex -42 -9.50536 9.58983
      vertex -42 -9.72316 9.14431
    endloop
  endfacet
  facet normal -1 0 0
    outer loop
      vertex -42 -12.8634 12.8513
      vertex -42 -9.1836 13.4729
      vertex -42 -12.7303 12.3721
    endloop
  endfacet
  facet normal -1 0 0
    outer loop
      vertex -42 -12.9679 10.9227
      vertex -42 -9.72316 9.14431
      vertex -42 -9.977 8.71831
    endloop
  endfacet
  facet normal -1 -0 0
    outer loop
      vertex -42 -9.1836 13.4729
      vertex -42 -12.8634 12.8513
      vertex -42 -9.3251 13.9482
    endloop
  endfacet
  facet normal -1 0 0
    outer loop
      vertex -42 -13.247 10.511
      vertex -42 -9.977 8.71831
      vertex -42 -10.2652 8.31472
    endloop
  endfacet
  facet normal -1 -0 0
    outer loop
      vertex -42 -9.3251 13.9482
      vertex -42 -12.8634 12.8513
      vertex -42 -9.50536 14.4102
    endloop
  endfacet
  facet normal -1 0 0
    outer loop
      vertex -42 -13.247 10.511
      vertex -42 -10.2652 8.31472
      vertex -42 -10.5857 7.93631
    endloop
  endfacet
  facet normal -1 -0 0
    outer loop
      vertex -42 -9.50536 14.4102
      vertex -42 -12.8634 12.8513
      vertex -42 -9.72316 14.8557
    endloop
  endfacet
  facet normal -1 0 0
    outer loop
      vertex -42 -13.247 10.511
      vertex -42 -10.5857 7.93631
      vertex -42 -10.9363 7.58566
    endloop
  endfacet
  facet normal -1 0 0
    outer loop
      vertex -42 -13.0963 13.2907
      vertex -42 -9.72316 14.8557
      vertex -42 -12.8634 12.8513
    endloop
  endfacet
  facet normal -1 0 0
    outer loop
      vertex -42 -13.6081 10.169
      vertex -42 -10.9363 7.58566
      vertex -42 -11.3147 7.26516
    endloop
  endfacet
  facet normal -1 -0 0
    outer loop
      vertex -42 -9.72316 14.8557
      vertex -42 -13.0963 13.2907
      vertex -42 -9.977 15.2817
    endloop
  endfacet
  facet normal -1 0 0
    outer loop
      vertex -42 -13.6081 10.169
      vertex -42 -11.3147 7.26516
      vertex -42 -11.7183 6.977
    endloop
  endfacet
  facet normal -1 -0 0
    outer loop
      vertex -42 -9.977 15.2817
      vertex -42 -13.0963 13.2907
      vertex -42 -10.2652 15.6853
    endloop
  endfacet
  facet normal -1 0 0
    outer loop
      vertex -42 -13.6081 10.169
      vertex -42 -11.7183 6.977
      vertex -42 -12.1443 6.72316
    endloop
  endfacet
  facet normal -1 -0 0
    outer loop
      vertex -42 -10.2652 15.6853
      vertex -42 -13.0963 13.2907
      vertex -42 -10.5857 16.0637
    endloop
  endfacet
  facet normal -1 0 0
    outer loop
      vertex -42 -14.0343 9.91258
      vertex -42 -12.1443 6.72316
      vertex -42 -12.5898 6.50536
    endloop
  endfacet
  facet normal -1 0 0
    outer loop
      vertex -42 -13.4183 13.6698
      vertex -42 -10.5857 16.0637
      vertex -42 -13.0963 13.2907
    endloop
  endfacet
  facet normal -1 -0 0
    outer loop
      vertex -42 -10.5857 16.0637
      vertex -42 -13.4183 13.6698
      vertex -42 -10.9363 16.4143
    endloop
  endfacet
  facet normal -1 0 0
    outer loop
      vertex -42 -9.08183 11.0124
      vertex -42 -12.7838 11.3847
      vertex -42 -12.7034 11.8755
    endloop
  endfacet
  facet normal -1 0 0
    outer loop
      vertex -42 -9.50536 9.58983
      vertex -42 -12.9679 10.9227
      vertex -42 -12.7838 11.3847
    endloop
  endfacet
  facet normal -1 0 0
    outer loop
      vertex -42 -14.0343 9.91258
      vertex -42 -12.5898 6.50536
      vertex -42 -13.0518 6.3251
    endloop
  endfacet
  facet normal -1 0 0
    outer loop
      vertex -42 -9.977 8.71831
      vertex -42 -13.247 10.511
      vertex -42 -12.9679 10.9227
    endloop
  endfacet
  facet normal -1 0 0
    outer loop
      vertex -42 -14.5056 9.75377
      vertex -42 -13.0518 6.3251
      vertex -42 -13.5271 6.1836
    endloop
  endfacet
  facet normal -1 0 0
    outer loop
      vertex -42 -10.9363 7.58566
      vertex -42 -13.6081 10.169
      vertex -42 -13.247 10.511
    endloop
  endfacet
  facet normal -1 0 0
    outer loop
      vertex -42 -14.5056 9.75377
      vertex -42 -13.5271 6.1836
      vertex -42 -14.0124 6.08183
    endloop
  endfacet
  facet normal -1 0 0
    outer loop
      vertex -42 -12.1443 6.72316
      vertex -42 -14.0343 9.91258
      vertex -42 -13.6081 10.169
    endloop
  endfacet
  facet normal -1 0 0
    outer loop
      vertex -42 -14.5056 9.75377
      vertex -42 -14.0124 6.08183
      vertex -42 -14.5045 6.02049
    endloop
  endfacet
  facet normal -1 0 0
    outer loop
      vertex -42 -13.0518 6.3251
      vertex -42 -14.5056 9.75377
      vertex -42 -14.0343 9.91258
    endloop
  endfacet
  facet normal -1 0 0
    outer loop
      vertex -42 -15 9.7
      vertex -42 -14.5045 6.02049
      vertex -42 -15 6
    endloop
  endfacet
  facet normal -1 0 0
    outer loop
      vertex -42 -14.5045 6.02049
      vertex -42 -15 9.7
      vertex -42 -14.5056 9.75377
    endloop
  endfacet
  facet normal -1 0 0
    outer loop
      vertex -42 -15.4955 6.02049
      vertex -42 -15 9.7
      vertex -42 -15 6
    endloop
  endfacet
  facet normal -1 -0 0
    outer loop
      vertex -42 -15 9.7
      vertex -42 -15.4955 6.02049
      vertex -42 -15.4944 9.75377
    endloop
  endfacet
  facet normal -1 0 0
    outer loop
      vertex -42 -15.9876 6.08183
      vertex -42 -15.4944 9.75377
      vertex -42 -15.4955 6.02049
    endloop
  endfacet
  facet normal -1 0 0
    outer loop
      vertex -42 -16.4729 6.1836
      vertex -42 -15.4944 9.75377
      vertex -42 -15.9876 6.08183
    endloop
  endfacet
  facet normal -1 0 0
    outer loop
      vertex -42 -16.9482 6.3251
      vertex -42 -15.4944 9.75377
      vertex -42 -16.4729 6.1836
    endloop
  endfacet
  facet normal -1 -0 0
    outer loop
      vertex -42 -15.4944 9.75377
      vertex -42 -16.9482 6.3251
      vertex -42 -15.9657 9.91258
    endloop
  endfacet
  facet normal -1 0 0
    outer loop
      vertex -42 -17.4102 6.50536
      vertex -42 -15.9657 9.91258
      vertex -42 -16.9482 6.3251
    endloop
  endfacet
  facet normal -1 0 0
    outer loop
      vertex -42 -17.8557 6.72316
      vertex -42 -15.9657 9.91258
      vertex -42 -17.4102 6.50536
    endloop
  endfacet
  facet normal -1 -0 0
    outer loop
      vertex -42 -15.9657 9.91258
      vertex -42 -17.8557 6.72316
      vertex -42 -16.3919 10.169
    endloop
  endfacet
  facet normal -1 0 0
    outer loop
      vertex -42 -18.2817 6.977
      vertex -42 -16.3919 10.169
      vertex -42 -17.8557 6.72316
    endloop
  endfacet
  facet normal -1 0 0
    outer loop
      vertex -42 -18.6853 7.26516
      vertex -42 -16.3919 10.169
      vertex -42 -18.2817 6.977
    endloop
  endfacet
  facet normal -1 0 0
    outer loop
      vertex -42 -19.0637 7.58566
      vertex -42 -16.3919 10.169
      vertex -42 -18.6853 7.26516
    endloop
  endfacet
  facet normal -1 -0 0
    outer loop
      vertex -42 -10.9363 16.4143
      vertex -42 -13.4183 13.6698
      vertex -42 -11.3147 16.7348
    endloop
  endfacet
  facet normal -1 0 0
    outer loop
      vertex -42 -13.8142 13.9708
      vertex -42 -11.3147 16.7348
      vertex -42 -13.4183 13.6698
    endloop
  endfacet
  facet normal -1 -0 0
    outer loop
      vertex -42 -11.3147 16.7348
      vertex -42 -13.8142 13.9708
      vertex -42 -11.7183 17.023
    endloop
  endfacet
  facet normal -1 -0 0
    outer loop
      vertex -42 -11.7183 17.023
      vertex -42 -13.8142 13.9708
      vertex -42 -12.1443 17.2768
    endloop
  endfacet
  facet normal -1 -0 0
    outer loop
      vertex -42 -12.1443 17.2768
      vertex -42 -13.8142 13.9708
      vertex -42 -12.5898 17.4946
    endloop
  endfacet
  facet normal -1 0 0
    outer loop
      vertex -42 -14.2656 14.1796
      vertex -42 -12.5898 17.4946
      vertex -42 -13.8142 13.9708
    endloop
  endfacet
  facet normal -1 -0 0
    outer loop
      vertex -42 -12.5898 17.4946
      vertex -42 -14.2656 14.1796
      vertex -42 -13.0518 17.6749
    endloop
  endfacet
  facet normal -1 -0 0
    outer loop
      vertex -42 -13.0518 17.6749
      vertex -42 -14.2656 14.1796
      vertex -42 -13.5271 17.8164
    endloop
  endfacet
  facet normal -1 0 0
    outer loop
      vertex -42 -14.7513 14.2865
      vertex -42 -13.5271 17.8164
      vertex -42 -14.2656 14.1796
    endloop
  endfacet
  facet normal -1 -0 0
    outer loop
      vertex -42 -13.5271 17.8164
      vertex -42 -14.7513 14.2865
      vertex -42 -14.0124 17.9182
    endloop
  endfacet
  facet normal -1 -0 0
    outer loop
      vertex -42 -14.0124 17.9182
      vertex -42 -14.7513 14.2865
      vertex -42 -14.5045 17.9795
    endloop
  endfacet
  facet normal -1 0 0
    outer loop
      vertex -42 -14.7513 14.2865
      vertex -42 -15 18
      vertex -42 -14.5045 17.9795
    endloop
  endfacet
  facet normal -1 0 0
    outer loop
      vertex -42 -15.2487 14.2865
      vertex -42 -15 18
      vertex -42 -14.7513 14.2865
    endloop
  endfacet
  facet normal -1 0 0
    outer loop
      vertex -42 -15.2487 14.2865
      vertex -42 -15.4955 17.9795
      vertex -42 -15 18
    endloop
  endfacet
  facet normal -1 0 0
    outer loop
      vertex -42 -16.4729 17.8164
      vertex -42 -15.2487 14.2865
      vertex -42 -15.7344 14.1796
    endloop
  endfacet
  facet normal -1 0 0
    outer loop
      vertex -42 -15.2487 14.2865
      vertex -42 -15.9876 17.9182
      vertex -42 -15.4955 17.9795
    endloop
  endfacet
  facet normal -1 0 0
    outer loop
      vertex -42 -17.4102 17.4946
      vertex -42 -15.7344 14.1796
      vertex -42 -16.1858 13.9708
    endloop
  endfacet
  facet normal -1 0 0
    outer loop
      vertex -42 -15.2487 14.2865
      vertex -42 -16.4729 17.8164
      vertex -42 -15.9876 17.9182
    endloop
  endfacet
  facet normal -1 0 0
    outer loop
      vertex -42 -18.6853 16.7348
      vertex -42 -16.1858 13.9708
      vertex -42 -16.5817 13.6698
    endloop
  endfacet
  facet normal -1 0 0
    outer loop
      vertex -42 -19.4143 16.0637
      vertex -42 -16.5817 13.6698
      vertex -42 -16.9037 13.2907
    endloop
  endfacet
  facet normal -1 0 0
    outer loop
      vertex -42 -15.7344 14.1796
      vertex -42 -16.9482 17.6749
      vertex -42 -16.4729 17.8164
    endloop
  endfacet
  facet normal -1 0 0
    outer loop
      vertex -42 -20.2768 14.8557
      vertex -42 -16.9037 13.2907
      vertex -42 -17.1366 12.8513
    endloop
  endfacet
  facet normal -1 0 0
    outer loop
      vertex -42 -20.8164 13.4729
      vertex -42 -17.1366 12.8513
      vertex -42 -17.2697 12.3721
    endloop
  endfacet
  facet normal -1 0 0
    outer loop
      vertex -42 -15.7344 14.1796
      vertex -42 -17.4102 17.4946
      vertex -42 -16.9482 17.6749
    endloop
  endfacet
  facet normal -1 0 0
    outer loop
      vertex -42 -20.9795 12.4955
      vertex -42 -17.2697 12.3721
      vertex -42 -17.2966 11.8755
    endloop
  endfacet
  facet normal -1 -0 0
    outer loop
      vertex -42 -16.3919 10.169
      vertex -42 -19.0637 7.58566
      vertex -42 -16.753 10.511
    endloop
  endfacet
  facet normal -1 0 0
    outer loop
      vertex -42 -19.4143 7.93631
      vertex -42 -16.753 10.511
      vertex -42 -19.0637 7.58566
    endloop
  endfacet
  facet normal -1 0 0
    outer loop
      vertex -42 -16.1858 13.9708
      vertex -42 -17.8557 17.2768
      vertex -42 -17.4102 17.4946
    endloop
  endfacet
  facet normal -1 0 0
    outer loop
      vertex -42 -19.7348 8.31472
      vertex -42 -16.753 10.511
      vertex -42 -19.4143 7.93631
    endloop
  endfacet
  facet normal -1 0 0
    outer loop
      vertex -42 -16.1858 13.9708
      vertex -42 -18.2817 17.023
      vertex -42 -17.8557 17.2768
    endloop
  endfacet
  facet normal -1 0 0
    outer loop
      vertex -42 -20.023 8.71831
      vertex -42 -16.753 10.511
      vertex -42 -19.7348 8.31472
    endloop
  endfacet
  facet normal -1 0 0
    outer loop
      vertex -42 -16.1858 13.9708
      vertex -42 -18.6853 16.7348
      vertex -42 -18.2817 17.023
    endloop
  endfacet
  facet normal -1 -0 0
    outer loop
      vertex -42 -16.753 10.511
      vertex -42 -20.023 8.71831
      vertex -42 -17.0321 10.9227
    endloop
  endfacet
  facet normal -1 0 0
    outer loop
      vertex -42 -16.5817 13.6698
      vertex -42 -19.0637 16.4143
      vertex -42 -18.6853 16.7348
    endloop
  endfacet
  facet normal -1 0 0
    outer loop
      vertex -42 -20.2768 9.14431
      vertex -42 -17.0321 10.9227
      vertex -42 -20.023 8.71831
    endloop
  endfacet
  facet normal -1 0 0
    outer loop
      vertex -42 -16.5817 13.6698
      vertex -42 -19.4143 16.0637
      vertex -42 -19.0637 16.4143
    endloop
  endfacet
  facet normal -1 0 0
    outer loop
      vertex -42 -20.4946 9.58983
      vertex -42 -17.0321 10.9227
      vertex -42 -20.2768 9.14431
    endloop
  endfacet
  facet normal -1 0 0
    outer loop
      vertex -42 -16.9037 13.2907
      vertex -42 -19.7348 15.6853
      vertex -42 -19.4143 16.0637
    endloop
  endfacet
  facet normal -1 -0 0
    outer loop
      vertex -42 -17.0321 10.9227
      vertex -42 -20.4946 9.58983
      vertex -42 -17.2162 11.3847
    endloop
  endfacet
  facet normal -1 0 0
    outer loop
      vertex -42 -16.9037 13.2907
      vertex -42 -20.023 15.2817
      vertex -42 -19.7348 15.6853
    endloop
  endfacet
  facet normal -1 0 0
    outer loop
      vertex -42 -20.6749 10.0518
      vertex -42 -17.2162 11.3847
      vertex -42 -20.4946 9.58983
    endloop
  endfacet
  facet normal -1 0 0
    outer loop
      vertex -42 -16.9037 13.2907
      vertex -42 -20.2768 14.8557
      vertex -42 -20.023 15.2817
    endloop
  endfacet
  facet normal -1 0 0
    outer loop
      vertex -42 -20.8164 10.5271
      vertex -42 -17.2162 11.3847
      vertex -42 -20.6749 10.0518
    endloop
  endfacet
  facet normal -1 0 0
    outer loop
      vertex -42 -17.1366 12.8513
      vertex -42 -20.4946 14.4102
      vertex -42 -20.2768 14.8557
    endloop
  endfacet
  facet normal -1 0 0
    outer loop
      vertex -42 -20.9182 11.0124
      vertex -42 -17.2162 11.3847
      vertex -42 -20.8164 10.5271
    endloop
  endfacet
  facet normal -1 0 0
    outer loop
      vertex -42 -17.1366 12.8513
      vertex -42 -20.6749 13.9482
      vertex -42 -20.4946 14.4102
    endloop
  endfacet
  facet normal -1 -0 0
    outer loop
      vertex -42 -17.2162 11.3847
      vertex -42 -20.9182 11.0124
      vertex -42 -17.2966 11.8755
    endloop
  endfacet
  facet normal -1 0 0
    outer loop
      vertex -42 -17.1366 12.8513
      vertex -42 -20.8164 13.4729
      vertex -42 -20.6749 13.9482
    endloop
  endfacet
  facet normal -1 0 0
    outer loop
      vertex -42 -20.9795 11.5045
      vertex -42 -17.2966 11.8755
      vertex -42 -20.9182 11.0124
    endloop
  endfacet
  facet normal -1 0 0
    outer loop
      vertex -42 -17.2697 12.3721
      vertex -42 -20.9182 12.9876
      vertex -42 -20.8164 13.4729
    endloop
  endfacet
  facet normal -1 0 0
    outer loop
      vertex -42 -21 12
      vertex -42 -17.2966 11.8755
      vertex -42 -20.9795 11.5045
    endloop
  endfacet
  facet normal -1 0 0
    outer loop
      vertex -42 -17.2697 12.3721
      vertex -42 -20.9795 12.4955
      vertex -42 -20.9182 12.9876
    endloop
  endfacet
  facet normal -1 0 0
    outer loop
      vertex -42 -17.2966 11.8755
      vertex -42 -21 12
      vertex -42 -20.9795 12.4955
    endloop
  endfacet
  facet normal 0 0.999146 0.0413169
    outer loop
      vertex -35.6 -9 12
      vertex -39.5924 -9.02049 12.4955
      vertex -35.6 -9.02049 12.4955
    endloop
  endfacet
  facet normal 0 0.999146 0.0413169
    outer loop
      vertex -39.5924 -9.02049 12.4955
      vertex -35.6 -9 12
      vertex -39.5924 -9 12
    endloop
  endfacet
  facet normal 0 0.999146 0.0413169
    outer loop
      vertex -41.9938 -9 12
      vertex -42 -9.02049 12.4955
      vertex -41.9938 -9.02049 12.4955
    endloop
  endfacet
  facet normal 0 0.999146 0.0413169
    outer loop
      vertex -42 -9.02049 12.4955
      vertex -41.9938 -9 12
      vertex -42 -9 12
    endloop
  endfacet
  facet normal 0 0.958429 -0.285331
    outer loop
      vertex -35.6 -9.3251 10.0518
      vertex -39.5924 -9.1836 10.5271
      vertex -35.6 -9.1836 10.5271
    endloop
  endfacet
  facet normal 0 0.958429 -0.285331
    outer loop
      vertex -39.5924 -9.1836 10.5271
      vertex -35.6 -9.3251 10.0518
      vertex -39.5924 -9.3251 10.0518
    endloop
  endfacet
  facet normal 0 0.958429 -0.285331
    outer loop
      vertex -41.9938 -9.3251 10.0518
      vertex -42 -9.1836 10.5271
      vertex -41.9938 -9.1836 10.5271
    endloop
  endfacet
  facet normal 0 0.958429 -0.285331
    outer loop
      vertex -42 -9.1836 10.5271
      vertex -41.9938 -9.3251 10.0518
      vertex -42 -9.3251 10.0518
    endloop
  endfacet
  facet normal 0 -0.999145 -0.041337
    outer loop
      vertex -42 -20.9795 11.5045
      vertex -41.9938 -21 12
      vertex -42 -21 12
    endloop
  endfacet
  facet normal 0 -0.999145 -0.041337
    outer loop
      vertex -41.9938 -21 12
      vertex -42 -20.9795 11.5045
      vertex -41.9938 -20.9795 11.5045
    endloop
  endfacet
  facet normal 0 -0.999145 -0.041337
    outer loop
      vertex -39.5924 -20.9795 11.5045
      vertex -35.6 -21 12
      vertex -39.5924 -21 12
    endloop
  endfacet
  facet normal 0 -0.999145 -0.041337
    outer loop
      vertex -35.6 -21 12
      vertex -39.5924 -20.9795 11.5045
      vertex -35.6 -20.9795 11.5045
    endloop
  endfacet
  facet normal 0 0.511884 -0.859055
    outer loop
      vertex -39.5924 -12.1443 6.72316
      vertex -35.6 -11.7183 6.977
      vertex -35.6 -12.1443 6.72316
    endloop
  endfacet
  facet normal 0 0.511884 -0.859055
    outer loop
      vertex -35.6 -11.7183 6.977
      vertex -39.5924 -12.1443 6.72316
      vertex -39.5924 -11.7183 6.977
    endloop
  endfacet
  facet normal 0 0.511884 -0.859055
    outer loop
      vertex -42 -12.1443 6.72316
      vertex -41.9938 -11.7183 6.977
      vertex -41.9938 -12.1443 6.72316
    endloop
  endfacet
  facet normal 0 0.511884 -0.859055
    outer loop
      vertex -41.9938 -11.7183 6.977
      vertex -42 -12.1443 6.72316
      vertex -42 -11.7183 6.977
    endloop
  endfacet
  facet normal 0 0.9316 0.363485
    outer loop
      vertex -35.6 -9.3251 13.9482
      vertex -39.5924 -9.50536 14.4102
      vertex -35.6 -9.50536 14.4102
    endloop
  endfacet
  facet normal 0 0.9316 0.363485
    outer loop
      vertex -39.5924 -9.50536 14.4102
      vertex -35.6 -9.3251 13.9482
      vertex -39.5924 -9.3251 13.9482
    endloop
  endfacet
  facet normal 0 0.9316 0.363485
    outer loop
      vertex -41.9938 -9.3251 13.9482
      vertex -42 -9.50536 14.4102
      vertex -41.9938 -9.50536 14.4102
    endloop
  endfacet
  facet normal 0 0.9316 0.363485
    outer loop
      vertex -42 -9.50536 14.4102
      vertex -41.9938 -9.3251 13.9482
      vertex -42 -9.3251 13.9482
    endloop
  endfacet
  facet normal 0 0.859055 -0.511884
    outer loop
      vertex -35.6 -9.977 8.71831
      vertex -39.5924 -9.72316 9.14431
      vertex -35.6 -9.72316 9.14431
    endloop
  endfacet
  facet normal 0 0.859055 -0.511884
    outer loop
      vertex -39.5924 -9.72316 9.14431
      vertex -35.6 -9.977 8.71831
      vertex -39.5924 -9.977 8.71831
    endloop
  endfacet
  facet normal 0 0.859055 -0.511884
    outer loop
      vertex -41.9938 -9.977 8.71831
      vertex -42 -9.72316 9.14431
      vertex -41.9938 -9.72316 9.14431
    endloop
  endfacet
  facet normal 0 0.859055 -0.511884
    outer loop
      vertex -42 -9.72316 9.14431
      vertex -41.9938 -9.977 8.71831
      vertex -42 -9.977 8.71831
    endloop
  endfacet
  facet normal 0 0.58107 -0.813853
    outer loop
      vertex -42 -11.7183 6.977
      vertex -41.9938 -11.3147 7.26516
      vertex -41.9938 -11.7183 6.977
    endloop
  endfacet
  facet normal 0 0.58107 -0.813853
    outer loop
      vertex -41.9938 -11.3147 7.26516
      vertex -42 -11.7183 6.977
      vertex -42 -11.3147 7.26516
    endloop
  endfacet
  facet normal 0 0.58107 -0.813853
    outer loop
      vertex -39.5924 -11.7183 6.977
      vertex -35.6 -11.3147 7.26516
      vertex -35.6 -11.7183 6.977
    endloop
  endfacet
  facet normal 0 0.58107 -0.813853
    outer loop
      vertex -35.6 -11.3147 7.26516
      vertex -39.5924 -11.7183 6.977
      vertex -39.5924 -11.3147 7.26516
    endloop
  endfacet
  facet normal 0 0.763073 0.646313
    outer loop
      vertex -41.9938 -10.2652 15.6853
      vertex -42 -10.5857 16.0637
      vertex -41.9938 -10.5857 16.0637
    endloop
  endfacet
  facet normal 0 0.763073 0.646313
    outer loop
      vertex -42 -10.5857 16.0637
      vertex -41.9938 -10.2652 15.6853
      vertex -42 -10.2652 15.6853
    endloop
  endfacet
  facet normal 0 0.763073 0.646313
    outer loop
      vertex -35.6 -10.2652 15.6853
      vertex -39.5924 -10.5857 16.0637
      vertex -35.6 -10.5857 16.0637
    endloop
  endfacet
  facet normal 0 0.763073 0.646313
    outer loop
      vertex -39.5924 -10.5857 16.0637
      vertex -35.6 -10.2652 15.6853
      vertex -39.5924 -10.2652 15.6853
    endloop
  endfacet
  facet normal 0 -0.363555 0.931573
    outer loop
      vertex -42 -16.9482 17.6749
      vertex -41.9938 -17.4102 17.4946
      vertex -41.9938 -16.9482 17.6749
    endloop
  endfacet
  facet normal 0 -0.363555 0.931573
    outer loop
      vertex -41.9938 -17.4102 17.4946
      vertex -42 -16.9482 17.6749
      vertex -42 -17.4102 17.4946
    endloop
  endfacet
  facet normal 0 -0.363555 0.931573
    outer loop
      vertex -39.5924 -16.9482 17.6749
      vertex -35.6 -17.4102 17.4946
      vertex -35.6 -16.9482 17.6749
    endloop
  endfacet
  facet normal 0 -0.363555 0.931573
    outer loop
      vertex -35.6 -17.4102 17.4946
      vertex -39.5924 -16.9482 17.6749
      vertex -39.5924 -17.4102 17.4946
    endloop
  endfacet
  facet normal 0 0.898392 -0.439194
    outer loop
      vertex -41.9938 -9.72316 9.14431
      vertex -42 -9.50536 9.58983
      vertex -41.9938 -9.50536 9.58983
    endloop
  endfacet
  facet normal 0 0.898392 -0.439194
    outer loop
      vertex -42 -9.50536 9.58983
      vertex -41.9938 -9.72316 9.14431
      vertex -42 -9.72316 9.14431
    endloop
  endfacet
  facet normal 0 0.898392 -0.439194
    outer loop
      vertex -35.6 -9.72316 9.14431
      vertex -39.5924 -9.50536 9.58983
      vertex -35.6 -9.50536 9.58983
    endloop
  endfacet
  facet normal 0 0.898392 -0.439194
    outer loop
      vertex -39.5924 -9.50536 9.58983
      vertex -35.6 -9.72316 9.14431
      vertex -39.5924 -9.72316 9.14431
    endloop
  endfacet
  facet normal 0 -0.992331 0.123613
    outer loop
      vertex -42 -20.9795 12.4955
      vertex -41.9938 -20.9182 12.9876
      vertex -42 -20.9182 12.9876
    endloop
  endfacet
  facet normal 0 -0.992331 0.123613
    outer loop
      vertex -41.9938 -20.9182 12.9876
      vertex -42 -20.9795 12.4955
      vertex -41.9938 -20.9795 12.4955
    endloop
  endfacet
  facet normal 0 -0.992331 0.123613
    outer loop
      vertex -39.5924 -20.9795 12.4955
      vertex -35.6 -20.9182 12.9876
      vertex -39.5924 -20.9182 12.9876
    endloop
  endfacet
  facet normal 0 -0.992331 0.123613
    outer loop
      vertex -35.6 -20.9182 12.9876
      vertex -39.5924 -20.9795 12.4955
      vertex -35.6 -20.9795 12.4955
    endloop
  endfacet
  facet normal 0 -0.978699 -0.205299
    outer loop
      vertex -39.5924 -20.8164 10.5271
      vertex -35.6 -20.9182 11.0124
      vertex -39.5924 -20.9182 11.0124
    endloop
  endfacet
  facet normal 0 -0.978699 -0.205299
    outer loop
      vertex -35.6 -20.9182 11.0124
      vertex -39.5924 -20.8164 10.5271
      vertex -35.6 -20.8164 10.5271
    endloop
  endfacet
  facet normal 0 -0.978699 -0.205299
    outer loop
      vertex -42 -20.8164 10.5271
      vertex -41.9938 -20.9182 11.0124
      vertex -42 -20.9182 11.0124
    endloop
  endfacet
  facet normal 0 -0.978699 -0.205299
    outer loop
      vertex -41.9938 -20.9182 11.0124
      vertex -42 -20.8164 10.5271
      vertex -41.9938 -20.8164 10.5271
    endloop
  endfacet
  facet normal -0 0.363555 0.931573
    outer loop
      vertex -42 -12.5898 17.4946
      vertex -41.9938 -13.0518 17.6749
      vertex -41.9938 -12.5898 17.4946
    endloop
  endfacet
  facet normal 0 0.363555 0.931573
    outer loop
      vertex -41.9938 -13.0518 17.6749
      vertex -42 -12.5898 17.4946
      vertex -42 -13.0518 17.6749
    endloop
  endfacet
  facet normal -0 0.363555 0.931573
    outer loop
      vertex -39.5924 -12.5898 17.4946
      vertex -35.6 -13.0518 17.6749
      vertex -35.6 -12.5898 17.4946
    endloop
  endfacet
  facet normal 0 0.363555 0.931573
    outer loop
      vertex -35.6 -13.0518 17.6749
      vertex -39.5924 -12.5898 17.4946
      vertex -39.5924 -13.0518 17.6749
    endloop
  endfacet
  facet normal 0 -0.958429 0.285331
    outer loop
      vertex -42 -20.8164 13.4729
      vertex -41.9938 -20.6749 13.9482
      vertex -42 -20.6749 13.9482
    endloop
  endfacet
  facet normal 0 -0.958429 0.285331
    outer loop
      vertex -41.9938 -20.6749 13.9482
      vertex -42 -20.8164 13.4729
      vertex -41.9938 -20.8164 13.4729
    endloop
  endfacet
  facet normal 0 -0.958429 0.285331
    outer loop
      vertex -39.5924 -20.8164 13.4729
      vertex -35.6 -20.6749 13.9482
      vertex -39.5924 -20.6749 13.9482
    endloop
  endfacet
  facet normal 0 -0.958429 0.285331
    outer loop
      vertex -35.6 -20.6749 13.9482
      vertex -39.5924 -20.8164 13.4729
      vertex -35.6 -20.8164 13.4729
    endloop
  endfacet
  facet normal 0 0.898384 0.43921
    outer loop
      vertex -35.6 -9.50536 14.4102
      vertex -39.5924 -9.72316 14.8557
      vertex -35.6 -9.72316 14.8557
    endloop
  endfacet
  facet normal 0 0.898384 0.43921
    outer loop
      vertex -39.5924 -9.72316 14.8557
      vertex -35.6 -9.50536 14.4102
      vertex -39.5924 -9.50536 14.4102
    endloop
  endfacet
  facet normal 0 0.898384 0.43921
    outer loop
      vertex -41.9938 -9.50536 14.4102
      vertex -42 -9.72316 14.8557
      vertex -41.9938 -9.72316 14.8557
    endloop
  endfacet
  facet normal 0 0.898384 0.43921
    outer loop
      vertex -42 -9.72316 14.8557
      vertex -41.9938 -9.50536 14.4102
      vertex -42 -9.50536 14.4102
    endloop
  endfacet
  facet normal 0 -0.646313 0.763073
    outer loop
      vertex -39.5924 -18.6853 16.7348
      vertex -35.6 -19.0637 16.4143
      vertex -35.6 -18.6853 16.7348
    endloop
  endfacet
  facet normal 0 -0.646313 0.763073
    outer loop
      vertex -35.6 -19.0637 16.4143
      vertex -39.5924 -18.6853 16.7348
      vertex -39.5924 -19.0637 16.4143
    endloop
  endfacet
  facet normal 0 -0.646313 0.763073
    outer loop
      vertex -42 -18.6853 16.7348
      vertex -41.9938 -19.0637 16.4143
      vertex -41.9938 -18.6853 16.7348
    endloop
  endfacet
  facet normal 0 -0.646313 0.763073
    outer loop
      vertex -41.9938 -19.0637 16.4143
      vertex -42 -18.6853 16.7348
      vertex -42 -19.0637 16.4143
    endloop
  endfacet
  facet normal 0 -0.763073 0.646313
    outer loop
      vertex -39.5924 -19.7348 15.6853
      vertex -35.6 -19.4143 16.0637
      vertex -39.5924 -19.4143 16.0637
    endloop
  endfacet
  facet normal 0 -0.763073 0.646313
    outer loop
      vertex -35.6 -19.4143 16.0637
      vertex -39.5924 -19.7348 15.6853
      vertex -35.6 -19.7348 15.6853
    endloop
  endfacet
  facet normal 0 -0.763073 0.646313
    outer loop
      vertex -42 -19.7348 15.6853
      vertex -41.9938 -19.4143 16.0637
      vertex -42 -19.4143 16.0637
    endloop
  endfacet
  facet normal 0 -0.763073 0.646313
    outer loop
      vertex -41.9938 -19.4143 16.0637
      vertex -42 -19.7348 15.6853
      vertex -41.9938 -19.7348 15.6853
    endloop
  endfacet
  facet normal -0 0.041337 0.999145
    outer loop
      vertex -39.5924 -14.5045 17.9795
      vertex -35.6 -15 18
      vertex -35.6 -14.5045 17.9795
    endloop
  endfacet
  facet normal 0 0.041337 0.999145
    outer loop
      vertex -35.6 -15 18
      vertex -39.5924 -14.5045 17.9795
      vertex -39.5924 -15 18
    endloop
  endfacet
  facet normal -0 0.041337 0.999145
    outer loop
      vertex -42 -14.5045 17.9795
      vertex -41.9938 -15 18
      vertex -41.9938 -14.5045 17.9795
    endloop
  endfacet
  facet normal 0 0.041337 0.999145
    outer loop
      vertex -41.9938 -15 18
      vertex -42 -14.5045 17.9795
      vertex -42 -15 18
    endloop
  endfacet
  facet normal 0 -0.931565 -0.363576
    outer loop
      vertex -39.5924 -20.4946 9.58983
      vertex -35.6 -20.6749 10.0518
      vertex -39.5924 -20.6749 10.0518
    endloop
  endfacet
  facet normal 0 -0.931565 -0.363576
    outer loop
      vertex -35.6 -20.6749 10.0518
      vertex -39.5924 -20.4946 9.58983
      vertex -35.6 -20.4946 9.58983
    endloop
  endfacet
  facet normal 0 -0.931565 -0.363576
    outer loop
      vertex -42 -20.4946 9.58983
      vertex -41.9938 -20.6749 10.0518
      vertex -42 -20.6749 10.0518
    endloop
  endfacet
  facet normal 0 -0.931565 -0.363576
    outer loop
      vertex -41.9938 -20.6749 10.0518
      vertex -42 -20.4946 9.58983
      vertex -41.9938 -20.4946 9.58983
    endloop
  endfacet
  facet normal 0 0.707157 -0.707056
    outer loop
      vertex -41.9938 -10.9363 7.58566
      vertex -42 -10.5857 7.93631
      vertex -41.9938 -10.5857 7.93631
    endloop
  endfacet
  facet normal 0 0.707157 -0.707056
    outer loop
      vertex -42 -10.5857 7.93631
      vertex -41.9938 -10.9363 7.58566
      vertex -42 -10.9363 7.58566
    endloop
  endfacet
  facet normal 0 0.707157 -0.707056
    outer loop
      vertex -35.6 -10.9363 7.58566
      vertex -39.5924 -10.5857 7.93631
      vertex -35.6 -10.5857 7.93631
    endloop
  endfacet
  facet normal 0 0.707157 -0.707056
    outer loop
      vertex -39.5924 -10.5857 7.93631
      vertex -35.6 -10.9363 7.58566
      vertex -39.5924 -10.9363 7.58566
    endloop
  endfacet
  facet normal 0 -0.898392 -0.439194
    outer loop
      vertex -39.5924 -20.2768 9.14431
      vertex -35.6 -20.4946 9.58983
      vertex -39.5924 -20.4946 9.58983
    endloop
  endfacet
  facet normal 0 -0.898392 -0.439194
    outer loop
      vertex -35.6 -20.4946 9.58983
      vertex -39.5924 -20.2768 9.14431
      vertex -35.6 -20.2768 9.14431
    endloop
  endfacet
  facet normal 0 -0.898392 -0.439194
    outer loop
      vertex -42 -20.2768 9.14431
      vertex -41.9938 -20.4946 9.58983
      vertex -42 -20.4946 9.58983
    endloop
  endfacet
  facet normal 0 -0.898392 -0.439194
    outer loop
      vertex -41.9938 -20.4946 9.58983
      vertex -42 -20.2768 9.14431
      vertex -41.9938 -20.2768 9.14431
    endloop
  endfacet
  facet normal 0 -0.43921 0.898384
    outer loop
      vertex -42 -17.4102 17.4946
      vertex -41.9938 -17.8557 17.2768
      vertex -41.9938 -17.4102 17.4946
    endloop
  endfacet
  facet normal 0 -0.43921 0.898384
    outer loop
      vertex -41.9938 -17.8557 17.2768
      vertex -42 -17.4102 17.4946
      vertex -42 -17.8557 17.2768
    endloop
  endfacet
  facet normal 0 -0.43921 0.898384
    outer loop
      vertex -39.5924 -17.4102 17.4946
      vertex -35.6 -17.8557 17.2768
      vertex -35.6 -17.4102 17.4946
    endloop
  endfacet
  facet normal 0 -0.43921 0.898384
    outer loop
      vertex -35.6 -17.8557 17.2768
      vertex -39.5924 -17.4102 17.4946
      vertex -39.5924 -17.8557 17.2768
    endloop
  endfacet
  facet normal 0 -0.898384 0.43921
    outer loop
      vertex -42 -20.4946 14.4102
      vertex -41.9938 -20.2768 14.8557
      vertex -42 -20.2768 14.8557
    endloop
  endfacet
  facet normal 0 -0.898384 0.43921
    outer loop
      vertex -41.9938 -20.2768 14.8557
      vertex -42 -20.4946 14.4102
      vertex -41.9938 -20.4946 14.4102
    endloop
  endfacet
  facet normal 0 -0.898384 0.43921
    outer loop
      vertex -39.5924 -20.4946 14.4102
      vertex -35.6 -20.2768 14.8557
      vertex -39.5924 -20.2768 14.8557
    endloop
  endfacet
  facet normal 0 -0.898384 0.43921
    outer loop
      vertex -35.6 -20.2768 14.8557
      vertex -39.5924 -20.4946 14.4102
      vertex -35.6 -20.4946 14.4102
    endloop
  endfacet
  facet normal 0 -0.511824 0.85909
    outer loop
      vertex -39.5924 -17.8557 17.2768
      vertex -35.6 -18.2817 17.023
      vertex -35.6 -17.8557 17.2768
    endloop
  endfacet
  facet normal 0 -0.511824 0.85909
    outer loop
      vertex -35.6 -18.2817 17.023
      vertex -39.5924 -17.8557 17.2768
      vertex -39.5924 -18.2817 17.023
    endloop
  endfacet
  facet normal 0 -0.511824 0.85909
    outer loop
      vertex -42 -17.8557 17.2768
      vertex -41.9938 -18.2817 17.023
      vertex -41.9938 -17.8557 17.2768
    endloop
  endfacet
  facet normal 0 -0.511824 0.85909
    outer loop
      vertex -41.9938 -18.2817 17.023
      vertex -42 -17.8557 17.2768
      vertex -42 -18.2817 17.023
    endloop
  endfacet
  facet normal 0 -0.646313 -0.763073
    outer loop
      vertex -39.5924 -19.0637 7.58566
      vertex -35.6 -18.6853 7.26516
      vertex -35.6 -19.0637 7.58566
    endloop
  endfacet
  facet normal -0 -0.646313 -0.763073
    outer loop
      vertex -35.6 -18.6853 7.26516
      vertex -39.5924 -19.0637 7.58566
      vertex -39.5924 -18.6853 7.26516
    endloop
  endfacet
  facet normal 0 -0.646313 -0.763073
    outer loop
      vertex -42 -19.0637 7.58566
      vertex -41.9938 -18.6853 7.26516
      vertex -41.9938 -19.0637 7.58566
    endloop
  endfacet
  facet normal -0 -0.646313 -0.763073
    outer loop
      vertex -41.9938 -18.6853 7.26516
      vertex -42 -19.0637 7.58566
      vertex -42 -18.6853 7.26516
    endloop
  endfacet
  facet normal 0 -0.123692 -0.992321
    outer loop
      vertex -39.5924 -15.9876 6.08183
      vertex -35.6 -15.4955 6.02049
      vertex -35.6 -15.9876 6.08183
    endloop
  endfacet
  facet normal -0 -0.123692 -0.992321
    outer loop
      vertex -35.6 -15.4955 6.02049
      vertex -39.5924 -15.9876 6.08183
      vertex -39.5924 -15.4955 6.02049
    endloop
  endfacet
  facet normal 0 -0.123692 -0.992321
    outer loop
      vertex -42 -15.9876 6.08183
      vertex -41.9938 -15.4955 6.02049
      vertex -41.9938 -15.9876 6.08183
    endloop
  endfacet
  facet normal -0 -0.123692 -0.992321
    outer loop
      vertex -41.9938 -15.4955 6.02049
      vertex -42 -15.9876 6.08183
      vertex -42 -15.4955 6.02049
    endloop
  endfacet
  facet normal -0 0.511824 0.85909
    outer loop
      vertex -42 -11.7183 17.023
      vertex -41.9938 -12.1443 17.2768
      vertex -41.9938 -11.7183 17.023
    endloop
  endfacet
  facet normal 0 0.511824 0.85909
    outer loop
      vertex -41.9938 -12.1443 17.2768
      vertex -42 -11.7183 17.023
      vertex -42 -12.1443 17.2768
    endloop
  endfacet
  facet normal -0 0.511824 0.85909
    outer loop
      vertex -39.5924 -11.7183 17.023
      vertex -35.6 -12.1443 17.2768
      vertex -35.6 -11.7183 17.023
    endloop
  endfacet
  facet normal 0 0.511824 0.85909
    outer loop
      vertex -35.6 -12.1443 17.2768
      vertex -39.5924 -11.7183 17.023
      vertex -39.5924 -12.1443 17.2768
    endloop
  endfacet
  facet normal -0 0.646313 0.763073
    outer loop
      vertex -42 -10.9363 16.4143
      vertex -41.9938 -11.3147 16.7348
      vertex -41.9938 -10.9363 16.4143
    endloop
  endfacet
  facet normal 0 0.646313 0.763073
    outer loop
      vertex -41.9938 -11.3147 16.7348
      vertex -42 -10.9363 16.4143
      vertex -42 -11.3147 16.7348
    endloop
  endfacet
  facet normal -0 0.646313 0.763073
    outer loop
      vertex -39.5924 -10.9363 16.4143
      vertex -35.6 -11.3147 16.7348
      vertex -35.6 -10.9363 16.4143
    endloop
  endfacet
  facet normal 0 0.646313 0.763073
    outer loop
      vertex -35.6 -11.3147 16.7348
      vertex -39.5924 -10.9363 16.4143
      vertex -39.5924 -11.3147 16.7348
    endloop
  endfacet
  facet normal 0 -0.205241 -0.978711
    outer loop
      vertex -39.5924 -16.4729 6.1836
      vertex -35.6 -15.9876 6.08183
      vertex -35.6 -16.4729 6.1836
    endloop
  endfacet
  facet normal -0 -0.205241 -0.978711
    outer loop
      vertex -35.6 -15.9876 6.08183
      vertex -39.5924 -16.4729 6.1836
      vertex -39.5924 -15.9876 6.08183
    endloop
  endfacet
  facet normal 0 -0.205241 -0.978711
    outer loop
      vertex -42 -16.4729 6.1836
      vertex -41.9938 -15.9876 6.08183
      vertex -41.9938 -16.4729 6.1836
    endloop
  endfacet
  facet normal -0 -0.205241 -0.978711
    outer loop
      vertex -41.9938 -15.9876 6.08183
      vertex -42 -16.4729 6.1836
      vertex -42 -15.9876 6.08183
    endloop
  endfacet
  facet normal 0 -0.763081 -0.646303
    outer loop
      vertex -39.5924 -19.4143 7.93631
      vertex -35.6 -19.7348 8.31472
      vertex -39.5924 -19.7348 8.31472
    endloop
  endfacet
  facet normal 0 -0.763081 -0.646303
    outer loop
      vertex -35.6 -19.7348 8.31472
      vertex -39.5924 -19.4143 7.93631
      vertex -35.6 -19.4143 7.93631
    endloop
  endfacet
  facet normal 0 -0.763081 -0.646303
    outer loop
      vertex -42 -19.4143 7.93631
      vertex -41.9938 -19.7348 8.31472
      vertex -42 -19.7348 8.31472
    endloop
  endfacet
  facet normal 0 -0.763081 -0.646303
    outer loop
      vertex -41.9938 -19.7348 8.31472
      vertex -42 -19.4143 7.93631
      vertex -41.9938 -19.4143 7.93631
    endloop
  endfacet
  facet normal 0 -0.813815 0.581124
    outer loop
      vertex -39.5924 -20.023 15.2817
      vertex -35.6 -19.7348 15.6853
      vertex -39.5924 -19.7348 15.6853
    endloop
  endfacet
  facet normal 0 -0.813815 0.581124
    outer loop
      vertex -35.6 -19.7348 15.6853
      vertex -39.5924 -20.023 15.2817
      vertex -35.6 -20.023 15.2817
    endloop
  endfacet
  facet normal 0 -0.813815 0.581124
    outer loop
      vertex -42 -20.023 15.2817
      vertex -41.9938 -19.7348 15.6853
      vertex -42 -19.7348 15.6853
    endloop
  endfacet
  facet normal 0 -0.813815 0.581124
    outer loop
      vertex -41.9938 -19.7348 15.6853
      vertex -42 -20.023 15.2817
      vertex -41.9938 -20.023 15.2817
    endloop
  endfacet
  facet normal 0 -0.931592 -0.363506
    outer loop
      vertex -42 9.50536 9.58983
      vertex -41.9938 9.3251 10.0518
      vertex -42 9.3251 10.0518
    endloop
  endfacet
  facet normal 0 -0.931592 -0.363506
    outer loop
      vertex -41.9938 9.3251 10.0518
      vertex -42 9.50536 9.58983
      vertex -41.9938 9.50536 9.58983
    endloop
  endfacet
  facet normal 0 -0.931592 -0.363506
    outer loop
      vertex -39.5924 9.50536 9.58983
      vertex -35.6 9.3251 10.0518
      vertex -39.5924 9.3251 10.0518
    endloop
  endfacet
  facet normal 0 -0.931592 -0.363506
    outer loop
      vertex -35.6 9.3251 10.0518
      vertex -39.5924 9.50536 9.58983
      vertex -35.6 9.50536 9.58983
    endloop
  endfacet
  facet normal 0 -0.0413169 -0.999146
    outer loop
      vertex -42 14.5045 6.02049
      vertex -41.9938 15 6
      vertex -41.9938 14.5045 6.02049
    endloop
  endfacet
  facet normal -0 -0.0413169 -0.999146
    outer loop
      vertex -41.9938 15 6
      vertex -42 14.5045 6.02049
      vertex -42 15 6
    endloop
  endfacet
  facet normal 0 -0.0413169 -0.999146
    outer loop
      vertex -39.5924 14.5045 6.02049
      vertex -35.6 15 6
      vertex -35.6 14.5045 6.02049
    endloop
  endfacet
  facet normal -0 -0.0413169 -0.999146
    outer loop
      vertex -35.6 15 6
      vertex -39.5924 14.5045 6.02049
      vertex -39.5924 15 6
    endloop
  endfacet
  facet normal 0 0.205241 -0.978711
    outer loop
      vertex -42 15.9876 6.08183
      vertex -41.9938 16.4729 6.1836
      vertex -41.9938 15.9876 6.08183
    endloop
  endfacet
  facet normal 0 0.205241 -0.978711
    outer loop
      vertex -41.9938 16.4729 6.1836
      vertex -42 15.9876 6.08183
      vertex -42 16.4729 6.1836
    endloop
  endfacet
  facet normal 0 0.205241 -0.978711
    outer loop
      vertex -39.5924 15.9876 6.08183
      vertex -35.6 16.4729 6.1836
      vertex -35.6 15.9876 6.08183
    endloop
  endfacet
  facet normal 0 0.205241 -0.978711
    outer loop
      vertex -35.6 16.4729 6.1836
      vertex -39.5924 15.9876 6.08183
      vertex -39.5924 16.4729 6.1836
    endloop
  endfacet
  facet normal 0 -0.978711 -0.205241
    outer loop
      vertex -42 9.1836 10.5271
      vertex -41.9938 9.08183 11.0124
      vertex -42 9.08183 11.0124
    endloop
  endfacet
  facet normal 0 -0.978711 -0.205241
    outer loop
      vertex -41.9938 9.08183 11.0124
      vertex -42 9.1836 10.5271
      vertex -41.9938 9.1836 10.5271
    endloop
  endfacet
  facet normal 0 -0.978711 -0.205241
    outer loop
      vertex -39.5924 9.1836 10.5271
      vertex -35.6 9.08183 11.0124
      vertex -39.5924 9.08183 11.0124
    endloop
  endfacet
  facet normal 0 -0.978711 -0.205241
    outer loop
      vertex -35.6 9.08183 11.0124
      vertex -39.5924 9.1836 10.5271
      vertex -35.6 9.1836 10.5271
    endloop
  endfacet
  facet normal 0 0.85909 -0.511824
    outer loop
      vertex -41.9938 20.023 8.71831
      vertex -42 20.2768 9.14431
      vertex -41.9938 20.2768 9.14431
    endloop
  endfacet
  facet normal 0 0.85909 -0.511824
    outer loop
      vertex -42 20.2768 9.14431
      vertex -41.9938 20.023 8.71831
      vertex -42 20.023 8.71831
    endloop
  endfacet
  facet normal 0 0.85909 -0.511824
    outer loop
      vertex -35.6 20.023 8.71831
      vertex -39.5924 20.2768 9.14431
      vertex -35.6 20.2768 9.14431
    endloop
  endfacet
  facet normal 0 0.85909 -0.511824
    outer loop
      vertex -39.5924 20.2768 9.14431
      vertex -35.6 20.023 8.71831
      vertex -39.5924 20.023 8.71831
    endloop
  endfacet
  facet normal 0 0.58107 -0.813853
    outer loop
      vertex -42 18.2817 6.977
      vertex -41.9938 18.6853 7.26516
      vertex -41.9938 18.2817 6.977
    endloop
  endfacet
  facet normal 0 0.58107 -0.813853
    outer loop
      vertex -41.9938 18.6853 7.26516
      vertex -42 18.2817 6.977
      vertex -42 18.6853 7.26516
    endloop
  endfacet
  facet normal 0 0.58107 -0.813853
    outer loop
      vertex -39.5924 18.2817 6.977
      vertex -35.6 18.6853 7.26516
      vertex -35.6 18.2817 6.977
    endloop
  endfacet
  facet normal 0 0.58107 -0.813853
    outer loop
      vertex -35.6 18.6853 7.26516
      vertex -39.5924 18.2817 6.977
      vertex -39.5924 18.6853 7.26516
    endloop
  endfacet
  facet normal 0 0.0413169 -0.999146
    outer loop
      vertex -42 15 6
      vertex -41.9938 15.4955 6.02049
      vertex -41.9938 15 6
    endloop
  endfacet
  facet normal 0 0.0413169 -0.999146
    outer loop
      vertex -41.9938 15.4955 6.02049
      vertex -42 15 6
      vertex -42 15.4955 6.02049
    endloop
  endfacet
  facet normal 0 0.0413169 -0.999146
    outer loop
      vertex -39.5924 15 6
      vertex -35.6 15.4955 6.02049
      vertex -35.6 15 6
    endloop
  endfacet
  facet normal 0 0.0413169 -0.999146
    outer loop
      vertex -35.6 15.4955 6.02049
      vertex -39.5924 15 6
      vertex -39.5924 15.4955 6.02049
    endloop
  endfacet
  facet normal 0 0.992331 0.123613
    outer loop
      vertex -41.9938 20.9795 12.4955
      vertex -42 20.9182 12.9876
      vertex -41.9938 20.9182 12.9876
    endloop
  endfacet
  facet normal 0 0.992331 0.123613
    outer loop
      vertex -42 20.9182 12.9876
      vertex -41.9938 20.9795 12.4955
      vertex -42 20.9795 12.4955
    endloop
  endfacet
  facet normal 0 0.992331 0.123613
    outer loop
      vertex -35.6 20.9795 12.4955
      vertex -39.5924 20.9182 12.9876
      vertex -35.6 20.9182 12.9876
    endloop
  endfacet
  facet normal 0 0.992331 0.123613
    outer loop
      vertex -39.5924 20.9182 12.9876
      vertex -35.6 20.9795 12.4955
      vertex -39.5924 20.9795 12.4955
    endloop
  endfacet
  facet normal 0 -0.999146 -0.0413169
    outer loop
      vertex -39.5924 9.02049 11.5045
      vertex -35.6 9 12
      vertex -39.5924 9 12
    endloop
  endfacet
  facet normal 0 -0.999146 -0.0413169
    outer loop
      vertex -35.6 9 12
      vertex -39.5924 9.02049 11.5045
      vertex -35.6 9.02049 11.5045
    endloop
  endfacet
  facet normal 0 -0.999146 -0.0413169
    outer loop
      vertex -42 9.02049 11.5045
      vertex -41.9938 9 12
      vertex -42 9 12
    endloop
  endfacet
  facet normal 0 -0.999146 -0.0413169
    outer loop
      vertex -41.9938 9 12
      vertex -42 9.02049 11.5045
      vertex -41.9938 9.02049 11.5045
    endloop
  endfacet
  facet normal 0 -0.958429 0.285331
    outer loop
      vertex -39.5924 9.1836 13.4729
      vertex -35.6 9.3251 13.9482
      vertex -39.5924 9.3251 13.9482
    endloop
  endfacet
  facet normal 0 -0.958429 0.285331
    outer loop
      vertex -35.6 9.3251 13.9482
      vertex -39.5924 9.1836 13.4729
      vertex -35.6 9.1836 13.4729
    endloop
  endfacet
  facet normal 0 -0.958429 0.285331
    outer loop
      vertex -42 9.1836 13.4729
      vertex -41.9938 9.3251 13.9482
      vertex -42 9.3251 13.9482
    endloop
  endfacet
  facet normal 0 -0.958429 0.285331
    outer loop
      vertex -41.9938 9.3251 13.9482
      vertex -42 9.1836 13.4729
      vertex -41.9938 9.1836 13.4729
    endloop
  endfacet
  facet normal -0 0.205299 0.978699
    outer loop
      vertex -42 16.4729 17.8164
      vertex -41.9938 15.9876 17.9182
      vertex -41.9938 16.4729 17.8164
    endloop
  endfacet
  facet normal 0 0.205299 0.978699
    outer loop
      vertex -41.9938 15.9876 17.9182
      vertex -42 16.4729 17.8164
      vertex -42 15.9876 17.9182
    endloop
  endfacet
  facet normal -0 0.205299 0.978699
    outer loop
      vertex -39.5924 16.4729 17.8164
      vertex -35.6 15.9876 17.9182
      vertex -35.6 16.4729 17.8164
    endloop
  endfacet
  facet normal 0 0.205299 0.978699
    outer loop
      vertex -35.6 15.9876 17.9182
      vertex -39.5924 16.4729 17.8164
      vertex -39.5924 15.9876 17.9182
    endloop
  endfacet
  facet normal 0 -0.992321 -0.123692
    outer loop
      vertex -39.5924 9.08183 11.0124
      vertex -35.6 9.02049 11.5045
      vertex -39.5924 9.02049 11.5045
    endloop
  endfacet
  facet normal 0 -0.992321 -0.123692
    outer loop
      vertex -35.6 9.02049 11.5045
      vertex -39.5924 9.08183 11.0124
      vertex -35.6 9.08183 11.0124
    endloop
  endfacet
  facet normal 0 -0.992321 -0.123692
    outer loop
      vertex -42 9.08183 11.0124
      vertex -41.9938 9.02049 11.5045
      vertex -42 9.02049 11.5045
    endloop
  endfacet
  facet normal 0 -0.992321 -0.123692
    outer loop
      vertex -41.9938 9.02049 11.5045
      vertex -42 9.08183 11.0124
      vertex -41.9938 9.08183 11.0124
    endloop
  endfacet
  facet normal 0 0.999145 -0.041337
    outer loop
      vertex -41.9938 20.9795 11.5045
      vertex -42 21 12
      vertex -41.9938 21 12
    endloop
  endfacet
  facet normal 0 0.999145 -0.041337
    outer loop
      vertex -42 21 12
      vertex -41.9938 20.9795 11.5045
      vertex -42 20.9795 11.5045
    endloop
  endfacet
  facet normal 0 0.999145 -0.041337
    outer loop
      vertex -35.6 20.9795 11.5045
      vertex -39.5924 21 12
      vertex -35.6 21 12
    endloop
  endfacet
  facet normal 0 0.999145 -0.041337
    outer loop
      vertex -39.5924 21 12
      vertex -35.6 20.9795 11.5045
      vertex -39.5924 20.9795 11.5045
    endloop
  endfacet
  facet normal 0 -0.646313 -0.763073
    outer loop
      vertex -42 10.9363 7.58566
      vertex -41.9938 11.3147 7.26516
      vertex -41.9938 10.9363 7.58566
    endloop
  endfacet
  facet normal -0 -0.646313 -0.763073
    outer loop
      vertex -41.9938 11.3147 7.26516
      vertex -42 10.9363 7.58566
      vertex -42 11.3147 7.26516
    endloop
  endfacet
  facet normal 0 -0.646313 -0.763073
    outer loop
      vertex -39.5924 10.9363 7.58566
      vertex -35.6 11.3147 7.26516
      vertex -35.6 10.9363 7.58566
    endloop
  endfacet
  facet normal -0 -0.646313 -0.763073
    outer loop
      vertex -35.6 11.3147 7.26516
      vertex -39.5924 10.9363 7.58566
      vertex -39.5924 11.3147 7.26516
    endloop
  endfacet
  facet normal 0 -0.707107 0.707107
    outer loop
      vertex -39.5924 10.9363 16.4143
      vertex -35.6 10.5857 16.0637
      vertex -35.6 10.9363 16.4143
    endloop
  endfacet
  facet normal 0 -0.707107 0.707107
    outer loop
      vertex -35.6 10.5857 16.0637
      vertex -39.5924 10.9363 16.4143
      vertex -39.5924 10.5857 16.0637
    endloop
  endfacet
  facet normal 0 -0.707107 0.707107
    outer loop
      vertex -42 10.9363 16.4143
      vertex -41.9938 10.5857 16.0637
      vertex -41.9938 10.9363 16.4143
    endloop
  endfacet
  facet normal 0 -0.707107 0.707107
    outer loop
      vertex -41.9938 10.5857 16.0637
      vertex -42 10.9363 16.4143
      vertex -42 10.5857 16.0637
    endloop
  endfacet
  facet normal 0 -0.511884 -0.859055
    outer loop
      vertex -42 11.7183 6.977
      vertex -41.9938 12.1443 6.72316
      vertex -41.9938 11.7183 6.977
    endloop
  endfacet
  facet normal -0 -0.511884 -0.859055
    outer loop
      vertex -41.9938 12.1443 6.72316
      vertex -42 11.7183 6.977
      vertex -42 12.1443 6.72316
    endloop
  endfacet
  facet normal 0 -0.511884 -0.859055
    outer loop
      vertex -39.5924 11.7183 6.977
      vertex -35.6 12.1443 6.72316
      vertex -35.6 11.7183 6.977
    endloop
  endfacet
  facet normal -0 -0.511884 -0.859055
    outer loop
      vertex -35.6 12.1443 6.72316
      vertex -39.5924 11.7183 6.977
      vertex -39.5924 12.1443 6.72316
    endloop
  endfacet
  facet normal 0 -0.363555 0.931573
    outer loop
      vertex -42 13.0518 17.6749
      vertex -41.9938 12.5898 17.4946
      vertex -41.9938 13.0518 17.6749
    endloop
  endfacet
  facet normal 0 -0.363555 0.931573
    outer loop
      vertex -41.9938 12.5898 17.4946
      vertex -42 13.0518 17.6749
      vertex -42 12.5898 17.4946
    endloop
  endfacet
  facet normal 0 -0.363555 0.931573
    outer loop
      vertex -39.5924 13.0518 17.6749
      vertex -35.6 12.5898 17.4946
      vertex -35.6 13.0518 17.6749
    endloop
  endfacet
  facet normal 0 -0.363555 0.931573
    outer loop
      vertex -35.6 12.5898 17.4946
      vertex -39.5924 13.0518 17.6749
      vertex -39.5924 12.5898 17.4946
    endloop
  endfacet
  facet normal 0 0.85909 0.511824
    outer loop
      vertex -41.9938 20.2768 14.8557
      vertex -42 20.023 15.2817
      vertex -41.9938 20.023 15.2817
    endloop
  endfacet
  facet normal 0 0.85909 0.511824
    outer loop
      vertex -42 20.023 15.2817
      vertex -41.9938 20.2768 14.8557
      vertex -42 20.2768 14.8557
    endloop
  endfacet
  facet normal 0 0.85909 0.511824
    outer loop
      vertex -35.6 20.2768 14.8557
      vertex -39.5924 20.023 15.2817
      vertex -35.6 20.023 15.2817
    endloop
  endfacet
  facet normal 0 0.85909 0.511824
    outer loop
      vertex -39.5924 20.023 15.2817
      vertex -35.6 20.2768 14.8557
      vertex -39.5924 20.2768 14.8557
    endloop
  endfacet
  facet normal 0 0.898392 -0.439194
    outer loop
      vertex -41.9938 20.2768 9.14431
      vertex -42 20.4946 9.58983
      vertex -41.9938 20.4946 9.58983
    endloop
  endfacet
  facet normal 0 0.898392 -0.439194
    outer loop
      vertex -42 20.4946 9.58983
      vertex -41.9938 20.2768 9.14431
      vertex -42 20.2768 9.14431
    endloop
  endfacet
  facet normal 0 0.898392 -0.439194
    outer loop
      vertex -35.6 20.2768 9.14431
      vertex -39.5924 20.4946 9.58983
      vertex -35.6 20.4946 9.58983
    endloop
  endfacet
  facet normal 0 0.898392 -0.439194
    outer loop
      vertex -39.5924 20.4946 9.58983
      vertex -35.6 20.2768 9.14431
      vertex -39.5924 20.2768 9.14431
    endloop
  endfacet
  facet normal 0 0.707157 -0.707056
    outer loop
      vertex -35.6 19.0637 7.58566
      vertex -39.5924 19.4143 7.93631
      vertex -35.6 19.4143 7.93631
    endloop
  endfacet
  facet normal 0 0.707157 -0.707056
    outer loop
      vertex -39.5924 19.4143 7.93631
      vertex -35.6 19.0637 7.58566
      vertex -39.5924 19.0637 7.58566
    endloop
  endfacet
  facet normal 0 0.707157 -0.707056
    outer loop
      vertex -41.9938 19.0637 7.58566
      vertex -42 19.4143 7.93631
      vertex -41.9938 19.4143 7.93631
    endloop
  endfacet
  facet normal 0 0.707157 -0.707056
    outer loop
      vertex -42 19.4143 7.93631
      vertex -41.9938 19.0637 7.58566
      vertex -42 19.0637 7.58566
    endloop
  endfacet
  facet normal 0 0.43921 -0.898384
    outer loop
      vertex -42 17.4102 6.50536
      vertex -41.9938 17.8557 6.72316
      vertex -41.9938 17.4102 6.50536
    endloop
  endfacet
  facet normal 0 0.43921 -0.898384
    outer loop
      vertex -41.9938 17.8557 6.72316
      vertex -42 17.4102 6.50536
      vertex -42 17.8557 6.72316
    endloop
  endfacet
  facet normal 0 0.43921 -0.898384
    outer loop
      vertex -39.5924 17.4102 6.50536
      vertex -35.6 17.8557 6.72316
      vertex -35.6 17.4102 6.50536
    endloop
  endfacet
  facet normal 0 0.43921 -0.898384
    outer loop
      vertex -35.6 17.8557 6.72316
      vertex -39.5924 17.4102 6.50536
      vertex -39.5924 17.8557 6.72316
    endloop
  endfacet
  facet normal 0 0.898384 0.43921
    outer loop
      vertex -41.9938 20.4946 14.4102
      vertex -42 20.2768 14.8557
      vertex -41.9938 20.2768 14.8557
    endloop
  endfacet
  facet normal 0 0.898384 0.43921
    outer loop
      vertex -42 20.2768 14.8557
      vertex -41.9938 20.4946 14.4102
      vertex -42 20.4946 14.4102
    endloop
  endfacet
  facet normal 0 0.898384 0.43921
    outer loop
      vertex -35.6 20.4946 14.4102
      vertex -39.5924 20.2768 14.8557
      vertex -35.6 20.2768 14.8557
    endloop
  endfacet
  facet normal 0 0.898384 0.43921
    outer loop
      vertex -39.5924 20.2768 14.8557
      vertex -35.6 20.4946 14.4102
      vertex -39.5924 20.4946 14.4102
    endloop
  endfacet
  facet normal 0 -0.898392 -0.439194
    outer loop
      vertex -42 9.72316 9.14431
      vertex -41.9938 9.50536 9.58983
      vertex -42 9.50536 9.58983
    endloop
  endfacet
  facet normal 0 -0.898392 -0.439194
    outer loop
      vertex -41.9938 9.50536 9.58983
      vertex -42 9.72316 9.14431
      vertex -41.9938 9.72316 9.14431
    endloop
  endfacet
  facet normal 0 -0.898392 -0.439194
    outer loop
      vertex -39.5924 9.72316 9.14431
      vertex -35.6 9.50536 9.58983
      vertex -39.5924 9.50536 9.58983
    endloop
  endfacet
  facet normal 0 -0.898392 -0.439194
    outer loop
      vertex -35.6 9.50536 9.58983
      vertex -39.5924 9.72316 9.14431
      vertex -35.6 9.72316 9.14431
    endloop
  endfacet
  facet normal 0 0.763081 -0.646303
    outer loop
      vertex -35.6 19.4143 7.93631
      vertex -39.5924 19.7348 8.31472
      vertex -35.6 19.7348 8.31472
    endloop
  endfacet
  facet normal 0 0.763081 -0.646303
    outer loop
      vertex -39.5924 19.7348 8.31472
      vertex -35.6 19.4143 7.93631
      vertex -39.5924 19.4143 7.93631
    endloop
  endfacet
  facet normal 0 0.763081 -0.646303
    outer loop
      vertex -41.9938 19.4143 7.93631
      vertex -42 19.7348 8.31472
      vertex -41.9938 19.7348 8.31472
    endloop
  endfacet
  facet normal 0 0.763081 -0.646303
    outer loop
      vertex -42 19.7348 8.31472
      vertex -41.9938 19.4143 7.93631
      vertex -42 19.4143 7.93631
    endloop
  endfacet
  facet normal 0 -0.43921 -0.898384
    outer loop
      vertex -42 12.1443 6.72316
      vertex -41.9938 12.5898 6.50536
      vertex -41.9938 12.1443 6.72316
    endloop
  endfacet
  facet normal -0 -0.43921 -0.898384
    outer loop
      vertex -41.9938 12.5898 6.50536
      vertex -42 12.1443 6.72316
      vertex -42 12.5898 6.50536
    endloop
  endfacet
  facet normal 0 -0.43921 -0.898384
    outer loop
      vertex -39.5924 12.1443 6.72316
      vertex -35.6 12.5898 6.50536
      vertex -35.6 12.1443 6.72316
    endloop
  endfacet
  facet normal -0 -0.43921 -0.898384
    outer loop
      vertex -35.6 12.5898 6.50536
      vertex -39.5924 12.1443 6.72316
      vertex -39.5924 12.5898 6.50536
    endloop
  endfacet
  facet normal 0 0.123692 -0.992321
    outer loop
      vertex -42 15.4955 6.02049
      vertex -41.9938 15.9876 6.08183
      vertex -41.9938 15.4955 6.02049
    endloop
  endfacet
  facet normal 0 0.123692 -0.992321
    outer loop
      vertex -41.9938 15.9876 6.08183
      vertex -42 15.4955 6.02049
      vertex -42 15.9876 6.08183
    endloop
  endfacet
  facet normal 0 0.123692 -0.992321
    outer loop
      vertex -39.5924 15.4955 6.02049
      vertex -35.6 15.9876 6.08183
      vertex -35.6 15.4955 6.02049
    endloop
  endfacet
  facet normal 0 0.123692 -0.992321
    outer loop
      vertex -35.6 15.9876 6.08183
      vertex -39.5924 15.4955 6.02049
      vertex -39.5924 15.9876 6.08183
    endloop
  endfacet
  facet normal -0 0.581124 0.813815
    outer loop
      vertex -42 18.6853 16.7348
      vertex -41.9938 18.2817 17.023
      vertex -41.9938 18.6853 16.7348
    endloop
  endfacet
  facet normal 0 0.581124 0.813815
    outer loop
      vertex -41.9938 18.2817 17.023
      vertex -42 18.6853 16.7348
      vertex -42 18.2817 17.023
    endloop
  endfacet
  facet normal -0 0.581124 0.813815
    outer loop
      vertex -39.5924 18.6853 16.7348
      vertex -35.6 18.2817 17.023
      vertex -35.6 18.6853 16.7348
    endloop
  endfacet
  facet normal 0 0.581124 0.813815
    outer loop
      vertex -35.6 18.2817 17.023
      vertex -39.5924 18.6853 16.7348
      vertex -39.5924 18.2817 17.023
    endloop
  endfacet
  facet normal 0 -0.859055 0.511884
    outer loop
      vertex -39.5924 9.72316 14.8557
      vertex -35.6 9.977 15.2817
      vertex -39.5924 9.977 15.2817
    endloop
  endfacet
  facet normal 0 -0.859055 0.511884
    outer loop
      vertex -35.6 9.977 15.2817
      vertex -39.5924 9.72316 14.8557
      vertex -35.6 9.72316 14.8557
    endloop
  endfacet
  facet normal 0 -0.859055 0.511884
    outer loop
      vertex -42 9.72316 14.8557
      vertex -41.9938 9.977 15.2817
      vertex -42 9.977 15.2817
    endloop
  endfacet
  facet normal 0 -0.859055 0.511884
    outer loop
      vertex -41.9938 9.977 15.2817
      vertex -42 9.72316 14.8557
      vertex -41.9938 9.72316 14.8557
    endloop
  endfacet
  facet normal -1 0 0
    outer loop
      vertex -42 17.2966 11.8755
      vertex -42 21 12
      vertex -42 20.9795 11.5045
    endloop
  endfacet
  facet normal -1 0 0
    outer loop
      vertex -42 17.2966 11.8755
      vertex -42 20.9795 11.5045
      vertex -42 20.9182 11.0124
    endloop
  endfacet
  facet normal -1 -0 0
    outer loop
      vertex -42 21 12
      vertex -42 17.2966 11.8755
      vertex -42 20.9795 12.4955
    endloop
  endfacet
  facet normal -1 0 0
    outer loop
      vertex -42 17.2162 11.3847
      vertex -42 20.9182 11.0124
      vertex -42 20.8164 10.5271
    endloop
  endfacet
  facet normal -1 0 0
    outer loop
      vertex -42 17.2697 12.3721
      vertex -42 20.9795 12.4955
      vertex -42 17.2966 11.8755
    endloop
  endfacet
  facet normal -1 0 0
    outer loop
      vertex -42 17.2162 11.3847
      vertex -42 20.8164 10.5271
      vertex -42 20.6749 10.0518
    endloop
  endfacet
  facet normal -1 -0 0
    outer loop
      vertex -42 20.9795 12.4955
      vertex -42 17.2697 12.3721
      vertex -42 20.9182 12.9876
    endloop
  endfacet
  facet normal -1 0 0
    outer loop
      vertex -42 17.2162 11.3847
      vertex -42 20.6749 10.0518
      vertex -42 20.4946 9.58983
    endloop
  endfacet
  facet normal -1 -0 0
    outer loop
      vertex -42 20.9182 12.9876
      vertex -42 17.2697 12.3721
      vertex -42 20.8164 13.4729
    endloop
  endfacet
  facet normal -1 0 0
    outer loop
      vertex -42 17.0321 10.9227
      vertex -42 20.4946 9.58983
      vertex -42 20.2768 9.14431
    endloop
  endfacet
  facet normal -1 0 0
    outer loop
      vertex -42 17.1366 12.8513
      vertex -42 20.8164 13.4729
      vertex -42 17.2697 12.3721
    endloop
  endfacet
  facet normal -1 0 0
    outer loop
      vertex -42 17.0321 10.9227
      vertex -42 20.2768 9.14431
      vertex -42 20.023 8.71831
    endloop
  endfacet
  facet normal -1 -0 0
    outer loop
      vertex -42 20.8164 13.4729
      vertex -42 17.1366 12.8513
      vertex -42 20.6749 13.9482
    endloop
  endfacet
  facet normal -1 0 0
    outer loop
      vertex -42 16.753 10.511
      vertex -42 20.023 8.71831
      vertex -42 19.7348 8.31472
    endloop
  endfacet
  facet normal -1 -0 0
    outer loop
      vertex -42 20.6749 13.9482
      vertex -42 17.1366 12.8513
      vertex -42 20.4946 14.4102
    endloop
  endfacet
  facet normal -1 0 0
    outer loop
      vertex -42 16.753 10.511
      vertex -42 19.7348 8.31472
      vertex -42 19.4143 7.93631
    endloop
  endfacet
  facet normal -1 -0 0
    outer loop
      vertex -42 20.4946 14.4102
      vertex -42 17.1366 12.8513
      vertex -42 20.2768 14.8557
    endloop
  endfacet
  facet normal -1 0 0
    outer loop
      vertex -42 16.753 10.511
      vertex -42 19.4143 7.93631
      vertex -42 19.0637 7.58566
    endloop
  endfacet
  facet normal -1 0 0
    outer loop
      vertex -42 16.9037 13.2907
      vertex -42 20.2768 14.8557
      vertex -42 17.1366 12.8513
    endloop
  endfacet
  facet normal -1 0 0
    outer loop
      vertex -42 16.3919 10.169
      vertex -42 19.0637 7.58566
      vertex -42 18.6853 7.26516
    endloop
  endfacet
  facet normal -1 -0 0
    outer loop
      vertex -42 20.2768 14.8557
      vertex -42 16.9037 13.2907
      vertex -42 20.023 15.2817
    endloop
  endfacet
  facet normal -1 0 0
    outer loop
      vertex -42 16.3919 10.169
      vertex -42 18.6853 7.26516
      vertex -42 18.2817 6.977
    endloop
  endfacet
  facet normal -1 -0 0
    outer loop
      vertex -42 20.023 15.2817
      vertex -42 16.9037 13.2907
      vertex -42 19.7348 15.6853
    endloop
  endfacet
  facet normal -1 0 0
    outer loop
      vertex -42 16.3919 10.169
      vertex -42 18.2817 6.977
      vertex -42 17.8557 6.72316
    endloop
  endfacet
  facet normal -1 -0 0
    outer loop
      vertex -42 19.7348 15.6853
      vertex -42 16.9037 13.2907
      vertex -42 19.4143 16.0637
    endloop
  endfacet
  facet normal -1 0 0
    outer loop
      vertex -42 15.9657 9.91258
      vertex -42 17.8557 6.72316
      vertex -42 17.4102 6.50536
    endloop
  endfacet
  facet normal -1 0 0
    outer loop
      vertex -42 16.5817 13.6698
      vertex -42 19.4143 16.0637
      vertex -42 16.9037 13.2907
    endloop
  endfacet
  facet normal -1 -0 0
    outer loop
      vertex -42 19.4143 16.0637
      vertex -42 16.5817 13.6698
      vertex -42 19.0637 16.4143
    endloop
  endfacet
  facet normal -1 0 0
    outer loop
      vertex -42 20.9182 11.0124
      vertex -42 17.2162 11.3847
      vertex -42 17.2966 11.8755
    endloop
  endfacet
  facet normal -1 0 0
    outer loop
      vertex -42 20.4946 9.58983
      vertex -42 17.0321 10.9227
      vertex -42 17.2162 11.3847
    endloop
  endfacet
  facet normal -1 0 0
    outer loop
      vertex -42 15.9657 9.91258
      vertex -42 17.4102 6.50536
      vertex -42 16.9482 6.3251
    endloop
  endfacet
  facet normal -1 0 0
    outer loop
      vertex -42 20.023 8.71831
      vertex -42 16.753 10.511
      vertex -42 17.0321 10.9227
    endloop
  endfacet
  facet normal -1 0 0
    outer loop
      vertex -42 15.4944 9.75377
      vertex -42 16.9482 6.3251
      vertex -42 16.4729 6.1836
    endloop
  endfacet
  facet normal -1 0 0
    outer loop
      vertex -42 19.0637 7.58566
      vertex -42 16.3919 10.169
      vertex -42 16.753 10.511
    endloop
  endfacet
  facet normal -1 0 0
    outer loop
      vertex -42 15.4944 9.75377
      vertex -42 16.4729 6.1836
      vertex -42 15.9876 6.08183
    endloop
  endfacet
  facet normal -1 0 0
    outer loop
      vertex -42 17.8557 6.72316
      vertex -42 15.9657 9.91258
      vertex -42 16.3919 10.169
    endloop
  endfacet
  facet normal -1 0 0
    outer loop
      vertex -42 15.4944 9.75377
      vertex -42 15.9876 6.08183
      vertex -42 15.4955 6.02049
    endloop
  endfacet
  facet normal -1 0 0
    outer loop
      vertex -42 16.9482 6.3251
      vertex -42 15.4944 9.75377
      vertex -42 15.9657 9.91258
    endloop
  endfacet
  facet normal -1 0 0
    outer loop
      vertex -42 15 9.7
      vertex -42 15.4955 6.02049
      vertex -42 15 6
    endloop
  endfacet
  facet normal -1 0 0
    outer loop
      vertex -42 15.4955 6.02049
      vertex -42 15 9.7
      vertex -42 15.4944 9.75377
    endloop
  endfacet
  facet normal -1 0 0
    outer loop
      vertex -42 14.5045 6.02049
      vertex -42 15 9.7
      vertex -42 15 6
    endloop
  endfacet
  facet normal -1 -0 0
    outer loop
      vertex -42 15 9.7
      vertex -42 14.5045 6.02049
      vertex -42 14.5056 9.75377
    endloop
  endfacet
  facet normal -1 0 0
    outer loop
      vertex -42 14.0124 6.08183
      vertex -42 14.5056 9.75377
      vertex -42 14.5045 6.02049
    endloop
  endfacet
  facet normal -1 0 0
    outer loop
      vertex -42 13.5271 6.1836
      vertex -42 14.5056 9.75377
      vertex -42 14.0124 6.08183
    endloop
  endfacet
  facet normal -1 0 0
    outer loop
      vertex -42 13.0518 6.3251
      vertex -42 14.5056 9.75377
      vertex -42 13.5271 6.1836
    endloop
  endfacet
  facet normal -1 -0 0
    outer loop
      vertex -42 14.5056 9.75377
      vertex -42 13.0518 6.3251
      vertex -42 14.0343 9.91258
    endloop
  endfacet
  facet normal -1 0 0
    outer loop
      vertex -42 12.5898 6.50536
      vertex -42 14.0343 9.91258
      vertex -42 13.0518 6.3251
    endloop
  endfacet
  facet normal -1 0 0
    outer loop
      vertex -42 12.1443 6.72316
      vertex -42 14.0343 9.91258
      vertex -42 12.5898 6.50536
    endloop
  endfacet
  facet normal -1 -0 0
    outer loop
      vertex -42 14.0343 9.91258
      vertex -42 12.1443 6.72316
      vertex -42 13.6081 10.169
    endloop
  endfacet
  facet normal -1 0 0
    outer loop
      vertex -42 11.7183 6.977
      vertex -42 13.6081 10.169
      vertex -42 12.1443 6.72316
    endloop
  endfacet
  facet normal -1 0 0
    outer loop
      vertex -42 11.3147 7.26516
      vertex -42 13.6081 10.169
      vertex -42 11.7183 6.977
    endloop
  endfacet
  facet normal -1 0 0
    outer loop
      vertex -42 10.9363 7.58566
      vertex -42 13.6081 10.169
      vertex -42 11.3147 7.26516
    endloop
  endfacet
  facet normal -1 -0 0
    outer loop
      vertex -42 19.0637 16.4143
      vertex -42 16.5817 13.6698
      vertex -42 18.6853 16.7348
    endloop
  endfacet
  facet normal -1 0 0
    outer loop
      vertex -42 16.1858 13.9708
      vertex -42 18.6853 16.7348
      vertex -42 16.5817 13.6698
    endloop
  endfacet
  facet normal -1 -0 0
    outer loop
      vertex -42 18.6853 16.7348
      vertex -42 16.1858 13.9708
      vertex -42 18.2817 17.023
    endloop
  endfacet
  facet normal -1 -0 0
    outer loop
      vertex -42 18.2817 17.023
      vertex -42 16.1858 13.9708
      vertex -42 17.8557 17.2768
    endloop
  endfacet
  facet normal -1 -0 0
    outer loop
      vertex -42 17.8557 17.2768
      vertex -42 16.1858 13.9708
      vertex -42 17.4102 17.4946
    endloop
  endfacet
  facet normal -1 0 0
    outer loop
      vertex -42 15.7344 14.1796
      vertex -42 17.4102 17.4946
      vertex -42 16.1858 13.9708
    endloop
  endfacet
  facet normal -1 -0 0
    outer loop
      vertex -42 17.4102 17.4946
      vertex -42 15.7344 14.1796
      vertex -42 16.9482 17.6749
    endloop
  endfacet
  facet normal -1 -0 0
    outer loop
      vertex -42 16.9482 17.6749
      vertex -42 15.7344 14.1796
      vertex -42 16.4729 17.8164
    endloop
  endfacet
  facet normal -1 0 0
    outer loop
      vertex -42 15.2487 14.2865
      vertex -42 16.4729 17.8164
      vertex -42 15.7344 14.1796
    endloop
  endfacet
  facet normal -1 -0 0
    outer loop
      vertex -42 16.4729 17.8164
      vertex -42 15.2487 14.2865
      vertex -42 15.9876 17.9182
    endloop
  endfacet
  facet normal -1 -0 0
    outer loop
      vertex -42 15.9876 17.9182
      vertex -42 15.2487 14.2865
      vertex -42 15.4955 17.9795
    endloop
  endfacet
  facet normal -1 0 0
    outer loop
      vertex -42 15.2487 14.2865
      vertex -42 15 18
      vertex -42 15.4955 17.9795
    endloop
  endfacet
  facet normal -1 0 0
    outer loop
      vertex -42 14.7513 14.2865
      vertex -42 15 18
      vertex -42 15.2487 14.2865
    endloop
  endfacet
  facet normal -1 0 0
    outer loop
      vertex -42 14.7513 14.2865
      vertex -42 14.5045 17.9795
      vertex -42 15 18
    endloop
  endfacet
  facet normal -1 0 0
    outer loop
      vertex -42 13.5271 17.8164
      vertex -42 14.7513 14.2865
      vertex -42 14.2656 14.1796
    endloop
  endfacet
  facet normal -1 0 0
    outer loop
      vertex -42 14.7513 14.2865
      vertex -42 14.0124 17.9182
      vertex -42 14.5045 17.9795
    endloop
  endfacet
  facet normal -1 0 0
    outer loop
      vertex -42 12.5898 17.4946
      vertex -42 14.2656 14.1796
      vertex -42 13.8142 13.9708
    endloop
  endfacet
  facet normal -1 0 0
    outer loop
      vertex -42 14.7513 14.2865
      vertex -42 13.5271 17.8164
      vertex -42 14.0124 17.9182
    endloop
  endfacet
  facet normal -1 0 0
    outer loop
      vertex -42 11.3147 16.7348
      vertex -42 13.8142 13.9708
      vertex -42 13.4183 13.6698
    endloop
  endfacet
  facet normal -1 0 0
    outer loop
      vertex -42 10.5857 16.0637
      vertex -42 13.4183 13.6698
      vertex -42 13.0963 13.2907
    endloop
  endfacet
  facet normal -1 0 0
    outer loop
      vertex -42 14.2656 14.1796
      vertex -42 13.0518 17.6749
      vertex -42 13.5271 17.8164
    endloop
  endfacet
  facet normal -1 0 0
    outer loop
      vertex -42 9.72316 14.8557
      vertex -42 13.0963 13.2907
      vertex -42 12.8634 12.8513
    endloop
  endfacet
  facet normal -1 0 0
    outer loop
      vertex -42 9.1836 13.4729
      vertex -42 12.8634 12.8513
      vertex -42 12.7303 12.3721
    endloop
  endfacet
  facet normal -1 0 0
    outer loop
      vertex -42 14.2656 14.1796
      vertex -42 12.5898 17.4946
      vertex -42 13.0518 17.6749
    endloop
  endfacet
  facet normal -1 0 0
    outer loop
      vertex -42 9.02049 12.4955
      vertex -42 12.7303 12.3721
      vertex -42 12.7034 11.8755
    endloop
  endfacet
  facet normal -1 -0 0
    outer loop
      vertex -42 13.6081 10.169
      vertex -42 10.9363 7.58566
      vertex -42 13.247 10.511
    endloop
  endfacet
  facet normal -1 0 0
    outer loop
      vertex -42 10.5857 7.93631
      vertex -42 13.247 10.511
      vertex -42 10.9363 7.58566
    endloop
  endfacet
  facet normal -1 0 0
    outer loop
      vertex -42 13.8142 13.9708
      vertex -42 12.1443 17.2768
      vertex -42 12.5898 17.4946
    endloop
  endfacet
  facet normal -1 0 0
    outer loop
      vertex -42 10.2652 8.31472
      vertex -42 13.247 10.511
      vertex -42 10.5857 7.93631
    endloop
  endfacet
  facet normal -1 0 0
    outer loop
      vertex -42 13.8142 13.9708
      vertex -42 11.7183 17.023
      vertex -42 12.1443 17.2768
    endloop
  endfacet
  facet normal -1 0 0
    outer loop
      vertex -42 9.977 8.71831
      vertex -42 13.247 10.511
      vertex -42 10.2652 8.31472
    endloop
  endfacet
  facet normal -1 0 0
    outer loop
      vertex -42 13.8142 13.9708
      vertex -42 11.3147 16.7348
      vertex -42 11.7183 17.023
    endloop
  endfacet
  facet normal -1 -0 0
    outer loop
      vertex -42 13.247 10.511
      vertex -42 9.977 8.71831
      vertex -42 12.9679 10.9227
    endloop
  endfacet
  facet normal -1 0 0
    outer loop
      vertex -42 13.4183 13.6698
      vertex -42 10.9363 16.4143
      vertex -42 11.3147 16.7348
    endloop
  endfacet
  facet normal -1 0 0
    outer loop
      vertex -42 9.72316 9.14431
      vertex -42 12.9679 10.9227
      vertex -42 9.977 8.71831
    endloop
  endfacet
  facet normal -1 0 0
    outer loop
      vertex -42 13.4183 13.6698
      vertex -42 10.5857 16.0637
      vertex -42 10.9363 16.4143
    endloop
  endfacet
  facet normal -1 0 0
    outer loop
      vertex -42 9.50536 9.58983
      vertex -42 12.9679 10.9227
      vertex -42 9.72316 9.14431
    endloop
  endfacet
  facet normal -1 0 0
    outer loop
      vertex -42 13.0963 13.2907
      vertex -42 10.2652 15.6853
      vertex -42 10.5857 16.0637
    endloop
  endfacet
  facet normal -1 -0 0
    outer loop
      vertex -42 12.9679 10.9227
      vertex -42 9.50536 9.58983
      vertex -42 12.7838 11.3847
    endloop
  endfacet
  facet normal -1 0 0
    outer loop
      vertex -42 13.0963 13.2907
      vertex -42 9.977 15.2817
      vertex -42 10.2652 15.6853
    endloop
  endfacet
  facet normal -1 0 0
    outer loop
      vertex -42 9.3251 10.0518
      vertex -42 12.7838 11.3847
      vertex -42 9.50536 9.58983
    endloop
  endfacet
  facet normal -1 0 0
    outer loop
      vertex -42 13.0963 13.2907
      vertex -42 9.72316 14.8557
      vertex -42 9.977 15.2817
    endloop
  endfacet
  facet normal -1 0 0
    outer loop
      vertex -42 9.1836 10.5271
      vertex -42 12.7838 11.3847
      vertex -42 9.3251 10.0518
    endloop
  endfacet
  facet normal -1 0 0
    outer loop
      vertex -42 12.8634 12.8513
      vertex -42 9.50536 14.4102
      vertex -42 9.72316 14.8557
    endloop
  endfacet
  facet normal -1 0 0
    outer loop
      vertex -42 9.08183 11.0124
      vertex -42 12.7838 11.3847
      vertex -42 9.1836 10.5271
    endloop
  endfacet
  facet normal -1 0 0
    outer loop
      vertex -42 12.8634 12.8513
      vertex -42 9.3251 13.9482
      vertex -42 9.50536 14.4102
    endloop
  endfacet
  facet normal -1 -0 0
    outer loop
      vertex -42 12.7838 11.3847
      vertex -42 9.08183 11.0124
      vertex -42 12.7034 11.8755
    endloop
  endfacet
  facet normal -1 0 0
    outer loop
      vertex -42 12.8634 12.8513
      vertex -42 9.1836 13.4729
      vertex -42 9.3251 13.9482
    endloop
  endfacet
  facet normal -1 0 0
    outer loop
      vertex -42 9.02049 11.5045
      vertex -42 12.7034 11.8755
      vertex -42 9.08183 11.0124
    endloop
  endfacet
  facet normal -1 0 0
    outer loop
      vertex -42 12.7303 12.3721
      vertex -42 9.08183 12.9876
      vertex -42 9.1836 13.4729
    endloop
  endfacet
  facet normal -1 0 0
    outer loop
      vertex -42 9 12
      vertex -42 12.7034 11.8755
      vertex -42 9.02049 11.5045
    endloop
  endfacet
  facet normal -1 0 0
    outer loop
      vertex -42 12.7303 12.3721
      vertex -42 9.02049 12.4955
      vertex -42 9.08183 12.9876
    endloop
  endfacet
  facet normal -1 0 0
    outer loop
      vertex -42 12.7034 11.8755
      vertex -42 9 12
      vertex -42 9.02049 12.4955
    endloop
  endfacet
  facet normal 0 -0.859055 -0.511884
    outer loop
      vertex -42 9.977 8.71831
      vertex -41.9938 9.72316 9.14431
      vertex -42 9.72316 9.14431
    endloop
  endfacet
  facet normal 0 -0.859055 -0.511884
    outer loop
      vertex -41.9938 9.72316 9.14431
      vertex -42 9.977 8.71831
      vertex -41.9938 9.977 8.71831
    endloop
  endfacet
  facet normal 0 -0.859055 -0.511884
    outer loop
      vertex -39.5924 9.977 8.71831
      vertex -35.6 9.72316 9.14431
      vertex -39.5924 9.72316 9.14431
    endloop
  endfacet
  facet normal 0 -0.859055 -0.511884
    outer loop
      vertex -35.6 9.72316 9.14431
      vertex -39.5924 9.977 8.71831
      vertex -35.6 9.977 8.71831
    endloop
  endfacet
  facet normal 0 -0.285331 0.958429
    outer loop
      vertex -39.5924 13.5271 17.8164
      vertex -35.6 13.0518 17.6749
      vertex -35.6 13.5271 17.8164
    endloop
  endfacet
  facet normal 0 -0.285331 0.958429
    outer loop
      vertex -35.6 13.0518 17.6749
      vertex -39.5924 13.5271 17.8164
      vertex -39.5924 13.0518 17.6749
    endloop
  endfacet
  facet normal 0 -0.285331 0.958429
    outer loop
      vertex -42 13.5271 17.8164
      vertex -41.9938 13.0518 17.6749
      vertex -41.9938 13.5271 17.8164
    endloop
  endfacet
  facet normal 0 -0.285331 0.958429
    outer loop
      vertex -41.9938 13.0518 17.6749
      vertex -42 13.5271 17.8164
      vertex -42 13.0518 17.6749
    endloop
  endfacet
  facet normal 0 -0.9316 0.363485
    outer loop
      vertex -39.5924 9.3251 13.9482
      vertex -35.6 9.50536 14.4102
      vertex -39.5924 9.50536 14.4102
    endloop
  endfacet
  facet normal 0 -0.9316 0.363485
    outer loop
      vertex -35.6 9.50536 14.4102
      vertex -39.5924 9.3251 13.9482
      vertex -35.6 9.3251 13.9482
    endloop
  endfacet
  facet normal 0 -0.9316 0.363485
    outer loop
      vertex -42 9.3251 13.9482
      vertex -41.9938 9.50536 14.4102
      vertex -42 9.50536 14.4102
    endloop
  endfacet
  facet normal 0 -0.9316 0.363485
    outer loop
      vertex -41.9938 9.50536 14.4102
      vertex -42 9.3251 13.9482
      vertex -41.9938 9.3251 13.9482
    endloop
  endfacet
  facet normal 0 -0.763081 -0.646303
    outer loop
      vertex -42 10.5857 7.93631
      vertex -41.9938 10.2652 8.31472
      vertex -42 10.2652 8.31472
    endloop
  endfacet
  facet normal 0 -0.763081 -0.646303
    outer loop
      vertex -41.9938 10.2652 8.31472
      vertex -42 10.5857 7.93631
      vertex -41.9938 10.5857 7.93631
    endloop
  endfacet
  facet normal 0 -0.763081 -0.646303
    outer loop
      vertex -39.5924 10.5857 7.93631
      vertex -35.6 10.2652 8.31472
      vertex -39.5924 10.2652 8.31472
    endloop
  endfacet
  facet normal 0 -0.763081 -0.646303
    outer loop
      vertex -35.6 10.2652 8.31472
      vertex -39.5924 10.5857 7.93631
      vertex -35.6 10.5857 7.93631
    endloop
  endfacet
  facet normal 0 -0.813808 -0.581133
    outer loop
      vertex -39.5924 10.2652 8.31472
      vertex -35.6 9.977 8.71831
      vertex -39.5924 9.977 8.71831
    endloop
  endfacet
  facet normal 0 -0.813808 -0.581133
    outer loop
      vertex -35.6 9.977 8.71831
      vertex -39.5924 10.2652 8.31472
      vertex -35.6 10.2652 8.31472
    endloop
  endfacet
  facet normal 0 -0.813808 -0.581133
    outer loop
      vertex -42 10.2652 8.31472
      vertex -41.9938 9.977 8.71831
      vertex -42 9.977 8.71831
    endloop
  endfacet
  facet normal 0 -0.813808 -0.581133
    outer loop
      vertex -41.9938 9.977 8.71831
      vertex -42 10.2652 8.31472
      vertex -41.9938 10.2652 8.31472
    endloop
  endfacet
  facet normal 0 -0.43921 0.898384
    outer loop
      vertex -42 12.5898 17.4946
      vertex -41.9938 12.1443 17.2768
      vertex -41.9938 12.5898 17.4946
    endloop
  endfacet
  facet normal 0 -0.43921 0.898384
    outer loop
      vertex -41.9938 12.1443 17.2768
      vertex -42 12.5898 17.4946
      vertex -42 12.1443 17.2768
    endloop
  endfacet
  facet normal 0 -0.43921 0.898384
    outer loop
      vertex -39.5924 12.5898 17.4946
      vertex -35.6 12.1443 17.2768
      vertex -35.6 12.5898 17.4946
    endloop
  endfacet
  facet normal 0 -0.43921 0.898384
    outer loop
      vertex -35.6 12.1443 17.2768
      vertex -39.5924 12.5898 17.4946
      vertex -39.5924 12.1443 17.2768
    endloop
  endfacet
  facet normal 0 -0.707157 -0.707056
    outer loop
      vertex -42 10.9363 7.58566
      vertex -41.9938 10.5857 7.93631
      vertex -42 10.5857 7.93631
    endloop
  endfacet
  facet normal 0 -0.707157 -0.707056
    outer loop
      vertex -41.9938 10.5857 7.93631
      vertex -42 10.9363 7.58566
      vertex -41.9938 10.9363 7.58566
    endloop
  endfacet
  facet normal 0 -0.707157 -0.707056
    outer loop
      vertex -39.5924 10.9363 7.58566
      vertex -35.6 10.5857 7.93631
      vertex -39.5924 10.5857 7.93631
    endloop
  endfacet
  facet normal 0 -0.707157 -0.707056
    outer loop
      vertex -35.6 10.5857 7.93631
      vertex -39.5924 10.9363 7.58566
      vertex -35.6 10.9363 7.58566
    endloop
  endfacet
  facet normal 0 0.813808 -0.581133
    outer loop
      vertex -35.6 19.7348 8.31472
      vertex -39.5924 20.023 8.71831
      vertex -35.6 20.023 8.71831
    endloop
  endfacet
  facet normal 0 0.813808 -0.581133
    outer loop
      vertex -39.5924 20.023 8.71831
      vertex -35.6 19.7348 8.31472
      vertex -39.5924 19.7348 8.31472
    endloop
  endfacet
  facet normal 0 0.813808 -0.581133
    outer loop
      vertex -41.9938 19.7348 8.31472
      vertex -42 20.023 8.71831
      vertex -41.9938 20.023 8.71831
    endloop
  endfacet
  facet normal 0 0.813808 -0.581133
    outer loop
      vertex -42 20.023 8.71831
      vertex -41.9938 19.7348 8.31472
      vertex -42 19.7348 8.31472
    endloop
  endfacet
  facet normal 0 -0.763073 0.646313
    outer loop
      vertex -39.5924 10.2652 15.6853
      vertex -35.6 10.5857 16.0637
      vertex -39.5924 10.5857 16.0637
    endloop
  endfacet
  facet normal 0 -0.763073 0.646313
    outer loop
      vertex -35.6 10.5857 16.0637
      vertex -39.5924 10.2652 15.6853
      vertex -35.6 10.2652 15.6853
    endloop
  endfacet
  facet normal 0 -0.763073 0.646313
    outer loop
      vertex -42 10.2652 15.6853
      vertex -41.9938 10.5857 16.0637
      vertex -42 10.5857 16.0637
    endloop
  endfacet
  facet normal 0 -0.763073 0.646313
    outer loop
      vertex -41.9938 10.5857 16.0637
      vertex -42 10.2652 15.6853
      vertex -41.9938 10.2652 15.6853
    endloop
  endfacet
  facet normal 0 0.813815 0.581124
    outer loop
      vertex -41.9938 20.023 15.2817
      vertex -42 19.7348 15.6853
      vertex -41.9938 19.7348 15.6853
    endloop
  endfacet
  facet normal 0 0.813815 0.581124
    outer loop
      vertex -42 19.7348 15.6853
      vertex -41.9938 20.023 15.2817
      vertex -42 20.023 15.2817
    endloop
  endfacet
  facet normal 0 0.813815 0.581124
    outer loop
      vertex -35.6 20.023 15.2817
      vertex -39.5924 19.7348 15.6853
      vertex -35.6 19.7348 15.6853
    endloop
  endfacet
  facet normal 0 0.813815 0.581124
    outer loop
      vertex -39.5924 19.7348 15.6853
      vertex -35.6 20.023 15.2817
      vertex -39.5924 20.023 15.2817
    endloop
  endfacet
  facet normal 0 0.958429 -0.285331
    outer loop
      vertex -41.9938 20.6749 10.0518
      vertex -42 20.8164 10.5271
      vertex -41.9938 20.8164 10.5271
    endloop
  endfacet
  facet normal 0 0.958429 -0.285331
    outer loop
      vertex -42 20.8164 10.5271
      vertex -41.9938 20.6749 10.0518
      vertex -42 20.6749 10.0518
    endloop
  endfacet
  facet normal 0 0.958429 -0.285331
    outer loop
      vertex -35.6 20.6749 10.0518
      vertex -39.5924 20.8164 10.5271
      vertex -35.6 20.8164 10.5271
    endloop
  endfacet
  facet normal 0 0.958429 -0.285331
    outer loop
      vertex -39.5924 20.8164 10.5271
      vertex -35.6 20.6749 10.0518
      vertex -39.5924 20.6749 10.0518
    endloop
  endfacet
  facet normal 0 0.958429 0.285331
    outer loop
      vertex -35.6 20.8164 13.4729
      vertex -39.5924 20.6749 13.9482
      vertex -35.6 20.6749 13.9482
    endloop
  endfacet
  facet normal 0 0.958429 0.285331
    outer loop
      vertex -39.5924 20.6749 13.9482
      vertex -35.6 20.8164 13.4729
      vertex -39.5924 20.8164 13.4729
    endloop
  endfacet
  facet normal 0 0.958429 0.285331
    outer loop
      vertex -41.9938 20.8164 13.4729
      vertex -42 20.6749 13.9482
      vertex -41.9938 20.6749 13.9482
    endloop
  endfacet
  facet normal 0 0.958429 0.285331
    outer loop
      vertex -42 20.6749 13.9482
      vertex -41.9938 20.8164 13.4729
      vertex -42 20.8164 13.4729
    endloop
  endfacet
  facet normal 0 -0.646313 0.763073
    outer loop
      vertex -39.5924 11.3147 16.7348
      vertex -35.6 10.9363 16.4143
      vertex -35.6 11.3147 16.7348
    endloop
  endfacet
  facet normal 0 -0.646313 0.763073
    outer loop
      vertex -35.6 10.9363 16.4143
      vertex -39.5924 11.3147 16.7348
      vertex -39.5924 10.9363 16.4143
    endloop
  endfacet
  facet normal 0 -0.646313 0.763073
    outer loop
      vertex -42 11.3147 16.7348
      vertex -41.9938 10.9363 16.4143
      vertex -41.9938 11.3147 16.7348
    endloop
  endfacet
  facet normal 0 -0.646313 0.763073
    outer loop
      vertex -41.9938 10.9363 16.4143
      vertex -42 11.3147 16.7348
      vertex -42 10.9363 16.4143
    endloop
  endfacet
  facet normal -0 0.123613 0.992331
    outer loop
      vertex -42 15.9876 17.9182
      vertex -41.9938 15.4955 17.9795
      vertex -41.9938 15.9876 17.9182
    endloop
  endfacet
  facet normal 0 0.123613 0.992331
    outer loop
      vertex -41.9938 15.4955 17.9795
      vertex -42 15.9876 17.9182
      vertex -42 15.4955 17.9795
    endloop
  endfacet
  facet normal -0 0.123613 0.992331
    outer loop
      vertex -39.5924 15.9876 17.9182
      vertex -35.6 15.4955 17.9795
      vertex -35.6 15.9876 17.9182
    endloop
  endfacet
  facet normal 0 0.123613 0.992331
    outer loop
      vertex -35.6 15.4955 17.9795
      vertex -39.5924 15.9876 17.9182
      vertex -39.5924 15.4955 17.9795
    endloop
  endfacet
  facet normal 0 0.511884 -0.859055
    outer loop
      vertex -39.5924 17.8557 6.72316
      vertex -35.6 18.2817 6.977
      vertex -35.6 17.8557 6.72316
    endloop
  endfacet
  facet normal 0 0.511884 -0.859055
    outer loop
      vertex -35.6 18.2817 6.977
      vertex -39.5924 17.8557 6.72316
      vertex -39.5924 18.2817 6.977
    endloop
  endfacet
  facet normal 0 0.511884 -0.859055
    outer loop
      vertex -42 17.8557 6.72316
      vertex -41.9938 18.2817 6.977
      vertex -41.9938 17.8557 6.72316
    endloop
  endfacet
  facet normal 0 0.511884 -0.859055
    outer loop
      vertex -41.9938 18.2817 6.977
      vertex -42 17.8557 6.72316
      vertex -42 18.2817 6.977
    endloop
  endfacet
  facet normal 0 -0.898384 0.43921
    outer loop
      vertex -39.5924 9.50536 14.4102
      vertex -35.6 9.72316 14.8557
      vertex -39.5924 9.72316 14.8557
    endloop
  endfacet
  facet normal 0 -0.898384 0.43921
    outer loop
      vertex -35.6 9.72316 14.8557
      vertex -39.5924 9.50536 14.4102
      vertex -35.6 9.50536 14.4102
    endloop
  endfacet
  facet normal 0 -0.898384 0.43921
    outer loop
      vertex -42 9.50536 14.4102
      vertex -41.9938 9.72316 14.8557
      vertex -42 9.72316 14.8557
    endloop
  endfacet
  facet normal 0 -0.898384 0.43921
    outer loop
      vertex -41.9938 9.72316 14.8557
      vertex -42 9.50536 14.4102
      vertex -41.9938 9.50536 14.4102
    endloop
  endfacet
  facet normal 0 0.707107 0.707107
    outer loop
      vertex -35.6 19.4143 16.0637
      vertex -39.5924 19.0637 16.4143
      vertex -35.6 19.0637 16.4143
    endloop
  endfacet
  facet normal 0 0.707107 0.707107
    outer loop
      vertex -39.5924 19.0637 16.4143
      vertex -35.6 19.4143 16.0637
      vertex -39.5924 19.4143 16.0637
    endloop
  endfacet
  facet normal 0 0.707107 0.707107
    outer loop
      vertex -41.9938 19.4143 16.0637
      vertex -42 19.0637 16.4143
      vertex -41.9938 19.0637 16.4143
    endloop
  endfacet
  facet normal 0 0.707107 0.707107
    outer loop
      vertex -42 19.0637 16.4143
      vertex -41.9938 19.4143 16.0637
      vertex -42 19.4143 16.0637
    endloop
  endfacet
  facet normal 0 0.763073 0.646313
    outer loop
      vertex -35.6 19.7348 15.6853
      vertex -39.5924 19.4143 16.0637
      vertex -35.6 19.4143 16.0637
    endloop
  endfacet
  facet normal 0 0.763073 0.646313
    outer loop
      vertex -39.5924 19.4143 16.0637
      vertex -35.6 19.7348 15.6853
      vertex -39.5924 19.7348 15.6853
    endloop
  endfacet
  facet normal 0 0.763073 0.646313
    outer loop
      vertex -41.9938 19.7348 15.6853
      vertex -42 19.4143 16.0637
      vertex -41.9938 19.4143 16.0637
    endloop
  endfacet
  facet normal 0 0.763073 0.646313
    outer loop
      vertex -42 19.4143 16.0637
      vertex -41.9938 19.7348 15.6853
      vertex -42 19.7348 15.6853
    endloop
  endfacet
  facet normal 0 -0.205299 0.978699
    outer loop
      vertex -39.5924 14.0124 17.9182
      vertex -35.6 13.5271 17.8164
      vertex -35.6 14.0124 17.9182
    endloop
  endfacet
  facet normal 0 -0.205299 0.978699
    outer loop
      vertex -35.6 13.5271 17.8164
      vertex -39.5924 14.0124 17.9182
      vertex -39.5924 13.5271 17.8164
    endloop
  endfacet
  facet normal 0 -0.205299 0.978699
    outer loop
      vertex -42 14.0124 17.9182
      vertex -41.9938 13.5271 17.8164
      vertex -41.9938 14.0124 17.9182
    endloop
  endfacet
  facet normal 0 -0.205299 0.978699
    outer loop
      vertex -41.9938 13.5271 17.8164
      vertex -42 14.0124 17.9182
      vertex -42 13.5271 17.8164
    endloop
  endfacet
  facet normal 0 0.978699 0.205299
    outer loop
      vertex -41.9938 20.9182 12.9876
      vertex -42 20.8164 13.4729
      vertex -41.9938 20.8164 13.4729
    endloop
  endfacet
  facet normal 0 0.978699 0.205299
    outer loop
      vertex -42 20.8164 13.4729
      vertex -41.9938 20.9182 12.9876
      vertex -42 20.9182 12.9876
    endloop
  endfacet
  facet normal 0 0.978699 0.205299
    outer loop
      vertex -35.6 20.9182 12.9876
      vertex -39.5924 20.8164 13.4729
      vertex -35.6 20.8164 13.4729
    endloop
  endfacet
  facet normal 0 0.978699 0.205299
    outer loop
      vertex -39.5924 20.8164 13.4729
      vertex -35.6 20.9182 12.9876
      vertex -39.5924 20.9182 12.9876
    endloop
  endfacet
  facet normal 0 -0.363485 -0.9316
    outer loop
      vertex -42 12.5898 6.50536
      vertex -41.9938 13.0518 6.3251
      vertex -41.9938 12.5898 6.50536
    endloop
  endfacet
  facet normal -0 -0.363485 -0.9316
    outer loop
      vertex -41.9938 13.0518 6.3251
      vertex -42 12.5898 6.50536
      vertex -42 13.0518 6.3251
    endloop
  endfacet
  facet normal 0 -0.363485 -0.9316
    outer loop
      vertex -39.5924 12.5898 6.50536
      vertex -35.6 13.0518 6.3251
      vertex -35.6 12.5898 6.50536
    endloop
  endfacet
  facet normal -0 -0.363485 -0.9316
    outer loop
      vertex -35.6 13.0518 6.3251
      vertex -39.5924 12.5898 6.50536
      vertex -39.5924 13.0518 6.3251
    endloop
  endfacet
  facet normal 0 -0.123613 0.992331
    outer loop
      vertex -42 14.5045 17.9795
      vertex -41.9938 14.0124 17.9182
      vertex -41.9938 14.5045 17.9795
    endloop
  endfacet
  facet normal 0 -0.123613 0.992331
    outer loop
      vertex -41.9938 14.0124 17.9182
      vertex -42 14.5045 17.9795
      vertex -42 14.0124 17.9182
    endloop
  endfacet
  facet normal 0 -0.123613 0.992331
    outer loop
      vertex -39.5924 14.5045 17.9795
      vertex -35.6 14.0124 17.9182
      vertex -35.6 14.5045 17.9795
    endloop
  endfacet
  facet normal 0 -0.123613 0.992331
    outer loop
      vertex -35.6 14.0124 17.9182
      vertex -39.5924 14.5045 17.9795
      vertex -39.5924 14.0124 17.9182
    endloop
  endfacet
  facet normal 0 0.931573 0.363555
    outer loop
      vertex -41.9938 20.6749 13.9482
      vertex -42 20.4946 14.4102
      vertex -41.9938 20.4946 14.4102
    endloop
  endfacet
  facet normal 0 0.931573 0.363555
    outer loop
      vertex -42 20.4946 14.4102
      vertex -41.9938 20.6749 13.9482
      vertex -42 20.6749 13.9482
    endloop
  endfacet
  facet normal 0 0.931573 0.363555
    outer loop
      vertex -35.6 20.6749 13.9482
      vertex -39.5924 20.4946 14.4102
      vertex -35.6 20.4946 14.4102
    endloop
  endfacet
  facet normal 0 0.931573 0.363555
    outer loop
      vertex -39.5924 20.4946 14.4102
      vertex -35.6 20.6749 13.9482
      vertex -39.5924 20.6749 13.9482
    endloop
  endfacet
  facet normal 0 -0.123692 -0.992321
    outer loop
      vertex -39.5924 14.0124 6.08183
      vertex -35.6 14.5045 6.02049
      vertex -35.6 14.0124 6.08183
    endloop
  endfacet
  facet normal -0 -0.123692 -0.992321
    outer loop
      vertex -35.6 14.5045 6.02049
      vertex -39.5924 14.0124 6.08183
      vertex -39.5924 14.5045 6.02049
    endloop
  endfacet
  facet normal 0 -0.123692 -0.992321
    outer loop
      vertex -42 14.0124 6.08183
      vertex -41.9938 14.5045 6.02049
      vertex -41.9938 14.0124 6.08183
    endloop
  endfacet
  facet normal -0 -0.123692 -0.992321
    outer loop
      vertex -41.9938 14.5045 6.02049
      vertex -42 14.0124 6.08183
      vertex -42 14.5045 6.02049
    endloop
  endfacet
  facet normal 0 -0.285331 -0.958429
    outer loop
      vertex -42 13.0518 6.3251
      vertex -41.9938 13.5271 6.1836
      vertex -41.9938 13.0518 6.3251
    endloop
  endfacet
  facet normal -0 -0.285331 -0.958429
    outer loop
      vertex -41.9938 13.5271 6.1836
      vertex -42 13.0518 6.3251
      vertex -42 13.5271 6.1836
    endloop
  endfacet
  facet normal 0 -0.285331 -0.958429
    outer loop
      vertex -39.5924 13.0518 6.3251
      vertex -35.6 13.5271 6.1836
      vertex -35.6 13.0518 6.3251
    endloop
  endfacet
  facet normal -0 -0.285331 -0.958429
    outer loop
      vertex -35.6 13.5271 6.1836
      vertex -39.5924 13.0518 6.3251
      vertex -39.5924 13.5271 6.1836
    endloop
  endfacet
  facet normal 0 -0.958429 -0.285331
    outer loop
      vertex -42 9.3251 10.0518
      vertex -41.9938 9.1836 10.5271
      vertex -42 9.1836 10.5271
    endloop
  endfacet
  facet normal 0 -0.958429 -0.285331
    outer loop
      vertex -41.9938 9.1836 10.5271
      vertex -42 9.3251 10.0518
      vertex -41.9938 9.3251 10.0518
    endloop
  endfacet
  facet normal 0 -0.958429 -0.285331
    outer loop
      vertex -39.5924 9.3251 10.0518
      vertex -35.6 9.1836 10.5271
      vertex -39.5924 9.1836 10.5271
    endloop
  endfacet
  facet normal 0 -0.958429 -0.285331
    outer loop
      vertex -35.6 9.1836 10.5271
      vertex -39.5924 9.3251 10.0518
      vertex -35.6 9.3251 10.0518
    endloop
  endfacet
  facet normal 0 0.999145 0.041337
    outer loop
      vertex -41.9938 21 12
      vertex -42 20.9795 12.4955
      vertex -41.9938 20.9795 12.4955
    endloop
  endfacet
  facet normal 0 0.999145 0.041337
    outer loop
      vertex -42 20.9795 12.4955
      vertex -41.9938 21 12
      vertex -42 21 12
    endloop
  endfacet
  facet normal 0 0.999145 0.041337
    outer loop
      vertex -35.6 21 12
      vertex -39.5924 20.9795 12.4955
      vertex -35.6 20.9795 12.4955
    endloop
  endfacet
  facet normal 0 0.999145 0.041337
    outer loop
      vertex -39.5924 20.9795 12.4955
      vertex -35.6 21 12
      vertex -39.5924 21 12
    endloop
  endfacet
  facet normal 0 -0.978711 0.205241
    outer loop
      vertex -42 9.08183 12.9876
      vertex -41.9938 9.1836 13.4729
      vertex -42 9.1836 13.4729
    endloop
  endfacet
  facet normal 0 -0.978711 0.205241
    outer loop
      vertex -41.9938 9.1836 13.4729
      vertex -42 9.08183 12.9876
      vertex -41.9938 9.08183 12.9876
    endloop
  endfacet
  facet normal 0 -0.978711 0.205241
    outer loop
      vertex -39.5924 9.08183 12.9876
      vertex -35.6 9.1836 13.4729
      vertex -39.5924 9.1836 13.4729
    endloop
  endfacet
  facet normal 0 -0.978711 0.205241
    outer loop
      vertex -35.6 9.1836 13.4729
      vertex -39.5924 9.08183 12.9876
      vertex -35.6 9.08183 12.9876
    endloop
  endfacet
  facet normal 0 0.285331 -0.958429
    outer loop
      vertex -42 16.4729 6.1836
      vertex -41.9938 16.9482 6.3251
      vertex -41.9938 16.4729 6.1836
    endloop
  endfacet
  facet normal 0 0.285331 -0.958429
    outer loop
      vertex -41.9938 16.9482 6.3251
      vertex -42 16.4729 6.1836
      vertex -42 16.9482 6.3251
    endloop
  endfacet
  facet normal 0 0.285331 -0.958429
    outer loop
      vertex -39.5924 16.4729 6.1836
      vertex -35.6 16.9482 6.3251
      vertex -35.6 16.4729 6.1836
    endloop
  endfacet
  facet normal 0 0.285331 -0.958429
    outer loop
      vertex -35.6 16.9482 6.3251
      vertex -39.5924 16.4729 6.1836
      vertex -39.5924 16.9482 6.3251
    endloop
  endfacet
  facet normal 0 0.646313 -0.763073
    outer loop
      vertex -42 18.6853 7.26516
      vertex -41.9938 19.0637 7.58566
      vertex -41.9938 18.6853 7.26516
    endloop
  endfacet
  facet normal 0 0.646313 -0.763073
    outer loop
      vertex -41.9938 19.0637 7.58566
      vertex -42 18.6853 7.26516
      vertex -42 19.0637 7.58566
    endloop
  endfacet
  facet normal 0 0.646313 -0.763073
    outer loop
      vertex -39.5924 18.6853 7.26516
      vertex -35.6 19.0637 7.58566
      vertex -35.6 18.6853 7.26516
    endloop
  endfacet
  facet normal 0 0.646313 -0.763073
    outer loop
      vertex -35.6 19.0637 7.58566
      vertex -39.5924 18.6853 7.26516
      vertex -39.5924 19.0637 7.58566
    endloop
  endfacet
  facet normal 0 0.363485 -0.9316
    outer loop
      vertex -42 16.9482 6.3251
      vertex -41.9938 17.4102 6.50536
      vertex -41.9938 16.9482 6.3251
    endloop
  endfacet
  facet normal 0 0.363485 -0.9316
    outer loop
      vertex -41.9938 17.4102 6.50536
      vertex -42 16.9482 6.3251
      vertex -42 17.4102 6.50536
    endloop
  endfacet
  facet normal 0 0.363485 -0.9316
    outer loop
      vertex -39.5924 16.9482 6.3251
      vertex -35.6 17.4102 6.50536
      vertex -35.6 16.9482 6.3251
    endloop
  endfacet
  facet normal 0 0.363485 -0.9316
    outer loop
      vertex -35.6 17.4102 6.50536
      vertex -39.5924 16.9482 6.3251
      vertex -39.5924 17.4102 6.50536
    endloop
  endfacet
  facet normal 0 -0.511824 0.85909
    outer loop
      vertex -39.5924 12.1443 17.2768
      vertex -35.6 11.7183 17.023
      vertex -35.6 12.1443 17.2768
    endloop
  endfacet
  facet normal 0 -0.511824 0.85909
    outer loop
      vertex -35.6 11.7183 17.023
      vertex -39.5924 12.1443 17.2768
      vertex -39.5924 11.7183 17.023
    endloop
  endfacet
  facet normal 0 -0.511824 0.85909
    outer loop
      vertex -42 12.1443 17.2768
      vertex -41.9938 11.7183 17.023
      vertex -41.9938 12.1443 17.2768
    endloop
  endfacet
  facet normal 0 -0.511824 0.85909
    outer loop
      vertex -41.9938 11.7183 17.023
      vertex -42 12.1443 17.2768
      vertex -42 11.7183 17.023
    endloop
  endfacet
  facet normal -0 0.363555 0.931573
    outer loop
      vertex -42 17.4102 17.4946
      vertex -41.9938 16.9482 17.6749
      vertex -41.9938 17.4102 17.4946
    endloop
  endfacet
  facet normal 0 0.363555 0.931573
    outer loop
      vertex -41.9938 16.9482 17.6749
      vertex -42 17.4102 17.4946
      vertex -42 16.9482 17.6749
    endloop
  endfacet
  facet normal -0 0.363555 0.931573
    outer loop
      vertex -39.5924 17.4102 17.4946
      vertex -35.6 16.9482 17.6749
      vertex -35.6 17.4102 17.4946
    endloop
  endfacet
  facet normal 0 0.363555 0.931573
    outer loop
      vertex -35.6 16.9482 17.6749
      vertex -39.5924 17.4102 17.4946
      vertex -39.5924 16.9482 17.6749
    endloop
  endfacet
  facet normal -0 0.285331 0.958429
    outer loop
      vertex -42 16.9482 17.6749
      vertex -41.9938 16.4729 17.8164
      vertex -41.9938 16.9482 17.6749
    endloop
  endfacet
  facet normal 0 0.285331 0.958429
    outer loop
      vertex -41.9938 16.4729 17.8164
      vertex -42 16.9482 17.6749
      vertex -42 16.4729 17.8164
    endloop
  endfacet
  facet normal -0 0.285331 0.958429
    outer loop
      vertex -39.5924 16.9482 17.6749
      vertex -35.6 16.4729 17.8164
      vertex -35.6 16.9482 17.6749
    endloop
  endfacet
  facet normal 0 0.285331 0.958429
    outer loop
      vertex -35.6 16.4729 17.8164
      vertex -39.5924 16.9482 17.6749
      vertex -39.5924 16.4729 17.8164
    endloop
  endfacet
  facet normal 0 -0.581124 0.813815
    outer loop
      vertex -39.5924 11.7183 17.023
      vertex -35.6 11.3147 16.7348
      vertex -35.6 11.7183 17.023
    endloop
  endfacet
  facet normal 0 -0.581124 0.813815
    outer loop
      vertex -35.6 11.3147 16.7348
      vertex -39.5924 11.7183 17.023
      vertex -39.5924 11.3147 16.7348
    endloop
  endfacet
  facet normal 0 -0.581124 0.813815
    outer loop
      vertex -42 11.7183 17.023
      vertex -41.9938 11.3147 16.7348
      vertex -41.9938 11.7183 17.023
    endloop
  endfacet
  facet normal 0 -0.581124 0.813815
    outer loop
      vertex -41.9938 11.3147 16.7348
      vertex -42 11.7183 17.023
      vertex -42 11.3147 16.7348
    endloop
  endfacet
  facet normal 0 -0.205241 -0.978711
    outer loop
      vertex -39.5924 13.5271 6.1836
      vertex -35.6 14.0124 6.08183
      vertex -35.6 13.5271 6.1836
    endloop
  endfacet
  facet normal -0 -0.205241 -0.978711
    outer loop
      vertex -35.6 14.0124 6.08183
      vertex -39.5924 13.5271 6.1836
      vertex -39.5924 14.0124 6.08183
    endloop
  endfacet
  facet normal 0 -0.205241 -0.978711
    outer loop
      vertex -42 13.5271 6.1836
      vertex -41.9938 14.0124 6.08183
      vertex -41.9938 13.5271 6.1836
    endloop
  endfacet
  facet normal -0 -0.205241 -0.978711
    outer loop
      vertex -41.9938 14.0124 6.08183
      vertex -42 13.5271 6.1836
      vertex -42 14.0124 6.08183
    endloop
  endfacet
  facet normal 0 -0.813815 0.581124
    outer loop
      vertex -39.5924 9.977 15.2817
      vertex -35.6 10.2652 15.6853
      vertex -39.5924 10.2652 15.6853
    endloop
  endfacet
  facet normal 0 -0.813815 0.581124
    outer loop
      vertex -35.6 10.2652 15.6853
      vertex -39.5924 9.977 15.2817
      vertex -35.6 9.977 15.2817
    endloop
  endfacet
  facet normal 0 -0.813815 0.581124
    outer loop
      vertex -42 9.977 15.2817
      vertex -41.9938 10.2652 15.6853
      vertex -42 10.2652 15.6853
    endloop
  endfacet
  facet normal 0 -0.813815 0.581124
    outer loop
      vertex -41.9938 10.2652 15.6853
      vertex -42 9.977 15.2817
      vertex -41.9938 9.977 15.2817
    endloop
  endfacet
  facet normal 0 -0.999146 0.0413169
    outer loop
      vertex -39.5924 9 12
      vertex -35.6 9.02049 12.4955
      vertex -39.5924 9.02049 12.4955
    endloop
  endfacet
  facet normal 0 -0.999146 0.0413169
    outer loop
      vertex -35.6 9.02049 12.4955
      vertex -39.5924 9 12
      vertex -35.6 9 12
    endloop
  endfacet
  facet normal 0 -0.999146 0.0413169
    outer loop
      vertex -42 9 12
      vertex -41.9938 9.02049 12.4955
      vertex -42 9.02049 12.4955
    endloop
  endfacet
  facet normal 0 -0.999146 0.0413169
    outer loop
      vertex -41.9938 9.02049 12.4955
      vertex -42 9 12
      vertex -41.9938 9 12
    endloop
  endfacet
  facet normal 0 0.992331 -0.123613
    outer loop
      vertex -41.9938 20.9182 11.0124
      vertex -42 20.9795 11.5045
      vertex -41.9938 20.9795 11.5045
    endloop
  endfacet
  facet normal 0 0.992331 -0.123613
    outer loop
      vertex -42 20.9795 11.5045
      vertex -41.9938 20.9182 11.0124
      vertex -42 20.9182 11.0124
    endloop
  endfacet
  facet normal 0 0.992331 -0.123613
    outer loop
      vertex -35.6 20.9182 11.0124
      vertex -39.5924 20.9795 11.5045
      vertex -35.6 20.9795 11.5045
    endloop
  endfacet
  facet normal 0 0.992331 -0.123613
    outer loop
      vertex -39.5924 20.9795 11.5045
      vertex -35.6 20.9182 11.0124
      vertex -39.5924 20.9182 11.0124
    endloop
  endfacet
  facet normal -0 0.43921 0.898384
    outer loop
      vertex -42 17.8557 17.2768
      vertex -41.9938 17.4102 17.4946
      vertex -41.9938 17.8557 17.2768
    endloop
  endfacet
  facet normal 0 0.43921 0.898384
    outer loop
      vertex -41.9938 17.4102 17.4946
      vertex -42 17.8557 17.2768
      vertex -42 17.4102 17.4946
    endloop
  endfacet
  facet normal -0 0.43921 0.898384
    outer loop
      vertex -39.5924 17.8557 17.2768
      vertex -35.6 17.4102 17.4946
      vertex -35.6 17.8557 17.2768
    endloop
  endfacet
  facet normal 0 0.43921 0.898384
    outer loop
      vertex -35.6 17.4102 17.4946
      vertex -39.5924 17.8557 17.2768
      vertex -39.5924 17.4102 17.4946
    endloop
  endfacet
  facet normal 0 -0.992321 0.123692
    outer loop
      vertex -39.5924 9.02049 12.4955
      vertex -35.6 9.08183 12.9876
      vertex -39.5924 9.08183 12.9876
    endloop
  endfacet
  facet normal 0 -0.992321 0.123692
    outer loop
      vertex -35.6 9.08183 12.9876
      vertex -39.5924 9.02049 12.4955
      vertex -35.6 9.02049 12.4955
    endloop
  endfacet
  facet normal 0 -0.992321 0.123692
    outer loop
      vertex -42 9.02049 12.4955
      vertex -41.9938 9.08183 12.9876
      vertex -42 9.08183 12.9876
    endloop
  endfacet
  facet normal 0 -0.992321 0.123692
    outer loop
      vertex -41.9938 9.08183 12.9876
      vertex -42 9.02049 12.4955
      vertex -41.9938 9.02049 12.4955
    endloop
  endfacet
  facet normal -0 0.041337 0.999145
    outer loop
      vertex -42 15.4955 17.9795
      vertex -41.9938 15 18
      vertex -41.9938 15.4955 17.9795
    endloop
  endfacet
  facet normal 0 0.041337 0.999145
    outer loop
      vertex -41.9938 15 18
      vertex -42 15.4955 17.9795
      vertex -42 15 18
    endloop
  endfacet
  facet normal -0 0.041337 0.999145
    outer loop
      vertex -39.5924 15.4955 17.9795
      vertex -35.6 15 18
      vertex -35.6 15.4955 17.9795
    endloop
  endfacet
  facet normal 0 0.041337 0.999145
    outer loop
      vertex -35.6 15 18
      vertex -39.5924 15.4955 17.9795
      vertex -39.5924 15 18
    endloop
  endfacet
  facet normal 0 0.978699 -0.205299
    outer loop
      vertex -41.9938 20.8164 10.5271
      vertex -42 20.9182 11.0124
      vertex -41.9938 20.9182 11.0124
    endloop
  endfacet
  facet normal 0 0.978699 -0.205299
    outer loop
      vertex -42 20.9182 11.0124
      vertex -41.9938 20.8164 10.5271
      vertex -42 20.8164 10.5271
    endloop
  endfacet
  facet normal 0 0.978699 -0.205299
    outer loop
      vertex -35.6 20.8164 10.5271
      vertex -39.5924 20.9182 11.0124
      vertex -35.6 20.9182 11.0124
    endloop
  endfacet
  facet normal 0 0.978699 -0.205299
    outer loop
      vertex -39.5924 20.9182 11.0124
      vertex -35.6 20.8164 10.5271
      vertex -39.5924 20.8164 10.5271
    endloop
  endfacet
  facet normal 0 -0.041337 0.999145
    outer loop
      vertex -42 15 18
      vertex -41.9938 14.5045 17.9795
      vertex -41.9938 15 18
    endloop
  endfacet
  facet normal 0 -0.041337 0.999145
    outer loop
      vertex -41.9938 14.5045 17.9795
      vertex -42 15 18
      vertex -42 14.5045 17.9795
    endloop
  endfacet
  facet normal 0 -0.041337 0.999145
    outer loop
      vertex -39.5924 15 18
      vertex -35.6 14.5045 17.9795
      vertex -35.6 15 18
    endloop
  endfacet
  facet normal 0 -0.041337 0.999145
    outer loop
      vertex -35.6 14.5045 17.9795
      vertex -39.5924 15 18
      vertex -39.5924 14.5045 17.9795
    endloop
  endfacet
  facet normal -0 0.511824 0.85909
    outer loop
      vertex -42 18.2817 17.023
      vertex -41.9938 17.8557 17.2768
      vertex -41.9938 18.2817 17.023
    endloop
  endfacet
  facet normal 0 0.511824 0.85909
    outer loop
      vertex -41.9938 17.8557 17.2768
      vertex -42 18.2817 17.023
      vertex -42 17.8557 17.2768
    endloop
  endfacet
  facet normal -0 0.511824 0.85909
    outer loop
      vertex -39.5924 18.2817 17.023
      vertex -35.6 17.8557 17.2768
      vertex -35.6 18.2817 17.023
    endloop
  endfacet
  facet normal 0 0.511824 0.85909
    outer loop
      vertex -35.6 17.8557 17.2768
      vertex -39.5924 18.2817 17.023
      vertex -39.5924 17.8557 17.2768
    endloop
  endfacet
  facet normal 0 -0.58107 -0.813853
    outer loop
      vertex -42 11.3147 7.26516
      vertex -41.9938 11.7183 6.977
      vertex -41.9938 11.3147 7.26516
    endloop
  endfacet
  facet normal -0 -0.58107 -0.813853
    outer loop
      vertex -41.9938 11.7183 6.977
      vertex -42 11.3147 7.26516
      vertex -42 11.7183 6.977
    endloop
  endfacet
  facet normal 0 -0.58107 -0.813853
    outer loop
      vertex -39.5924 11.3147 7.26516
      vertex -35.6 11.7183 6.977
      vertex -35.6 11.3147 7.26516
    endloop
  endfacet
  facet normal -0 -0.58107 -0.813853
    outer loop
      vertex -35.6 11.7183 6.977
      vertex -39.5924 11.3147 7.26516
      vertex -39.5924 11.7183 6.977
    endloop
  endfacet
  facet normal 0 0.931565 -0.363576
    outer loop
      vertex -41.9938 20.4946 9.58983
      vertex -42 20.6749 10.0518
      vertex -41.9938 20.6749 10.0518
    endloop
  endfacet
  facet normal 0 0.931565 -0.363576
    outer loop
      vertex -42 20.6749 10.0518
      vertex -41.9938 20.4946 9.58983
      vertex -42 20.4946 9.58983
    endloop
  endfacet
  facet normal 0 0.931565 -0.363576
    outer loop
      vertex -35.6 20.4946 9.58983
      vertex -39.5924 20.6749 10.0518
      vertex -35.6 20.6749 10.0518
    endloop
  endfacet
  facet normal 0 0.931565 -0.363576
    outer loop
      vertex -39.5924 20.6749 10.0518
      vertex -35.6 20.4946 9.58983
      vertex -39.5924 20.4946 9.58983
    endloop
  endfacet
  facet normal 1 0 0
    outer loop
      vertex -35.6 17.2966 11.8755
      vertex -35.6 21 12
      vertex -35.6 20.9795 12.4955
    endloop
  endfacet
  facet normal 1 0 0
    outer loop
      vertex -35.6 17.2697 12.3721
      vertex -35.6 20.9795 12.4955
      vertex -35.6 20.9182 12.9876
    endloop
  endfacet
  facet normal 1 0 0
    outer loop
      vertex -35.6 21 12
      vertex -35.6 17.2966 11.8755
      vertex -35.6 20.9795 11.5045
    endloop
  endfacet
  facet normal 1 0 0
    outer loop
      vertex -35.6 17.2697 12.3721
      vertex -35.6 20.9182 12.9876
      vertex -35.6 20.8164 13.4729
    endloop
  endfacet
  facet normal 1 0 0
    outer loop
      vertex -35.6 20.9795 11.5045
      vertex -35.6 17.2966 11.8755
      vertex -35.6 20.9182 11.0124
    endloop
  endfacet
  facet normal 1 0 0
    outer loop
      vertex -35.6 17.1366 12.8513
      vertex -35.6 20.8164 13.4729
      vertex -35.6 20.6749 13.9482
    endloop
  endfacet
  facet normal 1 -0 0
    outer loop
      vertex -35.6 17.2162 11.3847
      vertex -35.6 20.9182 11.0124
      vertex -35.6 17.2966 11.8755
    endloop
  endfacet
  facet normal 1 0 0
    outer loop
      vertex -35.6 17.1366 12.8513
      vertex -35.6 20.6749 13.9482
      vertex -35.6 20.4946 14.4102
    endloop
  endfacet
  facet normal 1 0 0
    outer loop
      vertex -35.6 20.9182 11.0124
      vertex -35.6 17.2162 11.3847
      vertex -35.6 20.8164 10.5271
    endloop
  endfacet
  facet normal 1 0 0
    outer loop
      vertex -35.6 17.1366 12.8513
      vertex -35.6 20.4946 14.4102
      vertex -35.6 20.2768 14.8557
    endloop
  endfacet
  facet normal 1 0 0
    outer loop
      vertex -35.6 20.8164 10.5271
      vertex -35.6 17.2162 11.3847
      vertex -35.6 20.6749 10.0518
    endloop
  endfacet
  facet normal 1 0 0
    outer loop
      vertex -35.6 16.9037 13.2907
      vertex -35.6 20.2768 14.8557
      vertex -35.6 20.023 15.2817
    endloop
  endfacet
  facet normal 1 0 0
    outer loop
      vertex -35.6 20.6749 10.0518
      vertex -35.6 17.2162 11.3847
      vertex -35.6 20.4946 9.58983
    endloop
  endfacet
  facet normal 1 0 0
    outer loop
      vertex -35.6 16.9037 13.2907
      vertex -35.6 20.023 15.2817
      vertex -35.6 19.7348 15.6853
    endloop
  endfacet
  facet normal 1 -0 0
    outer loop
      vertex -35.6 17.0321 10.9227
      vertex -35.6 20.4946 9.58983
      vertex -35.6 17.2162 11.3847
    endloop
  endfacet
  facet normal 1 0 0
    outer loop
      vertex -35.6 16.9037 13.2907
      vertex -35.6 19.7348 15.6853
      vertex -35.6 19.4143 16.0637
    endloop
  endfacet
  facet normal 1 0 0
    outer loop
      vertex -35.6 20.4946 9.58983
      vertex -35.6 17.0321 10.9227
      vertex -35.6 20.2768 9.14431
    endloop
  endfacet
  facet normal 1 0 0
    outer loop
      vertex -35.6 16.5817 13.6698
      vertex -35.6 19.4143 16.0637
      vertex -35.6 19.0637 16.4143
    endloop
  endfacet
  facet normal 1 0 0
    outer loop
      vertex -35.6 20.2768 9.14431
      vertex -35.6 17.0321 10.9227
      vertex -35.6 20.023 8.71831
    endloop
  endfacet
  facet normal 1 0 0
    outer loop
      vertex -35.6 16.5817 13.6698
      vertex -35.6 19.0637 16.4143
      vertex -35.6 18.6853 16.7348
    endloop
  endfacet
  facet normal 1 -0 0
    outer loop
      vertex -35.6 16.753 10.511
      vertex -35.6 20.023 8.71831
      vertex -35.6 17.0321 10.9227
    endloop
  endfacet
  facet normal 1 0 0
    outer loop
      vertex -35.6 16.1858 13.9708
      vertex -35.6 18.6853 16.7348
      vertex -35.6 18.2817 17.023
    endloop
  endfacet
  facet normal 1 0 0
    outer loop
      vertex -35.6 20.023 8.71831
      vertex -35.6 16.753 10.511
      vertex -35.6 19.7348 8.31472
    endloop
  endfacet
  facet normal 1 0 0
    outer loop
      vertex -35.6 16.1858 13.9708
      vertex -35.6 18.2817 17.023
      vertex -35.6 17.8557 17.2768
    endloop
  endfacet
  facet normal 1 0 0
    outer loop
      vertex -35.6 19.7348 8.31472
      vertex -35.6 16.753 10.511
      vertex -35.6 19.4143 7.93631
    endloop
  endfacet
  facet normal 1 0 0
    outer loop
      vertex -35.6 16.1858 13.9708
      vertex -35.6 17.8557 17.2768
      vertex -35.6 17.4102 17.4946
    endloop
  endfacet
  facet normal 1 0 0
    outer loop
      vertex -35.6 19.4143 7.93631
      vertex -35.6 16.753 10.511
      vertex -35.6 19.0637 7.58566
    endloop
  endfacet
  facet normal 1 -0 0
    outer loop
      vertex -35.6 16.3919 10.169
      vertex -35.6 19.0637 7.58566
      vertex -35.6 16.753 10.511
    endloop
  endfacet
  facet normal 1 0 0
    outer loop
      vertex -35.6 20.9795 12.4955
      vertex -35.6 17.2697 12.3721
      vertex -35.6 17.2966 11.8755
    endloop
  endfacet
  facet normal 1 0 0
    outer loop
      vertex -35.6 20.8164 13.4729
      vertex -35.6 17.1366 12.8513
      vertex -35.6 17.2697 12.3721
    endloop
  endfacet
  facet normal 1 0 0
    outer loop
      vertex -35.6 15.7344 14.1796
      vertex -35.6 17.4102 17.4946
      vertex -35.6 16.9482 17.6749
    endloop
  endfacet
  facet normal 1 0 0
    outer loop
      vertex -35.6 20.2768 14.8557
      vertex -35.6 16.9037 13.2907
      vertex -35.6 17.1366 12.8513
    endloop
  endfacet
  facet normal 1 0 0
    outer loop
      vertex -35.6 19.4143 16.0637
      vertex -35.6 16.5817 13.6698
      vertex -35.6 16.9037 13.2907
    endloop
  endfacet
  facet normal 1 0 0
    outer loop
      vertex -35.6 15.7344 14.1796
      vertex -35.6 16.9482 17.6749
      vertex -35.6 16.4729 17.8164
    endloop
  endfacet
  facet normal 1 0 0
    outer loop
      vertex -35.6 18.6853 16.7348
      vertex -35.6 16.1858 13.9708
      vertex -35.6 16.5817 13.6698
    endloop
  endfacet
  facet normal 1 0 0
    outer loop
      vertex -35.6 15.2487 14.2865
      vertex -35.6 16.4729 17.8164
      vertex -35.6 15.9876 17.9182
    endloop
  endfacet
  facet normal 1 0 0
    outer loop
      vertex -35.6 17.4102 17.4946
      vertex -35.6 15.7344 14.1796
      vertex -35.6 16.1858 13.9708
    endloop
  endfacet
  facet normal 1 0 0
    outer loop
      vertex -35.6 15.2487 14.2865
      vertex -35.6 15.9876 17.9182
      vertex -35.6 15.4955 17.9795
    endloop
  endfacet
  facet normal 1 0 0
    outer loop
      vertex -35.6 16.4729 17.8164
      vertex -35.6 15.2487 14.2865
      vertex -35.6 15.7344 14.1796
    endloop
  endfacet
  facet normal 1 0 0
    outer loop
      vertex -35.6 15 18
      vertex -35.6 15.2487 14.2865
      vertex -35.6 15.4955 17.9795
    endloop
  endfacet
  facet normal 1 0 0
    outer loop
      vertex -35.6 15 18
      vertex -35.6 14.7513 14.2865
      vertex -35.6 15.2487 14.2865
    endloop
  endfacet
  facet normal 1 -0 0
    outer loop
      vertex -35.6 14.5045 17.9795
      vertex -35.6 14.7513 14.2865
      vertex -35.6 15 18
    endloop
  endfacet
  facet normal 1 -0 0
    outer loop
      vertex -35.6 14.0124 17.9182
      vertex -35.6 14.7513 14.2865
      vertex -35.6 14.5045 17.9795
    endloop
  endfacet
  facet normal 1 -0 0
    outer loop
      vertex -35.6 13.5271 17.8164
      vertex -35.6 14.7513 14.2865
      vertex -35.6 14.0124 17.9182
    endloop
  endfacet
  facet normal 1 0 0
    outer loop
      vertex -35.6 14.7513 14.2865
      vertex -35.6 13.5271 17.8164
      vertex -35.6 14.2656 14.1796
    endloop
  endfacet
  facet normal 1 -0 0
    outer loop
      vertex -35.6 13.0518 17.6749
      vertex -35.6 14.2656 14.1796
      vertex -35.6 13.5271 17.8164
    endloop
  endfacet
  facet normal 1 -0 0
    outer loop
      vertex -35.6 12.5898 17.4946
      vertex -35.6 14.2656 14.1796
      vertex -35.6 13.0518 17.6749
    endloop
  endfacet
  facet normal 1 0 0
    outer loop
      vertex -35.6 14.2656 14.1796
      vertex -35.6 12.5898 17.4946
      vertex -35.6 13.8142 13.9708
    endloop
  endfacet
  facet normal 1 -0 0
    outer loop
      vertex -35.6 12.1443 17.2768
      vertex -35.6 13.8142 13.9708
      vertex -35.6 12.5898 17.4946
    endloop
  endfacet
  facet normal 1 -0 0
    outer loop
      vertex -35.6 11.7183 17.023
      vertex -35.6 13.8142 13.9708
      vertex -35.6 12.1443 17.2768
    endloop
  endfacet
  facet normal 1 -0 0
    outer loop
      vertex -35.6 11.3147 16.7348
      vertex -35.6 13.8142 13.9708
      vertex -35.6 11.7183 17.023
    endloop
  endfacet
  facet normal 1 -0 0
    outer loop
      vertex -35.6 10.9363 16.4143
      vertex -35.6 13.4183 13.6698
      vertex -35.6 11.3147 16.7348
    endloop
  endfacet
  facet normal 1 0 0
    outer loop
      vertex -35.6 13.8142 13.9708
      vertex -35.6 11.3147 16.7348
      vertex -35.6 13.4183 13.6698
    endloop
  endfacet
  facet normal 1 0 0
    outer loop
      vertex -35.6 19.0637 7.58566
      vertex -35.6 16.3919 10.169
      vertex -35.6 18.6853 7.26516
    endloop
  endfacet
  facet normal 1 0 0
    outer loop
      vertex -35.6 18.6853 7.26516
      vertex -35.6 16.3919 10.169
      vertex -35.6 18.2817 6.977
    endloop
  endfacet
  facet normal 1 0 0
    outer loop
      vertex -35.6 18.2817 6.977
      vertex -35.6 16.3919 10.169
      vertex -35.6 17.8557 6.72316
    endloop
  endfacet
  facet normal 1 -0 0
    outer loop
      vertex -35.6 15.9657 9.91258
      vertex -35.6 17.8557 6.72316
      vertex -35.6 16.3919 10.169
    endloop
  endfacet
  facet normal 1 0 0
    outer loop
      vertex -35.6 17.8557 6.72316
      vertex -35.6 15.9657 9.91258
      vertex -35.6 17.4102 6.50536
    endloop
  endfacet
  facet normal 1 0 0
    outer loop
      vertex -35.6 17.4102 6.50536
      vertex -35.6 15.9657 9.91258
      vertex -35.6 16.9482 6.3251
    endloop
  endfacet
  facet normal 1 -0 0
    outer loop
      vertex -35.6 15.4944 9.75377
      vertex -35.6 16.9482 6.3251
      vertex -35.6 15.9657 9.91258
    endloop
  endfacet
  facet normal 1 0 0
    outer loop
      vertex -35.6 16.9482 6.3251
      vertex -35.6 15.4944 9.75377
      vertex -35.6 16.4729 6.1836
    endloop
  endfacet
  facet normal 1 0 0
    outer loop
      vertex -35.6 16.4729 6.1836
      vertex -35.6 15.4944 9.75377
      vertex -35.6 15.9876 6.08183
    endloop
  endfacet
  facet normal 1 0 0
    outer loop
      vertex -35.6 15.9876 6.08183
      vertex -35.6 15.4944 9.75377
      vertex -35.6 15.4955 6.02049
    endloop
  endfacet
  facet normal 1 -0 0
    outer loop
      vertex -35.6 15 9.7
      vertex -35.6 15.4955 6.02049
      vertex -35.6 15.4944 9.75377
    endloop
  endfacet
  facet normal 1 0 0
    outer loop
      vertex -35.6 15 9.7
      vertex -35.6 15 6
      vertex -35.6 15.4955 6.02049
    endloop
  endfacet
  facet normal 1 0 0
    outer loop
      vertex -35.6 14.5045 6.02049
      vertex -35.6 15 9.7
      vertex -35.6 14.5056 9.75377
    endloop
  endfacet
  facet normal 1 0 0
    outer loop
      vertex -35.6 15 9.7
      vertex -35.6 14.5045 6.02049
      vertex -35.6 15 6
    endloop
  endfacet
  facet normal 1 0 0
    outer loop
      vertex -35.6 13.0518 6.3251
      vertex -35.6 14.5056 9.75377
      vertex -35.6 14.0343 9.91258
    endloop
  endfacet
  facet normal 1 0 0
    outer loop
      vertex -35.6 14.5056 9.75377
      vertex -35.6 14.0124 6.08183
      vertex -35.6 14.5045 6.02049
    endloop
  endfacet
  facet normal 1 0 0
    outer loop
      vertex -35.6 12.1443 6.72316
      vertex -35.6 14.0343 9.91258
      vertex -35.6 13.6081 10.169
    endloop
  endfacet
  facet normal 1 0 0
    outer loop
      vertex -35.6 14.5056 9.75377
      vertex -35.6 13.5271 6.1836
      vertex -35.6 14.0124 6.08183
    endloop
  endfacet
  facet normal 1 0 0
    outer loop
      vertex -35.6 10.9363 7.58566
      vertex -35.6 13.6081 10.169
      vertex -35.6 13.247 10.511
    endloop
  endfacet
  facet normal 1 0 0
    outer loop
      vertex -35.6 14.5056 9.75377
      vertex -35.6 13.0518 6.3251
      vertex -35.6 13.5271 6.1836
    endloop
  endfacet
  facet normal 1 0 0
    outer loop
      vertex -35.6 9.977 8.71831
      vertex -35.6 13.247 10.511
      vertex -35.6 12.9679 10.9227
    endloop
  endfacet
  facet normal 1 0 0
    outer loop
      vertex -35.6 9.50536 9.58983
      vertex -35.6 12.9679 10.9227
      vertex -35.6 12.7838 11.3847
    endloop
  endfacet
  facet normal 1 0 0
    outer loop
      vertex -35.6 9.08183 11.0124
      vertex -35.6 12.7838 11.3847
      vertex -35.6 12.7034 11.8755
    endloop
  endfacet
  facet normal 1 0 0
    outer loop
      vertex -35.6 14.0343 9.91258
      vertex -35.6 12.5898 6.50536
      vertex -35.6 13.0518 6.3251
    endloop
  endfacet
  facet normal 1 -0 0
    outer loop
      vertex -35.6 10.5857 16.0637
      vertex -35.6 13.4183 13.6698
      vertex -35.6 10.9363 16.4143
    endloop
  endfacet
  facet normal 1 0 0
    outer loop
      vertex -35.6 13.4183 13.6698
      vertex -35.6 10.5857 16.0637
      vertex -35.6 13.0963 13.2907
    endloop
  endfacet
  facet normal 1 0 0
    outer loop
      vertex -35.6 14.0343 9.91258
      vertex -35.6 12.1443 6.72316
      vertex -35.6 12.5898 6.50536
    endloop
  endfacet
  facet normal 1 -0 0
    outer loop
      vertex -35.6 10.2652 15.6853
      vertex -35.6 13.0963 13.2907
      vertex -35.6 10.5857 16.0637
    endloop
  endfacet
  facet normal 1 0 0
    outer loop
      vertex -35.6 13.6081 10.169
      vertex -35.6 11.7183 6.977
      vertex -35.6 12.1443 6.72316
    endloop
  endfacet
  facet normal 1 -0 0
    outer loop
      vertex -35.6 9.977 15.2817
      vertex -35.6 13.0963 13.2907
      vertex -35.6 10.2652 15.6853
    endloop
  endfacet
  facet normal 1 0 0
    outer loop
      vertex -35.6 13.6081 10.169
      vertex -35.6 11.3147 7.26516
      vertex -35.6 11.7183 6.977
    endloop
  endfacet
  facet normal 1 -0 0
    outer loop
      vertex -35.6 9.72316 14.8557
      vertex -35.6 13.0963 13.2907
      vertex -35.6 9.977 15.2817
    endloop
  endfacet
  facet normal 1 0 0
    outer loop
      vertex -35.6 13.6081 10.169
      vertex -35.6 10.9363 7.58566
      vertex -35.6 11.3147 7.26516
    endloop
  endfacet
  facet normal 1 0 0
    outer loop
      vertex -35.6 13.0963 13.2907
      vertex -35.6 9.72316 14.8557
      vertex -35.6 12.8634 12.8513
    endloop
  endfacet
  facet normal 1 0 0
    outer loop
      vertex -35.6 13.247 10.511
      vertex -35.6 10.5857 7.93631
      vertex -35.6 10.9363 7.58566
    endloop
  endfacet
  facet normal 1 -0 0
    outer loop
      vertex -35.6 9.50536 14.4102
      vertex -35.6 12.8634 12.8513
      vertex -35.6 9.72316 14.8557
    endloop
  endfacet
  facet normal 1 0 0
    outer loop
      vertex -35.6 13.247 10.511
      vertex -35.6 10.2652 8.31472
      vertex -35.6 10.5857 7.93631
    endloop
  endfacet
  facet normal 1 -0 0
    outer loop
      vertex -35.6 9.3251 13.9482
      vertex -35.6 12.8634 12.8513
      vertex -35.6 9.50536 14.4102
    endloop
  endfacet
  facet normal 1 0 0
    outer loop
      vertex -35.6 13.247 10.511
      vertex -35.6 9.977 8.71831
      vertex -35.6 10.2652 8.31472
    endloop
  endfacet
  facet normal 1 -0 0
    outer loop
      vertex -35.6 9.1836 13.4729
      vertex -35.6 12.8634 12.8513
      vertex -35.6 9.3251 13.9482
    endloop
  endfacet
  facet normal 1 0 0
    outer loop
      vertex -35.6 12.9679 10.9227
      vertex -35.6 9.72316 9.14431
      vertex -35.6 9.977 8.71831
    endloop
  endfacet
  facet normal 1 0 0
    outer loop
      vertex -35.6 12.8634 12.8513
      vertex -35.6 9.1836 13.4729
      vertex -35.6 12.7303 12.3721
    endloop
  endfacet
  facet normal 1 0 0
    outer loop
      vertex -35.6 12.9679 10.9227
      vertex -35.6 9.50536 9.58983
      vertex -35.6 9.72316 9.14431
    endloop
  endfacet
  facet normal 1 -0 0
    outer loop
      vertex -35.6 9.08183 12.9876
      vertex -35.6 12.7303 12.3721
      vertex -35.6 9.1836 13.4729
    endloop
  endfacet
  facet normal 1 0 0
    outer loop
      vertex -35.6 12.7838 11.3847
      vertex -35.6 9.3251 10.0518
      vertex -35.6 9.50536 9.58983
    endloop
  endfacet
  facet normal 1 -0 0
    outer loop
      vertex -35.6 9.02049 12.4955
      vertex -35.6 12.7303 12.3721
      vertex -35.6 9.08183 12.9876
    endloop
  endfacet
  facet normal 1 0 0
    outer loop
      vertex -35.6 12.7838 11.3847
      vertex -35.6 9.1836 10.5271
      vertex -35.6 9.3251 10.0518
    endloop
  endfacet
  facet normal 1 0 0
    outer loop
      vertex -35.6 12.7303 12.3721
      vertex -35.6 9.02049 12.4955
      vertex -35.6 12.7034 11.8755
    endloop
  endfacet
  facet normal 1 0 0
    outer loop
      vertex -35.6 12.7838 11.3847
      vertex -35.6 9.08183 11.0124
      vertex -35.6 9.1836 10.5271
    endloop
  endfacet
  facet normal 1 -0 0
    outer loop
      vertex -35.6 9 12
      vertex -35.6 12.7034 11.8755
      vertex -35.6 9.02049 12.4955
    endloop
  endfacet
  facet normal 1 0 0
    outer loop
      vertex -35.6 12.7034 11.8755
      vertex -35.6 9.02049 11.5045
      vertex -35.6 9.08183 11.0124
    endloop
  endfacet
  facet normal 1 0 0
    outer loop
      vertex -35.6 12.7034 11.8755
      vertex -35.6 9 12
      vertex -35.6 9.02049 11.5045
    endloop
  endfacet
  facet normal -0 0.646313 0.763073
    outer loop
      vertex -42 19.0637 16.4143
      vertex -41.9938 18.6853 16.7348
      vertex -41.9938 19.0637 16.4143
    endloop
  endfacet
  facet normal 0 0.646313 0.763073
    outer loop
      vertex -41.9938 18.6853 16.7348
      vertex -42 19.0637 16.4143
      vertex -42 18.6853 16.7348
    endloop
  endfacet
  facet normal -0 0.646313 0.763073
    outer loop
      vertex -39.5924 19.0637 16.4143
      vertex -35.6 18.6853 16.7348
      vertex -35.6 19.0637 16.4143
    endloop
  endfacet
  facet normal 0 0.646313 0.763073
    outer loop
      vertex -35.6 18.6853 16.7348
      vertex -39.5924 19.0637 16.4143
      vertex -39.5924 18.6853 16.7348
    endloop
  endfacet
  facet normal 0 0.763073 0.646313
    outer loop
      vertex 39.6 -10.2652 15.6853
      vertex 35.6 -10.5857 16.0637
      vertex 39.6 -10.5857 16.0637
    endloop
  endfacet
  facet normal 0 0.763073 0.646313
    outer loop
      vertex 35.6 -10.5857 16.0637
      vertex 39.6 -10.2652 15.6853
      vertex 35.6 -10.2652 15.6853
    endloop
  endfacet
  facet normal -0 0.205299 0.978699
    outer loop
      vertex 35.6 -13.5271 17.8164
      vertex 39.6 -14.0124 17.9182
      vertex 39.6 -13.5271 17.8164
    endloop
  endfacet
  facet normal 0 0.205299 0.978699
    outer loop
      vertex 39.6 -14.0124 17.9182
      vertex 35.6 -13.5271 17.8164
      vertex 35.6 -14.0124 17.9182
    endloop
  endfacet
  facet normal 0 -0.511824 0.85909
    outer loop
      vertex 35.6 -17.8557 17.2768
      vertex 39.6 -18.2817 17.023
      vertex 39.6 -17.8557 17.2768
    endloop
  endfacet
  facet normal 0 -0.511824 0.85909
    outer loop
      vertex 39.6 -18.2817 17.023
      vertex 35.6 -17.8557 17.2768
      vertex 35.6 -18.2817 17.023
    endloop
  endfacet
  facet normal 0 -0.763081 -0.646303
    outer loop
      vertex 35.6 -19.4143 7.93631
      vertex 39.6 -19.7348 8.31472
      vertex 35.6 -19.7348 8.31472
    endloop
  endfacet
  facet normal 0 -0.763081 -0.646303
    outer loop
      vertex 39.6 -19.7348 8.31472
      vertex 35.6 -19.4143 7.93631
      vertex 39.6 -19.4143 7.93631
    endloop
  endfacet
  facet normal 0 0.992321 -0.123692
    outer loop
      vertex 39.6 -9.08183 11.0124
      vertex 35.6 -9.02049 11.5045
      vertex 39.6 -9.02049 11.5045
    endloop
  endfacet
  facet normal 0 0.992321 -0.123692
    outer loop
      vertex 35.6 -9.02049 11.5045
      vertex 39.6 -9.08183 11.0124
      vertex 35.6 -9.08183 11.0124
    endloop
  endfacet
  facet normal -0 0.511824 0.85909
    outer loop
      vertex 35.6 -11.7183 17.023
      vertex 39.6 -12.1443 17.2768
      vertex 39.6 -11.7183 17.023
    endloop
  endfacet
  facet normal 0 0.511824 0.85909
    outer loop
      vertex 39.6 -12.1443 17.2768
      vertex 35.6 -11.7183 17.023
      vertex 35.6 -12.1443 17.2768
    endloop
  endfacet
  facet normal -0 0.581124 0.813815
    outer loop
      vertex 35.6 -11.3147 16.7348
      vertex 39.6 -11.7183 17.023
      vertex 39.6 -11.3147 16.7348
    endloop
  endfacet
  facet normal 0 0.581124 0.813815
    outer loop
      vertex 39.6 -11.7183 17.023
      vertex 35.6 -11.3147 16.7348
      vertex 35.6 -11.7183 17.023
    endloop
  endfacet
  facet normal -0 0.041337 0.999145
    outer loop
      vertex 35.6 -14.5045 17.9795
      vertex 39.6 -15 18
      vertex 39.6 -14.5045 17.9795
    endloop
  endfacet
  facet normal 0 0.041337 0.999145
    outer loop
      vertex 39.6 -15 18
      vertex 35.6 -14.5045 17.9795
      vertex 35.6 -15 18
    endloop
  endfacet
  facet normal 0 -0.205241 -0.978711
    outer loop
      vertex 35.6 -16.4729 6.1836
      vertex 39.6 -15.9876 6.08183
      vertex 39.6 -16.4729 6.1836
    endloop
  endfacet
  facet normal -0 -0.205241 -0.978711
    outer loop
      vertex 39.6 -15.9876 6.08183
      vertex 35.6 -16.4729 6.1836
      vertex 35.6 -15.9876 6.08183
    endloop
  endfacet
  facet normal -0 0.285331 0.958429
    outer loop
      vertex 35.6 -13.0518 17.6749
      vertex 39.6 -13.5271 17.8164
      vertex 39.6 -13.0518 17.6749
    endloop
  endfacet
  facet normal 0 0.285331 0.958429
    outer loop
      vertex 39.6 -13.5271 17.8164
      vertex 35.6 -13.0518 17.6749
      vertex 35.6 -13.5271 17.8164
    endloop
  endfacet
  facet normal 0 0.813815 0.581124
    outer loop
      vertex 39.6 -9.977 15.2817
      vertex 35.6 -10.2652 15.6853
      vertex 39.6 -10.2652 15.6853
    endloop
  endfacet
  facet normal 0 0.813815 0.581124
    outer loop
      vertex 35.6 -10.2652 15.6853
      vertex 39.6 -9.977 15.2817
      vertex 35.6 -9.977 15.2817
    endloop
  endfacet
  facet normal 0 -0.123613 0.992331
    outer loop
      vertex 35.6 -15.4955 17.9795
      vertex 39.6 -15.9876 17.9182
      vertex 39.6 -15.4955 17.9795
    endloop
  endfacet
  facet normal 0 -0.123613 0.992331
    outer loop
      vertex 39.6 -15.9876 17.9182
      vertex 35.6 -15.4955 17.9795
      vertex 35.6 -15.9876 17.9182
    endloop
  endfacet
  facet normal 0 -0.205299 0.978699
    outer loop
      vertex 35.6 -15.9876 17.9182
      vertex 39.6 -16.4729 17.8164
      vertex 39.6 -15.9876 17.9182
    endloop
  endfacet
  facet normal 0 -0.205299 0.978699
    outer loop
      vertex 39.6 -16.4729 17.8164
      vertex 35.6 -15.9876 17.9182
      vertex 35.6 -16.4729 17.8164
    endloop
  endfacet
  facet normal 0 -0.763073 0.646313
    outer loop
      vertex 35.6 -19.7348 15.6853
      vertex 39.6 -19.4143 16.0637
      vertex 35.6 -19.4143 16.0637
    endloop
  endfacet
  facet normal 0 -0.763073 0.646313
    outer loop
      vertex 39.6 -19.4143 16.0637
      vertex 35.6 -19.7348 15.6853
      vertex 39.6 -19.7348 15.6853
    endloop
  endfacet
  facet normal 0 0.978711 -0.205241
    outer loop
      vertex 39.6 -9.1836 10.5271
      vertex 35.6 -9.08183 11.0124
      vertex 39.6 -9.08183 11.0124
    endloop
  endfacet
  facet normal 0 0.978711 -0.205241
    outer loop
      vertex 35.6 -9.08183 11.0124
      vertex 39.6 -9.1836 10.5271
      vertex 35.6 -9.1836 10.5271
    endloop
  endfacet
  facet normal 0 0.999146 0.0413169
    outer loop
      vertex 39.6 -9 12
      vertex 35.6 -9.02049 12.4955
      vertex 39.6 -9.02049 12.4955
    endloop
  endfacet
  facet normal 0 0.999146 0.0413169
    outer loop
      vertex 35.6 -9.02049 12.4955
      vertex 39.6 -9 12
      vertex 35.6 -9 12
    endloop
  endfacet
  facet normal 0 -0.43921 -0.898384
    outer loop
      vertex 35.6 -17.8557 6.72316
      vertex 39.6 -17.4102 6.50536
      vertex 39.6 -17.8557 6.72316
    endloop
  endfacet
  facet normal -0 -0.43921 -0.898384
    outer loop
      vertex 39.6 -17.4102 6.50536
      vertex 35.6 -17.8557 6.72316
      vertex 35.6 -17.4102 6.50536
    endloop
  endfacet
  facet normal 0 -0.999145 -0.041337
    outer loop
      vertex 35.6 -20.9795 11.5045
      vertex 39.6 -21 12
      vertex 35.6 -21 12
    endloop
  endfacet
  facet normal 0 -0.999145 -0.041337
    outer loop
      vertex 39.6 -21 12
      vertex 35.6 -20.9795 11.5045
      vertex 39.6 -20.9795 11.5045
    endloop
  endfacet
  facet normal 0 0.123692 -0.992321
    outer loop
      vertex 35.6 -14.5045 6.02049
      vertex 39.6 -14.0124 6.08183
      vertex 39.6 -14.5045 6.02049
    endloop
  endfacet
  facet normal 0 0.123692 -0.992321
    outer loop
      vertex 39.6 -14.0124 6.08183
      vertex 35.6 -14.5045 6.02049
      vertex 35.6 -14.0124 6.08183
    endloop
  endfacet
  facet normal 0 0.285331 -0.958429
    outer loop
      vertex 35.6 -13.5271 6.1836
      vertex 39.6 -13.0518 6.3251
      vertex 39.6 -13.5271 6.1836
    endloop
  endfacet
  facet normal 0 0.285331 -0.958429
    outer loop
      vertex 39.6 -13.0518 6.3251
      vertex 35.6 -13.5271 6.1836
      vertex 35.6 -13.0518 6.3251
    endloop
  endfacet
  facet normal 0 0.859055 0.511884
    outer loop
      vertex 39.6 -9.72316 14.8557
      vertex 35.6 -9.977 15.2817
      vertex 39.6 -9.977 15.2817
    endloop
  endfacet
  facet normal 0 0.859055 0.511884
    outer loop
      vertex 35.6 -9.977 15.2817
      vertex 39.6 -9.72316 14.8557
      vertex 35.6 -9.72316 14.8557
    endloop
  endfacet
  facet normal -0 0.707107 0.707107
    outer loop
      vertex 35.6 -10.5857 16.0637
      vertex 39.6 -10.9363 16.4143
      vertex 39.6 -10.5857 16.0637
    endloop
  endfacet
  facet normal 0 0.707107 0.707107
    outer loop
      vertex 39.6 -10.9363 16.4143
      vertex 35.6 -10.5857 16.0637
      vertex 35.6 -10.9363 16.4143
    endloop
  endfacet
  facet normal 0 -0.58107 -0.813853
    outer loop
      vertex 35.6 -18.6853 7.26516
      vertex 39.6 -18.2817 6.977
      vertex 39.6 -18.6853 7.26516
    endloop
  endfacet
  facet normal -0 -0.58107 -0.813853
    outer loop
      vertex 39.6 -18.2817 6.977
      vertex 35.6 -18.6853 7.26516
      vertex 35.6 -18.2817 6.977
    endloop
  endfacet
  facet normal 0 0.763081 -0.646303
    outer loop
      vertex 39.6 -10.5857 7.93631
      vertex 35.6 -10.2652 8.31472
      vertex 39.6 -10.2652 8.31472
    endloop
  endfacet
  facet normal 0 0.763081 -0.646303
    outer loop
      vertex 35.6 -10.2652 8.31472
      vertex 39.6 -10.5857 7.93631
      vertex 35.6 -10.5857 7.93631
    endloop
  endfacet
  facet normal 0 -0.707157 -0.707056
    outer loop
      vertex 35.6 -19.0637 7.58566
      vertex 39.6 -19.4143 7.93631
      vertex 35.6 -19.4143 7.93631
    endloop
  endfacet
  facet normal 0 -0.707157 -0.707056
    outer loop
      vertex 39.6 -19.4143 7.93631
      vertex 35.6 -19.0637 7.58566
      vertex 39.6 -19.0637 7.58566
    endloop
  endfacet
  facet normal 0 0.9316 0.363485
    outer loop
      vertex 39.6 -9.3251 13.9482
      vertex 35.6 -9.50536 14.4102
      vertex 39.6 -9.50536 14.4102
    endloop
  endfacet
  facet normal 0 0.9316 0.363485
    outer loop
      vertex 35.6 -9.50536 14.4102
      vertex 39.6 -9.3251 13.9482
      vertex 35.6 -9.3251 13.9482
    endloop
  endfacet
  facet normal -0 0.43921 0.898384
    outer loop
      vertex 35.6 -12.1443 17.2768
      vertex 39.6 -12.5898 17.4946
      vertex 39.6 -12.1443 17.2768
    endloop
  endfacet
  facet normal 0 0.43921 0.898384
    outer loop
      vertex 39.6 -12.5898 17.4946
      vertex 35.6 -12.1443 17.2768
      vertex 35.6 -12.5898 17.4946
    endloop
  endfacet
  facet normal 0 -0.813808 -0.581133
    outer loop
      vertex 35.6 -19.7348 8.31472
      vertex 39.6 -20.023 8.71831
      vertex 35.6 -20.023 8.71831
    endloop
  endfacet
  facet normal 0 -0.813808 -0.581133
    outer loop
      vertex 39.6 -20.023 8.71831
      vertex 35.6 -19.7348 8.31472
      vertex 39.6 -19.7348 8.31472
    endloop
  endfacet
  facet normal 0 -0.285331 0.958429
    outer loop
      vertex 35.6 -16.4729 17.8164
      vertex 39.6 -16.9482 17.6749
      vertex 39.6 -16.4729 17.8164
    endloop
  endfacet
  facet normal 0 -0.285331 0.958429
    outer loop
      vertex 39.6 -16.9482 17.6749
      vertex 35.6 -16.4729 17.8164
      vertex 35.6 -16.9482 17.6749
    endloop
  endfacet
  facet normal -0 0.123613 0.992331
    outer loop
      vertex 35.6 -14.0124 17.9182
      vertex 39.6 -14.5045 17.9795
      vertex 39.6 -14.0124 17.9182
    endloop
  endfacet
  facet normal 0 0.123613 0.992331
    outer loop
      vertex 39.6 -14.5045 17.9795
      vertex 35.6 -14.0124 17.9182
      vertex 35.6 -14.5045 17.9795
    endloop
  endfacet
  facet normal 0 -0.646313 -0.763073
    outer loop
      vertex 35.6 -19.0637 7.58566
      vertex 39.6 -18.6853 7.26516
      vertex 39.6 -19.0637 7.58566
    endloop
  endfacet
  facet normal -0 -0.646313 -0.763073
    outer loop
      vertex 39.6 -18.6853 7.26516
      vertex 35.6 -19.0637 7.58566
      vertex 35.6 -18.6853 7.26516
    endloop
  endfacet
  facet normal 0 -0.931565 -0.363576
    outer loop
      vertex 35.6 -20.4946 9.58983
      vertex 39.6 -20.6749 10.0518
      vertex 35.6 -20.6749 10.0518
    endloop
  endfacet
  facet normal 0 -0.931565 -0.363576
    outer loop
      vertex 39.6 -20.6749 10.0518
      vertex 35.6 -20.4946 9.58983
      vertex 39.6 -20.4946 9.58983
    endloop
  endfacet
  facet normal 0 -0.581124 0.813815
    outer loop
      vertex 35.6 -18.2817 17.023
      vertex 39.6 -18.6853 16.7348
      vertex 39.6 -18.2817 17.023
    endloop
  endfacet
  facet normal 0 -0.581124 0.813815
    outer loop
      vertex 39.6 -18.6853 16.7348
      vertex 35.6 -18.2817 17.023
      vertex 35.6 -18.6853 16.7348
    endloop
  endfacet
  facet normal 0 0.646313 -0.763073
    outer loop
      vertex 35.6 -11.3147 7.26516
      vertex 39.6 -10.9363 7.58566
      vertex 39.6 -11.3147 7.26516
    endloop
  endfacet
  facet normal 0 0.646313 -0.763073
    outer loop
      vertex 39.6 -10.9363 7.58566
      vertex 35.6 -11.3147 7.26516
      vertex 35.6 -10.9363 7.58566
    endloop
  endfacet
  facet normal 0 -0.646313 0.763073
    outer loop
      vertex 35.6 -18.6853 16.7348
      vertex 39.6 -19.0637 16.4143
      vertex 39.6 -18.6853 16.7348
    endloop
  endfacet
  facet normal 0 -0.646313 0.763073
    outer loop
      vertex 39.6 -19.0637 16.4143
      vertex 35.6 -18.6853 16.7348
      vertex 35.6 -19.0637 16.4143
    endloop
  endfacet
  facet normal 0 0.205241 -0.978711
    outer loop
      vertex 35.6 -14.0124 6.08183
      vertex 39.6 -13.5271 6.1836
      vertex 39.6 -14.0124 6.08183
    endloop
  endfacet
  facet normal 0 0.205241 -0.978711
    outer loop
      vertex 39.6 -13.5271 6.1836
      vertex 35.6 -14.0124 6.08183
      vertex 35.6 -13.5271 6.1836
    endloop
  endfacet
  facet normal 0 -0.85909 -0.511824
    outer loop
      vertex 35.6 -20.023 8.71831
      vertex 39.6 -20.2768 9.14431
      vertex 35.6 -20.2768 9.14431
    endloop
  endfacet
  facet normal 0 -0.85909 -0.511824
    outer loop
      vertex 39.6 -20.2768 9.14431
      vertex 35.6 -20.023 8.71831
      vertex 39.6 -20.023 8.71831
    endloop
  endfacet
  facet normal 0 -0.285331 -0.958429
    outer loop
      vertex 35.6 -16.9482 6.3251
      vertex 39.6 -16.4729 6.1836
      vertex 39.6 -16.9482 6.3251
    endloop
  endfacet
  facet normal -0 -0.285331 -0.958429
    outer loop
      vertex 39.6 -16.4729 6.1836
      vertex 35.6 -16.9482 6.3251
      vertex 35.6 -16.4729 6.1836
    endloop
  endfacet
  facet normal 0 -0.041337 0.999145
    outer loop
      vertex 35.6 -15 18
      vertex 39.6 -15.4955 17.9795
      vertex 39.6 -15 18
    endloop
  endfacet
  facet normal 0 -0.041337 0.999145
    outer loop
      vertex 39.6 -15.4955 17.9795
      vertex 35.6 -15 18
      vertex 35.6 -15.4955 17.9795
    endloop
  endfacet
  facet normal 0 -0.898384 0.43921
    outer loop
      vertex 35.6 -20.4946 14.4102
      vertex 39.6 -20.2768 14.8557
      vertex 35.6 -20.2768 14.8557
    endloop
  endfacet
  facet normal 0 -0.898384 0.43921
    outer loop
      vertex 39.6 -20.2768 14.8557
      vertex 35.6 -20.4946 14.4102
      vertex 39.6 -20.4946 14.4102
    endloop
  endfacet
  facet normal 0 -0.363555 0.931573
    outer loop
      vertex 35.6 -16.9482 17.6749
      vertex 39.6 -17.4102 17.4946
      vertex 39.6 -16.9482 17.6749
    endloop
  endfacet
  facet normal 0 -0.363555 0.931573
    outer loop
      vertex 39.6 -17.4102 17.4946
      vertex 35.6 -16.9482 17.6749
      vertex 35.6 -17.4102 17.4946
    endloop
  endfacet
  facet normal 0 0.898384 0.43921
    outer loop
      vertex 39.6 -9.50536 14.4102
      vertex 35.6 -9.72316 14.8557
      vertex 39.6 -9.72316 14.8557
    endloop
  endfacet
  facet normal 0 0.898384 0.43921
    outer loop
      vertex 35.6 -9.72316 14.8557
      vertex 39.6 -9.50536 14.4102
      vertex 35.6 -9.50536 14.4102
    endloop
  endfacet
  facet normal 0 -0.43921 0.898384
    outer loop
      vertex 35.6 -17.4102 17.4946
      vertex 39.6 -17.8557 17.2768
      vertex 39.6 -17.4102 17.4946
    endloop
  endfacet
  facet normal 0 -0.43921 0.898384
    outer loop
      vertex 39.6 -17.8557 17.2768
      vertex 35.6 -17.4102 17.4946
      vertex 35.6 -17.8557 17.2768
    endloop
  endfacet
  facet normal 0 0.511884 -0.859055
    outer loop
      vertex 35.6 -12.1443 6.72316
      vertex 39.6 -11.7183 6.977
      vertex 39.6 -12.1443 6.72316
    endloop
  endfacet
  facet normal 0 0.511884 -0.859055
    outer loop
      vertex 39.6 -11.7183 6.977
      vertex 35.6 -12.1443 6.72316
      vertex 35.6 -11.7183 6.977
    endloop
  endfacet
  facet normal 0 0.898392 -0.439194
    outer loop
      vertex 39.6 -9.72316 9.14431
      vertex 35.6 -9.50536 9.58983
      vertex 39.6 -9.50536 9.58983
    endloop
  endfacet
  facet normal 0 0.898392 -0.439194
    outer loop
      vertex 35.6 -9.50536 9.58983
      vertex 39.6 -9.72316 9.14431
      vertex 35.6 -9.72316 9.14431
    endloop
  endfacet
  facet normal 0 -0.0413169 -0.999146
    outer loop
      vertex 35.6 -15.4955 6.02049
      vertex 39.6 -15 6
      vertex 39.6 -15.4955 6.02049
    endloop
  endfacet
  facet normal -0 -0.0413169 -0.999146
    outer loop
      vertex 39.6 -15 6
      vertex 35.6 -15.4955 6.02049
      vertex 35.6 -15 6
    endloop
  endfacet
  facet normal -0 0.646313 0.763073
    outer loop
      vertex 35.6 -10.9363 16.4143
      vertex 39.6 -11.3147 16.7348
      vertex 39.6 -10.9363 16.4143
    endloop
  endfacet
  facet normal 0 0.646313 0.763073
    outer loop
      vertex 39.6 -11.3147 16.7348
      vertex 35.6 -10.9363 16.4143
      vertex 35.6 -11.3147 16.7348
    endloop
  endfacet
  facet normal 0 0.363485 -0.9316
    outer loop
      vertex 35.6 -13.0518 6.3251
      vertex 39.6 -12.5898 6.50536
      vertex 39.6 -13.0518 6.3251
    endloop
  endfacet
  facet normal 0 0.363485 -0.9316
    outer loop
      vertex 39.6 -12.5898 6.50536
      vertex 35.6 -13.0518 6.3251
      vertex 35.6 -12.5898 6.50536
    endloop
  endfacet
  facet normal 0 0.958429 -0.285331
    outer loop
      vertex 39.6 -9.3251 10.0518
      vertex 35.6 -9.1836 10.5271
      vertex 39.6 -9.1836 10.5271
    endloop
  endfacet
  facet normal 0 0.958429 -0.285331
    outer loop
      vertex 35.6 -9.1836 10.5271
      vertex 39.6 -9.3251 10.0518
      vertex 35.6 -9.3251 10.0518
    endloop
  endfacet
  facet normal 0 -0.898392 -0.439194
    outer loop
      vertex 35.6 -20.2768 9.14431
      vertex 39.6 -20.4946 9.58983
      vertex 35.6 -20.4946 9.58983
    endloop
  endfacet
  facet normal 0 -0.898392 -0.439194
    outer loop
      vertex 39.6 -20.4946 9.58983
      vertex 35.6 -20.2768 9.14431
      vertex 39.6 -20.2768 9.14431
    endloop
  endfacet
  facet normal 0 0.43921 -0.898384
    outer loop
      vertex 35.6 -12.5898 6.50536
      vertex 39.6 -12.1443 6.72316
      vertex 39.6 -12.5898 6.50536
    endloop
  endfacet
  facet normal 0 0.43921 -0.898384
    outer loop
      vertex 39.6 -12.1443 6.72316
      vertex 35.6 -12.5898 6.50536
      vertex 35.6 -12.1443 6.72316
    endloop
  endfacet
  facet normal -0 0.363555 0.931573
    outer loop
      vertex 35.6 -12.5898 17.4946
      vertex 39.6 -13.0518 17.6749
      vertex 39.6 -12.5898 17.4946
    endloop
  endfacet
  facet normal 0 0.363555 0.931573
    outer loop
      vertex 39.6 -13.0518 17.6749
      vertex 35.6 -12.5898 17.4946
      vertex 35.6 -13.0518 17.6749
    endloop
  endfacet
  facet normal 0 0.707157 -0.707056
    outer loop
      vertex 39.6 -10.9363 7.58566
      vertex 35.6 -10.5857 7.93631
      vertex 39.6 -10.5857 7.93631
    endloop
  endfacet
  facet normal 0 0.707157 -0.707056
    outer loop
      vertex 35.6 -10.5857 7.93631
      vertex 39.6 -10.9363 7.58566
      vertex 35.6 -10.9363 7.58566
    endloop
  endfacet
  facet normal 0 0.813808 -0.581133
    outer loop
      vertex 39.6 -10.2652 8.31472
      vertex 35.6 -9.977 8.71831
      vertex 39.6 -9.977 8.71831
    endloop
  endfacet
  facet normal 0 0.813808 -0.581133
    outer loop
      vertex 35.6 -9.977 8.71831
      vertex 39.6 -10.2652 8.31472
      vertex 35.6 -10.2652 8.31472
    endloop
  endfacet
  facet normal 0 0.999146 -0.0413169
    outer loop
      vertex 39.6 -9.02049 11.5045
      vertex 35.6 -9 12
      vertex 39.6 -9 12
    endloop
  endfacet
  facet normal 0 0.999146 -0.0413169
    outer loop
      vertex 35.6 -9 12
      vertex 39.6 -9.02049 11.5045
      vertex 35.6 -9.02049 11.5045
    endloop
  endfacet
  facet normal 0 -0.999145 0.041337
    outer loop
      vertex 35.6 -21 12
      vertex 39.6 -20.9795 12.4955
      vertex 35.6 -20.9795 12.4955
    endloop
  endfacet
  facet normal 0 -0.999145 0.041337
    outer loop
      vertex 39.6 -20.9795 12.4955
      vertex 35.6 -21 12
      vertex 39.6 -21 12
    endloop
  endfacet
  facet normal 0 0.58107 -0.813853
    outer loop
      vertex 35.6 -11.7183 6.977
      vertex 39.6 -11.3147 7.26516
      vertex 39.6 -11.7183 6.977
    endloop
  endfacet
  facet normal 0 0.58107 -0.813853
    outer loop
      vertex 39.6 -11.3147 7.26516
      vertex 35.6 -11.7183 6.977
      vertex 35.6 -11.3147 7.26516
    endloop
  endfacet
  facet normal 0 -0.978699 -0.205299
    outer loop
      vertex 35.6 -20.8164 10.5271
      vertex 39.6 -20.9182 11.0124
      vertex 35.6 -20.9182 11.0124
    endloop
  endfacet
  facet normal 0 -0.978699 -0.205299
    outer loop
      vertex 39.6 -20.9182 11.0124
      vertex 35.6 -20.8164 10.5271
      vertex 39.6 -20.8164 10.5271
    endloop
  endfacet
  facet normal 0 -0.123692 -0.992321
    outer loop
      vertex 35.6 -15.9876 6.08183
      vertex 39.6 -15.4955 6.02049
      vertex 39.6 -15.9876 6.08183
    endloop
  endfacet
  facet normal -0 -0.123692 -0.992321
    outer loop
      vertex 39.6 -15.4955 6.02049
      vertex 35.6 -15.9876 6.08183
      vertex 35.6 -15.4955 6.02049
    endloop
  endfacet
  facet normal 0 0.859055 -0.511884
    outer loop
      vertex 39.6 -9.977 8.71831
      vertex 35.6 -9.72316 9.14431
      vertex 39.6 -9.72316 9.14431
    endloop
  endfacet
  facet normal 0 0.859055 -0.511884
    outer loop
      vertex 35.6 -9.72316 9.14431
      vertex 39.6 -9.977 8.71831
      vertex 35.6 -9.977 8.71831
    endloop
  endfacet
  facet normal 0 -0.978699 0.205299
    outer loop
      vertex 35.6 -20.9182 12.9876
      vertex 39.6 -20.8164 13.4729
      vertex 35.6 -20.8164 13.4729
    endloop
  endfacet
  facet normal 0 -0.978699 0.205299
    outer loop
      vertex 39.6 -20.8164 13.4729
      vertex 35.6 -20.9182 12.9876
      vertex 39.6 -20.9182 12.9876
    endloop
  endfacet
  facet normal 0 0.992321 0.123692
    outer loop
      vertex 39.6 -9.02049 12.4955
      vertex 35.6 -9.08183 12.9876
      vertex 39.6 -9.08183 12.9876
    endloop
  endfacet
  facet normal 0 0.992321 0.123692
    outer loop
      vertex 35.6 -9.08183 12.9876
      vertex 39.6 -9.02049 12.4955
      vertex 35.6 -9.02049 12.4955
    endloop
  endfacet
  facet normal 0 -0.931573 0.363555
    outer loop
      vertex 35.6 -20.6749 13.9482
      vertex 39.6 -20.4946 14.4102
      vertex 35.6 -20.4946 14.4102
    endloop
  endfacet
  facet normal 0 -0.931573 0.363555
    outer loop
      vertex 39.6 -20.4946 14.4102
      vertex 35.6 -20.6749 13.9482
      vertex 39.6 -20.6749 13.9482
    endloop
  endfacet
  facet normal 0 -0.707107 0.707107
    outer loop
      vertex 35.6 -19.4143 16.0637
      vertex 39.6 -19.0637 16.4143
      vertex 35.6 -19.0637 16.4143
    endloop
  endfacet
  facet normal 0 -0.707107 0.707107
    outer loop
      vertex 39.6 -19.0637 16.4143
      vertex 35.6 -19.4143 16.0637
      vertex 39.6 -19.4143 16.0637
    endloop
  endfacet
  facet normal 0 -0.85909 0.511824
    outer loop
      vertex 35.6 -20.2768 14.8557
      vertex 39.6 -20.023 15.2817
      vertex 35.6 -20.023 15.2817
    endloop
  endfacet
  facet normal 0 -0.85909 0.511824
    outer loop
      vertex 39.6 -20.023 15.2817
      vertex 35.6 -20.2768 14.8557
      vertex 39.6 -20.2768 14.8557
    endloop
  endfacet
  facet normal 0 0.958429 0.285331
    outer loop
      vertex 39.6 -9.1836 13.4729
      vertex 35.6 -9.3251 13.9482
      vertex 39.6 -9.3251 13.9482
    endloop
  endfacet
  facet normal 0 0.958429 0.285331
    outer loop
      vertex 35.6 -9.3251 13.9482
      vertex 39.6 -9.1836 13.4729
      vertex 35.6 -9.1836 13.4729
    endloop
  endfacet
  facet normal 0 -0.992331 0.123613
    outer loop
      vertex 35.6 -20.9795 12.4955
      vertex 39.6 -20.9182 12.9876
      vertex 35.6 -20.9182 12.9876
    endloop
  endfacet
  facet normal 0 -0.992331 0.123613
    outer loop
      vertex 39.6 -20.9182 12.9876
      vertex 35.6 -20.9795 12.4955
      vertex 39.6 -20.9795 12.4955
    endloop
  endfacet
  facet normal 0 -0.958429 -0.285331
    outer loop
      vertex 35.6 -20.6749 10.0518
      vertex 39.6 -20.8164 10.5271
      vertex 35.6 -20.8164 10.5271
    endloop
  endfacet
  facet normal 0 -0.958429 -0.285331
    outer loop
      vertex 39.6 -20.8164 10.5271
      vertex 35.6 -20.6749 10.0518
      vertex 39.6 -20.6749 10.0518
    endloop
  endfacet
  facet normal 0 -0.813815 0.581124
    outer loop
      vertex 35.6 -20.023 15.2817
      vertex 39.6 -19.7348 15.6853
      vertex 35.6 -19.7348 15.6853
    endloop
  endfacet
  facet normal 0 -0.813815 0.581124
    outer loop
      vertex 39.6 -19.7348 15.6853
      vertex 35.6 -20.023 15.2817
      vertex 39.6 -20.023 15.2817
    endloop
  endfacet
  facet normal 0 0.978711 0.205241
    outer loop
      vertex 39.6 -9.08183 12.9876
      vertex 35.6 -9.1836 13.4729
      vertex 39.6 -9.1836 13.4729
    endloop
  endfacet
  facet normal 0 0.978711 0.205241
    outer loop
      vertex 35.6 -9.1836 13.4729
      vertex 39.6 -9.08183 12.9876
      vertex 35.6 -9.08183 12.9876
    endloop
  endfacet
  facet normal 0 -0.511884 -0.859055
    outer loop
      vertex 35.6 -18.2817 6.977
      vertex 39.6 -17.8557 6.72316
      vertex 39.6 -18.2817 6.977
    endloop
  endfacet
  facet normal -0 -0.511884 -0.859055
    outer loop
      vertex 39.6 -17.8557 6.72316
      vertex 35.6 -18.2817 6.977
      vertex 35.6 -17.8557 6.72316
    endloop
  endfacet
  facet normal 0 0.0413169 -0.999146
    outer loop
      vertex 35.6 -15 6
      vertex 39.6 -14.5045 6.02049
      vertex 39.6 -15 6
    endloop
  endfacet
  facet normal 0 0.0413169 -0.999146
    outer loop
      vertex 39.6 -14.5045 6.02049
      vertex 35.6 -15 6
      vertex 35.6 -14.5045 6.02049
    endloop
  endfacet
  facet normal -1 0 0
    outer loop
      vertex 35.6 -12.7034 11.8755
      vertex 35.6 -9 12
      vertex 35.6 -9.02049 11.5045
    endloop
  endfacet
  facet normal -1 0 0
    outer loop
      vertex 35.6 -12.7034 11.8755
      vertex 35.6 -9.02049 11.5045
      vertex 35.6 -9.08183 11.0124
    endloop
  endfacet
  facet normal -1 -0 0
    outer loop
      vertex 35.6 -9 12
      vertex 35.6 -12.7034 11.8755
      vertex 35.6 -9.02049 12.4955
    endloop
  endfacet
  facet normal -1 0 0
    outer loop
      vertex 35.6 -12.7838 11.3847
      vertex 35.6 -9.08183 11.0124
      vertex 35.6 -9.1836 10.5271
    endloop
  endfacet
  facet normal -1 0 0
    outer loop
      vertex 35.6 -12.7303 12.3721
      vertex 35.6 -9.02049 12.4955
      vertex 35.6 -12.7034 11.8755
    endloop
  endfacet
  facet normal -1 0 0
    outer loop
      vertex 35.6 -12.7838 11.3847
      vertex 35.6 -9.1836 10.5271
      vertex 35.6 -9.3251 10.0518
    endloop
  endfacet
  facet normal -1 -0 0
    outer loop
      vertex 35.6 -9.02049 12.4955
      vertex 35.6 -12.7303 12.3721
      vertex 35.6 -9.08183 12.9876
    endloop
  endfacet
  facet normal -1 0 0
    outer loop
      vertex 35.6 -12.7838 11.3847
      vertex 35.6 -9.3251 10.0518
      vertex 35.6 -9.50536 9.58983
    endloop
  endfacet
  facet normal -1 -0 0
    outer loop
      vertex 35.6 -9.08183 12.9876
      vertex 35.6 -12.7303 12.3721
      vertex 35.6 -9.1836 13.4729
    endloop
  endfacet
  facet normal -1 0 0
    outer loop
      vertex 35.6 -12.9679 10.9227
      vertex 35.6 -9.50536 9.58983
      vertex 35.6 -9.72316 9.14431
    endloop
  endfacet
  facet normal -1 0 0
    outer loop
      vertex 35.6 -12.8634 12.8513
      vertex 35.6 -9.1836 13.4729
      vertex 35.6 -12.7303 12.3721
    endloop
  endfacet
  facet normal -1 0 0
    outer loop
      vertex 35.6 -12.9679 10.9227
      vertex 35.6 -9.72316 9.14431
      vertex 35.6 -9.977 8.71831
    endloop
  endfacet
  facet normal -1 -0 0
    outer loop
      vertex 35.6 -9.1836 13.4729
      vertex 35.6 -12.8634 12.8513
      vertex 35.6 -9.3251 13.9482
    endloop
  endfacet
  facet normal -1 0 0
    outer loop
      vertex 35.6 -13.247 10.511
      vertex 35.6 -9.977 8.71831
      vertex 35.6 -10.2652 8.31472
    endloop
  endfacet
  facet normal -1 -0 0
    outer loop
      vertex 35.6 -9.3251 13.9482
      vertex 35.6 -12.8634 12.8513
      vertex 35.6 -9.50536 14.4102
    endloop
  endfacet
  facet normal -1 0 0
    outer loop
      vertex 35.6 -13.247 10.511
      vertex 35.6 -10.2652 8.31472
      vertex 35.6 -10.5857 7.93631
    endloop
  endfacet
  facet normal -1 -0 0
    outer loop
      vertex 35.6 -9.50536 14.4102
      vertex 35.6 -12.8634 12.8513
      vertex 35.6 -9.72316 14.8557
    endloop
  endfacet
  facet normal -1 0 0
    outer loop
      vertex 35.6 -13.247 10.511
      vertex 35.6 -10.5857 7.93631
      vertex 35.6 -10.9363 7.58566
    endloop
  endfacet
  facet normal -1 0 0
    outer loop
      vertex 35.6 -13.0963 13.2907
      vertex 35.6 -9.72316 14.8557
      vertex 35.6 -12.8634 12.8513
    endloop
  endfacet
  facet normal -1 0 0
    outer loop
      vertex 35.6 -13.6081 10.169
      vertex 35.6 -10.9363 7.58566
      vertex 35.6 -11.3147 7.26516
    endloop
  endfacet
  facet normal -1 -0 0
    outer loop
      vertex 35.6 -9.72316 14.8557
      vertex 35.6 -13.0963 13.2907
      vertex 35.6 -9.977 15.2817
    endloop
  endfacet
  facet normal -1 0 0
    outer loop
      vertex 35.6 -13.6081 10.169
      vertex 35.6 -11.3147 7.26516
      vertex 35.6 -11.7183 6.977
    endloop
  endfacet
  facet normal -1 -0 0
    outer loop
      vertex 35.6 -9.977 15.2817
      vertex 35.6 -13.0963 13.2907
      vertex 35.6 -10.2652 15.6853
    endloop
  endfacet
  facet normal -1 0 0
    outer loop
      vertex 35.6 -13.6081 10.169
      vertex 35.6 -11.7183 6.977
      vertex 35.6 -12.1443 6.72316
    endloop
  endfacet
  facet normal -1 -0 0
    outer loop
      vertex 35.6 -10.2652 15.6853
      vertex 35.6 -13.0963 13.2907
      vertex 35.6 -10.5857 16.0637
    endloop
  endfacet
  facet normal -1 0 0
    outer loop
      vertex 35.6 -14.0343 9.91258
      vertex 35.6 -12.1443 6.72316
      vertex 35.6 -12.5898 6.50536
    endloop
  endfacet
  facet normal -1 0 0
    outer loop
      vertex 35.6 -13.4183 13.6698
      vertex 35.6 -10.5857 16.0637
      vertex 35.6 -13.0963 13.2907
    endloop
  endfacet
  facet normal -1 -0 0
    outer loop
      vertex 35.6 -10.5857 16.0637
      vertex 35.6 -13.4183 13.6698
      vertex 35.6 -10.9363 16.4143
    endloop
  endfacet
  facet normal -1 0 0
    outer loop
      vertex 35.6 -9.08183 11.0124
      vertex 35.6 -12.7838 11.3847
      vertex 35.6 -12.7034 11.8755
    endloop
  endfacet
  facet normal -1 0 0
    outer loop
      vertex 35.6 -9.50536 9.58983
      vertex 35.6 -12.9679 10.9227
      vertex 35.6 -12.7838 11.3847
    endloop
  endfacet
  facet normal -1 0 0
    outer loop
      vertex 35.6 -14.0343 9.91258
      vertex 35.6 -12.5898 6.50536
      vertex 35.6 -13.0518 6.3251
    endloop
  endfacet
  facet normal -1 0 0
    outer loop
      vertex 35.6 -9.977 8.71831
      vertex 35.6 -13.247 10.511
      vertex 35.6 -12.9679 10.9227
    endloop
  endfacet
  facet normal -1 0 0
    outer loop
      vertex 35.6 -14.5056 9.75377
      vertex 35.6 -13.0518 6.3251
      vertex 35.6 -13.5271 6.1836
    endloop
  endfacet
  facet normal -1 0 0
    outer loop
      vertex 35.6 -10.9363 7.58566
      vertex 35.6 -13.6081 10.169
      vertex 35.6 -13.247 10.511
    endloop
  endfacet
  facet normal -1 0 0
    outer loop
      vertex 35.6 -14.5056 9.75377
      vertex 35.6 -13.5271 6.1836
      vertex 35.6 -14.0124 6.08183
    endloop
  endfacet
  facet normal -1 0 0
    outer loop
      vertex 35.6 -12.1443 6.72316
      vertex 35.6 -14.0343 9.91258
      vertex 35.6 -13.6081 10.169
    endloop
  endfacet
  facet normal -1 0 0
    outer loop
      vertex 35.6 -14.5056 9.75377
      vertex 35.6 -14.0124 6.08183
      vertex 35.6 -14.5045 6.02049
    endloop
  endfacet
  facet normal -1 0 0
    outer loop
      vertex 35.6 -13.0518 6.3251
      vertex 35.6 -14.5056 9.75377
      vertex 35.6 -14.0343 9.91258
    endloop
  endfacet
  facet normal -1 0 0
    outer loop
      vertex 35.6 -15 9.7
      vertex 35.6 -14.5045 6.02049
      vertex 35.6 -15 6
    endloop
  endfacet
  facet normal -1 0 0
    outer loop
      vertex 35.6 -14.5045 6.02049
      vertex 35.6 -15 9.7
      vertex 35.6 -14.5056 9.75377
    endloop
  endfacet
  facet normal -1 0 0
    outer loop
      vertex 35.6 -15.4955 6.02049
      vertex 35.6 -15 9.7
      vertex 35.6 -15 6
    endloop
  endfacet
  facet normal -1 -0 0
    outer loop
      vertex 35.6 -15 9.7
      vertex 35.6 -15.4955 6.02049
      vertex 35.6 -15.4944 9.75377
    endloop
  endfacet
  facet normal -1 0 0
    outer loop
      vertex 35.6 -15.9876 6.08183
      vertex 35.6 -15.4944 9.75377
      vertex 35.6 -15.4955 6.02049
    endloop
  endfacet
  facet normal -1 0 0
    outer loop
      vertex 35.6 -16.4729 6.1836
      vertex 35.6 -15.4944 9.75377
      vertex 35.6 -15.9876 6.08183
    endloop
  endfacet
  facet normal -1 0 0
    outer loop
      vertex 35.6 -16.9482 6.3251
      vertex 35.6 -15.4944 9.75377
      vertex 35.6 -16.4729 6.1836
    endloop
  endfacet
  facet normal -1 -0 0
    outer loop
      vertex 35.6 -15.4944 9.75377
      vertex 35.6 -16.9482 6.3251
      vertex 35.6 -15.9657 9.91258
    endloop
  endfacet
  facet normal -1 0 0
    outer loop
      vertex 35.6 -17.4102 6.50536
      vertex 35.6 -15.9657 9.91258
      vertex 35.6 -16.9482 6.3251
    endloop
  endfacet
  facet normal -1 0 0
    outer loop
      vertex 35.6 -17.8557 6.72316
      vertex 35.6 -15.9657 9.91258
      vertex 35.6 -17.4102 6.50536
    endloop
  endfacet
  facet normal -1 -0 0
    outer loop
      vertex 35.6 -15.9657 9.91258
      vertex 35.6 -17.8557 6.72316
      vertex 35.6 -16.3919 10.169
    endloop
  endfacet
  facet normal -1 0 0
    outer loop
      vertex 35.6 -18.2817 6.977
      vertex 35.6 -16.3919 10.169
      vertex 35.6 -17.8557 6.72316
    endloop
  endfacet
  facet normal -1 0 0
    outer loop
      vertex 35.6 -18.6853 7.26516
      vertex 35.6 -16.3919 10.169
      vertex 35.6 -18.2817 6.977
    endloop
  endfacet
  facet normal -1 0 0
    outer loop
      vertex 35.6 -19.0637 7.58566
      vertex 35.6 -16.3919 10.169
      vertex 35.6 -18.6853 7.26516
    endloop
  endfacet
  facet normal -1 -0 0
    outer loop
      vertex 35.6 -10.9363 16.4143
      vertex 35.6 -13.4183 13.6698
      vertex 35.6 -11.3147 16.7348
    endloop
  endfacet
  facet normal -1 0 0
    outer loop
      vertex 35.6 -13.8142 13.9708
      vertex 35.6 -11.3147 16.7348
      vertex 35.6 -13.4183 13.6698
    endloop
  endfacet
  facet normal -1 -0 0
    outer loop
      vertex 35.6 -11.3147 16.7348
      vertex 35.6 -13.8142 13.9708
      vertex 35.6 -11.7183 17.023
    endloop
  endfacet
  facet normal -1 -0 0
    outer loop
      vertex 35.6 -11.7183 17.023
      vertex 35.6 -13.8142 13.9708
      vertex 35.6 -12.1443 17.2768
    endloop
  endfacet
  facet normal -1 -0 0
    outer loop
      vertex 35.6 -12.1443 17.2768
      vertex 35.6 -13.8142 13.9708
      vertex 35.6 -12.5898 17.4946
    endloop
  endfacet
  facet normal -1 0 0
    outer loop
      vertex 35.6 -14.2656 14.1796
      vertex 35.6 -12.5898 17.4946
      vertex 35.6 -13.8142 13.9708
    endloop
  endfacet
  facet normal -1 -0 0
    outer loop
      vertex 35.6 -12.5898 17.4946
      vertex 35.6 -14.2656 14.1796
      vertex 35.6 -13.0518 17.6749
    endloop
  endfacet
  facet normal -1 -0 0
    outer loop
      vertex 35.6 -13.0518 17.6749
      vertex 35.6 -14.2656 14.1796
      vertex 35.6 -13.5271 17.8164
    endloop
  endfacet
  facet normal -1 0 0
    outer loop
      vertex 35.6 -14.7513 14.2865
      vertex 35.6 -13.5271 17.8164
      vertex 35.6 -14.2656 14.1796
    endloop
  endfacet
  facet normal -1 -0 0
    outer loop
      vertex 35.6 -13.5271 17.8164
      vertex 35.6 -14.7513 14.2865
      vertex 35.6 -14.0124 17.9182
    endloop
  endfacet
  facet normal -1 -0 0
    outer loop
      vertex 35.6 -14.0124 17.9182
      vertex 35.6 -14.7513 14.2865
      vertex 35.6 -14.5045 17.9795
    endloop
  endfacet
  facet normal -1 0 0
    outer loop
      vertex 35.6 -14.7513 14.2865
      vertex 35.6 -15 18
      vertex 35.6 -14.5045 17.9795
    endloop
  endfacet
  facet normal -1 0 0
    outer loop
      vertex 35.6 -15.2487 14.2865
      vertex 35.6 -15 18
      vertex 35.6 -14.7513 14.2865
    endloop
  endfacet
  facet normal -1 0 0
    outer loop
      vertex 35.6 -15.2487 14.2865
      vertex 35.6 -15.4955 17.9795
      vertex 35.6 -15 18
    endloop
  endfacet
  facet normal -1 0 0
    outer loop
      vertex 35.6 -16.4729 17.8164
      vertex 35.6 -15.2487 14.2865
      vertex 35.6 -15.7344 14.1796
    endloop
  endfacet
  facet normal -1 0 0
    outer loop
      vertex 35.6 -15.2487 14.2865
      vertex 35.6 -15.9876 17.9182
      vertex 35.6 -15.4955 17.9795
    endloop
  endfacet
  facet normal -1 0 0
    outer loop
      vertex 35.6 -17.4102 17.4946
      vertex 35.6 -15.7344 14.1796
      vertex 35.6 -16.1858 13.9708
    endloop
  endfacet
  facet normal -1 0 0
    outer loop
      vertex 35.6 -15.2487 14.2865
      vertex 35.6 -16.4729 17.8164
      vertex 35.6 -15.9876 17.9182
    endloop
  endfacet
  facet normal -1 0 0
    outer loop
      vertex 35.6 -18.6853 16.7348
      vertex 35.6 -16.1858 13.9708
      vertex 35.6 -16.5817 13.6698
    endloop
  endfacet
  facet normal -1 0 0
    outer loop
      vertex 35.6 -19.4143 16.0637
      vertex 35.6 -16.5817 13.6698
      vertex 35.6 -16.9037 13.2907
    endloop
  endfacet
  facet normal -1 0 0
    outer loop
      vertex 35.6 -15.7344 14.1796
      vertex 35.6 -16.9482 17.6749
      vertex 35.6 -16.4729 17.8164
    endloop
  endfacet
  facet normal -1 0 0
    outer loop
      vertex 35.6 -20.2768 14.8557
      vertex 35.6 -16.9037 13.2907
      vertex 35.6 -17.1366 12.8513
    endloop
  endfacet
  facet normal -1 0 0
    outer loop
      vertex 35.6 -20.8164 13.4729
      vertex 35.6 -17.1366 12.8513
      vertex 35.6 -17.2697 12.3721
    endloop
  endfacet
  facet normal -1 0 0
    outer loop
      vertex 35.6 -15.7344 14.1796
      vertex 35.6 -17.4102 17.4946
      vertex 35.6 -16.9482 17.6749
    endloop
  endfacet
  facet normal -1 0 0
    outer loop
      vertex 35.6 -20.9795 12.4955
      vertex 35.6 -17.2697 12.3721
      vertex 35.6 -17.2966 11.8755
    endloop
  endfacet
  facet normal -1 -0 0
    outer loop
      vertex 35.6 -16.3919 10.169
      vertex 35.6 -19.0637 7.58566
      vertex 35.6 -16.753 10.511
    endloop
  endfacet
  facet normal -1 0 0
    outer loop
      vertex 35.6 -19.4143 7.93631
      vertex 35.6 -16.753 10.511
      vertex 35.6 -19.0637 7.58566
    endloop
  endfacet
  facet normal -1 0 0
    outer loop
      vertex 35.6 -16.1858 13.9708
      vertex 35.6 -17.8557 17.2768
      vertex 35.6 -17.4102 17.4946
    endloop
  endfacet
  facet normal -1 0 0
    outer loop
      vertex 35.6 -19.7348 8.31472
      vertex 35.6 -16.753 10.511
      vertex 35.6 -19.4143 7.93631
    endloop
  endfacet
  facet normal -1 0 0
    outer loop
      vertex 35.6 -16.1858 13.9708
      vertex 35.6 -18.2817 17.023
      vertex 35.6 -17.8557 17.2768
    endloop
  endfacet
  facet normal -1 0 0
    outer loop
      vertex 35.6 -20.023 8.71831
      vertex 35.6 -16.753 10.511
      vertex 35.6 -19.7348 8.31472
    endloop
  endfacet
  facet normal -1 0 0
    outer loop
      vertex 35.6 -16.1858 13.9708
      vertex 35.6 -18.6853 16.7348
      vertex 35.6 -18.2817 17.023
    endloop
  endfacet
  facet normal -1 -0 0
    outer loop
      vertex 35.6 -16.753 10.511
      vertex 35.6 -20.023 8.71831
      vertex 35.6 -17.0321 10.9227
    endloop
  endfacet
  facet normal -1 0 0
    outer loop
      vertex 35.6 -16.5817 13.6698
      vertex 35.6 -19.0637 16.4143
      vertex 35.6 -18.6853 16.7348
    endloop
  endfacet
  facet normal -1 0 0
    outer loop
      vertex 35.6 -20.2768 9.14431
      vertex 35.6 -17.0321 10.9227
      vertex 35.6 -20.023 8.71831
    endloop
  endfacet
  facet normal -1 0 0
    outer loop
      vertex 35.6 -16.5817 13.6698
      vertex 35.6 -19.4143 16.0637
      vertex 35.6 -19.0637 16.4143
    endloop
  endfacet
  facet normal -1 0 0
    outer loop
      vertex 35.6 -20.4946 9.58983
      vertex 35.6 -17.0321 10.9227
      vertex 35.6 -20.2768 9.14431
    endloop
  endfacet
  facet normal -1 0 0
    outer loop
      vertex 35.6 -16.9037 13.2907
      vertex 35.6 -19.7348 15.6853
      vertex 35.6 -19.4143 16.0637
    endloop
  endfacet
  facet normal -1 -0 0
    outer loop
      vertex 35.6 -17.0321 10.9227
      vertex 35.6 -20.4946 9.58983
      vertex 35.6 -17.2162 11.3847
    endloop
  endfacet
  facet normal -1 0 0
    outer loop
      vertex 35.6 -16.9037 13.2907
      vertex 35.6 -20.023 15.2817
      vertex 35.6 -19.7348 15.6853
    endloop
  endfacet
  facet normal -1 0 0
    outer loop
      vertex 35.6 -20.6749 10.0518
      vertex 35.6 -17.2162 11.3847
      vertex 35.6 -20.4946 9.58983
    endloop
  endfacet
  facet normal -1 0 0
    outer loop
      vertex 35.6 -16.9037 13.2907
      vertex 35.6 -20.2768 14.8557
      vertex 35.6 -20.023 15.2817
    endloop
  endfacet
  facet normal -1 0 0
    outer loop
      vertex 35.6 -20.8164 10.5271
      vertex 35.6 -17.2162 11.3847
      vertex 35.6 -20.6749 10.0518
    endloop
  endfacet
  facet normal -1 0 0
    outer loop
      vertex 35.6 -17.1366 12.8513
      vertex 35.6 -20.4946 14.4102
      vertex 35.6 -20.2768 14.8557
    endloop
  endfacet
  facet normal -1 0 0
    outer loop
      vertex 35.6 -20.9182 11.0124
      vertex 35.6 -17.2162 11.3847
      vertex 35.6 -20.8164 10.5271
    endloop
  endfacet
  facet normal -1 0 0
    outer loop
      vertex 35.6 -17.1366 12.8513
      vertex 35.6 -20.6749 13.9482
      vertex 35.6 -20.4946 14.4102
    endloop
  endfacet
  facet normal -1 -0 0
    outer loop
      vertex 35.6 -17.2162 11.3847
      vertex 35.6 -20.9182 11.0124
      vertex 35.6 -17.2966 11.8755
    endloop
  endfacet
  facet normal -1 0 0
    outer loop
      vertex 35.6 -17.1366 12.8513
      vertex 35.6 -20.8164 13.4729
      vertex 35.6 -20.6749 13.9482
    endloop
  endfacet
  facet normal -1 0 0
    outer loop
      vertex 35.6 -20.9795 11.5045
      vertex 35.6 -17.2966 11.8755
      vertex 35.6 -20.9182 11.0124
    endloop
  endfacet
  facet normal -1 0 0
    outer loop
      vertex 35.6 -17.2697 12.3721
      vertex 35.6 -20.9182 12.9876
      vertex 35.6 -20.8164 13.4729
    endloop
  endfacet
  facet normal -1 0 0
    outer loop
      vertex 35.6 -21 12
      vertex 35.6 -17.2966 11.8755
      vertex 35.6 -20.9795 11.5045
    endloop
  endfacet
  facet normal -1 0 0
    outer loop
      vertex 35.6 -17.2697 12.3721
      vertex 35.6 -20.9795 12.4955
      vertex 35.6 -20.9182 12.9876
    endloop
  endfacet
  facet normal -1 0 0
    outer loop
      vertex 35.6 -17.2966 11.8755
      vertex 35.6 -21 12
      vertex 35.6 -20.9795 12.4955
    endloop
  endfacet
  facet normal 0 0.931592 -0.363506
    outer loop
      vertex 39.6 -9.50536 9.58983
      vertex 35.6 -9.3251 10.0518
      vertex 39.6 -9.3251 10.0518
    endloop
  endfacet
  facet normal 0 0.931592 -0.363506
    outer loop
      vertex 35.6 -9.3251 10.0518
      vertex 39.6 -9.50536 9.58983
      vertex 35.6 -9.50536 9.58983
    endloop
  endfacet
  facet normal 0 -0.958429 0.285331
    outer loop
      vertex 35.6 -20.8164 13.4729
      vertex 39.6 -20.6749 13.9482
      vertex 35.6 -20.6749 13.9482
    endloop
  endfacet
  facet normal 0 -0.958429 0.285331
    outer loop
      vertex 39.6 -20.6749 13.9482
      vertex 35.6 -20.8164 13.4729
      vertex 39.6 -20.8164 13.4729
    endloop
  endfacet
  facet normal 0 -0.363485 -0.9316
    outer loop
      vertex 35.6 -17.4102 6.50536
      vertex 39.6 -16.9482 6.3251
      vertex 39.6 -17.4102 6.50536
    endloop
  endfacet
  facet normal -0 -0.363485 -0.9316
    outer loop
      vertex 39.6 -16.9482 6.3251
      vertex 35.6 -17.4102 6.50536
      vertex 35.6 -16.9482 6.3251
    endloop
  endfacet
  facet normal 0 -0.992331 -0.123613
    outer loop
      vertex 35.6 -20.9182 11.0124
      vertex 39.6 -20.9795 11.5045
      vertex 35.6 -20.9795 11.5045
    endloop
  endfacet
  facet normal 0 -0.992331 -0.123613
    outer loop
      vertex 39.6 -20.9795 11.5045
      vertex 35.6 -20.9182 11.0124
      vertex 39.6 -20.9182 11.0124
    endloop
  endfacet
  facet normal 0 0.85909 0.511824
    outer loop
      vertex 39.6 20.2768 14.8557
      vertex 35.6 20.023 15.2817
      vertex 39.6 20.023 15.2817
    endloop
  endfacet
  facet normal 0 0.85909 0.511824
    outer loop
      vertex 35.6 20.023 15.2817
      vertex 39.6 20.2768 14.8557
      vertex 35.6 20.2768 14.8557
    endloop
  endfacet
  facet normal 0 0.978699 -0.205299
    outer loop
      vertex 39.6 20.8164 10.5271
      vertex 35.6 20.9182 11.0124
      vertex 39.6 20.9182 11.0124
    endloop
  endfacet
  facet normal 0 0.978699 -0.205299
    outer loop
      vertex 35.6 20.9182 11.0124
      vertex 39.6 20.8164 10.5271
      vertex 35.6 20.8164 10.5271
    endloop
  endfacet
  facet normal 0 0.85909 -0.511824
    outer loop
      vertex 39.6 20.023 8.71831
      vertex 35.6 20.2768 9.14431
      vertex 39.6 20.2768 9.14431
    endloop
  endfacet
  facet normal 0 0.85909 -0.511824
    outer loop
      vertex 35.6 20.2768 9.14431
      vertex 39.6 20.023 8.71831
      vertex 35.6 20.023 8.71831
    endloop
  endfacet
  facet normal -0 0.581124 0.813815
    outer loop
      vertex 35.6 18.6853 16.7348
      vertex 39.6 18.2817 17.023
      vertex 39.6 18.6853 16.7348
    endloop
  endfacet
  facet normal 0 0.581124 0.813815
    outer loop
      vertex 39.6 18.2817 17.023
      vertex 35.6 18.6853 16.7348
      vertex 35.6 18.2817 17.023
    endloop
  endfacet
  facet normal -0 0.041337 0.999145
    outer loop
      vertex 35.6 15.4955 17.9795
      vertex 39.6 15 18
      vertex 39.6 15.4955 17.9795
    endloop
  endfacet
  facet normal 0 0.041337 0.999145
    outer loop
      vertex 39.6 15 18
      vertex 35.6 15.4955 17.9795
      vertex 35.6 15 18
    endloop
  endfacet
  facet normal 0 0.0413169 -0.999146
    outer loop
      vertex 35.6 15 6
      vertex 39.6 15.4955 6.02049
      vertex 39.6 15 6
    endloop
  endfacet
  facet normal 0 0.0413169 -0.999146
    outer loop
      vertex 39.6 15.4955 6.02049
      vertex 35.6 15 6
      vertex 35.6 15.4955 6.02049
    endloop
  endfacet
  facet normal 0 -0.363485 -0.9316
    outer loop
      vertex 35.6 12.5898 6.50536
      vertex 39.6 13.0518 6.3251
      vertex 39.6 12.5898 6.50536
    endloop
  endfacet
  facet normal -0 -0.363485 -0.9316
    outer loop
      vertex 39.6 13.0518 6.3251
      vertex 35.6 12.5898 6.50536
      vertex 35.6 13.0518 6.3251
    endloop
  endfacet
  facet normal 0 -0.285331 -0.958429
    outer loop
      vertex 35.6 13.0518 6.3251
      vertex 39.6 13.5271 6.1836
      vertex 39.6 13.0518 6.3251
    endloop
  endfacet
  facet normal -0 -0.285331 -0.958429
    outer loop
      vertex 39.6 13.5271 6.1836
      vertex 35.6 13.0518 6.3251
      vertex 35.6 13.5271 6.1836
    endloop
  endfacet
  facet normal -0 0.205299 0.978699
    outer loop
      vertex 35.6 16.4729 17.8164
      vertex 39.6 15.9876 17.9182
      vertex 39.6 16.4729 17.8164
    endloop
  endfacet
  facet normal 0 0.205299 0.978699
    outer loop
      vertex 39.6 15.9876 17.9182
      vertex 35.6 16.4729 17.8164
      vertex 35.6 15.9876 17.9182
    endloop
  endfacet
  facet normal 0 0.763081 -0.646303
    outer loop
      vertex 39.6 19.4143 7.93631
      vertex 35.6 19.7348 8.31472
      vertex 39.6 19.7348 8.31472
    endloop
  endfacet
  facet normal 0 0.763081 -0.646303
    outer loop
      vertex 35.6 19.7348 8.31472
      vertex 39.6 19.4143 7.93631
      vertex 35.6 19.4143 7.93631
    endloop
  endfacet
  facet normal 0 -0.992321 0.123692
    outer loop
      vertex 35.6 9.02049 12.4955
      vertex 39.6 9.08183 12.9876
      vertex 35.6 9.08183 12.9876
    endloop
  endfacet
  facet normal 0 -0.992321 0.123692
    outer loop
      vertex 39.6 9.08183 12.9876
      vertex 35.6 9.02049 12.4955
      vertex 39.6 9.02049 12.4955
    endloop
  endfacet
  facet normal 0 0.813815 0.581124
    outer loop
      vertex 39.6 20.023 15.2817
      vertex 35.6 19.7348 15.6853
      vertex 39.6 19.7348 15.6853
    endloop
  endfacet
  facet normal 0 0.813815 0.581124
    outer loop
      vertex 35.6 19.7348 15.6853
      vertex 39.6 20.023 15.2817
      vertex 35.6 20.023 15.2817
    endloop
  endfacet
  facet normal 0 -0.859055 0.511884
    outer loop
      vertex 35.6 9.72316 14.8557
      vertex 39.6 9.977 15.2817
      vertex 35.6 9.977 15.2817
    endloop
  endfacet
  facet normal 0 -0.859055 0.511884
    outer loop
      vertex 39.6 9.977 15.2817
      vertex 35.6 9.72316 14.8557
      vertex 39.6 9.72316 14.8557
    endloop
  endfacet
  facet normal 0 0.813808 -0.581133
    outer loop
      vertex 39.6 19.7348 8.31472
      vertex 35.6 20.023 8.71831
      vertex 39.6 20.023 8.71831
    endloop
  endfacet
  facet normal 0 0.813808 -0.581133
    outer loop
      vertex 35.6 20.023 8.71831
      vertex 39.6 19.7348 8.31472
      vertex 35.6 19.7348 8.31472
    endloop
  endfacet
  facet normal 0 0.931573 0.363555
    outer loop
      vertex 39.6 20.6749 13.9482
      vertex 35.6 20.4946 14.4102
      vertex 39.6 20.4946 14.4102
    endloop
  endfacet
  facet normal 0 0.931573 0.363555
    outer loop
      vertex 35.6 20.4946 14.4102
      vertex 39.6 20.6749 13.9482
      vertex 35.6 20.6749 13.9482
    endloop
  endfacet
  facet normal 0 0.978699 0.205299
    outer loop
      vertex 39.6 20.9182 12.9876
      vertex 35.6 20.8164 13.4729
      vertex 39.6 20.8164 13.4729
    endloop
  endfacet
  facet normal 0 0.978699 0.205299
    outer loop
      vertex 35.6 20.8164 13.4729
      vertex 39.6 20.9182 12.9876
      vertex 35.6 20.9182 12.9876
    endloop
  endfacet
  facet normal 0 -0.958429 -0.285331
    outer loop
      vertex 35.6 9.3251 10.0518
      vertex 39.6 9.1836 10.5271
      vertex 35.6 9.1836 10.5271
    endloop
  endfacet
  facet normal 0 -0.958429 -0.285331
    outer loop
      vertex 39.6 9.1836 10.5271
      vertex 35.6 9.3251 10.0518
      vertex 39.6 9.3251 10.0518
    endloop
  endfacet
  facet normal 0 -0.646313 0.763073
    outer loop
      vertex 35.6 11.3147 16.7348
      vertex 39.6 10.9363 16.4143
      vertex 39.6 11.3147 16.7348
    endloop
  endfacet
  facet normal 0 -0.646313 0.763073
    outer loop
      vertex 39.6 10.9363 16.4143
      vertex 35.6 11.3147 16.7348
      vertex 35.6 10.9363 16.4143
    endloop
  endfacet
  facet normal 0 -0.999146 0.0413169
    outer loop
      vertex 35.6 9 12
      vertex 39.6 9.02049 12.4955
      vertex 35.6 9.02049 12.4955
    endloop
  endfacet
  facet normal 0 -0.999146 0.0413169
    outer loop
      vertex 39.6 9.02049 12.4955
      vertex 35.6 9 12
      vertex 39.6 9 12
    endloop
  endfacet
  facet normal 0 -0.9316 0.363485
    outer loop
      vertex 35.6 9.3251 13.9482
      vertex 39.6 9.50536 14.4102
      vertex 35.6 9.50536 14.4102
    endloop
  endfacet
  facet normal 0 -0.9316 0.363485
    outer loop
      vertex 39.6 9.50536 14.4102
      vertex 35.6 9.3251 13.9482
      vertex 39.6 9.3251 13.9482
    endloop
  endfacet
  facet normal 0 0.363485 -0.9316
    outer loop
      vertex 35.6 16.9482 6.3251
      vertex 39.6 17.4102 6.50536
      vertex 39.6 16.9482 6.3251
    endloop
  endfacet
  facet normal 0 0.363485 -0.9316
    outer loop
      vertex 39.6 17.4102 6.50536
      vertex 35.6 16.9482 6.3251
      vertex 35.6 17.4102 6.50536
    endloop
  endfacet
  facet normal 0 0.205241 -0.978711
    outer loop
      vertex 35.6 15.9876 6.08183
      vertex 39.6 16.4729 6.1836
      vertex 39.6 15.9876 6.08183
    endloop
  endfacet
  facet normal 0 0.205241 -0.978711
    outer loop
      vertex 39.6 16.4729 6.1836
      vertex 35.6 15.9876 6.08183
      vertex 35.6 16.4729 6.1836
    endloop
  endfacet
  facet normal 0 -0.859055 -0.511884
    outer loop
      vertex 35.6 9.977 8.71831
      vertex 39.6 9.72316 9.14431
      vertex 35.6 9.72316 9.14431
    endloop
  endfacet
  facet normal 0 -0.859055 -0.511884
    outer loop
      vertex 39.6 9.72316 9.14431
      vertex 35.6 9.977 8.71831
      vertex 39.6 9.977 8.71831
    endloop
  endfacet
  facet normal 0 -0.581124 0.813815
    outer loop
      vertex 35.6 11.7183 17.023
      vertex 39.6 11.3147 16.7348
      vertex 39.6 11.7183 17.023
    endloop
  endfacet
  facet normal 0 -0.581124 0.813815
    outer loop
      vertex 39.6 11.3147 16.7348
      vertex 35.6 11.7183 17.023
      vertex 35.6 11.3147 16.7348
    endloop
  endfacet
  facet normal 0 -0.992321 -0.123692
    outer loop
      vertex 35.6 9.08183 11.0124
      vertex 39.6 9.02049 11.5045
      vertex 35.6 9.02049 11.5045
    endloop
  endfacet
  facet normal 0 -0.992321 -0.123692
    outer loop
      vertex 39.6 9.02049 11.5045
      vertex 35.6 9.08183 11.0124
      vertex 39.6 9.08183 11.0124
    endloop
  endfacet
  facet normal 0 -0.123692 -0.992321
    outer loop
      vertex 35.6 14.0124 6.08183
      vertex 39.6 14.5045 6.02049
      vertex 39.6 14.0124 6.08183
    endloop
  endfacet
  facet normal -0 -0.123692 -0.992321
    outer loop
      vertex 39.6 14.5045 6.02049
      vertex 35.6 14.0124 6.08183
      vertex 35.6 14.5045 6.02049
    endloop
  endfacet
  facet normal 0 0.898392 -0.439194
    outer loop
      vertex 39.6 20.2768 9.14431
      vertex 35.6 20.4946 9.58983
      vertex 39.6 20.4946 9.58983
    endloop
  endfacet
  facet normal 0 0.898392 -0.439194
    outer loop
      vertex 35.6 20.4946 9.58983
      vertex 39.6 20.2768 9.14431
      vertex 35.6 20.2768 9.14431
    endloop
  endfacet
  facet normal -0 0.646313 0.763073
    outer loop
      vertex 35.6 19.0637 16.4143
      vertex 39.6 18.6853 16.7348
      vertex 39.6 19.0637 16.4143
    endloop
  endfacet
  facet normal 0 0.646313 0.763073
    outer loop
      vertex 39.6 18.6853 16.7348
      vertex 35.6 19.0637 16.4143
      vertex 35.6 18.6853 16.7348
    endloop
  endfacet
  facet normal 0 -0.43921 -0.898384
    outer loop
      vertex 35.6 12.1443 6.72316
      vertex 39.6 12.5898 6.50536
      vertex 39.6 12.1443 6.72316
    endloop
  endfacet
  facet normal -0 -0.43921 -0.898384
    outer loop
      vertex 39.6 12.5898 6.50536
      vertex 35.6 12.1443 6.72316
      vertex 35.6 12.5898 6.50536
    endloop
  endfacet
  facet normal 0 -0.763073 0.646313
    outer loop
      vertex 35.6 10.2652 15.6853
      vertex 39.6 10.5857 16.0637
      vertex 35.6 10.5857 16.0637
    endloop
  endfacet
  facet normal 0 -0.763073 0.646313
    outer loop
      vertex 39.6 10.5857 16.0637
      vertex 35.6 10.2652 15.6853
      vertex 39.6 10.2652 15.6853
    endloop
  endfacet
  facet normal -0 0.123613 0.992331
    outer loop
      vertex 35.6 15.9876 17.9182
      vertex 39.6 15.4955 17.9795
      vertex 39.6 15.9876 17.9182
    endloop
  endfacet
  facet normal 0 0.123613 0.992331
    outer loop
      vertex 39.6 15.4955 17.9795
      vertex 35.6 15.9876 17.9182
      vertex 35.6 15.4955 17.9795
    endloop
  endfacet
  facet normal 0 -0.363555 0.931573
    outer loop
      vertex 35.6 13.0518 17.6749
      vertex 39.6 12.5898 17.4946
      vertex 39.6 13.0518 17.6749
    endloop
  endfacet
  facet normal 0 -0.363555 0.931573
    outer loop
      vertex 39.6 12.5898 17.4946
      vertex 35.6 13.0518 17.6749
      vertex 35.6 12.5898 17.4946
    endloop
  endfacet
  facet normal 0 -0.978711 0.205241
    outer loop
      vertex 35.6 9.08183 12.9876
      vertex 39.6 9.1836 13.4729
      vertex 35.6 9.1836 13.4729
    endloop
  endfacet
  facet normal 0 -0.978711 0.205241
    outer loop
      vertex 39.6 9.1836 13.4729
      vertex 35.6 9.08183 12.9876
      vertex 39.6 9.08183 12.9876
    endloop
  endfacet
  facet normal -0 0.511824 0.85909
    outer loop
      vertex 35.6 18.2817 17.023
      vertex 39.6 17.8557 17.2768
      vertex 39.6 18.2817 17.023
    endloop
  endfacet
  facet normal 0 0.511824 0.85909
    outer loop
      vertex 39.6 17.8557 17.2768
      vertex 35.6 18.2817 17.023
      vertex 35.6 17.8557 17.2768
    endloop
  endfacet
  facet normal 0 -0.707157 -0.707056
    outer loop
      vertex 35.6 10.9363 7.58566
      vertex 39.6 10.5857 7.93631
      vertex 35.6 10.5857 7.93631
    endloop
  endfacet
  facet normal 0 -0.707157 -0.707056
    outer loop
      vertex 39.6 10.5857 7.93631
      vertex 35.6 10.9363 7.58566
      vertex 39.6 10.9363 7.58566
    endloop
  endfacet
  facet normal 0 0.999145 0.041337
    outer loop
      vertex 39.6 21 12
      vertex 35.6 20.9795 12.4955
      vertex 39.6 20.9795 12.4955
    endloop
  endfacet
  facet normal 0 0.999145 0.041337
    outer loop
      vertex 35.6 20.9795 12.4955
      vertex 39.6 21 12
      vertex 35.6 21 12
    endloop
  endfacet
  facet normal -0 0.43921 0.898384
    outer loop
      vertex 35.6 17.8557 17.2768
      vertex 39.6 17.4102 17.4946
      vertex 39.6 17.8557 17.2768
    endloop
  endfacet
  facet normal 0 0.43921 0.898384
    outer loop
      vertex 39.6 17.4102 17.4946
      vertex 35.6 17.8557 17.2768
      vertex 35.6 17.4102 17.4946
    endloop
  endfacet
  facet normal 0 0.931565 -0.363576
    outer loop
      vertex 39.6 20.4946 9.58983
      vertex 35.6 20.6749 10.0518
      vertex 39.6 20.6749 10.0518
    endloop
  endfacet
  facet normal 0 0.931565 -0.363576
    outer loop
      vertex 35.6 20.6749 10.0518
      vertex 39.6 20.4946 9.58983
      vertex 35.6 20.4946 9.58983
    endloop
  endfacet
  facet normal 0 -0.763081 -0.646303
    outer loop
      vertex 35.6 10.5857 7.93631
      vertex 39.6 10.2652 8.31472
      vertex 35.6 10.2652 8.31472
    endloop
  endfacet
  facet normal 0 -0.763081 -0.646303
    outer loop
      vertex 39.6 10.2652 8.31472
      vertex 35.6 10.5857 7.93631
      vertex 39.6 10.5857 7.93631
    endloop
  endfacet
  facet normal 0 0.763073 0.646313
    outer loop
      vertex 39.6 19.7348 15.6853
      vertex 35.6 19.4143 16.0637
      vertex 39.6 19.4143 16.0637
    endloop
  endfacet
  facet normal 0 0.763073 0.646313
    outer loop
      vertex 35.6 19.4143 16.0637
      vertex 39.6 19.7348 15.6853
      vertex 35.6 19.7348 15.6853
    endloop
  endfacet
  facet normal 0 0.707107 0.707107
    outer loop
      vertex 39.6 19.4143 16.0637
      vertex 35.6 19.0637 16.4143
      vertex 39.6 19.0637 16.4143
    endloop
  endfacet
  facet normal 0 0.707107 0.707107
    outer loop
      vertex 35.6 19.0637 16.4143
      vertex 39.6 19.4143 16.0637
      vertex 35.6 19.4143 16.0637
    endloop
  endfacet
  facet normal 0 -0.205299 0.978699
    outer loop
      vertex 35.6 14.0124 17.9182
      vertex 39.6 13.5271 17.8164
      vertex 39.6 14.0124 17.9182
    endloop
  endfacet
  facet normal 0 -0.205299 0.978699
    outer loop
      vertex 39.6 13.5271 17.8164
      vertex 35.6 14.0124 17.9182
      vertex 35.6 13.5271 17.8164
    endloop
  endfacet
  facet normal -0 0.285331 0.958429
    outer loop
      vertex 35.6 16.9482 17.6749
      vertex 39.6 16.4729 17.8164
      vertex 39.6 16.9482 17.6749
    endloop
  endfacet
  facet normal 0 0.285331 0.958429
    outer loop
      vertex 39.6 16.4729 17.8164
      vertex 35.6 16.9482 17.6749
      vertex 35.6 16.4729 17.8164
    endloop
  endfacet
  facet normal 0 0.58107 -0.813853
    outer loop
      vertex 35.6 18.2817 6.977
      vertex 39.6 18.6853 7.26516
      vertex 39.6 18.2817 6.977
    endloop
  endfacet
  facet normal 0 0.58107 -0.813853
    outer loop
      vertex 39.6 18.6853 7.26516
      vertex 35.6 18.2817 6.977
      vertex 35.6 18.6853 7.26516
    endloop
  endfacet
  facet normal 0 0.285331 -0.958429
    outer loop
      vertex 35.6 16.4729 6.1836
      vertex 39.6 16.9482 6.3251
      vertex 39.6 16.4729 6.1836
    endloop
  endfacet
  facet normal 0 0.285331 -0.958429
    outer loop
      vertex 39.6 16.9482 6.3251
      vertex 35.6 16.4729 6.1836
      vertex 35.6 16.9482 6.3251
    endloop
  endfacet
  facet normal 0 -0.58107 -0.813853
    outer loop
      vertex 35.6 11.3147 7.26516
      vertex 39.6 11.7183 6.977
      vertex 39.6 11.3147 7.26516
    endloop
  endfacet
  facet normal -0 -0.58107 -0.813853
    outer loop
      vertex 39.6 11.7183 6.977
      vertex 35.6 11.3147 7.26516
      vertex 35.6 11.7183 6.977
    endloop
  endfacet
  facet normal 0 -0.511884 -0.859055
    outer loop
      vertex 35.6 11.7183 6.977
      vertex 39.6 12.1443 6.72316
      vertex 39.6 11.7183 6.977
    endloop
  endfacet
  facet normal -0 -0.511884 -0.859055
    outer loop
      vertex 39.6 12.1443 6.72316
      vertex 35.6 11.7183 6.977
      vertex 35.6 12.1443 6.72316
    endloop
  endfacet
  facet normal 0 -0.041337 0.999145
    outer loop
      vertex 35.6 15 18
      vertex 39.6 14.5045 17.9795
      vertex 39.6 15 18
    endloop
  endfacet
  facet normal 0 -0.041337 0.999145
    outer loop
      vertex 39.6 14.5045 17.9795
      vertex 35.6 15 18
      vertex 35.6 14.5045 17.9795
    endloop
  endfacet
  facet normal 0 -0.123613 0.992331
    outer loop
      vertex 35.6 14.5045 17.9795
      vertex 39.6 14.0124 17.9182
      vertex 39.6 14.5045 17.9795
    endloop
  endfacet
  facet normal 0 -0.123613 0.992331
    outer loop
      vertex 39.6 14.0124 17.9182
      vertex 35.6 14.5045 17.9795
      vertex 35.6 14.0124 17.9182
    endloop
  endfacet
  facet normal 0 0.646313 -0.763073
    outer loop
      vertex 35.6 18.6853 7.26516
      vertex 39.6 19.0637 7.58566
      vertex 39.6 18.6853 7.26516
    endloop
  endfacet
  facet normal 0 0.646313 -0.763073
    outer loop
      vertex 39.6 19.0637 7.58566
      vertex 35.6 18.6853 7.26516
      vertex 35.6 19.0637 7.58566
    endloop
  endfacet
  facet normal 0 -0.978711 -0.205241
    outer loop
      vertex 35.6 9.1836 10.5271
      vertex 39.6 9.08183 11.0124
      vertex 35.6 9.08183 11.0124
    endloop
  endfacet
  facet normal 0 -0.978711 -0.205241
    outer loop
      vertex 39.6 9.08183 11.0124
      vertex 35.6 9.1836 10.5271
      vertex 39.6 9.1836 10.5271
    endloop
  endfacet
  facet normal 0 -0.931592 -0.363506
    outer loop
      vertex 35.6 9.50536 9.58983
      vertex 39.6 9.3251 10.0518
      vertex 35.6 9.3251 10.0518
    endloop
  endfacet
  facet normal 0 -0.931592 -0.363506
    outer loop
      vertex 39.6 9.3251 10.0518
      vertex 35.6 9.50536 9.58983
      vertex 39.6 9.50536 9.58983
    endloop
  endfacet
  facet normal 0 0.707157 -0.707056
    outer loop
      vertex 39.6 19.0637 7.58566
      vertex 35.6 19.4143 7.93631
      vertex 39.6 19.4143 7.93631
    endloop
  endfacet
  facet normal 0 0.707157 -0.707056
    outer loop
      vertex 35.6 19.4143 7.93631
      vertex 39.6 19.0637 7.58566
      vertex 35.6 19.0637 7.58566
    endloop
  endfacet
  facet normal 0 -0.511824 0.85909
    outer loop
      vertex 35.6 12.1443 17.2768
      vertex 39.6 11.7183 17.023
      vertex 39.6 12.1443 17.2768
    endloop
  endfacet
  facet normal 0 -0.511824 0.85909
    outer loop
      vertex 39.6 11.7183 17.023
      vertex 35.6 12.1443 17.2768
      vertex 35.6 11.7183 17.023
    endloop
  endfacet
  facet normal 0 0.992331 -0.123613
    outer loop
      vertex 39.6 20.9182 11.0124
      vertex 35.6 20.9795 11.5045
      vertex 39.6 20.9795 11.5045
    endloop
  endfacet
  facet normal 0 0.992331 -0.123613
    outer loop
      vertex 35.6 20.9795 11.5045
      vertex 39.6 20.9182 11.0124
      vertex 35.6 20.9182 11.0124
    endloop
  endfacet
  facet normal 0 -0.205241 -0.978711
    outer loop
      vertex 35.6 13.5271 6.1836
      vertex 39.6 14.0124 6.08183
      vertex 39.6 13.5271 6.1836
    endloop
  endfacet
  facet normal -0 -0.205241 -0.978711
    outer loop
      vertex 39.6 14.0124 6.08183
      vertex 35.6 13.5271 6.1836
      vertex 35.6 14.0124 6.08183
    endloop
  endfacet
  facet normal 0 -0.646313 -0.763073
    outer loop
      vertex 35.6 10.9363 7.58566
      vertex 39.6 11.3147 7.26516
      vertex 39.6 10.9363 7.58566
    endloop
  endfacet
  facet normal -0 -0.646313 -0.763073
    outer loop
      vertex 39.6 11.3147 7.26516
      vertex 35.6 10.9363 7.58566
      vertex 35.6 11.3147 7.26516
    endloop
  endfacet
  facet normal 0 -0.43921 0.898384
    outer loop
      vertex 35.6 12.5898 17.4946
      vertex 39.6 12.1443 17.2768
      vertex 39.6 12.5898 17.4946
    endloop
  endfacet
  facet normal 0 -0.43921 0.898384
    outer loop
      vertex 39.6 12.1443 17.2768
      vertex 35.6 12.5898 17.4946
      vertex 35.6 12.1443 17.2768
    endloop
  endfacet
  facet normal 0 -0.898384 0.43921
    outer loop
      vertex 35.6 9.50536 14.4102
      vertex 39.6 9.72316 14.8557
      vertex 35.6 9.72316 14.8557
    endloop
  endfacet
  facet normal 0 -0.898384 0.43921
    outer loop
      vertex 39.6 9.72316 14.8557
      vertex 35.6 9.50536 14.4102
      vertex 39.6 9.50536 14.4102
    endloop
  endfacet
  facet normal 0 -0.285331 0.958429
    outer loop
      vertex 35.6 13.5271 17.8164
      vertex 39.6 13.0518 17.6749
      vertex 39.6 13.5271 17.8164
    endloop
  endfacet
  facet normal 0 -0.285331 0.958429
    outer loop
      vertex 39.6 13.0518 17.6749
      vertex 35.6 13.5271 17.8164
      vertex 35.6 13.0518 17.6749
    endloop
  endfacet
  facet normal 0 0.999145 -0.041337
    outer loop
      vertex 39.6 20.9795 11.5045
      vertex 35.6 21 12
      vertex 39.6 21 12
    endloop
  endfacet
  facet normal 0 0.999145 -0.041337
    outer loop
      vertex 35.6 21 12
      vertex 39.6 20.9795 11.5045
      vertex 35.6 20.9795 11.5045
    endloop
  endfacet
  facet normal 0 -0.813815 0.581124
    outer loop
      vertex 35.6 9.977 15.2817
      vertex 39.6 10.2652 15.6853
      vertex 35.6 10.2652 15.6853
    endloop
  endfacet
  facet normal 0 -0.813815 0.581124
    outer loop
      vertex 39.6 10.2652 15.6853
      vertex 35.6 9.977 15.2817
      vertex 39.6 9.977 15.2817
    endloop
  endfacet
  facet normal 0 0.992331 0.123613
    outer loop
      vertex 39.6 20.9795 12.4955
      vertex 35.6 20.9182 12.9876
      vertex 39.6 20.9182 12.9876
    endloop
  endfacet
  facet normal 0 0.992331 0.123613
    outer loop
      vertex 35.6 20.9182 12.9876
      vertex 39.6 20.9795 12.4955
      vertex 35.6 20.9795 12.4955
    endloop
  endfacet
  facet normal 0 0.958429 0.285331
    outer loop
      vertex 39.6 20.8164 13.4729
      vertex 35.6 20.6749 13.9482
      vertex 39.6 20.6749 13.9482
    endloop
  endfacet
  facet normal 0 0.958429 0.285331
    outer loop
      vertex 35.6 20.6749 13.9482
      vertex 39.6 20.8164 13.4729
      vertex 35.6 20.8164 13.4729
    endloop
  endfacet
  facet normal -0 0.363555 0.931573
    outer loop
      vertex 35.6 17.4102 17.4946
      vertex 39.6 16.9482 17.6749
      vertex 39.6 17.4102 17.4946
    endloop
  endfacet
  facet normal 0 0.363555 0.931573
    outer loop
      vertex 39.6 16.9482 17.6749
      vertex 35.6 17.4102 17.4946
      vertex 35.6 16.9482 17.6749
    endloop
  endfacet
  facet normal 0 -0.813808 -0.581133
    outer loop
      vertex 35.6 10.2652 8.31472
      vertex 39.6 9.977 8.71831
      vertex 35.6 9.977 8.71831
    endloop
  endfacet
  facet normal 0 -0.813808 -0.581133
    outer loop
      vertex 39.6 9.977 8.71831
      vertex 35.6 10.2652 8.31472
      vertex 39.6 10.2652 8.31472
    endloop
  endfacet
  facet normal 0 0.958429 -0.285331
    outer loop
      vertex 39.6 20.6749 10.0518
      vertex 35.6 20.8164 10.5271
      vertex 39.6 20.8164 10.5271
    endloop
  endfacet
  facet normal 0 0.958429 -0.285331
    outer loop
      vertex 35.6 20.8164 10.5271
      vertex 39.6 20.6749 10.0518
      vertex 35.6 20.6749 10.0518
    endloop
  endfacet
  facet normal 0 -0.0413169 -0.999146
    outer loop
      vertex 35.6 14.5045 6.02049
      vertex 39.6 15 6
      vertex 39.6 14.5045 6.02049
    endloop
  endfacet
  facet normal -0 -0.0413169 -0.999146
    outer loop
      vertex 39.6 15 6
      vertex 35.6 14.5045 6.02049
      vertex 35.6 15 6
    endloop
  endfacet
  facet normal 0 0.898384 0.43921
    outer loop
      vertex 39.6 20.4946 14.4102
      vertex 35.6 20.2768 14.8557
      vertex 39.6 20.2768 14.8557
    endloop
  endfacet
  facet normal 0 0.898384 0.43921
    outer loop
      vertex 35.6 20.2768 14.8557
      vertex 39.6 20.4946 14.4102
      vertex 35.6 20.4946 14.4102
    endloop
  endfacet
  facet normal 0 -0.707107 0.707107
    outer loop
      vertex 35.6 10.9363 16.4143
      vertex 39.6 10.5857 16.0637
      vertex 39.6 10.9363 16.4143
    endloop
  endfacet
  facet normal 0 -0.707107 0.707107
    outer loop
      vertex 39.6 10.5857 16.0637
      vertex 35.6 10.9363 16.4143
      vertex 35.6 10.5857 16.0637
    endloop
  endfacet
  facet normal 0 -0.958429 0.285331
    outer loop
      vertex 35.6 9.1836 13.4729
      vertex 39.6 9.3251 13.9482
      vertex 35.6 9.3251 13.9482
    endloop
  endfacet
  facet normal 0 -0.958429 0.285331
    outer loop
      vertex 39.6 9.3251 13.9482
      vertex 35.6 9.1836 13.4729
      vertex 39.6 9.1836 13.4729
    endloop
  endfacet
  facet normal 0 -0.999146 -0.0413169
    outer loop
      vertex 35.6 9.02049 11.5045
      vertex 39.6 9 12
      vertex 35.6 9 12
    endloop
  endfacet
  facet normal 0 -0.999146 -0.0413169
    outer loop
      vertex 39.6 9 12
      vertex 35.6 9.02049 11.5045
      vertex 39.6 9.02049 11.5045
    endloop
  endfacet
  facet normal 0 0.43921 -0.898384
    outer loop
      vertex 35.6 17.4102 6.50536
      vertex 39.6 17.8557 6.72316
      vertex 39.6 17.4102 6.50536
    endloop
  endfacet
  facet normal 0 0.43921 -0.898384
    outer loop
      vertex 39.6 17.8557 6.72316
      vertex 35.6 17.4102 6.50536
      vertex 35.6 17.8557 6.72316
    endloop
  endfacet
  facet normal 0 0.123692 -0.992321
    outer loop
      vertex 35.6 15.4955 6.02049
      vertex 39.6 15.9876 6.08183
      vertex 39.6 15.4955 6.02049
    endloop
  endfacet
  facet normal 0 0.123692 -0.992321
    outer loop
      vertex 39.6 15.9876 6.08183
      vertex 35.6 15.4955 6.02049
      vertex 35.6 15.9876 6.08183
    endloop
  endfacet
  facet normal 0 0.511884 -0.859055
    outer loop
      vertex 35.6 17.8557 6.72316
      vertex 39.6 18.2817 6.977
      vertex 39.6 17.8557 6.72316
    endloop
  endfacet
  facet normal 0 0.511884 -0.859055
    outer loop
      vertex 39.6 18.2817 6.977
      vertex 35.6 17.8557 6.72316
      vertex 35.6 18.2817 6.977
    endloop
  endfacet
  facet normal 0 -0.898392 -0.439194
    outer loop
      vertex 35.6 9.72316 9.14431
      vertex 39.6 9.50536 9.58983
      vertex 35.6 9.50536 9.58983
    endloop
  endfacet
  facet normal 0 -0.898392 -0.439194
    outer loop
      vertex 39.6 9.50536 9.58983
      vertex 35.6 9.72316 9.14431
      vertex 39.6 9.72316 9.14431
    endloop
  endfacet
  facet normal -1 0 0
    outer loop
      vertex 35.6 17.2966 11.8755
      vertex 35.6 21 12
      vertex 35.6 20.9795 11.5045
    endloop
  endfacet
  facet normal -1 0 0
    outer loop
      vertex 35.6 17.2966 11.8755
      vertex 35.6 20.9795 11.5045
      vertex 35.6 20.9182 11.0124
    endloop
  endfacet
  facet normal -1 -0 0
    outer loop
      vertex 35.6 21 12
      vertex 35.6 17.2966 11.8755
      vertex 35.6 20.9795 12.4955
    endloop
  endfacet
  facet normal -1 0 0
    outer loop
      vertex 35.6 17.2162 11.3847
      vertex 35.6 20.9182 11.0124
      vertex 35.6 20.8164 10.5271
    endloop
  endfacet
  facet normal -1 0 0
    outer loop
      vertex 35.6 17.2697 12.3721
      vertex 35.6 20.9795 12.4955
      vertex 35.6 17.2966 11.8755
    endloop
  endfacet
  facet normal -1 0 0
    outer loop
      vertex 35.6 17.2162 11.3847
      vertex 35.6 20.8164 10.5271
      vertex 35.6 20.6749 10.0518
    endloop
  endfacet
  facet normal -1 -0 0
    outer loop
      vertex 35.6 20.9795 12.4955
      vertex 35.6 17.2697 12.3721
      vertex 35.6 20.9182 12.9876
    endloop
  endfacet
  facet normal -1 0 0
    outer loop
      vertex 35.6 17.2162 11.3847
      vertex 35.6 20.6749 10.0518
      vertex 35.6 20.4946 9.58983
    endloop
  endfacet
  facet normal -1 -0 0
    outer loop
      vertex 35.6 20.9182 12.9876
      vertex 35.6 17.2697 12.3721
      vertex 35.6 20.8164 13.4729
    endloop
  endfacet
  facet normal -1 0 0
    outer loop
      vertex 35.6 17.0321 10.9227
      vertex 35.6 20.4946 9.58983
      vertex 35.6 20.2768 9.14431
    endloop
  endfacet
  facet normal -1 0 0
    outer loop
      vertex 35.6 17.1366 12.8513
      vertex 35.6 20.8164 13.4729
      vertex 35.6 17.2697 12.3721
    endloop
  endfacet
  facet normal -1 0 0
    outer loop
      vertex 35.6 17.0321 10.9227
      vertex 35.6 20.2768 9.14431
      vertex 35.6 20.023 8.71831
    endloop
  endfacet
  facet normal -1 -0 0
    outer loop
      vertex 35.6 20.8164 13.4729
      vertex 35.6 17.1366 12.8513
      vertex 35.6 20.6749 13.9482
    endloop
  endfacet
  facet normal -1 0 0
    outer loop
      vertex 35.6 16.753 10.511
      vertex 35.6 20.023 8.71831
      vertex 35.6 19.7348 8.31472
    endloop
  endfacet
  facet normal -1 -0 0
    outer loop
      vertex 35.6 20.6749 13.9482
      vertex 35.6 17.1366 12.8513
      vertex 35.6 20.4946 14.4102
    endloop
  endfacet
  facet normal -1 0 0
    outer loop
      vertex 35.6 16.753 10.511
      vertex 35.6 19.7348 8.31472
      vertex 35.6 19.4143 7.93631
    endloop
  endfacet
  facet normal -1 -0 0
    outer loop
      vertex 35.6 20.4946 14.4102
      vertex 35.6 17.1366 12.8513
      vertex 35.6 20.2768 14.8557
    endloop
  endfacet
  facet normal -1 0 0
    outer loop
      vertex 35.6 16.753 10.511
      vertex 35.6 19.4143 7.93631
      vertex 35.6 19.0637 7.58566
    endloop
  endfacet
  facet normal -1 0 0
    outer loop
      vertex 35.6 16.9037 13.2907
      vertex 35.6 20.2768 14.8557
      vertex 35.6 17.1366 12.8513
    endloop
  endfacet
  facet normal -1 0 0
    outer loop
      vertex 35.6 16.3919 10.169
      vertex 35.6 19.0637 7.58566
      vertex 35.6 18.6853 7.26516
    endloop
  endfacet
  facet normal -1 -0 0
    outer loop
      vertex 35.6 20.2768 14.8557
      vertex 35.6 16.9037 13.2907
      vertex 35.6 20.023 15.2817
    endloop
  endfacet
  facet normal -1 0 0
    outer loop
      vertex 35.6 16.3919 10.169
      vertex 35.6 18.6853 7.26516
      vertex 35.6 18.2817 6.977
    endloop
  endfacet
  facet normal -1 -0 0
    outer loop
      vertex 35.6 20.023 15.2817
      vertex 35.6 16.9037 13.2907
      vertex 35.6 19.7348 15.6853
    endloop
  endfacet
  facet normal -1 0 0
    outer loop
      vertex 35.6 16.3919 10.169
      vertex 35.6 18.2817 6.977
      vertex 35.6 17.8557 6.72316
    endloop
  endfacet
  facet normal -1 -0 0
    outer loop
      vertex 35.6 19.7348 15.6853
      vertex 35.6 16.9037 13.2907
      vertex 35.6 19.4143 16.0637
    endloop
  endfacet
  facet normal -1 0 0
    outer loop
      vertex 35.6 15.9657 9.91258
      vertex 35.6 17.8557 6.72316
      vertex 35.6 17.4102 6.50536
    endloop
  endfacet
  facet normal -1 0 0
    outer loop
      vertex 35.6 16.5817 13.6698
      vertex 35.6 19.4143 16.0637
      vertex 35.6 16.9037 13.2907
    endloop
  endfacet
  facet normal -1 -0 0
    outer loop
      vertex 35.6 19.4143 16.0637
      vertex 35.6 16.5817 13.6698
      vertex 35.6 19.0637 16.4143
    endloop
  endfacet
  facet normal -1 0 0
    outer loop
      vertex 35.6 20.9182 11.0124
      vertex 35.6 17.2162 11.3847
      vertex 35.6 17.2966 11.8755
    endloop
  endfacet
  facet normal -1 0 0
    outer loop
      vertex 35.6 20.4946 9.58983
      vertex 35.6 17.0321 10.9227
      vertex 35.6 17.2162 11.3847
    endloop
  endfacet
  facet normal -1 0 0
    outer loop
      vertex 35.6 15.9657 9.91258
      vertex 35.6 17.4102 6.50536
      vertex 35.6 16.9482 6.3251
    endloop
  endfacet
  facet normal -1 0 0
    outer loop
      vertex 35.6 20.023 8.71831
      vertex 35.6 16.753 10.511
      vertex 35.6 17.0321 10.9227
    endloop
  endfacet
  facet normal -1 0 0
    outer loop
      vertex 35.6 15.4944 9.75377
      vertex 35.6 16.9482 6.3251
      vertex 35.6 16.4729 6.1836
    endloop
  endfacet
  facet normal -1 0 0
    outer loop
      vertex 35.6 19.0637 7.58566
      vertex 35.6 16.3919 10.169
      vertex 35.6 16.753 10.511
    endloop
  endfacet
  facet normal -1 0 0
    outer loop
      vertex 35.6 15.4944 9.75377
      vertex 35.6 16.4729 6.1836
      vertex 35.6 15.9876 6.08183
    endloop
  endfacet
  facet normal -1 0 0
    outer loop
      vertex 35.6 17.8557 6.72316
      vertex 35.6 15.9657 9.91258
      vertex 35.6 16.3919 10.169
    endloop
  endfacet
  facet normal -1 0 0
    outer loop
      vertex 35.6 15.4944 9.75377
      vertex 35.6 15.9876 6.08183
      vertex 35.6 15.4955 6.02049
    endloop
  endfacet
  facet normal -1 0 0
    outer loop
      vertex 35.6 16.9482 6.3251
      vertex 35.6 15.4944 9.75377
      vertex 35.6 15.9657 9.91258
    endloop
  endfacet
  facet normal -1 0 0
    outer loop
      vertex 35.6 15 9.7
      vertex 35.6 15.4955 6.02049
      vertex 35.6 15 6
    endloop
  endfacet
  facet normal -1 0 0
    outer loop
      vertex 35.6 15.4955 6.02049
      vertex 35.6 15 9.7
      vertex 35.6 15.4944 9.75377
    endloop
  endfacet
  facet normal -1 0 0
    outer loop
      vertex 35.6 14.5045 6.02049
      vertex 35.6 15 9.7
      vertex 35.6 15 6
    endloop
  endfacet
  facet normal -1 -0 0
    outer loop
      vertex 35.6 15 9.7
      vertex 35.6 14.5045 6.02049
      vertex 35.6 14.5056 9.75377
    endloop
  endfacet
  facet normal -1 0 0
    outer loop
      vertex 35.6 14.0124 6.08183
      vertex 35.6 14.5056 9.75377
      vertex 35.6 14.5045 6.02049
    endloop
  endfacet
  facet normal -1 0 0
    outer loop
      vertex 35.6 13.5271 6.1836
      vertex 35.6 14.5056 9.75377
      vertex 35.6 14.0124 6.08183
    endloop
  endfacet
  facet normal -1 0 0
    outer loop
      vertex 35.6 13.0518 6.3251
      vertex 35.6 14.5056 9.75377
      vertex 35.6 13.5271 6.1836
    endloop
  endfacet
  facet normal -1 -0 0
    outer loop
      vertex 35.6 14.5056 9.75377
      vertex 35.6 13.0518 6.3251
      vertex 35.6 14.0343 9.91258
    endloop
  endfacet
  facet normal -1 0 0
    outer loop
      vertex 35.6 12.5898 6.50536
      vertex 35.6 14.0343 9.91258
      vertex 35.6 13.0518 6.3251
    endloop
  endfacet
  facet normal -1 0 0
    outer loop
      vertex 35.6 12.1443 6.72316
      vertex 35.6 14.0343 9.91258
      vertex 35.6 12.5898 6.50536
    endloop
  endfacet
  facet normal -1 -0 0
    outer loop
      vertex 35.6 14.0343 9.91258
      vertex 35.6 12.1443 6.72316
      vertex 35.6 13.6081 10.169
    endloop
  endfacet
  facet normal -1 0 0
    outer loop
      vertex 35.6 11.7183 6.977
      vertex 35.6 13.6081 10.169
      vertex 35.6 12.1443 6.72316
    endloop
  endfacet
  facet normal -1 0 0
    outer loop
      vertex 35.6 11.3147 7.26516
      vertex 35.6 13.6081 10.169
      vertex 35.6 11.7183 6.977
    endloop
  endfacet
  facet normal -1 0 0
    outer loop
      vertex 35.6 10.9363 7.58566
      vertex 35.6 13.6081 10.169
      vertex 35.6 11.3147 7.26516
    endloop
  endfacet
  facet normal -1 -0 0
    outer loop
      vertex 35.6 19.0637 16.4143
      vertex 35.6 16.5817 13.6698
      vertex 35.6 18.6853 16.7348
    endloop
  endfacet
  facet normal -1 0 0
    outer loop
      vertex 35.6 16.1858 13.9708
      vertex 35.6 18.6853 16.7348
      vertex 35.6 16.5817 13.6698
    endloop
  endfacet
  facet normal -1 -0 0
    outer loop
      vertex 35.6 18.6853 16.7348
      vertex 35.6 16.1858 13.9708
      vertex 35.6 18.2817 17.023
    endloop
  endfacet
  facet normal -1 -0 0
    outer loop
      vertex 35.6 18.2817 17.023
      vertex 35.6 16.1858 13.9708
      vertex 35.6 17.8557 17.2768
    endloop
  endfacet
  facet normal -1 -0 0
    outer loop
      vertex 35.6 17.8557 17.2768
      vertex 35.6 16.1858 13.9708
      vertex 35.6 17.4102 17.4946
    endloop
  endfacet
  facet normal -1 0 0
    outer loop
      vertex 35.6 15.7344 14.1796
      vertex 35.6 17.4102 17.4946
      vertex 35.6 16.1858 13.9708
    endloop
  endfacet
  facet normal -1 -0 0
    outer loop
      vertex 35.6 17.4102 17.4946
      vertex 35.6 15.7344 14.1796
      vertex 35.6 16.9482 17.6749
    endloop
  endfacet
  facet normal -1 -0 0
    outer loop
      vertex 35.6 16.9482 17.6749
      vertex 35.6 15.7344 14.1796
      vertex 35.6 16.4729 17.8164
    endloop
  endfacet
  facet normal -1 0 0
    outer loop
      vertex 35.6 15.2487 14.2865
      vertex 35.6 16.4729 17.8164
      vertex 35.6 15.7344 14.1796
    endloop
  endfacet
  facet normal -1 -0 0
    outer loop
      vertex 35.6 16.4729 17.8164
      vertex 35.6 15.2487 14.2865
      vertex 35.6 15.9876 17.9182
    endloop
  endfacet
  facet normal -1 -0 0
    outer loop
      vertex 35.6 15.9876 17.9182
      vertex 35.6 15.2487 14.2865
      vertex 35.6 15.4955 17.9795
    endloop
  endfacet
  facet normal -1 0 0
    outer loop
      vertex 35.6 15.2487 14.2865
      vertex 35.6 15 18
      vertex 35.6 15.4955 17.9795
    endloop
  endfacet
  facet normal -1 0 0
    outer loop
      vertex 35.6 14.7513 14.2865
      vertex 35.6 15 18
      vertex 35.6 15.2487 14.2865
    endloop
  endfacet
  facet normal -1 0 0
    outer loop
      vertex 35.6 14.7513 14.2865
      vertex 35.6 14.5045 17.9795
      vertex 35.6 15 18
    endloop
  endfacet
  facet normal -1 0 0
    outer loop
      vertex 35.6 13.5271 17.8164
      vertex 35.6 14.7513 14.2865
      vertex 35.6 14.2656 14.1796
    endloop
  endfacet
  facet normal -1 0 0
    outer loop
      vertex 35.6 14.7513 14.2865
      vertex 35.6 14.0124 17.9182
      vertex 35.6 14.5045 17.9795
    endloop
  endfacet
  facet normal -1 0 0
    outer loop
      vertex 35.6 12.5898 17.4946
      vertex 35.6 14.2656 14.1796
      vertex 35.6 13.8142 13.9708
    endloop
  endfacet
  facet normal -1 0 0
    outer loop
      vertex 35.6 14.7513 14.2865
      vertex 35.6 13.5271 17.8164
      vertex 35.6 14.0124 17.9182
    endloop
  endfacet
  facet normal -1 0 0
    outer loop
      vertex 35.6 11.3147 16.7348
      vertex 35.6 13.8142 13.9708
      vertex 35.6 13.4183 13.6698
    endloop
  endfacet
  facet normal -1 0 0
    outer loop
      vertex 35.6 10.5857 16.0637
      vertex 35.6 13.4183 13.6698
      vertex 35.6 13.0963 13.2907
    endloop
  endfacet
  facet normal -1 0 0
    outer loop
      vertex 35.6 14.2656 14.1796
      vertex 35.6 13.0518 17.6749
      vertex 35.6 13.5271 17.8164
    endloop
  endfacet
  facet normal -1 0 0
    outer loop
      vertex 35.6 9.72316 14.8557
      vertex 35.6 13.0963 13.2907
      vertex 35.6 12.8634 12.8513
    endloop
  endfacet
  facet normal -1 0 0
    outer loop
      vertex 35.6 9.1836 13.4729
      vertex 35.6 12.8634 12.8513
      vertex 35.6 12.7303 12.3721
    endloop
  endfacet
  facet normal -1 0 0
    outer loop
      vertex 35.6 14.2656 14.1796
      vertex 35.6 12.5898 17.4946
      vertex 35.6 13.0518 17.6749
    endloop
  endfacet
  facet normal -1 0 0
    outer loop
      vertex 35.6 9.02049 12.4955
      vertex 35.6 12.7303 12.3721
      vertex 35.6 12.7034 11.8755
    endloop
  endfacet
  facet normal -1 -0 0
    outer loop
      vertex 35.6 13.6081 10.169
      vertex 35.6 10.9363 7.58566
      vertex 35.6 13.247 10.511
    endloop
  endfacet
  facet normal -1 0 0
    outer loop
      vertex 35.6 10.5857 7.93631
      vertex 35.6 13.247 10.511
      vertex 35.6 10.9363 7.58566
    endloop
  endfacet
  facet normal -1 0 0
    outer loop
      vertex 35.6 13.8142 13.9708
      vertex 35.6 12.1443 17.2768
      vertex 35.6 12.5898 17.4946
    endloop
  endfacet
  facet normal -1 0 0
    outer loop
      vertex 35.6 10.2652 8.31472
      vertex 35.6 13.247 10.511
      vertex 35.6 10.5857 7.93631
    endloop
  endfacet
  facet normal -1 0 0
    outer loop
      vertex 35.6 13.8142 13.9708
      vertex 35.6 11.7183 17.023
      vertex 35.6 12.1443 17.2768
    endloop
  endfacet
  facet normal -1 0 0
    outer loop
      vertex 35.6 9.977 8.71831
      vertex 35.6 13.247 10.511
      vertex 35.6 10.2652 8.31472
    endloop
  endfacet
  facet normal -1 0 0
    outer loop
      vertex 35.6 13.8142 13.9708
      vertex 35.6 11.3147 16.7348
      vertex 35.6 11.7183 17.023
    endloop
  endfacet
  facet normal -1 -0 0
    outer loop
      vertex 35.6 13.247 10.511
      vertex 35.6 9.977 8.71831
      vertex 35.6 12.9679 10.9227
    endloop
  endfacet
  facet normal -1 0 0
    outer loop
      vertex 35.6 13.4183 13.6698
      vertex 35.6 10.9363 16.4143
      vertex 35.6 11.3147 16.7348
    endloop
  endfacet
  facet normal -1 0 0
    outer loop
      vertex 35.6 9.72316 9.14431
      vertex 35.6 12.9679 10.9227
      vertex 35.6 9.977 8.71831
    endloop
  endfacet
  facet normal -1 0 0
    outer loop
      vertex 35.6 13.4183 13.6698
      vertex 35.6 10.5857 16.0637
      vertex 35.6 10.9363 16.4143
    endloop
  endfacet
  facet normal -1 0 0
    outer loop
      vertex 35.6 9.50536 9.58983
      vertex 35.6 12.9679 10.9227
      vertex 35.6 9.72316 9.14431
    endloop
  endfacet
  facet normal -1 0 0
    outer loop
      vertex 35.6 13.0963 13.2907
      vertex 35.6 10.2652 15.6853
      vertex 35.6 10.5857 16.0637
    endloop
  endfacet
  facet normal -1 -0 0
    outer loop
      vertex 35.6 12.9679 10.9227
      vertex 35.6 9.50536 9.58983
      vertex 35.6 12.7838 11.3847
    endloop
  endfacet
  facet normal -1 0 0
    outer loop
      vertex 35.6 13.0963 13.2907
      vertex 35.6 9.977 15.2817
      vertex 35.6 10.2652 15.6853
    endloop
  endfacet
  facet normal -1 0 0
    outer loop
      vertex 35.6 9.3251 10.0518
      vertex 35.6 12.7838 11.3847
      vertex 35.6 9.50536 9.58983
    endloop
  endfacet
  facet normal -1 0 0
    outer loop
      vertex 35.6 13.0963 13.2907
      vertex 35.6 9.72316 14.8557
      vertex 35.6 9.977 15.2817
    endloop
  endfacet
  facet normal -1 0 0
    outer loop
      vertex 35.6 9.1836 10.5271
      vertex 35.6 12.7838 11.3847
      vertex 35.6 9.3251 10.0518
    endloop
  endfacet
  facet normal -1 0 0
    outer loop
      vertex 35.6 12.8634 12.8513
      vertex 35.6 9.50536 14.4102
      vertex 35.6 9.72316 14.8557
    endloop
  endfacet
  facet normal -1 0 0
    outer loop
      vertex 35.6 9.08183 11.0124
      vertex 35.6 12.7838 11.3847
      vertex 35.6 9.1836 10.5271
    endloop
  endfacet
  facet normal -1 0 0
    outer loop
      vertex 35.6 12.8634 12.8513
      vertex 35.6 9.3251 13.9482
      vertex 35.6 9.50536 14.4102
    endloop
  endfacet
  facet normal -1 -0 0
    outer loop
      vertex 35.6 12.7838 11.3847
      vertex 35.6 9.08183 11.0124
      vertex 35.6 12.7034 11.8755
    endloop
  endfacet
  facet normal -1 0 0
    outer loop
      vertex 35.6 12.8634 12.8513
      vertex 35.6 9.1836 13.4729
      vertex 35.6 9.3251 13.9482
    endloop
  endfacet
  facet normal -1 0 0
    outer loop
      vertex 35.6 9.02049 11.5045
      vertex 35.6 12.7034 11.8755
      vertex 35.6 9.08183 11.0124
    endloop
  endfacet
  facet normal -1 0 0
    outer loop
      vertex 35.6 12.7303 12.3721
      vertex 35.6 9.08183 12.9876
      vertex 35.6 9.1836 13.4729
    endloop
  endfacet
  facet normal -1 0 0
    outer loop
      vertex 35.6 9 12
      vertex 35.6 12.7034 11.8755
      vertex 35.6 9.02049 11.5045
    endloop
  endfacet
  facet normal -1 0 0
    outer loop
      vertex 35.6 12.7303 12.3721
      vertex 35.6 9.02049 12.4955
      vertex 35.6 9.08183 12.9876
    endloop
  endfacet
  facet normal -1 0 0
    outer loop
      vertex 35.6 12.7034 11.8755
      vertex 35.6 9 12
      vertex 35.6 9.02049 12.4955
    endloop
  endfacet
  facet normal 0 -0.51553 0.856871
    outer loop
      vertex -42 -13.6081 10.169
      vertex -35.6 -14.0343 9.91258
      vertex -35.6 -13.6081 10.169
    endloop
  endfacet
  facet normal 0 -0.51553 0.856871
    outer loop
      vertex -35.6 -14.0343 9.91258
      vertex -42 -13.6081 10.169
      vertex -42 -14.0343 9.91258
    endloop
  endfacet
  facet normal 0 -0.827726 0.561133
    outer loop
      vertex -42 -13.247 10.511
      vertex -35.6 -12.9679 10.9227
      vertex -42 -12.9679 10.9227
    endloop
  endfacet
  facet normal 0 -0.827726 0.561133
    outer loop
      vertex -35.6 -12.9679 10.9227
      vertex -42 -13.247 10.511
      vertex -35.6 -13.247 10.511
    endloop
  endfacet
  facet normal -0 0.51553 0.856871
    outer loop
      vertex -42 -15.9657 9.91258
      vertex -35.6 -16.3919 10.169
      vertex -35.6 -15.9657 9.91258
    endloop
  endfacet
  facet normal 0 0.51553 0.856871
    outer loop
      vertex -35.6 -16.3919 10.169
      vertex -42 -15.9657 9.91258
      vertex -42 -16.3919 10.169
    endloop
  endfacet
  facet normal 0 -0.998536 -0.054089
    outer loop
      vertex -42 -12.7034 11.8755
      vertex -35.6 -12.7303 12.3721
      vertex -42 -12.7303 12.3721
    endloop
  endfacet
  facet normal 0 -0.998536 -0.054089
    outer loop
      vertex -35.6 -12.7303 12.3721
      vertex -42 -12.7034 11.8755
      vertex -35.6 -12.7034 11.8755
    endloop
  endfacet
  facet normal -0 0.687644 0.726048
    outer loop
      vertex -42 -16.3919 10.169
      vertex -35.6 -16.753 10.511
      vertex -35.6 -16.3919 10.169
    endloop
  endfacet
  facet normal 0 0.687644 0.726048
    outer loop
      vertex -35.6 -16.753 10.511
      vertex -42 -16.3919 10.169
      vertex -42 -16.753 10.511
    endloop
  endfacet
  facet normal 0 -0.687644 0.726048
    outer loop
      vertex -42 -13.247 10.511
      vertex -35.6 -13.6081 10.169
      vertex -35.6 -13.247 10.511
    endloop
  endfacet
  facet normal 0 -0.687644 0.726048
    outer loop
      vertex -35.6 -13.6081 10.169
      vertex -42 -13.247 10.511
      vertex -42 -13.6081 10.169
    endloop
  endfacet
  facet normal 0 -0.108121 0.994138
    outer loop
      vertex -42 -14.5056 9.75377
      vertex -35.6 -15 9.7
      vertex -35.6 -14.5056 9.75377
    endloop
  endfacet
  facet normal 0 -0.108121 0.994138
    outer loop
      vertex -35.6 -15 9.7
      vertex -42 -14.5056 9.75377
      vertex -42 -15 9.7
    endloop
  endfacet
  facet normal 0 -0.928961 0.370177
    outer loop
      vertex -42 -12.9679 10.9227
      vertex -35.6 -12.7838 11.3847
      vertex -42 -12.7838 11.3847
    endloop
  endfacet
  facet normal 0 -0.928961 0.370177
    outer loop
      vertex -35.6 -12.7838 11.3847
      vertex -42 -12.9679 10.9227
      vertex -35.6 -12.9679 10.9227
    endloop
  endfacet
  facet normal 0 0.605231 -0.79605
    outer loop
      vertex -42 -16.5817 13.6698
      vertex -35.6 -16.1858 13.9708
      vertex -35.6 -16.5817 13.6698
    endloop
  endfacet
  facet normal 0 0.605231 -0.79605
    outer loop
      vertex -35.6 -16.1858 13.9708
      vertex -42 -16.5817 13.6698
      vertex -42 -16.1858 13.9708
    endloop
  endfacet
  facet normal 0 -0.762172 -0.647374
    outer loop
      vertex -42 -13.0963 13.2907
      vertex -35.6 -13.4183 13.6698
      vertex -42 -13.4183 13.6698
    endloop
  endfacet
  facet normal 0 -0.762172 -0.647374
    outer loop
      vertex -35.6 -13.4183 13.6698
      vertex -42 -13.0963 13.2907
      vertex -35.6 -13.0963 13.2907
    endloop
  endfacet
  facet normal -0 0.108121 0.994138
    outer loop
      vertex -42 -15 9.7
      vertex -35.6 -15.4944 9.75377
      vertex -35.6 -15 9.7
    endloop
  endfacet
  facet normal 0 0.108121 0.994138
    outer loop
      vertex -35.6 -15.4944 9.75377
      vertex -42 -15 9.7
      vertex -42 -15.4944 9.75377
    endloop
  endfacet
  facet normal 0 0.21495 -0.976625
    outer loop
      vertex -42 -15.7344 14.1796
      vertex -35.6 -15.2487 14.2865
      vertex -35.6 -15.7344 14.1796
    endloop
  endfacet
  facet normal 0 0.21495 -0.976625
    outer loop
      vertex -35.6 -15.2487 14.2865
      vertex -42 -15.7344 14.1796
      vertex -42 -15.2487 14.2865
    endloop
  endfacet
  facet normal 0 0.883558 -0.468322
    outer loop
      vertex -35.6 -17.1366 12.8513
      vertex -42 -16.9037 13.2907
      vertex -35.6 -16.9037 13.2907
    endloop
  endfacet
  facet normal 0 0.883558 -0.468322
    outer loop
      vertex -42 -16.9037 13.2907
      vertex -35.6 -17.1366 12.8513
      vertex -42 -17.1366 12.8513
    endloop
  endfacet
  facet normal 0 0.928961 0.370177
    outer loop
      vertex -35.6 -17.0321 10.9227
      vertex -42 -17.2162 11.3847
      vertex -35.6 -17.2162 11.3847
    endloop
  endfacet
  facet normal 0 0.928961 0.370177
    outer loop
      vertex -42 -17.2162 11.3847
      vertex -35.6 -17.0321 10.9227
      vertex -42 -17.0321 10.9227
    endloop
  endfacet
  facet normal 0 -0.319321 0.947647
    outer loop
      vertex -42 -14.0343 9.91258
      vertex -35.6 -14.5056 9.75377
      vertex -35.6 -14.0343 9.91258
    endloop
  endfacet
  facet normal 0 -0.319321 0.947647
    outer loop
      vertex -35.6 -14.5056 9.75377
      vertex -42 -14.0343 9.91258
      vertex -42 -14.5056 9.75377
    endloop
  endfacet
  facet normal 0 0 -1
    outer loop
      vertex -42 -15.2487 14.2865
      vertex -35.6 -14.7513 14.2865
      vertex -35.6 -15.2487 14.2865
    endloop
  endfacet
  facet normal -0 0 -1
    outer loop
      vertex -35.6 -14.7513 14.2865
      vertex -42 -15.2487 14.2865
      vertex -42 -14.7513 14.2865
    endloop
  endfacet
  facet normal 0 0.998536 -0.054089
    outer loop
      vertex -35.6 -17.2966 11.8755
      vertex -42 -17.2697 12.3721
      vertex -35.6 -17.2697 12.3721
    endloop
  endfacet
  facet normal 0 0.998536 -0.054089
    outer loop
      vertex -42 -17.2697 12.3721
      vertex -35.6 -17.2966 11.8755
      vertex -42 -17.2966 11.8755
    endloop
  endfacet
  facet normal 0 -0.21495 -0.976625
    outer loop
      vertex -42 -14.7513 14.2865
      vertex -35.6 -14.2656 14.1796
      vertex -35.6 -14.7513 14.2865
    endloop
  endfacet
  facet normal -0 -0.21495 -0.976625
    outer loop
      vertex -35.6 -14.2656 14.1796
      vertex -42 -14.7513 14.2865
      vertex -42 -14.2656 14.1796
    endloop
  endfacet
  facet normal 0 0.963524 -0.267623
    outer loop
      vertex -35.6 -17.2697 12.3721
      vertex -42 -17.1366 12.8513
      vertex -35.6 -17.1366 12.8513
    endloop
  endfacet
  facet normal 0 0.963524 -0.267623
    outer loop
      vertex -42 -17.1366 12.8513
      vertex -35.6 -17.2697 12.3721
      vertex -42 -17.2697 12.3721
    endloop
  endfacet
  facet normal -0 0.319321 0.947647
    outer loop
      vertex -42 -15.4944 9.75377
      vertex -35.6 -15.9657 9.91258
      vertex -35.6 -15.4944 9.75377
    endloop
  endfacet
  facet normal 0 0.319321 0.947647
    outer loop
      vertex -35.6 -15.9657 9.91258
      vertex -42 -15.4944 9.75377
      vertex -42 -15.9657 9.91258
    endloop
  endfacet
  facet normal 0 -0.986847 0.161659
    outer loop
      vertex -42 -12.7838 11.3847
      vertex -35.6 -12.7034 11.8755
      vertex -42 -12.7034 11.8755
    endloop
  endfacet
  facet normal 0 -0.986847 0.161659
    outer loop
      vertex -35.6 -12.7034 11.8755
      vertex -42 -12.7838 11.3847
      vertex -35.6 -12.7838 11.3847
    endloop
  endfacet
  facet normal 0 -0.963524 -0.267623
    outer loop
      vertex -42 -12.7303 12.3721
      vertex -35.6 -12.8634 12.8513
      vertex -42 -12.8634 12.8513
    endloop
  endfacet
  facet normal 0 -0.963524 -0.267623
    outer loop
      vertex -35.6 -12.8634 12.8513
      vertex -42 -12.7303 12.3721
      vertex -35.6 -12.7303 12.3721
    endloop
  endfacet
  facet normal 0 0.986847 0.161659
    outer loop
      vertex -35.6 -17.2162 11.3847
      vertex -42 -17.2966 11.8755
      vertex -35.6 -17.2966 11.8755
    endloop
  endfacet
  facet normal 0 0.986847 0.161659
    outer loop
      vertex -42 -17.2966 11.8755
      vertex -35.6 -17.2162 11.3847
      vertex -42 -17.2162 11.3847
    endloop
  endfacet
  facet normal 0 -0.883558 -0.468322
    outer loop
      vertex -42 -12.8634 12.8513
      vertex -35.6 -13.0963 13.2907
      vertex -42 -13.0963 13.2907
    endloop
  endfacet
  facet normal 0 -0.883558 -0.468322
    outer loop
      vertex -35.6 -13.0963 13.2907
      vertex -42 -12.8634 12.8513
      vertex -35.6 -12.8634 12.8513
    endloop
  endfacet
  facet normal 0 0.827726 0.561133
    outer loop
      vertex -35.6 -16.753 10.511
      vertex -42 -17.0321 10.9227
      vertex -35.6 -17.0321 10.9227
    endloop
  endfacet
  facet normal 0 0.827726 0.561133
    outer loop
      vertex -42 -17.0321 10.9227
      vertex -35.6 -16.753 10.511
      vertex -42 -16.753 10.511
    endloop
  endfacet
  facet normal 0 -0.605231 -0.79605
    outer loop
      vertex -42 -13.8142 13.9708
      vertex -35.6 -13.4183 13.6698
      vertex -35.6 -13.8142 13.9708
    endloop
  endfacet
  facet normal -0 -0.605231 -0.79605
    outer loop
      vertex -35.6 -13.4183 13.6698
      vertex -42 -13.8142 13.9708
      vertex -42 -13.4183 13.6698
    endloop
  endfacet
  facet normal 0 0.419823 -0.907606
    outer loop
      vertex -42 -16.1858 13.9708
      vertex -35.6 -15.7344 14.1796
      vertex -35.6 -16.1858 13.9708
    endloop
  endfacet
  facet normal 0 0.419823 -0.907606
    outer loop
      vertex -35.6 -15.7344 14.1796
      vertex -42 -16.1858 13.9708
      vertex -42 -15.7344 14.1796
    endloop
  endfacet
  facet normal 0 0.762172 -0.647374
    outer loop
      vertex -35.6 -16.9037 13.2907
      vertex -42 -16.5817 13.6698
      vertex -35.6 -16.5817 13.6698
    endloop
  endfacet
  facet normal 0 0.762172 -0.647374
    outer loop
      vertex -42 -16.5817 13.6698
      vertex -35.6 -16.9037 13.2907
      vertex -42 -16.9037 13.2907
    endloop
  endfacet
  facet normal 0 -0.419823 -0.907606
    outer loop
      vertex -42 -14.2656 14.1796
      vertex -35.6 -13.8142 13.9708
      vertex -35.6 -14.2656 14.1796
    endloop
  endfacet
  facet normal -0 -0.419823 -0.907606
    outer loop
      vertex -35.6 -13.8142 13.9708
      vertex -42 -14.2656 14.1796
      vertex -42 -13.8142 13.9708
    endloop
  endfacet
  facet normal 0 -0.51553 0.856871
    outer loop
      vertex -42 16.3919 10.169
      vertex -35.6 15.9657 9.91258
      vertex -35.6 16.3919 10.169
    endloop
  endfacet
  facet normal 0 -0.51553 0.856871
    outer loop
      vertex -35.6 15.9657 9.91258
      vertex -42 16.3919 10.169
      vertex -42 15.9657 9.91258
    endloop
  endfacet
  facet normal 0 -0.827726 0.561133
    outer loop
      vertex -42 16.753 10.511
      vertex -35.6 17.0321 10.9227
      vertex -42 17.0321 10.9227
    endloop
  endfacet
  facet normal 0 -0.827726 0.561133
    outer loop
      vertex -35.6 17.0321 10.9227
      vertex -42 16.753 10.511
      vertex -35.6 16.753 10.511
    endloop
  endfacet
  facet normal -0 0.51553 0.856871
    outer loop
      vertex -42 14.0343 9.91258
      vertex -35.6 13.6081 10.169
      vertex -35.6 14.0343 9.91258
    endloop
  endfacet
  facet normal 0 0.51553 0.856871
    outer loop
      vertex -35.6 13.6081 10.169
      vertex -42 14.0343 9.91258
      vertex -42 13.6081 10.169
    endloop
  endfacet
  facet normal 0 -0.998536 -0.054089
    outer loop
      vertex -42 17.2966 11.8755
      vertex -35.6 17.2697 12.3721
      vertex -42 17.2697 12.3721
    endloop
  endfacet
  facet normal 0 -0.998536 -0.054089
    outer loop
      vertex -35.6 17.2697 12.3721
      vertex -42 17.2966 11.8755
      vertex -35.6 17.2966 11.8755
    endloop
  endfacet
  facet normal -0 0.687644 0.726048
    outer loop
      vertex -42 13.6081 10.169
      vertex -35.6 13.247 10.511
      vertex -35.6 13.6081 10.169
    endloop
  endfacet
  facet normal 0 0.687644 0.726048
    outer loop
      vertex -35.6 13.247 10.511
      vertex -42 13.6081 10.169
      vertex -42 13.247 10.511
    endloop
  endfacet
  facet normal 0 -0.687644 0.726048
    outer loop
      vertex -42 16.753 10.511
      vertex -35.6 16.3919 10.169
      vertex -35.6 16.753 10.511
    endloop
  endfacet
  facet normal 0 -0.687644 0.726048
    outer loop
      vertex -35.6 16.3919 10.169
      vertex -42 16.753 10.511
      vertex -42 16.3919 10.169
    endloop
  endfacet
  facet normal 0 -0.108121 0.994138
    outer loop
      vertex -42 15.4944 9.75377
      vertex -35.6 15 9.7
      vertex -35.6 15.4944 9.75377
    endloop
  endfacet
  facet normal 0 -0.108121 0.994138
    outer loop
      vertex -35.6 15 9.7
      vertex -42 15.4944 9.75377
      vertex -42 15 9.7
    endloop
  endfacet
  facet normal 0 -0.928961 0.370177
    outer loop
      vertex -42 17.0321 10.9227
      vertex -35.6 17.2162 11.3847
      vertex -42 17.2162 11.3847
    endloop
  endfacet
  facet normal 0 -0.928961 0.370177
    outer loop
      vertex -35.6 17.2162 11.3847
      vertex -42 17.0321 10.9227
      vertex -35.6 17.0321 10.9227
    endloop
  endfacet
  facet normal 0 0.605231 -0.79605
    outer loop
      vertex -42 13.4183 13.6698
      vertex -35.6 13.8142 13.9708
      vertex -35.6 13.4183 13.6698
    endloop
  endfacet
  facet normal 0 0.605231 -0.79605
    outer loop
      vertex -35.6 13.8142 13.9708
      vertex -42 13.4183 13.6698
      vertex -42 13.8142 13.9708
    endloop
  endfacet
  facet normal 0 -0.762172 -0.647374
    outer loop
      vertex -42 16.9037 13.2907
      vertex -35.6 16.5817 13.6698
      vertex -42 16.5817 13.6698
    endloop
  endfacet
  facet normal 0 -0.762172 -0.647374
    outer loop
      vertex -35.6 16.5817 13.6698
      vertex -42 16.9037 13.2907
      vertex -35.6 16.9037 13.2907
    endloop
  endfacet
  facet normal -0 0.108121 0.994138
    outer loop
      vertex -42 15 9.7
      vertex -35.6 14.5056 9.75377
      vertex -35.6 15 9.7
    endloop
  endfacet
  facet normal 0 0.108121 0.994138
    outer loop
      vertex -35.6 14.5056 9.75377
      vertex -42 15 9.7
      vertex -42 14.5056 9.75377
    endloop
  endfacet
  facet normal 0 0.21495 -0.976625
    outer loop
      vertex -42 14.2656 14.1796
      vertex -35.6 14.7513 14.2865
      vertex -35.6 14.2656 14.1796
    endloop
  endfacet
  facet normal 0 0.21495 -0.976625
    outer loop
      vertex -35.6 14.7513 14.2865
      vertex -42 14.2656 14.1796
      vertex -42 14.7513 14.2865
    endloop
  endfacet
  facet normal 0 0.883558 -0.468322
    outer loop
      vertex -35.6 12.8634 12.8513
      vertex -42 13.0963 13.2907
      vertex -35.6 13.0963 13.2907
    endloop
  endfacet
  facet normal 0 0.883558 -0.468322
    outer loop
      vertex -42 13.0963 13.2907
      vertex -35.6 12.8634 12.8513
      vertex -42 12.8634 12.8513
    endloop
  endfacet
  facet normal 0 0.928961 0.370177
    outer loop
      vertex -35.6 12.9679 10.9227
      vertex -42 12.7838 11.3847
      vertex -35.6 12.7838 11.3847
    endloop
  endfacet
  facet normal 0 0.928961 0.370177
    outer loop
      vertex -42 12.7838 11.3847
      vertex -35.6 12.9679 10.9227
      vertex -42 12.9679 10.9227
    endloop
  endfacet
  facet normal 0 -0.319321 0.947647
    outer loop
      vertex -42 15.9657 9.91258
      vertex -35.6 15.4944 9.75377
      vertex -35.6 15.9657 9.91258
    endloop
  endfacet
  facet normal 0 -0.319321 0.947647
    outer loop
      vertex -35.6 15.4944 9.75377
      vertex -42 15.9657 9.91258
      vertex -42 15.4944 9.75377
    endloop
  endfacet
  facet normal 0 0 -1
    outer loop
      vertex -42 14.7513 14.2865
      vertex -35.6 15.2487 14.2865
      vertex -35.6 14.7513 14.2865
    endloop
  endfacet
  facet normal -0 0 -1
    outer loop
      vertex -35.6 15.2487 14.2865
      vertex -42 14.7513 14.2865
      vertex -42 15.2487 14.2865
    endloop
  endfacet
  facet normal 0 0.998536 -0.054089
    outer loop
      vertex -35.6 12.7034 11.8755
      vertex -42 12.7303 12.3721
      vertex -35.6 12.7303 12.3721
    endloop
  endfacet
  facet normal 0 0.998536 -0.054089
    outer loop
      vertex -42 12.7303 12.3721
      vertex -35.6 12.7034 11.8755
      vertex -42 12.7034 11.8755
    endloop
  endfacet
  facet normal 0 -0.21495 -0.976625
    outer loop
      vertex -42 15.2487 14.2865
      vertex -35.6 15.7344 14.1796
      vertex -35.6 15.2487 14.2865
    endloop
  endfacet
  facet normal -0 -0.21495 -0.976625
    outer loop
      vertex -35.6 15.7344 14.1796
      vertex -42 15.2487 14.2865
      vertex -42 15.7344 14.1796
    endloop
  endfacet
  facet normal 0 0.963524 -0.267623
    outer loop
      vertex -35.6 12.7303 12.3721
      vertex -42 12.8634 12.8513
      vertex -35.6 12.8634 12.8513
    endloop
  endfacet
  facet normal 0 0.963524 -0.267623
    outer loop
      vertex -42 12.8634 12.8513
      vertex -35.6 12.7303 12.3721
      vertex -42 12.7303 12.3721
    endloop
  endfacet
  facet normal -0 0.319321 0.947647
    outer loop
      vertex -42 14.5056 9.75377
      vertex -35.6 14.0343 9.91258
      vertex -35.6 14.5056 9.75377
    endloop
  endfacet
  facet normal 0 0.319321 0.947647
    outer loop
      vertex -35.6 14.0343 9.91258
      vertex -42 14.5056 9.75377
      vertex -42 14.0343 9.91258
    endloop
  endfacet
  facet normal 0 -0.986847 0.161659
    outer loop
      vertex -42 17.2162 11.3847
      vertex -35.6 17.2966 11.8755
      vertex -42 17.2966 11.8755
    endloop
  endfacet
  facet normal 0 -0.986847 0.161659
    outer loop
      vertex -35.6 17.2966 11.8755
      vertex -42 17.2162 11.3847
      vertex -35.6 17.2162 11.3847
    endloop
  endfacet
  facet normal 0 -0.963524 -0.267623
    outer loop
      vertex -42 17.2697 12.3721
      vertex -35.6 17.1366 12.8513
      vertex -42 17.1366 12.8513
    endloop
  endfacet
  facet normal 0 -0.963524 -0.267623
    outer loop
      vertex -35.6 17.1366 12.8513
      vertex -42 17.2697 12.3721
      vertex -35.6 17.2697 12.3721
    endloop
  endfacet
  facet normal 0 0.986847 0.161659
    outer loop
      vertex -35.6 12.7838 11.3847
      vertex -42 12.7034 11.8755
      vertex -35.6 12.7034 11.8755
    endloop
  endfacet
  facet normal 0 0.986847 0.161659
    outer loop
      vertex -42 12.7034 11.8755
      vertex -35.6 12.7838 11.3847
      vertex -42 12.7838 11.3847
    endloop
  endfacet
  facet normal 0 -0.883558 -0.468322
    outer loop
      vertex -42 17.1366 12.8513
      vertex -35.6 16.9037 13.2907
      vertex -42 16.9037 13.2907
    endloop
  endfacet
  facet normal 0 -0.883558 -0.468322
    outer loop
      vertex -35.6 16.9037 13.2907
      vertex -42 17.1366 12.8513
      vertex -35.6 17.1366 12.8513
    endloop
  endfacet
  facet normal 0 0.827726 0.561133
    outer loop
      vertex -35.6 13.247 10.511
      vertex -42 12.9679 10.9227
      vertex -35.6 12.9679 10.9227
    endloop
  endfacet
  facet normal 0 0.827726 0.561133
    outer loop
      vertex -42 12.9679 10.9227
      vertex -35.6 13.247 10.511
      vertex -42 13.247 10.511
    endloop
  endfacet
  facet normal 0 -0.605231 -0.79605
    outer loop
      vertex -42 16.1858 13.9708
      vertex -35.6 16.5817 13.6698
      vertex -35.6 16.1858 13.9708
    endloop
  endfacet
  facet normal -0 -0.605231 -0.79605
    outer loop
      vertex -35.6 16.5817 13.6698
      vertex -42 16.1858 13.9708
      vertex -42 16.5817 13.6698
    endloop
  endfacet
  facet normal 0 0.419823 -0.907606
    outer loop
      vertex -42 13.8142 13.9708
      vertex -35.6 14.2656 14.1796
      vertex -35.6 13.8142 13.9708
    endloop
  endfacet
  facet normal 0 0.419823 -0.907606
    outer loop
      vertex -35.6 14.2656 14.1796
      vertex -42 13.8142 13.9708
      vertex -42 14.2656 14.1796
    endloop
  endfacet
  facet normal 0 0.762172 -0.647374
    outer loop
      vertex -35.6 13.0963 13.2907
      vertex -42 13.4183 13.6698
      vertex -35.6 13.4183 13.6698
    endloop
  endfacet
  facet normal 0 0.762172 -0.647374
    outer loop
      vertex -42 13.4183 13.6698
      vertex -35.6 13.0963 13.2907
      vertex -42 13.0963 13.2907
    endloop
  endfacet
  facet normal 0 -0.419823 -0.907606
    outer loop
      vertex -42 15.7344 14.1796
      vertex -35.6 16.1858 13.9708
      vertex -35.6 15.7344 14.1796
    endloop
  endfacet
  facet normal -0 -0.419823 -0.907606
    outer loop
      vertex -35.6 16.1858 13.9708
      vertex -42 15.7344 14.1796
      vertex -42 16.1858 13.9708
    endloop
  endfacet
  facet normal 0 -0.51553 0.856871
    outer loop
      vertex 35.6 -13.6081 10.169
      vertex 42 -14.0343 9.91258
      vertex 42 -13.6081 10.169
    endloop
  endfacet
  facet normal 0 -0.51553 0.856871
    outer loop
      vertex 42 -14.0343 9.91258
      vertex 35.6 -13.6081 10.169
      vertex 35.6 -14.0343 9.91258
    endloop
  endfacet
  facet normal 0 -0.827726 0.561133
    outer loop
      vertex 35.6 -13.247 10.511
      vertex 42 -12.9679 10.9227
      vertex 35.6 -12.9679 10.9227
    endloop
  endfacet
  facet normal 0 -0.827726 0.561133
    outer loop
      vertex 42 -12.9679 10.9227
      vertex 35.6 -13.247 10.511
      vertex 42 -13.247 10.511
    endloop
  endfacet
  facet normal -0 0.51553 0.856871
    outer loop
      vertex 35.6 -15.9657 9.91258
      vertex 42 -16.3919 10.169
      vertex 42 -15.9657 9.91258
    endloop
  endfacet
  facet normal 0 0.51553 0.856871
    outer loop
      vertex 42 -16.3919 10.169
      vertex 35.6 -15.9657 9.91258
      vertex 35.6 -16.3919 10.169
    endloop
  endfacet
  facet normal -0 0.687644 0.726048
    outer loop
      vertex 35.6 -16.3919 10.169
      vertex 42 -16.753 10.511
      vertex 42 -16.3919 10.169
    endloop
  endfacet
  facet normal 0 0.687644 0.726048
    outer loop
      vertex 42 -16.753 10.511
      vertex 35.6 -16.3919 10.169
      vertex 35.6 -16.753 10.511
    endloop
  endfacet
  facet normal 0 -0.687644 0.726048
    outer loop
      vertex 35.6 -13.247 10.511
      vertex 42 -13.6081 10.169
      vertex 42 -13.247 10.511
    endloop
  endfacet
  facet normal 0 -0.687644 0.726048
    outer loop
      vertex 42 -13.6081 10.169
      vertex 35.6 -13.247 10.511
      vertex 35.6 -13.6081 10.169
    endloop
  endfacet
  facet normal 0 -0.108121 0.994138
    outer loop
      vertex 35.6 -14.5056 9.75377
      vertex 42 -15 9.7
      vertex 42 -14.5056 9.75377
    endloop
  endfacet
  facet normal 0 -0.108121 0.994138
    outer loop
      vertex 42 -15 9.7
      vertex 35.6 -14.5056 9.75377
      vertex 35.6 -15 9.7
    endloop
  endfacet
  facet normal 0 -0.928961 0.370177
    outer loop
      vertex 35.6 -12.9679 10.9227
      vertex 42 -12.7838 11.3847
      vertex 35.6 -12.7838 11.3847
    endloop
  endfacet
  facet normal 0 -0.928961 0.370177
    outer loop
      vertex 42 -12.7838 11.3847
      vertex 35.6 -12.9679 10.9227
      vertex 42 -12.9679 10.9227
    endloop
  endfacet
  facet normal 0 0.605231 -0.79605
    outer loop
      vertex 35.6 -16.5817 13.6698
      vertex 42 -16.1858 13.9708
      vertex 42 -16.5817 13.6698
    endloop
  endfacet
  facet normal 0 0.605231 -0.79605
    outer loop
      vertex 42 -16.1858 13.9708
      vertex 35.6 -16.5817 13.6698
      vertex 35.6 -16.1858 13.9708
    endloop
  endfacet
  facet normal 0 -0.762172 -0.647374
    outer loop
      vertex 35.6 -13.0963 13.2907
      vertex 42 -13.4183 13.6698
      vertex 35.6 -13.4183 13.6698
    endloop
  endfacet
  facet normal 0 -0.762172 -0.647374
    outer loop
      vertex 42 -13.4183 13.6698
      vertex 35.6 -13.0963 13.2907
      vertex 42 -13.0963 13.2907
    endloop
  endfacet
  facet normal -0 0.108121 0.994138
    outer loop
      vertex 35.6 -15 9.7
      vertex 42 -15.4944 9.75377
      vertex 42 -15 9.7
    endloop
  endfacet
  facet normal 0 0.108121 0.994138
    outer loop
      vertex 42 -15.4944 9.75377
      vertex 35.6 -15 9.7
      vertex 35.6 -15.4944 9.75377
    endloop
  endfacet
  facet normal 0 0.21495 -0.976625
    outer loop
      vertex 35.6 -15.7344 14.1796
      vertex 42 -15.2487 14.2865
      vertex 42 -15.7344 14.1796
    endloop
  endfacet
  facet normal 0 0.21495 -0.976625
    outer loop
      vertex 42 -15.2487 14.2865
      vertex 35.6 -15.7344 14.1796
      vertex 35.6 -15.2487 14.2865
    endloop
  endfacet
  facet normal 0 0.883558 -0.468322
    outer loop
      vertex 42 -17.1366 12.8513
      vertex 35.6 -16.9037 13.2907
      vertex 42 -16.9037 13.2907
    endloop
  endfacet
  facet normal 0 0.883558 -0.468322
    outer loop
      vertex 35.6 -16.9037 13.2907
      vertex 42 -17.1366 12.8513
      vertex 35.6 -17.1366 12.8513
    endloop
  endfacet
  facet normal 0 0.928961 0.370177
    outer loop
      vertex 42 -17.0321 10.9227
      vertex 35.6 -17.2162 11.3847
      vertex 42 -17.2162 11.3847
    endloop
  endfacet
  facet normal 0 0.928961 0.370177
    outer loop
      vertex 35.6 -17.2162 11.3847
      vertex 42 -17.0321 10.9227
      vertex 35.6 -17.0321 10.9227
    endloop
  endfacet
  facet normal 0 -0.319321 0.947647
    outer loop
      vertex 35.6 -14.0343 9.91258
      vertex 42 -14.5056 9.75377
      vertex 42 -14.0343 9.91258
    endloop
  endfacet
  facet normal 0 -0.319321 0.947647
    outer loop
      vertex 42 -14.5056 9.75377
      vertex 35.6 -14.0343 9.91258
      vertex 35.6 -14.5056 9.75377
    endloop
  endfacet
  facet normal 0 0 -1
    outer loop
      vertex 35.6 -15.2487 14.2865
      vertex 42 -14.7513 14.2865
      vertex 42 -15.2487 14.2865
    endloop
  endfacet
  facet normal -0 0 -1
    outer loop
      vertex 42 -14.7513 14.2865
      vertex 35.6 -15.2487 14.2865
      vertex 35.6 -14.7513 14.2865
    endloop
  endfacet
  facet normal 0 0.998536 -0.054089
    outer loop
      vertex 42 -17.2966 11.8755
      vertex 35.6 -17.2697 12.3721
      vertex 42 -17.2697 12.3721
    endloop
  endfacet
  facet normal 0 0.998536 -0.054089
    outer loop
      vertex 35.6 -17.2697 12.3721
      vertex 42 -17.2966 11.8755
      vertex 35.6 -17.2966 11.8755
    endloop
  endfacet
  facet normal 0 -0.21495 -0.976625
    outer loop
      vertex 35.6 -14.7513 14.2865
      vertex 42 -14.2656 14.1796
      vertex 42 -14.7513 14.2865
    endloop
  endfacet
  facet normal -0 -0.21495 -0.976625
    outer loop
      vertex 42 -14.2656 14.1796
      vertex 35.6 -14.7513 14.2865
      vertex 35.6 -14.2656 14.1796
    endloop
  endfacet
  facet normal 0 0.963524 -0.267623
    outer loop
      vertex 42 -17.2697 12.3721
      vertex 35.6 -17.1366 12.8513
      vertex 42 -17.1366 12.8513
    endloop
  endfacet
  facet normal 0 0.963524 -0.267623
    outer loop
      vertex 35.6 -17.1366 12.8513
      vertex 42 -17.2697 12.3721
      vertex 35.6 -17.2697 12.3721
    endloop
  endfacet
  facet normal -0 0.319321 0.947647
    outer loop
      vertex 35.6 -15.4944 9.75377
      vertex 42 -15.9657 9.91258
      vertex 42 -15.4944 9.75377
    endloop
  endfacet
  facet normal 0 0.319321 0.947647
    outer loop
      vertex 42 -15.9657 9.91258
      vertex 35.6 -15.4944 9.75377
      vertex 35.6 -15.9657 9.91258
    endloop
  endfacet
  facet normal 0 -0.986847 0.161659
    outer loop
      vertex 35.6 -12.7838 11.3847
      vertex 42 -12.7034 11.8755
      vertex 35.6 -12.7034 11.8755
    endloop
  endfacet
  facet normal 0 -0.986847 0.161659
    outer loop
      vertex 42 -12.7034 11.8755
      vertex 35.6 -12.7838 11.3847
      vertex 42 -12.7838 11.3847
    endloop
  endfacet
  facet normal 0 -0.963524 -0.267623
    outer loop
      vertex 35.6 -12.7303 12.3721
      vertex 42 -12.8634 12.8513
      vertex 35.6 -12.8634 12.8513
    endloop
  endfacet
  facet normal 0 -0.963524 -0.267623
    outer loop
      vertex 42 -12.8634 12.8513
      vertex 35.6 -12.7303 12.3721
      vertex 42 -12.7303 12.3721
    endloop
  endfacet
  facet normal 0 0.986847 0.161659
    outer loop
      vertex 42 -17.2162 11.3847
      vertex 35.6 -17.2966 11.8755
      vertex 42 -17.2966 11.8755
    endloop
  endfacet
  facet normal 0 0.986847 0.161659
    outer loop
      vertex 35.6 -17.2966 11.8755
      vertex 42 -17.2162 11.3847
      vertex 35.6 -17.2162 11.3847
    endloop
  endfacet
  facet normal 0 -0.883558 -0.468322
    outer loop
      vertex 35.6 -12.8634 12.8513
      vertex 42 -13.0963 13.2907
      vertex 35.6 -13.0963 13.2907
    endloop
  endfacet
  facet normal 0 -0.883558 -0.468322
    outer loop
      vertex 42 -13.0963 13.2907
      vertex 35.6 -12.8634 12.8513
      vertex 42 -12.8634 12.8513
    endloop
  endfacet
  facet normal 0 0.827726 0.561133
    outer loop
      vertex 42 -16.753 10.511
      vertex 35.6 -17.0321 10.9227
      vertex 42 -17.0321 10.9227
    endloop
  endfacet
  facet normal 0 0.827726 0.561133
    outer loop
      vertex 35.6 -17.0321 10.9227
      vertex 42 -16.753 10.511
      vertex 35.6 -16.753 10.511
    endloop
  endfacet
  facet normal 0 -0.605231 -0.79605
    outer loop
      vertex 35.6 -13.8142 13.9708
      vertex 42 -13.4183 13.6698
      vertex 42 -13.8142 13.9708
    endloop
  endfacet
  facet normal -0 -0.605231 -0.79605
    outer loop
      vertex 42 -13.4183 13.6698
      vertex 35.6 -13.8142 13.9708
      vertex 35.6 -13.4183 13.6698
    endloop
  endfacet
  facet normal 0 0.419823 -0.907606
    outer loop
      vertex 35.6 -16.1858 13.9708
      vertex 42 -15.7344 14.1796
      vertex 42 -16.1858 13.9708
    endloop
  endfacet
  facet normal 0 0.419823 -0.907606
    outer loop
      vertex 42 -15.7344 14.1796
      vertex 35.6 -16.1858 13.9708
      vertex 35.6 -15.7344 14.1796
    endloop
  endfacet
  facet normal 0 0.762172 -0.647374
    outer loop
      vertex 42 -16.9037 13.2907
      vertex 35.6 -16.5817 13.6698
      vertex 42 -16.5817 13.6698
    endloop
  endfacet
  facet normal 0 0.762172 -0.647374
    outer loop
      vertex 35.6 -16.5817 13.6698
      vertex 42 -16.9037 13.2907
      vertex 35.6 -16.9037 13.2907
    endloop
  endfacet
  facet normal 0 -0.998536 -0.054089
    outer loop
      vertex 35.6 -12.7034 11.8755
      vertex 42 -12.7303 12.3721
      vertex 35.6 -12.7303 12.3721
    endloop
  endfacet
  facet normal 0 -0.998536 -0.054089
    outer loop
      vertex 42 -12.7303 12.3721
      vertex 35.6 -12.7034 11.8755
      vertex 42 -12.7034 11.8755
    endloop
  endfacet
  facet normal 0 -0.419823 -0.907606
    outer loop
      vertex 35.6 -14.2656 14.1796
      vertex 42 -13.8142 13.9708
      vertex 42 -14.2656 14.1796
    endloop
  endfacet
  facet normal -0 -0.419823 -0.907606
    outer loop
      vertex 42 -13.8142 13.9708
      vertex 35.6 -14.2656 14.1796
      vertex 35.6 -13.8142 13.9708
    endloop
  endfacet
  facet normal 0 -0.51553 0.856871
    outer loop
      vertex 35.6 16.3919 10.169
      vertex 42 15.9657 9.91258
      vertex 42 16.3919 10.169
    endloop
  endfacet
  facet normal 0 -0.51553 0.856871
    outer loop
      vertex 42 15.9657 9.91258
      vertex 35.6 16.3919 10.169
      vertex 35.6 15.9657 9.91258
    endloop
  endfacet
  facet normal 0 -0.827726 0.561133
    outer loop
      vertex 35.6 16.753 10.511
      vertex 42 17.0321 10.9227
      vertex 35.6 17.0321 10.9227
    endloop
  endfacet
  facet normal 0 -0.827726 0.561133
    outer loop
      vertex 42 17.0321 10.9227
      vertex 35.6 16.753 10.511
      vertex 42 16.753 10.511
    endloop
  endfacet
  facet normal -0 0.51553 0.856871
    outer loop
      vertex 35.6 14.0343 9.91258
      vertex 42 13.6081 10.169
      vertex 42 14.0343 9.91258
    endloop
  endfacet
  facet normal 0 0.51553 0.856871
    outer loop
      vertex 42 13.6081 10.169
      vertex 35.6 14.0343 9.91258
      vertex 35.6 13.6081 10.169
    endloop
  endfacet
  facet normal -0 0.687644 0.726048
    outer loop
      vertex 35.6 13.6081 10.169
      vertex 42 13.247 10.511
      vertex 42 13.6081 10.169
    endloop
  endfacet
  facet normal 0 0.687644 0.726048
    outer loop
      vertex 42 13.247 10.511
      vertex 35.6 13.6081 10.169
      vertex 35.6 13.247 10.511
    endloop
  endfacet
  facet normal 0 -0.687644 0.726048
    outer loop
      vertex 35.6 16.753 10.511
      vertex 42 16.3919 10.169
      vertex 42 16.753 10.511
    endloop
  endfacet
  facet normal 0 -0.687644 0.726048
    outer loop
      vertex 42 16.3919 10.169
      vertex 35.6 16.753 10.511
      vertex 35.6 16.3919 10.169
    endloop
  endfacet
  facet normal 0 -0.108121 0.994138
    outer loop
      vertex 35.6 15.4944 9.75377
      vertex 42 15 9.7
      vertex 42 15.4944 9.75377
    endloop
  endfacet
  facet normal 0 -0.108121 0.994138
    outer loop
      vertex 42 15 9.7
      vertex 35.6 15.4944 9.75377
      vertex 35.6 15 9.7
    endloop
  endfacet
  facet normal 0 -0.928961 0.370177
    outer loop
      vertex 35.6 17.0321 10.9227
      vertex 42 17.2162 11.3847
      vertex 35.6 17.2162 11.3847
    endloop
  endfacet
  facet normal 0 -0.928961 0.370177
    outer loop
      vertex 42 17.2162 11.3847
      vertex 35.6 17.0321 10.9227
      vertex 42 17.0321 10.9227
    endloop
  endfacet
  facet normal 0 0.605231 -0.79605
    outer loop
      vertex 35.6 13.4183 13.6698
      vertex 42 13.8142 13.9708
      vertex 42 13.4183 13.6698
    endloop
  endfacet
  facet normal 0 0.605231 -0.79605
    outer loop
      vertex 42 13.8142 13.9708
      vertex 35.6 13.4183 13.6698
      vertex 35.6 13.8142 13.9708
    endloop
  endfacet
  facet normal 0 -0.762172 -0.647374
    outer loop
      vertex 35.6 16.9037 13.2907
      vertex 42 16.5817 13.6698
      vertex 35.6 16.5817 13.6698
    endloop
  endfacet
  facet normal 0 -0.762172 -0.647374
    outer loop
      vertex 42 16.5817 13.6698
      vertex 35.6 16.9037 13.2907
      vertex 42 16.9037 13.2907
    endloop
  endfacet
  facet normal -0 0.108121 0.994138
    outer loop
      vertex 35.6 15 9.7
      vertex 42 14.5056 9.75377
      vertex 42 15 9.7
    endloop
  endfacet
  facet normal 0 0.108121 0.994138
    outer loop
      vertex 42 14.5056 9.75377
      vertex 35.6 15 9.7
      vertex 35.6 14.5056 9.75377
    endloop
  endfacet
  facet normal 0 0.883558 -0.468322
    outer loop
      vertex 42 12.8634 12.8513
      vertex 35.6 13.0963 13.2907
      vertex 42 13.0963 13.2907
    endloop
  endfacet
  facet normal 0 0.883558 -0.468322
    outer loop
      vertex 35.6 13.0963 13.2907
      vertex 42 12.8634 12.8513
      vertex 35.6 12.8634 12.8513
    endloop
  endfacet
  facet normal 0 0.928961 0.370177
    outer loop
      vertex 42 12.9679 10.9227
      vertex 35.6 12.7838 11.3847
      vertex 42 12.7838 11.3847
    endloop
  endfacet
  facet normal 0 0.928961 0.370177
    outer loop
      vertex 35.6 12.7838 11.3847
      vertex 42 12.9679 10.9227
      vertex 35.6 12.9679 10.9227
    endloop
  endfacet
  facet normal 0 -0.319321 0.947647
    outer loop
      vertex 35.6 15.9657 9.91258
      vertex 42 15.4944 9.75377
      vertex 42 15.9657 9.91258
    endloop
  endfacet
  facet normal 0 -0.319321 0.947647
    outer loop
      vertex 42 15.4944 9.75377
      vertex 35.6 15.9657 9.91258
      vertex 35.6 15.4944 9.75377
    endloop
  endfacet
  facet normal 0 0 -1
    outer loop
      vertex 35.6 14.7513 14.2865
      vertex 42 15.2487 14.2865
      vertex 42 14.7513 14.2865
    endloop
  endfacet
  facet normal -0 0 -1
    outer loop
      vertex 42 15.2487 14.2865
      vertex 35.6 14.7513 14.2865
      vertex 35.6 15.2487 14.2865
    endloop
  endfacet
  facet normal 0 0.998536 -0.054089
    outer loop
      vertex 42 12.7034 11.8755
      vertex 35.6 12.7303 12.3721
      vertex 42 12.7303 12.3721
    endloop
  endfacet
  facet normal 0 0.998536 -0.054089
    outer loop
      vertex 35.6 12.7303 12.3721
      vertex 42 12.7034 11.8755
      vertex 35.6 12.7034 11.8755
    endloop
  endfacet
  facet normal 0 -0.21495 -0.976625
    outer loop
      vertex 35.6 15.2487 14.2865
      vertex 42 15.7344 14.1796
      vertex 42 15.2487 14.2865
    endloop
  endfacet
  facet normal -0 -0.21495 -0.976625
    outer loop
      vertex 42 15.7344 14.1796
      vertex 35.6 15.2487 14.2865
      vertex 35.6 15.7344 14.1796
    endloop
  endfacet
  facet normal 0 0.963524 -0.267623
    outer loop
      vertex 42 12.7303 12.3721
      vertex 35.6 12.8634 12.8513
      vertex 42 12.8634 12.8513
    endloop
  endfacet
  facet normal 0 0.963524 -0.267623
    outer loop
      vertex 35.6 12.8634 12.8513
      vertex 42 12.7303 12.3721
      vertex 35.6 12.7303 12.3721
    endloop
  endfacet
  facet normal -0 0.319321 0.947647
    outer loop
      vertex 35.6 14.5056 9.75377
      vertex 42 14.0343 9.91258
      vertex 42 14.5056 9.75377
    endloop
  endfacet
  facet normal 0 0.319321 0.947647
    outer loop
      vertex 42 14.0343 9.91258
      vertex 35.6 14.5056 9.75377
      vertex 35.6 14.0343 9.91258
    endloop
  endfacet
  facet normal 0 -0.986847 0.161659
    outer loop
      vertex 35.6 17.2162 11.3847
      vertex 42 17.2966 11.8755
      vertex 35.6 17.2966 11.8755
    endloop
  endfacet
  facet normal 0 -0.986847 0.161659
    outer loop
      vertex 42 17.2966 11.8755
      vertex 35.6 17.2162 11.3847
      vertex 42 17.2162 11.3847
    endloop
  endfacet
  facet normal 0 -0.963524 -0.267623
    outer loop
      vertex 35.6 17.2697 12.3721
      vertex 42 17.1366 12.8513
      vertex 35.6 17.1366 12.8513
    endloop
  endfacet
  facet normal 0 -0.963524 -0.267623
    outer loop
      vertex 42 17.1366 12.8513
      vertex 35.6 17.2697 12.3721
      vertex 42 17.2697 12.3721
    endloop
  endfacet
  facet normal 0 0.986847 0.161659
    outer loop
      vertex 42 12.7838 11.3847
      vertex 35.6 12.7034 11.8755
      vertex 42 12.7034 11.8755
    endloop
  endfacet
  facet normal 0 0.986847 0.161659
    outer loop
      vertex 35.6 12.7034 11.8755
      vertex 42 12.7838 11.3847
      vertex 35.6 12.7838 11.3847
    endloop
  endfacet
  facet normal 0 -0.883558 -0.468322
    outer loop
      vertex 35.6 17.1366 12.8513
      vertex 42 16.9037 13.2907
      vertex 35.6 16.9037 13.2907
    endloop
  endfacet
  facet normal 0 -0.883558 -0.468322
    outer loop
      vertex 42 16.9037 13.2907
      vertex 35.6 17.1366 12.8513
      vertex 42 17.1366 12.8513
    endloop
  endfacet
  facet normal 0 0.827726 0.561133
    outer loop
      vertex 42 13.247 10.511
      vertex 35.6 12.9679 10.9227
      vertex 42 12.9679 10.9227
    endloop
  endfacet
  facet normal 0 0.827726 0.561133
    outer loop
      vertex 35.6 12.9679 10.9227
      vertex 42 13.247 10.511
      vertex 35.6 13.247 10.511
    endloop
  endfacet
  facet normal 0 -0.605231 -0.79605
    outer loop
      vertex 35.6 16.1858 13.9708
      vertex 42 16.5817 13.6698
      vertex 42 16.1858 13.9708
    endloop
  endfacet
  facet normal -0 -0.605231 -0.79605
    outer loop
      vertex 42 16.5817 13.6698
      vertex 35.6 16.1858 13.9708
      vertex 35.6 16.5817 13.6698
    endloop
  endfacet
  facet normal 0 0.419823 -0.907606
    outer loop
      vertex 35.6 13.8142 13.9708
      vertex 42 14.2656 14.1796
      vertex 42 13.8142 13.9708
    endloop
  endfacet
  facet normal 0 0.419823 -0.907606
    outer loop
      vertex 42 14.2656 14.1796
      vertex 35.6 13.8142 13.9708
      vertex 35.6 14.2656 14.1796
    endloop
  endfacet
  facet normal 0 0.762172 -0.647374
    outer loop
      vertex 42 13.0963 13.2907
      vertex 35.6 13.4183 13.6698
      vertex 42 13.4183 13.6698
    endloop
  endfacet
  facet normal 0 0.762172 -0.647374
    outer loop
      vertex 35.6 13.4183 13.6698
      vertex 42 13.0963 13.2907
      vertex 35.6 13.0963 13.2907
    endloop
  endfacet
  facet normal 0 -0.998536 -0.054089
    outer loop
      vertex 35.6 17.2966 11.8755
      vertex 42 17.2697 12.3721
      vertex 35.6 17.2697 12.3721
    endloop
  endfacet
  facet normal 0 -0.998536 -0.054089
    outer loop
      vertex 42 17.2697 12.3721
      vertex 35.6 17.2966 11.8755
      vertex 42 17.2966 11.8755
    endloop
  endfacet
  facet normal 0 0.21495 -0.976625
    outer loop
      vertex 35.6 14.2656 14.1796
      vertex 42 14.7513 14.2865
      vertex 42 14.2656 14.1796
    endloop
  endfacet
  facet normal 0 0.21495 -0.976625
    outer loop
      vertex 42 14.7513 14.2865
      vertex 35.6 14.2656 14.1796
      vertex 35.6 14.7513 14.2865
    endloop
  endfacet
  facet normal 0 -0.419823 -0.907606
    outer loop
      vertex 35.6 15.7344 14.1796
      vertex 42 16.1858 13.9708
      vertex 42 15.7344 14.1796
    endloop
  endfacet
  facet normal -0 -0.419823 -0.907606
    outer loop
      vertex 42 16.1858 13.9708
      vertex 35.6 15.7344 14.1796
      vertex 35.6 16.1858 13.9708
    endloop
  endfacet
  facet normal -0.850225 -0.526419 0
    outer loop
      vertex -33.7878 -31.5304 0
      vertex -34.0393 -31.1242 22
      vertex -34.0393 -31.1242 0
    endloop
  endfacet
  facet normal -0.850225 -0.526419 0
    outer loop
      vertex -34.0393 -31.1242 22
      vertex -33.7878 -31.5304 0
      vertex -33.7878 -31.5304 22
    endloop
  endfacet
  facet normal -0.982967 -0.183783 0
    outer loop
      vertex -33.7 -32 0
      vertex -33.7878 -31.5304 22
      vertex -33.7878 -31.5304 0
    endloop
  endfacet
  facet normal -0.982967 -0.183783 0
    outer loop
      vertex -33.7878 -31.5304 22
      vertex -33.7 -32 0
      vertex -33.7 -32 22
    endloop
  endfacet
  facet normal -0.602676 -0.797986 0
    outer loop
      vertex -34.4205 -30.8363 0
      vertex -34.0393 -31.1242 22
      vertex -34.4205 -30.8363 22
    endloop
  endfacet
  facet normal -0.602676 -0.797986 -0
    outer loop
      vertex -34.0393 -31.1242 22
      vertex -34.4205 -30.8363 0
      vertex -34.0393 -31.1242 0
    endloop
  endfacet
  facet normal -0.850225 0.526419 0
    outer loop
      vertex -34.0393 -32.8758 0
      vertex -33.7878 -32.4696 22
      vertex -33.7878 -32.4696 0
    endloop
  endfacet
  facet normal -0.850225 0.526419 0
    outer loop
      vertex -33.7878 -32.4696 22
      vertex -34.0393 -32.8758 0
      vertex -34.0393 -32.8758 22
    endloop
  endfacet
  facet normal -0.602676 0.797986 0
    outer loop
      vertex -34.0393 -32.8758 0
      vertex -34.4205 -33.1637 22
      vertex -34.0393 -32.8758 22
    endloop
  endfacet
  facet normal -0.602676 0.797986 0
    outer loop
      vertex -34.4205 -33.1637 22
      vertex -34.0393 -32.8758 0
      vertex -34.4205 -33.1637 0
    endloop
  endfacet
  facet normal 0.738907 -0.673808 0
    outer loop
      vertex -36.1053 -31.3156 22
      vertex -35.7834 -30.9626 0
      vertex -35.7834 -30.9626 22
    endloop
  endfacet
  facet normal 0.738907 -0.673808 0
    outer loop
      vertex -35.7834 -30.9626 0
      vertex -36.1053 -31.3156 22
      vertex -36.1053 -31.3156 0
    endloop
  endfacet
  facet normal -0.982967 0.183783 0
    outer loop
      vertex -33.7878 -32.4696 0
      vertex -33.7 -32 22
      vertex -33.7 -32 0
    endloop
  endfacet
  facet normal -0.982967 0.183783 0
    outer loop
      vertex -33.7 -32 22
      vertex -33.7878 -32.4696 0
      vertex -33.7878 -32.4696 22
    endloop
  endfacet
  facet normal -0.273726 0.961808 0
    outer loop
      vertex -34.4205 -33.1637 0
      vertex -34.8801 -33.2945 22
      vertex -34.4205 -33.1637 22
    endloop
  endfacet
  facet normal -0.273726 0.961808 0
    outer loop
      vertex -34.8801 -33.2945 22
      vertex -34.4205 -33.1637 0
      vertex -34.8801 -33.2945 0
    endloop
  endfacet
  facet normal 0.0923097 -0.99573 0
    outer loop
      vertex -35.3558 -30.7496 0
      vertex -34.8801 -30.7055 22
      vertex -35.3558 -30.7496 22
    endloop
  endfacet
  facet normal 0.0923097 -0.99573 0
    outer loop
      vertex -34.8801 -30.7055 22
      vertex -35.3558 -30.7496 0
      vertex -34.8801 -30.7055 0
    endloop
  endfacet
  facet normal 0.445873 -0.895096 0
    outer loop
      vertex -35.7834 -30.9626 0
      vertex -35.3558 -30.7496 22
      vertex -35.7834 -30.9626 22
    endloop
  endfacet
  facet normal 0.445873 -0.895096 0
    outer loop
      vertex -35.3558 -30.7496 22
      vertex -35.7834 -30.9626 0
      vertex -35.3558 -30.7496 0
    endloop
  endfacet
  facet normal 0.0923097 0.99573 -0
    outer loop
      vertex -34.8801 -33.2945 0
      vertex -35.3558 -33.2504 22
      vertex -34.8801 -33.2945 22
    endloop
  endfacet
  facet normal 0.0923097 0.99573 0
    outer loop
      vertex -35.3558 -33.2504 22
      vertex -34.8801 -33.2945 0
      vertex -35.3558 -33.2504 0
    endloop
  endfacet
  facet normal 0.932464 0.361264 0
    outer loop
      vertex -36.1053 -32.6844 22
      vertex -36.2779 -32.2389 0
      vertex -36.2779 -32.2389 22
    endloop
  endfacet
  facet normal 0.932464 0.361264 0
    outer loop
      vertex -36.2779 -32.2389 0
      vertex -36.1053 -32.6844 22
      vertex -36.1053 -32.6844 0
    endloop
  endfacet
  facet normal 1 -0 0
    outer loop
      vertex -36.2779 -32.2389 22
      vertex -36.2779 -31.7611 0
      vertex -36.2779 -31.7611 22
    endloop
  endfacet
  facet normal 1 0 0
    outer loop
      vertex -36.2779 -31.7611 0
      vertex -36.2779 -32.2389 22
      vertex -36.2779 -32.2389 0
    endloop
  endfacet
  facet normal -0.273726 -0.961808 0
    outer loop
      vertex -34.8801 -30.7055 0
      vertex -34.4205 -30.8363 22
      vertex -34.8801 -30.7055 22
    endloop
  endfacet
  facet normal -0.273726 -0.961808 -0
    outer loop
      vertex -34.4205 -30.8363 22
      vertex -34.8801 -30.7055 0
      vertex -34.4205 -30.8363 0
    endloop
  endfacet
  facet normal 0.932464 -0.361264 0
    outer loop
      vertex -36.2779 -31.7611 22
      vertex -36.1053 -31.3156 0
      vertex -36.1053 -31.3156 22
    endloop
  endfacet
  facet normal 0.932464 -0.361264 0
    outer loop
      vertex -36.1053 -31.3156 0
      vertex -36.2779 -31.7611 22
      vertex -36.2779 -31.7611 0
    endloop
  endfacet
  facet normal 0.738907 0.673808 0
    outer loop
      vertex -35.7834 -33.0374 22
      vertex -36.1053 -32.6844 0
      vertex -36.1053 -32.6844 22
    endloop
  endfacet
  facet normal 0.738907 0.673808 0
    outer loop
      vertex -36.1053 -32.6844 0
      vertex -35.7834 -33.0374 22
      vertex -35.7834 -33.0374 0
    endloop
  endfacet
  facet normal 0.445873 0.895096 -0
    outer loop
      vertex -35.3558 -33.2504 0
      vertex -35.7834 -33.0374 22
      vertex -35.3558 -33.2504 22
    endloop
  endfacet
  facet normal 0.445873 0.895096 0
    outer loop
      vertex -35.7834 -33.0374 22
      vertex -35.3558 -33.2504 0
      vertex -35.7834 -33.0374 0
    endloop
  endfacet
  facet normal -0.850225 -0.526419 0
    outer loop
      vertex -33.7878 32.4696 0
      vertex -34.0393 32.8758 22
      vertex -34.0393 32.8758 0
    endloop
  endfacet
  facet normal -0.850225 -0.526419 0
    outer loop
      vertex -34.0393 32.8758 22
      vertex -33.7878 32.4696 0
      vertex -33.7878 32.4696 22
    endloop
  endfacet
  facet normal -0.982967 -0.183783 0
    outer loop
      vertex -33.7 32 0
      vertex -33.7878 32.4696 22
      vertex -33.7878 32.4696 0
    endloop
  endfacet
  facet normal -0.982967 -0.183783 0
    outer loop
      vertex -33.7878 32.4696 22
      vertex -33.7 32 0
      vertex -33.7 32 22
    endloop
  endfacet
  facet normal -0.602676 -0.797986 0
    outer loop
      vertex -34.4205 33.1637 0
      vertex -34.0393 32.8758 22
      vertex -34.4205 33.1637 22
    endloop
  endfacet
  facet normal -0.602676 -0.797986 -0
    outer loop
      vertex -34.0393 32.8758 22
      vertex -34.4205 33.1637 0
      vertex -34.0393 32.8758 0
    endloop
  endfacet
  facet normal -0.850225 0.526419 0
    outer loop
      vertex -34.0393 31.1242 0
      vertex -33.7878 31.5304 22
      vertex -33.7878 31.5304 0
    endloop
  endfacet
  facet normal -0.850225 0.526419 0
    outer loop
      vertex -33.7878 31.5304 22
      vertex -34.0393 31.1242 0
      vertex -34.0393 31.1242 22
    endloop
  endfacet
  facet normal -0.602676 0.797986 0
    outer loop
      vertex -34.0393 31.1242 0
      vertex -34.4205 30.8363 22
      vertex -34.0393 31.1242 22
    endloop
  endfacet
  facet normal -0.602676 0.797986 0
    outer loop
      vertex -34.4205 30.8363 22
      vertex -34.0393 31.1242 0
      vertex -34.4205 30.8363 0
    endloop
  endfacet
  facet normal 0.738907 -0.673808 0
    outer loop
      vertex -36.1053 32.6844 22
      vertex -35.7834 33.0374 0
      vertex -35.7834 33.0374 22
    endloop
  endfacet
  facet normal 0.738907 -0.673808 0
    outer loop
      vertex -35.7834 33.0374 0
      vertex -36.1053 32.6844 22
      vertex -36.1053 32.6844 0
    endloop
  endfacet
  facet normal -0.982967 0.183783 0
    outer loop
      vertex -33.7878 31.5304 0
      vertex -33.7 32 22
      vertex -33.7 32 0
    endloop
  endfacet
  facet normal -0.982967 0.183783 0
    outer loop
      vertex -33.7 32 22
      vertex -33.7878 31.5304 0
      vertex -33.7878 31.5304 22
    endloop
  endfacet
  facet normal -0.273726 0.961808 0
    outer loop
      vertex -34.4205 30.8363 0
      vertex -34.8801 30.7055 22
      vertex -34.4205 30.8363 22
    endloop
  endfacet
  facet normal -0.273726 0.961808 0
    outer loop
      vertex -34.8801 30.7055 22
      vertex -34.4205 30.8363 0
      vertex -34.8801 30.7055 0
    endloop
  endfacet
  facet normal 0.0923097 -0.99573 0
    outer loop
      vertex -35.3558 33.2504 0
      vertex -34.8801 33.2945 22
      vertex -35.3558 33.2504 22
    endloop
  endfacet
  facet normal 0.0923097 -0.99573 0
    outer loop
      vertex -34.8801 33.2945 22
      vertex -35.3558 33.2504 0
      vertex -34.8801 33.2945 0
    endloop
  endfacet
  facet normal 0.445873 -0.895096 0
    outer loop
      vertex -35.7834 33.0374 0
      vertex -35.3558 33.2504 22
      vertex -35.7834 33.0374 22
    endloop
  endfacet
  facet normal 0.445873 -0.895096 0
    outer loop
      vertex -35.3558 33.2504 22
      vertex -35.7834 33.0374 0
      vertex -35.3558 33.2504 0
    endloop
  endfacet
  facet normal 0.0923097 0.99573 -0
    outer loop
      vertex -34.8801 30.7055 0
      vertex -35.3558 30.7496 22
      vertex -34.8801 30.7055 22
    endloop
  endfacet
  facet normal 0.0923097 0.99573 0
    outer loop
      vertex -35.3558 30.7496 22
      vertex -34.8801 30.7055 0
      vertex -35.3558 30.7496 0
    endloop
  endfacet
  facet normal 0.932464 0.361264 0
    outer loop
      vertex -36.1053 31.3156 22
      vertex -36.2779 31.7611 0
      vertex -36.2779 31.7611 22
    endloop
  endfacet
  facet normal 0.932464 0.361264 0
    outer loop
      vertex -36.2779 31.7611 0
      vertex -36.1053 31.3156 22
      vertex -36.1053 31.3156 0
    endloop
  endfacet
  facet normal 1 -0 0
    outer loop
      vertex -36.2779 31.7611 22
      vertex -36.2779 32.2389 0
      vertex -36.2779 32.2389 22
    endloop
  endfacet
  facet normal 1 0 0
    outer loop
      vertex -36.2779 32.2389 0
      vertex -36.2779 31.7611 22
      vertex -36.2779 31.7611 0
    endloop
  endfacet
  facet normal -0.273726 -0.961808 0
    outer loop
      vertex -34.8801 33.2945 0
      vertex -34.4205 33.1637 22
      vertex -34.8801 33.2945 22
    endloop
  endfacet
  facet normal -0.273726 -0.961808 -0
    outer loop
      vertex -34.4205 33.1637 22
      vertex -34.8801 33.2945 0
      vertex -34.4205 33.1637 0
    endloop
  endfacet
  facet normal 0.932464 -0.361264 0
    outer loop
      vertex -36.2779 32.2389 22
      vertex -36.1053 32.6844 0
      vertex -36.1053 32.6844 22
    endloop
  endfacet
  facet normal 0.932464 -0.361264 0
    outer loop
      vertex -36.1053 32.6844 0
      vertex -36.2779 32.2389 22
      vertex -36.2779 32.2389 0
    endloop
  endfacet
  facet normal 0.738907 0.673808 0
    outer loop
      vertex -35.7834 30.9626 22
      vertex -36.1053 31.3156 0
      vertex -36.1053 31.3156 22
    endloop
  endfacet
  facet normal 0.738907 0.673808 0
    outer loop
      vertex -36.1053 31.3156 0
      vertex -35.7834 30.9626 22
      vertex -35.7834 30.9626 0
    endloop
  endfacet
  facet normal 0.445873 0.895096 -0
    outer loop
      vertex -35.3558 30.7496 0
      vertex -35.7834 30.9626 22
      vertex -35.3558 30.7496 22
    endloop
  endfacet
  facet normal 0.445873 0.895096 0
    outer loop
      vertex -35.7834 30.9626 22
      vertex -35.3558 30.7496 0
      vertex -35.7834 30.9626 0
    endloop
  endfacet
  facet normal -0.850225 -0.526419 0
    outer loop
      vertex 36.2122 -31.5304 0
      vertex 35.9607 -31.1242 22
      vertex 35.9607 -31.1242 0
    endloop
  endfacet
  facet normal -0.850225 -0.526419 0
    outer loop
      vertex 35.9607 -31.1242 22
      vertex 36.2122 -31.5304 0
      vertex 36.2122 -31.5304 22
    endloop
  endfacet
  facet normal -0.982967 -0.183783 0
    outer loop
      vertex 36.3 -32 0
      vertex 36.2122 -31.5304 22
      vertex 36.2122 -31.5304 0
    endloop
  endfacet
  facet normal -0.982967 -0.183783 0
    outer loop
      vertex 36.2122 -31.5304 22
      vertex 36.3 -32 0
      vertex 36.3 -32 22
    endloop
  endfacet
  facet normal -0.602676 -0.797986 0
    outer loop
      vertex 35.5795 -30.8363 0
      vertex 35.9607 -31.1242 22
      vertex 35.5795 -30.8363 22
    endloop
  endfacet
  facet normal -0.602676 -0.797986 -0
    outer loop
      vertex 35.9607 -31.1242 22
      vertex 35.5795 -30.8363 0
      vertex 35.9607 -31.1242 0
    endloop
  endfacet
  facet normal -0.850225 0.526419 0
    outer loop
      vertex 35.9607 -32.8758 0
      vertex 36.2122 -32.4696 22
      vertex 36.2122 -32.4696 0
    endloop
  endfacet
  facet normal -0.850225 0.526419 0
    outer loop
      vertex 36.2122 -32.4696 22
      vertex 35.9607 -32.8758 0
      vertex 35.9607 -32.8758 22
    endloop
  endfacet
  facet normal -0.602676 0.797986 0
    outer loop
      vertex 35.9607 -32.8758 0
      vertex 35.5795 -33.1637 22
      vertex 35.9607 -32.8758 22
    endloop
  endfacet
  facet normal -0.602676 0.797986 0
    outer loop
      vertex 35.5795 -33.1637 22
      vertex 35.9607 -32.8758 0
      vertex 35.5795 -33.1637 0
    endloop
  endfacet
  facet normal 0.738907 -0.673808 0
    outer loop
      vertex 33.8947 -31.3156 22
      vertex 34.2166 -30.9626 0
      vertex 34.2166 -30.9626 22
    endloop
  endfacet
  facet normal 0.738907 -0.673808 0
    outer loop
      vertex 34.2166 -30.9626 0
      vertex 33.8947 -31.3156 22
      vertex 33.8947 -31.3156 0
    endloop
  endfacet
  facet normal -0.982967 0.183783 0
    outer loop
      vertex 36.2122 -32.4696 0
      vertex 36.3 -32 22
      vertex 36.3 -32 0
    endloop
  endfacet
  facet normal -0.982967 0.183783 0
    outer loop
      vertex 36.3 -32 22
      vertex 36.2122 -32.4696 0
      vertex 36.2122 -32.4696 22
    endloop
  endfacet
  facet normal -0.273726 0.961808 0
    outer loop
      vertex 35.5795 -33.1637 0
      vertex 35.1199 -33.2945 22
      vertex 35.5795 -33.1637 22
    endloop
  endfacet
  facet normal -0.273726 0.961808 0
    outer loop
      vertex 35.1199 -33.2945 22
      vertex 35.5795 -33.1637 0
      vertex 35.1199 -33.2945 0
    endloop
  endfacet
  facet normal 0.0923097 -0.99573 0
    outer loop
      vertex 34.6442 -30.7496 0
      vertex 35.1199 -30.7055 22
      vertex 34.6442 -30.7496 22
    endloop
  endfacet
  facet normal 0.0923097 -0.99573 0
    outer loop
      vertex 35.1199 -30.7055 22
      vertex 34.6442 -30.7496 0
      vertex 35.1199 -30.7055 0
    endloop
  endfacet
  facet normal 0.445873 -0.895096 0
    outer loop
      vertex 34.2166 -30.9626 0
      vertex 34.6442 -30.7496 22
      vertex 34.2166 -30.9626 22
    endloop
  endfacet
  facet normal 0.445873 -0.895096 0
    outer loop
      vertex 34.6442 -30.7496 22
      vertex 34.2166 -30.9626 0
      vertex 34.6442 -30.7496 0
    endloop
  endfacet
  facet normal 0.0923097 0.99573 -0
    outer loop
      vertex 35.1199 -33.2945 0
      vertex 34.6442 -33.2504 22
      vertex 35.1199 -33.2945 22
    endloop
  endfacet
  facet normal 0.0923097 0.99573 0
    outer loop
      vertex 34.6442 -33.2504 22
      vertex 35.1199 -33.2945 0
      vertex 34.6442 -33.2504 0
    endloop
  endfacet
  facet normal 0.932464 0.361264 0
    outer loop
      vertex 33.8947 -32.6844 22
      vertex 33.7221 -32.2389 0
      vertex 33.7221 -32.2389 22
    endloop
  endfacet
  facet normal 0.932464 0.361264 0
    outer loop
      vertex 33.7221 -32.2389 0
      vertex 33.8947 -32.6844 22
      vertex 33.8947 -32.6844 0
    endloop
  endfacet
  facet normal 1 -0 0
    outer loop
      vertex 33.7221 -32.2389 22
      vertex 33.7221 -31.7611 0
      vertex 33.7221 -31.7611 22
    endloop
  endfacet
  facet normal 1 0 0
    outer loop
      vertex 33.7221 -31.7611 0
      vertex 33.7221 -32.2389 22
      vertex 33.7221 -32.2389 0
    endloop
  endfacet
  facet normal -0.273726 -0.961808 0
    outer loop
      vertex 35.1199 -30.7055 0
      vertex 35.5795 -30.8363 22
      vertex 35.1199 -30.7055 22
    endloop
  endfacet
  facet normal -0.273726 -0.961808 -0
    outer loop
      vertex 35.5795 -30.8363 22
      vertex 35.1199 -30.7055 0
      vertex 35.5795 -30.8363 0
    endloop
  endfacet
  facet normal 0.932464 -0.361264 0
    outer loop
      vertex 33.7221 -31.7611 22
      vertex 33.8947 -31.3156 0
      vertex 33.8947 -31.3156 22
    endloop
  endfacet
  facet normal 0.932464 -0.361264 0
    outer loop
      vertex 33.8947 -31.3156 0
      vertex 33.7221 -31.7611 22
      vertex 33.7221 -31.7611 0
    endloop
  endfacet
  facet normal 0.738907 0.673808 0
    outer loop
      vertex 34.2166 -33.0374 22
      vertex 33.8947 -32.6844 0
      vertex 33.8947 -32.6844 22
    endloop
  endfacet
  facet normal 0.738907 0.673808 0
    outer loop
      vertex 33.8947 -32.6844 0
      vertex 34.2166 -33.0374 22
      vertex 34.2166 -33.0374 0
    endloop
  endfacet
  facet normal 0.445873 0.895096 -0
    outer loop
      vertex 34.6442 -33.2504 0
      vertex 34.2166 -33.0374 22
      vertex 34.6442 -33.2504 22
    endloop
  endfacet
  facet normal 0.445873 0.895096 0
    outer loop
      vertex 34.2166 -33.0374 22
      vertex 34.6442 -33.2504 0
      vertex 34.2166 -33.0374 0
    endloop
  endfacet
  facet normal -0.850225 -0.526419 0
    outer loop
      vertex 36.2122 32.4696 0
      vertex 35.9607 32.8758 22
      vertex 35.9607 32.8758 0
    endloop
  endfacet
  facet normal -0.850225 -0.526419 0
    outer loop
      vertex 35.9607 32.8758 22
      vertex 36.2122 32.4696 0
      vertex 36.2122 32.4696 22
    endloop
  endfacet
  facet normal -0.982967 -0.183783 0
    outer loop
      vertex 36.3 32 0
      vertex 36.2122 32.4696 22
      vertex 36.2122 32.4696 0
    endloop
  endfacet
  facet normal -0.982967 -0.183783 0
    outer loop
      vertex 36.2122 32.4696 22
      vertex 36.3 32 0
      vertex 36.3 32 22
    endloop
  endfacet
  facet normal -0.602676 -0.797986 0
    outer loop
      vertex 35.5795 33.1637 0
      vertex 35.9607 32.8758 22
      vertex 35.5795 33.1637 22
    endloop
  endfacet
  facet normal -0.602676 -0.797986 -0
    outer loop
      vertex 35.9607 32.8758 22
      vertex 35.5795 33.1637 0
      vertex 35.9607 32.8758 0
    endloop
  endfacet
  facet normal -0.850225 0.526419 0
    outer loop
      vertex 35.9607 31.1242 0
      vertex 36.2122 31.5304 22
      vertex 36.2122 31.5304 0
    endloop
  endfacet
  facet normal -0.850225 0.526419 0
    outer loop
      vertex 36.2122 31.5304 22
      vertex 35.9607 31.1242 0
      vertex 35.9607 31.1242 22
    endloop
  endfacet
  facet normal -0.602676 0.797986 0
    outer loop
      vertex 35.9607 31.1242 0
      vertex 35.5795 30.8363 22
      vertex 35.9607 31.1242 22
    endloop
  endfacet
  facet normal -0.602676 0.797986 0
    outer loop
      vertex 35.5795 30.8363 22
      vertex 35.9607 31.1242 0
      vertex 35.5795 30.8363 0
    endloop
  endfacet
  facet normal 0.738907 -0.673808 0
    outer loop
      vertex 33.8947 32.6844 22
      vertex 34.2166 33.0374 0
      vertex 34.2166 33.0374 22
    endloop
  endfacet
  facet normal 0.738907 -0.673808 0
    outer loop
      vertex 34.2166 33.0374 0
      vertex 33.8947 32.6844 22
      vertex 33.8947 32.6844 0
    endloop
  endfacet
  facet normal -0.982967 0.183783 0
    outer loop
      vertex 36.2122 31.5304 0
      vertex 36.3 32 22
      vertex 36.3 32 0
    endloop
  endfacet
  facet normal -0.982967 0.183783 0
    outer loop
      vertex 36.3 32 22
      vertex 36.2122 31.5304 0
      vertex 36.2122 31.5304 22
    endloop
  endfacet
  facet normal -0.273726 0.961808 0
    outer loop
      vertex 35.5795 30.8363 0
      vertex 35.1199 30.7055 22
      vertex 35.5795 30.8363 22
    endloop
  endfacet
  facet normal -0.273726 0.961808 0
    outer loop
      vertex 35.1199 30.7055 22
      vertex 35.5795 30.8363 0
      vertex 35.1199 30.7055 0
    endloop
  endfacet
  facet normal 0.0923097 -0.99573 0
    outer loop
      vertex 34.6442 33.2504 0
      vertex 35.1199 33.2945 22
      vertex 34.6442 33.2504 22
    endloop
  endfacet
  facet normal 0.0923097 -0.99573 0
    outer loop
      vertex 35.1199 33.2945 22
      vertex 34.6442 33.2504 0
      vertex 35.1199 33.2945 0
    endloop
  endfacet
  facet normal 0.445873 -0.895096 0
    outer loop
      vertex 34.2166 33.0374 0
      vertex 34.6442 33.2504 22
      vertex 34.2166 33.0374 22
    endloop
  endfacet
  facet normal 0.445873 -0.895096 0
    outer loop
      vertex 34.6442 33.2504 22
      vertex 34.2166 33.0374 0
      vertex 34.6442 33.2504 0
    endloop
  endfacet
  facet normal 0.0923097 0.99573 -0
    outer loop
      vertex 35.1199 30.7055 0
      vertex 34.6442 30.7496 22
      vertex 35.1199 30.7055 22
    endloop
  endfacet
  facet normal 0.0923097 0.99573 0
    outer loop
      vertex 34.6442 30.7496 22
      vertex 35.1199 30.7055 0
      vertex 34.6442 30.7496 0
    endloop
  endfacet
  facet normal 0.932464 0.361264 0
    outer loop
      vertex 33.8947 31.3156 22
      vertex 33.7221 31.7611 0
      vertex 33.7221 31.7611 22
    endloop
  endfacet
  facet normal 0.932464 0.361264 0
    outer loop
      vertex 33.7221 31.7611 0
      vertex 33.8947 31.3156 22
      vertex 33.8947 31.3156 0
    endloop
  endfacet
  facet normal 1 -0 0
    outer loop
      vertex 33.7221 31.7611 22
      vertex 33.7221 32.2389 0
      vertex 33.7221 32.2389 22
    endloop
  endfacet
  facet normal 1 0 0
    outer loop
      vertex 33.7221 32.2389 0
      vertex 33.7221 31.7611 22
      vertex 33.7221 31.7611 0
    endloop
  endfacet
  facet normal -0.273726 -0.961808 0
    outer loop
      vertex 35.1199 33.2945 0
      vertex 35.5795 33.1637 22
      vertex 35.1199 33.2945 22
    endloop
  endfacet
  facet normal -0.273726 -0.961808 -0
    outer loop
      vertex 35.5795 33.1637 22
      vertex 35.1199 33.2945 0
      vertex 35.5795 33.1637 0
    endloop
  endfacet
  facet normal 0.932464 -0.361264 0
    outer loop
      vertex 33.7221 32.2389 22
      vertex 33.8947 32.6844 0
      vertex 33.8947 32.6844 22
    endloop
  endfacet
  facet normal 0.932464 -0.361264 0
    outer loop
      vertex 33.8947 32.6844 0
      vertex 33.7221 32.2389 22
      vertex 33.7221 32.2389 0
    endloop
  endfacet
  facet normal 0.738907 0.673808 0
    outer loop
      vertex 34.2166 30.9626 22
      vertex 33.8947 31.3156 0
      vertex 33.8947 31.3156 22
    endloop
  endfacet
  facet normal 0.738907 0.673808 0
    outer loop
      vertex 33.8947 31.3156 0
      vertex 34.2166 30.9626 22
      vertex 34.2166 30.9626 0
    endloop
  endfacet
  facet normal 0.445873 0.895096 -0
    outer loop
      vertex 34.6442 30.7496 0
      vertex 34.2166 30.9626 22
      vertex 34.6442 30.7496 22
    endloop
  endfacet
  facet normal 0.445873 0.895096 0
    outer loop
      vertex 34.2166 30.9626 22
      vertex 34.6442 30.7496 0
      vertex 34.2166 30.9626 0
    endloop
  endfacet
  facet normal -1 0 0
    outer loop
      vertex 40 33.6 0
      vertex 40 35.9936 6.9
      vertex 40 35.9936 0
    endloop
  endfacet
  facet normal -1 -0 0
    outer loop
      vertex 40 35.9936 6.9
      vertex 40 33.6 0
      vertex 40 33.6 6.9
    endloop
  endfacet
  facet normal 0 0 -1
    outer loop
      vertex 40 33.6 6.9
      vertex 39.7127 36.2001 6.9
      vertex 40 35.9936 6.9
    endloop
  endfacet
  facet normal 0 0 -1
    outer loop
      vertex 40 33.6 6.9
      vertex 39.2811 36.4494 6.9
      vertex 39.7127 36.2001 6.9
    endloop
  endfacet
  facet normal 0 0 -1
    outer loop
      vertex 40 33.6 6.9
      vertex 38.8267 36.6544 6.9
      vertex 39.2811 36.4494 6.9
    endloop
  endfacet
  facet normal 0 0 -1
    outer loop
      vertex 40 33.6 6.9
      vertex 38.3542 36.8131 6.9
      vertex 38.8267 36.6544 6.9
    endloop
  endfacet
  facet normal 0 0 -1
    outer loop
      vertex 40 33.6 6.9
      vertex 37.8682 36.924 6.9
      vertex 38.3542 36.8131 6.9
    endloop
  endfacet
  facet normal 0 0 -1
    outer loop
      vertex 40 33.6 6.9
      vertex 37.3736 36.986 6.9
      vertex 37.8682 36.924 6.9
    endloop
  endfacet
  facet normal 0 0 -1
    outer loop
      vertex 40 33.6 6.9
      vertex 37.3064 36.9877 6.9
      vertex 37.3736 36.986 6.9
    endloop
  endfacet
  facet normal 0 0 -1
    outer loop
      vertex 36.6996 37.2308 6.9
      vertex 37.3064 36.9877 6.9
      vertex 40 33.6 6.9
    endloop
  endfacet
  facet normal 0 0 -1
    outer loop
      vertex 37.3064 36.9877 6.9
      vertex 36.6996 37.2308 6.9
      vertex 37.1616 37.0574 6.9
    endloop
  endfacet
  facet normal 0 0 -1
    outer loop
      vertex 40 33.6 6.9
      vertex 36.2239 37.3621 6.9
      vertex 36.6996 37.2308 6.9
    endloop
  endfacet
  facet normal 0 0 -1
    outer loop
      vertex 40 33.6 6.9
      vertex 35.7383 37.4502 6.9
      vertex 36.2239 37.3621 6.9
    endloop
  endfacet
  facet normal 0 0 -1
    outer loop
      vertex 40 33.6 6.9
      vertex 35.2468 37.4945 6.9
      vertex 35.7383 37.4502 6.9
    endloop
  endfacet
  facet normal 0 0 -1
    outer loop
      vertex 40 33.6 6.9
      vertex 34.7532 37.4945 6.9
      vertex 35.2468 37.4945 6.9
    endloop
  endfacet
  facet normal 0 0 -1
    outer loop
      vertex 40 33.6 6.9
      vertex 34.2617 37.4502 6.9
      vertex 34.7532 37.4945 6.9
    endloop
  endfacet
  facet normal 0 0 -1
    outer loop
      vertex 30 33.6 6.9
      vertex 34.2617 37.4502 6.9
      vertex 40 33.6 6.9
    endloop
  endfacet
  facet normal 0 0 -1
    outer loop
      vertex 34.2617 37.4502 6.9
      vertex 30 33.6 6.9
      vertex 33.7761 37.3621 6.9
    endloop
  endfacet
  facet normal 0 0 -1
    outer loop
      vertex 33.7761 37.3621 6.9
      vertex 30 33.6 6.9
      vertex 33.3004 37.2308 6.9
    endloop
  endfacet
  facet normal 0 0 -1
    outer loop
      vertex 33.3004 37.2308 6.9
      vertex 32.7159 36.9984 6.9
      vertex 32.8384 37.0574 6.9
    endloop
  endfacet
  facet normal 0 0 -1
    outer loop
      vertex 33.3004 37.2308 6.9
      vertex 30 33.6 6.9
      vertex 32.7159 36.9984 6.9
    endloop
  endfacet
  facet normal 0 0 -1
    outer loop
      vertex 32.7159 36.9984 6.9
      vertex 30 33.6 6.9
      vertex 30.1586 34.5981 6.9
    endloop
  endfacet
  facet normal 0 0 -1
    outer loop
      vertex 30.1586 34.5981 6.9
      vertex 30 33.6 6.9
      vertex 30.0447 34.3864 6.9
    endloop
  endfacet
  facet normal 0 0 -1
    outer loop
      vertex 30.0447 34.3864 6.9
      vertex 30 33.6 6.9
      vertex 30 34.2818 6.9
    endloop
  endfacet
  facet normal 0 0 -1
    outer loop
      vertex 30 36.9984 6.9
      vertex 30.1586 34.5981 6.9
      vertex 30 34.5981 6.9
    endloop
  endfacet
  facet normal 0 0 -1
    outer loop
      vertex 30.1586 34.5981 6.9
      vertex 30 36.9984 6.9
      vertex 32.7159 36.9984 6.9
    endloop
  endfacet
  facet normal 1 0 0
    outer loop
      vertex 30 34.2818 6.9
      vertex 30 33.6 6.9
      vertex 30 34.2818 2.4
    endloop
  endfacet
  facet normal 1 0 0
    outer loop
      vertex 30 34.5981 2.4
      vertex 30 36.9984 6.9
      vertex 30 34.5981 6.9
    endloop
  endfacet
  facet normal 1 0 0
    outer loop
      vertex 30 36.9984 6.9
      vertex 30 34.5981 2.4
      vertex 30 36.9984 0
    endloop
  endfacet
  facet normal 1 0 0
    outer loop
      vertex 30 33.6 0
      vertex 30 34.5981 2.4
      vertex 30 34.2818 2.4
    endloop
  endfacet
  facet normal 1 0 0
    outer loop
      vertex 30 34.5981 2.4
      vertex 30 33.6 0
      vertex 30 36.9984 0
    endloop
  endfacet
  facet normal 1 0 0
    outer loop
      vertex 30 33.6 0
      vertex 30 34.2818 2.4
      vertex 30 33.6 6.9
    endloop
  endfacet
  facet normal 0 1 -0
    outer loop
      vertex 40 33.6 0
      vertex 30 33.6 6.9
      vertex 40 33.6 6.9
    endloop
  endfacet
  facet normal 0 1 0
    outer loop
      vertex 30 33.6 6.9
      vertex 40 33.6 0
      vertex 30 33.6 0
    endloop
  endfacet
endsolid OpenSCAD_Model
