solid OpenSCAD_Model
  facet normal -0.532026 -0.846728 0
    outer loop
      vertex 0.954544 1.98213 0
      vertex 1.37168 1.72003 7
      vertex 0.954544 1.98213 7
    endloop
  endfacet
  facet normal -0.532026 -0.846728 -0
    outer loop
      vertex 1.37168 1.72003 7
      vertex 0.954544 1.98213 0
      vertex 1.37168 1.72003 0
    endloop
  endfacet
  facet normal 0.943883 -0.330279 0
    outer loop
      vertex -2.14484 0.489546 7
      vertex -1.98213 0.954544 0
      vertex -1.98213 0.954544 7
    endloop
  endfacet
  facet normal 0.943883 -0.330279 0
    outer loop
      vertex -1.98213 0.954544 0
      vertex -2.14484 0.489546 7
      vertex -2.14484 0.489546 0
    endloop
  endfacet
  facet normal -0.993712 0.111967 0
    outer loop
      vertex 2.14484 -0.489546 0
      vertex 2.2 0 7
      vertex 2.2 0 0
    endloop
  endfacet
  facet normal -0.993712 0.111967 0
    outer loop
      vertex 2.2 0 7
      vertex 2.14484 -0.489546 0
      vertex 2.14484 -0.489546 7
    endloop
  endfacet
  facet normal 0.330279 0.943883 -0
    outer loop
      vertex -0.489546 -2.14484 0
      vertex -0.954544 -1.98213 7
      vertex -0.489546 -2.14484 7
    endloop
  endfacet
  facet normal 0.330279 0.943883 0
    outer loop
      vertex -0.954544 -1.98213 7
      vertex -0.489546 -2.14484 0
      vertex -0.954544 -1.98213 0
    endloop
  endfacet
  facet normal -0.707107 -0.707107 0
    outer loop
      vertex 1.72003 1.37168 0
      vertex 1.37168 1.72003 7
      vertex 1.37168 1.72003 0
    endloop
  endfacet
  facet normal -0.707107 -0.707107 0
    outer loop
      vertex 1.37168 1.72003 7
      vertex 1.72003 1.37168 0
      vertex 1.72003 1.37168 7
    endloop
  endfacet
  facet normal -0.111967 -0.993712 0
    outer loop
      vertex 0 2.2 0
      vertex 0.489546 2.14484 7
      vertex 0 2.2 7
    endloop
  endfacet
  facet normal -0.111967 -0.993712 -0
    outer loop
      vertex 0.489546 2.14484 7
      vertex 0 2.2 0
      vertex 0.489546 2.14484 0
    endloop
  endfacet
  facet normal 0.111967 -0.993712 0
    outer loop
      vertex -0.489546 2.14484 0
      vertex 0 2.2 7
      vertex -0.489546 2.14484 7
    endloop
  endfacet
  facet normal 0.111967 -0.993712 0
    outer loop
      vertex 0 2.2 7
      vertex -0.489546 2.14484 0
      vertex 0 2.2 0
    endloop
  endfacet
  facet normal 0.846728 -0.532026 0
    outer loop
      vertex -1.98213 0.954544 7
      vertex -1.72003 1.37168 0
      vertex -1.72003 1.37168 7
    endloop
  endfacet
  facet normal 0.846728 -0.532026 0
    outer loop
      vertex -1.72003 1.37168 0
      vertex -1.98213 0.954544 7
      vertex -1.98213 0.954544 0
    endloop
  endfacet
  facet normal 0.993712 0.111967 0
    outer loop
      vertex -2.14484 -0.489546 7
      vertex -2.2 0 0
      vertex -2.2 0 7
    endloop
  endfacet
  facet normal 0.993712 0.111967 0
    outer loop
      vertex -2.2 0 0
      vertex -2.14484 -0.489546 7
      vertex -2.14484 -0.489546 0
    endloop
  endfacet
  facet normal 0.846728 0.532026 0
    outer loop
      vertex -1.72003 -1.37168 7
      vertex -1.98213 -0.954544 0
      vertex -1.98213 -0.954544 7
    endloop
  endfacet
  facet normal 0.846728 0.532026 0
    outer loop
      vertex -1.98213 -0.954544 0
      vertex -1.72003 -1.37168 7
      vertex -1.72003 -1.37168 0
    endloop
  endfacet
  facet normal -0.846728 -0.532026 0
    outer loop
      vertex 1.98213 0.954544 0
      vertex 1.72003 1.37168 7
      vertex 1.72003 1.37168 0
    endloop
  endfacet
  facet normal -0.846728 -0.532026 0
    outer loop
      vertex 1.72003 1.37168 7
      vertex 1.98213 0.954544 0
      vertex 1.98213 0.954544 7
    endloop
  endfacet
  facet normal -0.330279 -0.943883 0
    outer loop
      vertex 0.489546 2.14484 0
      vertex 0.954544 1.98213 7
      vertex 0.489546 2.14484 7
    endloop
  endfacet
  facet normal -0.330279 -0.943883 -0
    outer loop
      vertex 0.954544 1.98213 7
      vertex 0.489546 2.14484 0
      vertex 0.954544 1.98213 0
    endloop
  endfacet
  facet normal 0.993712 -0.111967 0
    outer loop
      vertex -2.2 0 7
      vertex -2.14484 0.489546 0
      vertex -2.14484 0.489546 7
    endloop
  endfacet
  facet normal 0.993712 -0.111967 0
    outer loop
      vertex -2.14484 0.489546 0
      vertex -2.2 0 7
      vertex -2.2 0 0
    endloop
  endfacet
  facet normal 0.707107 -0.707107 0
    outer loop
      vertex -1.72003 1.37168 7
      vertex -1.37168 1.72003 0
      vertex -1.37168 1.72003 7
    endloop
  endfacet
  facet normal 0.707107 -0.707107 0
    outer loop
      vertex -1.37168 1.72003 0
      vertex -1.72003 1.37168 7
      vertex -1.72003 1.37168 0
    endloop
  endfacet
  facet normal 0.330279 -0.943883 0
    outer loop
      vertex -0.954544 1.98213 0
      vertex -0.489546 2.14484 7
      vertex -0.954544 1.98213 7
    endloop
  endfacet
  facet normal 0.330279 -0.943883 0
    outer loop
      vertex -0.489546 2.14484 7
      vertex -0.954544 1.98213 0
      vertex -0.489546 2.14484 0
    endloop
  endfacet
  facet normal 0.532026 -0.846728 0
    outer loop
      vertex -1.37168 1.72003 0
      vertex -0.954544 1.98213 7
      vertex -1.37168 1.72003 7
    endloop
  endfacet
  facet normal 0.532026 -0.846728 0
    outer loop
      vertex -0.954544 1.98213 7
      vertex -1.37168 1.72003 0
      vertex -0.954544 1.98213 0
    endloop
  endfacet
  facet normal -0.993712 -0.111967 0
    outer loop
      vertex 2.2 0 0
      vertex 2.14484 0.489546 7
      vertex 2.14484 0.489546 0
    endloop
  endfacet
  facet normal -0.993712 -0.111967 0
    outer loop
      vertex 2.14484 0.489546 7
      vertex 2.2 0 0
      vertex 2.2 0 7
    endloop
  endfacet
  facet normal -0.111967 0.993712 0
    outer loop
      vertex 0.489546 -2.14484 0
      vertex 0 -2.2 7
      vertex 0.489546 -2.14484 7
    endloop
  endfacet
  facet normal -0.111967 0.993712 0
    outer loop
      vertex 0 -2.2 7
      vertex 0.489546 -2.14484 0
      vertex 0 -2.2 0
    endloop
  endfacet
  facet normal -0.330279 0.943883 0
    outer loop
      vertex 0.954544 -1.98213 0
      vertex 0.489546 -2.14484 7
      vertex 0.954544 -1.98213 7
    endloop
  endfacet
  facet normal -0.330279 0.943883 0
    outer loop
      vertex 0.489546 -2.14484 7
      vertex 0.954544 -1.98213 0
      vertex 0.489546 -2.14484 0
    endloop
  endfacet
  facet normal -0.532026 0.846728 0
    outer loop
      vertex 1.37168 -1.72003 0
      vertex 0.954544 -1.98213 7
      vertex 1.37168 -1.72003 7
    endloop
  endfacet
  facet normal -0.532026 0.846728 0
    outer loop
      vertex 0.954544 -1.98213 7
      vertex 1.37168 -1.72003 0
      vertex 0.954544 -1.98213 0
    endloop
  endfacet
  facet normal -0.846728 0.532026 0
    outer loop
      vertex 1.72003 -1.37168 0
      vertex 1.98213 -0.954544 7
      vertex 1.98213 -0.954544 0
    endloop
  endfacet
  facet normal -0.846728 0.532026 0
    outer loop
      vertex 1.98213 -0.954544 7
      vertex 1.72003 -1.37168 0
      vertex 1.72003 -1.37168 7
    endloop
  endfacet
  facet normal 0.111967 0.993712 -0
    outer loop
      vertex 0 -2.2 0
      vertex -0.489546 -2.14484 7
      vertex 0 -2.2 7
    endloop
  endfacet
  facet normal 0.111967 0.993712 0
    outer loop
      vertex -0.489546 -2.14484 7
      vertex 0 -2.2 0
      vertex -0.489546 -2.14484 0
    endloop
  endfacet
  facet normal 0.707107 0.707107 0
    outer loop
      vertex -1.37168 -1.72003 7
      vertex -1.72003 -1.37168 0
      vertex -1.72003 -1.37168 7
    endloop
  endfacet
  facet normal 0.707107 0.707107 0
    outer loop
      vertex -1.72003 -1.37168 0
      vertex -1.37168 -1.72003 7
      vertex -1.37168 -1.72003 0
    endloop
  endfacet
  facet normal 0.943883 0.330279 0
    outer loop
      vertex -1.98213 -0.954544 7
      vertex -2.14484 -0.489546 0
      vertex -2.14484 -0.489546 7
    endloop
  endfacet
  facet normal 0.943883 0.330279 0
    outer loop
      vertex -2.14484 -0.489546 0
      vertex -1.98213 -0.954544 7
      vertex -1.98213 -0.954544 0
    endloop
  endfacet
  facet normal -0.943883 -0.330279 0
    outer loop
      vertex 2.14484 0.489546 0
      vertex 1.98213 0.954544 7
      vertex 1.98213 0.954544 0
    endloop
  endfacet
  facet normal -0.943883 -0.330279 0
    outer loop
      vertex 1.98213 0.954544 7
      vertex 2.14484 0.489546 0
      vertex 2.14484 0.489546 7
    endloop
  endfacet
  facet normal -0.707107 0.707107 0
    outer loop
      vertex 1.37168 -1.72003 0
      vertex 1.72003 -1.37168 7
      vertex 1.72003 -1.37168 0
    endloop
  endfacet
  facet normal -0.707107 0.707107 0
    outer loop
      vertex 1.72003 -1.37168 7
      vertex 1.37168 -1.72003 0
      vertex 1.37168 -1.72003 7
    endloop
  endfacet
  facet normal -0.943883 0.330279 0
    outer loop
      vertex 1.98213 -0.954544 0
      vertex 2.14484 -0.489546 7
      vertex 2.14484 -0.489546 0
    endloop
  endfacet
  facet normal -0.943883 0.330279 0
    outer loop
      vertex 2.14484 -0.489546 7
      vertex 1.98213 -0.954544 0
      vertex 1.98213 -0.954544 7
    endloop
  endfacet
  facet normal 0.532026 0.846728 -0
    outer loop
      vertex -0.954544 -1.98213 0
      vertex -1.37168 -1.72003 7
      vertex -0.954544 -1.98213 7
    endloop
  endfacet
  facet normal 0.532026 0.846728 0
    outer loop
      vertex -1.37168 -1.72003 7
      vertex -0.954544 -1.98213 0
      vertex -1.37168 -1.72003 0
    endloop
  endfacet
  facet normal -0.993703 -0.112047 0
    outer loop
      vertex 18.2 0 0
      vertex 18.1448 0.489546 7
      vertex 18.1448 0.489546 0
    endloop
  endfacet
  facet normal -0.993703 -0.112047 0
    outer loop
      vertex 18.1448 0.489546 7
      vertex 18.2 0 0
      vertex 18.2 0 7
    endloop
  endfacet
  facet normal 0.993703 -0.112047 0
    outer loop
      vertex 13.8 0 7
      vertex 13.8552 0.489546 0
      vertex 13.8552 0.489546 7
    endloop
  endfacet
  facet normal 0.993703 -0.112047 0
    outer loop
      vertex 13.8552 0.489546 0
      vertex 13.8 0 7
      vertex 13.8 0 0
    endloop
  endfacet
  facet normal 0.111978 -0.993711 0
    outer loop
      vertex 15.5105 2.14484 0
      vertex 16 2.2 7
      vertex 15.5105 2.14484 7
    endloop
  endfacet
  facet normal 0.111978 -0.993711 0
    outer loop
      vertex 16 2.2 7
      vertex 15.5105 2.14484 0
      vertex 16 2.2 0
    endloop
  endfacet
  facet normal -0.707158 -0.707056 0
    outer loop
      vertex 17.72 1.37168 0
      vertex 17.3717 1.72003 7
      vertex 17.3717 1.72003 0
    endloop
  endfacet
  facet normal -0.707158 -0.707056 0
    outer loop
      vertex 17.3717 1.72003 7
      vertex 17.72 1.37168 0
      vertex 17.72 1.37168 7
    endloop
  endfacet
  facet normal 0.707158 -0.707056 0
    outer loop
      vertex 14.28 1.37168 7
      vertex 14.6283 1.72003 0
      vertex 14.6283 1.72003 7
    endloop
  endfacet
  facet normal 0.707158 -0.707056 0
    outer loop
      vertex 14.6283 1.72003 0
      vertex 14.28 1.37168 7
      vertex 14.28 1.37168 0
    endloop
  endfacet
  facet normal 0.531968 -0.846765 0
    outer loop
      vertex 14.6283 1.72003 0
      vertex 15.0455 1.98213 7
      vertex 14.6283 1.72003 7
    endloop
  endfacet
  facet normal 0.531968 -0.846765 0
    outer loop
      vertex 15.0455 1.98213 7
      vertex 14.6283 1.72003 0
      vertex 15.0455 1.98213 0
    endloop
  endfacet
  facet normal -0.846728 -0.532026 0
    outer loop
      vertex 17.9821 0.954544 0
      vertex 17.72 1.37168 7
      vertex 17.72 1.37168 0
    endloop
  endfacet
  facet normal -0.846728 -0.532026 0
    outer loop
      vertex 17.72 1.37168 7
      vertex 17.9821 0.954544 0
      vertex 17.9821 0.954544 7
    endloop
  endfacet
  facet normal -0.94389 -0.330261 0
    outer loop
      vertex 18.1448 0.489546 0
      vertex 17.9821 0.954544 7
      vertex 17.9821 0.954544 0
    endloop
  endfacet
  facet normal -0.94389 -0.330261 0
    outer loop
      vertex 17.9821 0.954544 7
      vertex 18.1448 0.489546 0
      vertex 18.1448 0.489546 7
    endloop
  endfacet
  facet normal -0.330278 -0.943884 0
    outer loop
      vertex 16.4895 2.14484 0
      vertex 16.9545 1.98213 7
      vertex 16.4895 2.14484 7
    endloop
  endfacet
  facet normal -0.330278 -0.943884 -0
    outer loop
      vertex 16.9545 1.98213 7
      vertex 16.4895 2.14484 0
      vertex 16.9545 1.98213 0
    endloop
  endfacet
  facet normal -0.111978 -0.993711 0
    outer loop
      vertex 16 2.2 0
      vertex 16.4895 2.14484 7
      vertex 16 2.2 7
    endloop
  endfacet
  facet normal -0.111978 -0.993711 -0
    outer loop
      vertex 16.4895 2.14484 7
      vertex 16 2.2 0
      vertex 16.4895 2.14484 0
    endloop
  endfacet
  facet normal -0.531968 -0.846765 0
    outer loop
      vertex 16.9545 1.98213 0
      vertex 17.3717 1.72003 7
      vertex 16.9545 1.98213 7
    endloop
  endfacet
  facet normal -0.531968 -0.846765 -0
    outer loop
      vertex 17.3717 1.72003 7
      vertex 16.9545 1.98213 0
      vertex 17.3717 1.72003 0
    endloop
  endfacet
  facet normal 0.846728 -0.532026 0
    outer loop
      vertex 14.0179 0.954544 7
      vertex 14.28 1.37168 0
      vertex 14.28 1.37168 7
    endloop
  endfacet
  facet normal 0.846728 -0.532026 0
    outer loop
      vertex 14.28 1.37168 0
      vertex 14.0179 0.954544 7
      vertex 14.0179 0.954544 0
    endloop
  endfacet
  facet normal 0.94389 -0.330261 0
    outer loop
      vertex 13.8552 0.489546 7
      vertex 14.0179 0.954544 0
      vertex 14.0179 0.954544 7
    endloop
  endfacet
  facet normal 0.94389 -0.330261 0
    outer loop
      vertex 14.0179 0.954544 0
      vertex 13.8552 0.489546 7
      vertex 13.8552 0.489546 0
    endloop
  endfacet
  facet normal 0.330278 -0.943884 0
    outer loop
      vertex 15.0455 1.98213 0
      vertex 15.5105 2.14484 7
      vertex 15.0455 1.98213 7
    endloop
  endfacet
  facet normal 0.330278 -0.943884 0
    outer loop
      vertex 15.5105 2.14484 7
      vertex 15.0455 1.98213 0
      vertex 15.5105 2.14484 0
    endloop
  endfacet
  facet normal -0.111978 0.993711 0
    outer loop
      vertex 16.4895 -2.14484 0
      vertex 16 -2.2 7
      vertex 16.4895 -2.14484 7
    endloop
  endfacet
  facet normal -0.111978 0.993711 0
    outer loop
      vertex 16 -2.2 7
      vertex 16.4895 -2.14484 0
      vertex 16 -2.2 0
    endloop
  endfacet
  facet normal -0.531968 0.846765 0
    outer loop
      vertex 17.3717 -1.72003 0
      vertex 16.9545 -1.98213 7
      vertex 17.3717 -1.72003 7
    endloop
  endfacet
  facet normal -0.531968 0.846765 0
    outer loop
      vertex 16.9545 -1.98213 7
      vertex 17.3717 -1.72003 0
      vertex 16.9545 -1.98213 0
    endloop
  endfacet
  facet normal 0.531968 0.846765 -0
    outer loop
      vertex 15.0455 -1.98213 0
      vertex 14.6283 -1.72003 7
      vertex 15.0455 -1.98213 7
    endloop
  endfacet
  facet normal 0.531968 0.846765 0
    outer loop
      vertex 14.6283 -1.72003 7
      vertex 15.0455 -1.98213 0
      vertex 14.6283 -1.72003 0
    endloop
  endfacet
  facet normal 0.111978 0.993711 -0
    outer loop
      vertex 16 -2.2 0
      vertex 15.5105 -2.14484 7
      vertex 16 -2.2 7
    endloop
  endfacet
  facet normal 0.111978 0.993711 0
    outer loop
      vertex 15.5105 -2.14484 7
      vertex 16 -2.2 0
      vertex 15.5105 -2.14484 0
    endloop
  endfacet
  facet normal 0.846728 0.532026 0
    outer loop
      vertex 14.28 -1.37168 7
      vertex 14.0179 -0.954544 0
      vertex 14.0179 -0.954544 7
    endloop
  endfacet
  facet normal 0.846728 0.532026 0
    outer loop
      vertex 14.0179 -0.954544 0
      vertex 14.28 -1.37168 7
      vertex 14.28 -1.37168 0
    endloop
  endfacet
  facet normal 0.993703 0.112047 0
    outer loop
      vertex 13.8552 -0.489546 7
      vertex 13.8 0 0
      vertex 13.8 0 7
    endloop
  endfacet
  facet normal 0.993703 0.112047 0
    outer loop
      vertex 13.8 0 0
      vertex 13.8552 -0.489546 7
      vertex 13.8552 -0.489546 0
    endloop
  endfacet
  facet normal -0.330278 0.943884 0
    outer loop
      vertex 16.9545 -1.98213 0
      vertex 16.4895 -2.14484 7
      vertex 16.9545 -1.98213 7
    endloop
  endfacet
  facet normal -0.330278 0.943884 0
    outer loop
      vertex 16.4895 -2.14484 7
      vertex 16.9545 -1.98213 0
      vertex 16.4895 -2.14484 0
    endloop
  endfacet
  facet normal -0.707158 0.707056 0
    outer loop
      vertex 17.3717 -1.72003 0
      vertex 17.72 -1.37168 7
      vertex 17.72 -1.37168 0
    endloop
  endfacet
  facet normal -0.707158 0.707056 0
    outer loop
      vertex 17.72 -1.37168 7
      vertex 17.3717 -1.72003 0
      vertex 17.3717 -1.72003 7
    endloop
  endfacet
  facet normal -0.94389 0.330261 0
    outer loop
      vertex 17.9821 -0.954544 0
      vertex 18.1448 -0.489546 7
      vertex 18.1448 -0.489546 0
    endloop
  endfacet
  facet normal -0.94389 0.330261 0
    outer loop
      vertex 18.1448 -0.489546 7
      vertex 17.9821 -0.954544 0
      vertex 17.9821 -0.954544 7
    endloop
  endfacet
  facet normal -0.846728 0.532026 0
    outer loop
      vertex 17.72 -1.37168 0
      vertex 17.9821 -0.954544 7
      vertex 17.9821 -0.954544 0
    endloop
  endfacet
  facet normal -0.846728 0.532026 0
    outer loop
      vertex 17.9821 -0.954544 7
      vertex 17.72 -1.37168 0
      vertex 17.72 -1.37168 7
    endloop
  endfacet
  facet normal -0.993703 0.112047 0
    outer loop
      vertex 18.1448 -0.489546 0
      vertex 18.2 0 7
      vertex 18.2 0 0
    endloop
  endfacet
  facet normal -0.993703 0.112047 0
    outer loop
      vertex 18.2 0 7
      vertex 18.1448 -0.489546 0
      vertex 18.1448 -0.489546 7
    endloop
  endfacet
  facet normal 0.330278 0.943884 -0
    outer loop
      vertex 15.5105 -2.14484 0
      vertex 15.0455 -1.98213 7
      vertex 15.5105 -2.14484 7
    endloop
  endfacet
  facet normal 0.330278 0.943884 0
    outer loop
      vertex 15.0455 -1.98213 7
      vertex 15.5105 -2.14484 0
      vertex 15.0455 -1.98213 0
    endloop
  endfacet
  facet normal 0.707158 0.707056 0
    outer loop
      vertex 14.6283 -1.72003 7
      vertex 14.28 -1.37168 0
      vertex 14.28 -1.37168 7
    endloop
  endfacet
  facet normal 0.707158 0.707056 0
    outer loop
      vertex 14.28 -1.37168 0
      vertex 14.6283 -1.72003 7
      vertex 14.6283 -1.72003 0
    endloop
  endfacet
  facet normal 0.94389 0.330261 0
    outer loop
      vertex 14.0179 -0.954544 7
      vertex 13.8552 -0.489546 0
      vertex 13.8552 -0.489546 7
    endloop
  endfacet
  facet normal 0.94389 0.330261 0
    outer loop
      vertex 13.8552 -0.489546 0
      vertex 14.0179 -0.954544 7
      vertex 14.0179 -0.954544 0
    endloop
  endfacet
  facet normal -0.968936 0.247312 0
    outer loop
      vertex -6.84003 1.48796 0
      vertex -6.71645 1.97213 7
      vertex -6.71645 1.97213 0
    endloop
  endfacet
  facet normal -0.968936 0.247312 0
    outer loop
      vertex -6.71645 1.97213 7
      vertex -6.84003 1.48796 0
      vertex -6.84003 1.48796 7
    endloop
  endfacet
  facet normal -0.035702 -0.999362 0
    outer loop
      vertex -0.499373 -6.98216 0
      vertex 0 -7 7
      vertex -0.499373 -6.98216 7
    endloop
  endfacet
  facet normal -0.035702 -0.999362 -0
    outer loop
      vertex 0 -7 7
      vertex -0.499373 -6.98216 0
      vertex 0 -7 0
    endloop
  endfacet
  facet normal 0.681441 -0.731873 0
    outer loop
      vertex 20.584 -5.29025 0
      vertex 20.9497 -4.94975 7
      vertex 20.584 -5.29025 7
    endloop
  endfacet
  facet normal 0.681441 -0.731873 0
    outer loop
      vertex 20.9497 -4.94975 7
      vertex 20.584 -5.29025 0
      vertex 20.9497 -4.94975 0
    endloop
  endfacet
  facet normal 0.0357001 0.999363 -0
    outer loop
      vertex 16.4994 6.98216 0
      vertex 16 7 7
      vertex 16.4994 6.98216 7
    endloop
  endfacet
  facet normal 0.0357001 0.999363 0
    outer loop
      vertex 16 7 7
      vertex 16.4994 6.98216 0
      vertex 16 7 0
    endloop
  endfacet
  facet normal 0.859994 -0.510305 0
    outer loop
      vertex 21.8888 -3.78448 7
      vertex 22.1438 -3.35474 0
      vertex 22.1438 -3.35474 7
    endloop
  endfacet
  facet normal 0.859994 -0.510305 0
    outer loop
      vertex 22.1438 -3.35474 0
      vertex 21.8888 -3.78448 7
      vertex 21.8888 -3.78448 0
    endloop
  endfacet
  facet normal -0.035702 0.999362 0
    outer loop
      vertex 0 7 0
      vertex -0.499373 6.98216 7
      vertex 0 7 7
    endloop
  endfacet
  facet normal -0.035702 0.999362 0
    outer loop
      vertex -0.499373 6.98216 7
      vertex 0 7 0
      vertex -0.499373 6.98216 0
    endloop
  endfacet
  facet normal 0 1 -0
    outer loop
      vertex 16 7 0
      vertex 0 7 7
      vertex 16 7 7
    endloop
  endfacet
  facet normal 0 1 0
    outer loop
      vertex 0 7 7
      vertex 16 7 0
      vertex 0 7 0
    endloop
  endfacet
  facet normal -0.570313 0.821428 0
    outer loop
      vertex -3.78448 5.88877 0
      vertex -4.19494 5.60379 7
      vertex -3.78448 5.88877 7
    endloop
  endfacet
  facet normal -0.570313 0.821428 0
    outer loop
      vertex -4.19494 5.60379 7
      vertex -3.78448 5.88877 0
      vertex -4.19494 5.60379 0
    endloop
  endfacet
  facet normal -0.177548 0.984112 0
    outer loop
      vertex -0.996203 6.92875 0
      vertex -1.48796 6.84003 7
      vertex -0.996203 6.92875 7
    endloop
  endfacet
  facet normal -0.177548 0.984112 0
    outer loop
      vertex -1.48796 6.84003 7
      vertex -0.996203 6.92875 0
      vertex -1.48796 6.84003 0
    endloop
  endfacet
  facet normal -0.778642 -0.627468 0
    outer loop
      vertex -5.29025 -4.58402 0
      vertex -5.60379 -4.19494 7
      vertex -5.60379 -4.19494 0
    endloop
  endfacet
  facet normal -0.778642 -0.627468 0
    outer loop
      vertex -5.60379 -4.19494 7
      vertex -5.29025 -4.58402 0
      vertex -5.29025 -4.58402 7
    endloop
  endfacet
  facet normal -0.106886 -0.994271 0
    outer loop
      vertex -0.996203 -6.92875 0
      vertex -0.499373 -6.98216 7
      vertex -0.996203 -6.92875 7
    endloop
  endfacet
  facet normal -0.106886 -0.994271 -0
    outer loop
      vertex -0.499373 -6.98216 7
      vertex -0.996203 -6.92875 0
      vertex -0.499373 -6.98216 0
    endloop
  endfacet
  facet normal 0.627449 -0.778658 0
    outer loop
      vertex 20.1949 -5.60379 0
      vertex 20.584 -5.29025 7
      vertex 20.1949 -5.60379 7
    endloop
  endfacet
  facet normal 0.627449 -0.778658 0
    outer loop
      vertex 20.584 -5.29025 7
      vertex 20.1949 -5.60379 0
      vertex 20.584 -5.29025 0
    endloop
  endfacet
  facet normal 0.447646 -0.894211 0
    outer loop
      vertex 18.9079 -6.36742 0
      vertex 19.3547 -6.14375 7
      vertex 18.9079 -6.36742 7
    endloop
  endfacet
  facet normal 0.447646 -0.894211 0
    outer loop
      vertex 19.3547 -6.14375 7
      vertex 18.9079 -6.36742 0
      vertex 19.3547 -6.14375 0
    endloop
  endfacet
  facet normal 0.570369 0.821389 -0
    outer loop
      vertex 20.1949 5.60379 0
      vertex 19.7845 5.88877 7
      vertex 20.1949 5.60379 7
    endloop
  endfacet
  facet normal 0.570369 0.821389 0
    outer loop
      vertex 19.7845 5.88877 7
      vertex 20.1949 5.60379 0
      vertex 19.7845 5.88877 0
    endloop
  endfacet
  facet normal 0.247346 0.968927 -0
    outer loop
      vertex 17.9721 6.71645 0
      vertex 17.488 6.84003 7
      vertex 17.9721 6.71645 7
    endloop
  endfacet
  facet normal 0.247346 0.968927 0
    outer loop
      vertex 17.488 6.84003 7
      vertex 17.9721 6.71645 0
      vertex 17.488 6.84003 0
    endloop
  endfacet
  facet normal 0.315807 0.948823 -0
    outer loop
      vertex 18.4462 6.55865 0
      vertex 17.9721 6.71645 7
      vertex 18.4462 6.55865 7
    endloop
  endfacet
  facet normal 0.315807 0.948823 0
    outer loop
      vertex 17.9721 6.71645 7
      vertex 18.4462 6.55865 0
      vertex 17.9721 6.71645 0
    endloop
  endfacet
  facet normal -0.315795 0.948827 0
    outer loop
      vertex -1.97213 6.71645 0
      vertex -2.44625 6.55865 7
      vertex -1.97213 6.71645 7
    endloop
  endfacet
  facet normal -0.315795 0.948827 0
    outer loop
      vertex -2.44625 6.55865 7
      vertex -1.97213 6.71645 0
      vertex -2.44625 6.55865 0
    endloop
  endfacet
  facet normal -0.106886 0.994271 0
    outer loop
      vertex -0.499373 6.98216 0
      vertex -0.996203 6.92875 7
      vertex -0.499373 6.98216 7
    endloop
  endfacet
  facet normal -0.106886 0.994271 0
    outer loop
      vertex -0.996203 6.92875 7
      vertex -0.499373 6.98216 0
      vertex -0.996203 6.92875 0
    endloop
  endfacet
  facet normal -0.923874 0.382698 0
    outer loop
      vertex -6.55865 2.44625 0
      vertex -6.36742 2.9079 7
      vertex -6.36742 2.9079 0
    endloop
  endfacet
  facet normal -0.923874 0.382698 0
    outer loop
      vertex -6.36742 2.9079 7
      vertex -6.55865 2.44625 0
      vertex -6.55865 2.44625 7
    endloop
  endfacet
  facet normal -0.570313 -0.821428 0
    outer loop
      vertex -4.19494 -5.60379 0
      vertex -3.78448 -5.88877 7
      vertex -4.19494 -5.60379 7
    endloop
  endfacet
  facet normal -0.570313 -0.821428 -0
    outer loop
      vertex -3.78448 -5.88877 7
      vertex -4.19494 -5.60379 0
      vertex -3.78448 -5.88877 0
    endloop
  endfacet
  facet normal -0.177548 -0.984112 0
    outer loop
      vertex -1.48796 -6.84003 0
      vertex -0.996203 -6.92875 7
      vertex -1.48796 -6.84003 7
    endloop
  endfacet
  facet normal -0.177548 -0.984112 -0
    outer loop
      vertex -0.996203 -6.92875 7
      vertex -1.48796 -6.84003 0
      vertex -0.996203 -6.92875 0
    endloop
  endfacet
  facet normal -0.382698 -0.923874 0
    outer loop
      vertex -2.9079 -6.36742 0
      vertex -2.44625 -6.55865 7
      vertex -2.9079 -6.36742 7
    endloop
  endfacet
  facet normal -0.382698 -0.923874 -0
    outer loop
      vertex -2.44625 -6.55865 7
      vertex -2.9079 -6.36742 0
      vertex -2.44625 -6.55865 0
    endloop
  endfacet
  facet normal -0.447614 -0.894227 0
    outer loop
      vertex -3.35474 -6.14375 0
      vertex -2.9079 -6.36742 7
      vertex -3.35474 -6.14375 7
    endloop
  endfacet
  facet normal -0.447614 -0.894227 -0
    outer loop
      vertex -2.9079 -6.36742 7
      vertex -3.35474 -6.14375 0
      vertex -2.9079 -6.36742 0
    endloop
  endfacet
  facet normal 0 -1 0
    outer loop
      vertex 0 -7 0
      vertex 16 -7 7
      vertex 0 -7 7
    endloop
  endfacet
  facet normal 0 -1 -0
    outer loop
      vertex 16 -7 7
      vertex 0 -7 0
      vertex 16 -7 0
    endloop
  endfacet
  facet normal 0.106892 -0.994271 0
    outer loop
      vertex 16.4994 -6.98216 0
      vertex 16.9962 -6.92875 7
      vertex 16.4994 -6.98216 7
    endloop
  endfacet
  facet normal 0.106892 -0.994271 0
    outer loop
      vertex 16.9962 -6.92875 7
      vertex 16.4994 -6.98216 0
      vertex 16.9962 -6.92875 0
    endloop
  endfacet
  facet normal 0.0357001 -0.999363 0
    outer loop
      vertex 16 -7 0
      vertex 16.4994 -6.98216 7
      vertex 16 -7 7
    endloop
  endfacet
  facet normal 0.0357001 -0.999363 0
    outer loop
      vertex 16.4994 -6.98216 7
      vertex 16 -7 0
      vertex 16.4994 -6.98216 0
    endloop
  endfacet
  facet normal 0.177533 -0.984115 0
    outer loop
      vertex 16.9962 -6.92875 0
      vertex 17.488 -6.84003 7
      vertex 16.9962 -6.92875 7
    endloop
  endfacet
  facet normal 0.177533 -0.984115 0
    outer loop
      vertex 17.488 -6.84003 7
      vertex 16.9962 -6.92875 0
      vertex 17.488 -6.84003 0
    endloop
  endfacet
  facet normal 0.570369 -0.821389 0
    outer loop
      vertex 19.7845 -5.88877 0
      vertex 20.1949 -5.60379 7
      vertex 19.7845 -5.88877 7
    endloop
  endfacet
  facet normal 0.570369 -0.821389 0
    outer loop
      vertex 20.1949 -5.60379 7
      vertex 19.7845 -5.88877 0
      vertex 20.1949 -5.60379 0
    endloop
  endfacet
  facet normal 0.382662 -0.923888 0
    outer loop
      vertex 18.4462 -6.55865 0
      vertex 18.9079 -6.36742 7
      vertex 18.4462 -6.55865 7
    endloop
  endfacet
  facet normal 0.382662 -0.923888 0
    outer loop
      vertex 18.9079 -6.36742 7
      vertex 18.4462 -6.55865 0
      vertex 18.9079 -6.36742 0
    endloop
  endfacet
  facet normal 0.315807 -0.948823 0
    outer loop
      vertex 17.9721 -6.71645 0
      vertex 18.4462 -6.55865 7
      vertex 17.9721 -6.71645 7
    endloop
  endfacet
  facet normal 0.315807 -0.948823 0
    outer loop
      vertex 18.4462 -6.55865 7
      vertex 17.9721 -6.71645 0
      vertex 18.4462 -6.55865 0
    endloop
  endfacet
  facet normal 0.778583 -0.627541 0
    outer loop
      vertex 21.2902 -4.58402 7
      vertex 21.6038 -4.19494 0
      vertex 21.6038 -4.19494 7
    endloop
  endfacet
  facet normal 0.778583 -0.627541 0
    outer loop
      vertex 21.6038 -4.19494 0
      vertex 21.2902 -4.58402 7
      vertex 21.2902 -4.58402 0
    endloop
  endfacet
  facet normal 0.821409 -0.57034 0
    outer loop
      vertex 21.6038 -4.19494 7
      vertex 21.8888 -3.78448 0
      vertex 21.8888 -3.78448 7
    endloop
  endfacet
  facet normal 0.821409 -0.57034 0
    outer loop
      vertex 21.8888 -3.78448 0
      vertex 21.6038 -4.19494 7
      vertex 21.6038 -4.19494 0
    endloop
  endfacet
  facet normal 0.894283 -0.447502 0
    outer loop
      vertex 22.1438 -3.35474 7
      vertex 22.3674 -2.9079 0
      vertex 22.3674 -2.9079 7
    endloop
  endfacet
  facet normal 0.894283 -0.447502 0
    outer loop
      vertex 22.3674 -2.9079 0
      vertex 22.1438 -3.35474 7
      vertex 22.1438 -3.35474 0
    endloop
  endfacet
  facet normal 0.984119 -0.177509 0
    outer loop
      vertex 22.84 -1.48796 7
      vertex 22.9287 -0.996203 0
      vertex 22.9287 -0.996203 7
    endloop
  endfacet
  facet normal 0.984119 -0.177509 0
    outer loop
      vertex 22.9287 -0.996203 0
      vertex 22.84 -1.48796 7
      vertex 22.84 -1.48796 0
    endloop
  endfacet
  facet normal 0.999365 0.0356221 0
    outer loop
      vertex 23 0 7
      vertex 22.9822 0.499373 0
      vertex 22.9822 0.499373 7
    endloop
  endfacet
  facet normal 0.999365 0.0356221 0
    outer loop
      vertex 22.9822 0.499373 0
      vertex 23 0 7
      vertex 23 0 0
    endloop
  endfacet
  facet normal 0.923895 0.382646 0
    outer loop
      vertex 22.5586 2.44625 7
      vertex 22.3674 2.9079 0
      vertex 22.3674 2.9079 7
    endloop
  endfacet
  facet normal 0.923895 0.382646 0
    outer loop
      vertex 22.3674 2.9079 0
      vertex 22.5586 2.44625 7
      vertex 22.5586 2.44625 0
    endloop
  endfacet
  facet normal 0.177533 0.984115 -0
    outer loop
      vertex 17.488 6.84003 0
      vertex 16.9962 6.92875 7
      vertex 17.488 6.84003 7
    endloop
  endfacet
  facet normal 0.177533 0.984115 0
    outer loop
      vertex 16.9962 6.92875 7
      vertex 17.488 6.84003 0
      vertex 16.9962 6.92875 0
    endloop
  endfacet
  facet normal -0.247312 0.968936 0
    outer loop
      vertex -1.48796 6.84003 0
      vertex -1.97213 6.71645 7
      vertex -1.48796 6.84003 7
    endloop
  endfacet
  facet normal -0.247312 0.968936 0
    outer loop
      vertex -1.97213 6.71645 7
      vertex -1.48796 6.84003 0
      vertex -1.97213 6.71645 0
    endloop
  endfacet
  facet normal -0.510275 0.860011 0
    outer loop
      vertex -3.35474 6.14375 0
      vertex -3.78448 5.88877 7
      vertex -3.35474 6.14375 7
    endloop
  endfacet
  facet normal -0.510275 0.860011 0
    outer loop
      vertex -3.78448 5.88877 7
      vertex -3.35474 6.14375 0
      vertex -3.78448 5.88877 0
    endloop
  endfacet
  facet normal -0.894227 0.447614 0
    outer loop
      vertex -6.36742 2.9079 0
      vertex -6.14375 3.35474 7
      vertex -6.14375 3.35474 0
    endloop
  endfacet
  facet normal -0.894227 0.447614 0
    outer loop
      vertex -6.14375 3.35474 7
      vertex -6.36742 2.9079 0
      vertex -6.36742 2.9079 7
    endloop
  endfacet
  facet normal -0.948827 0.315795 0
    outer loop
      vertex -6.71645 1.97213 0
      vertex -6.55865 2.44625 7
      vertex -6.55865 2.44625 0
    endloop
  endfacet
  facet normal -0.948827 0.315795 0
    outer loop
      vertex -6.55865 2.44625 7
      vertex -6.71645 1.97213 0
      vertex -6.71645 1.97213 7
    endloop
  endfacet
  facet normal -0.984112 0.177548 0
    outer loop
      vertex -6.92875 0.996203 0
      vertex -6.84003 1.48796 7
      vertex -6.84003 1.48796 0
    endloop
  endfacet
  facet normal -0.984112 0.177548 0
    outer loop
      vertex -6.84003 1.48796 7
      vertex -6.92875 0.996203 0
      vertex -6.92875 0.996203 7
    endloop
  endfacet
  facet normal 0 0 -1
    outer loop
      vertex 18.2 0 0
      vertex 23 0 0
      vertex 22.9822 -0.499373 0
    endloop
  endfacet
  facet normal 0 0 -1
    outer loop
      vertex 18.2 0 0
      vertex 22.9822 -0.499373 0
      vertex 22.9287 -0.996203 0
    endloop
  endfacet
  facet normal 0 0 -1
    outer loop
      vertex 23 0 0
      vertex 18.2 0 0
      vertex 22.9822 0.499373 0
    endloop
  endfacet
  facet normal 0 0 -1
    outer loop
      vertex 18.1448 -0.489546 0
      vertex 22.9287 -0.996203 0
      vertex 22.84 -1.48796 0
    endloop
  endfacet
  facet normal -0 0 -1
    outer loop
      vertex 22.9822 0.499373 0
      vertex 18.2 0 0
      vertex 22.9287 0.996203 0
    endloop
  endfacet
  facet normal 0 0 -1
    outer loop
      vertex 18.1448 -0.489546 0
      vertex 22.84 -1.48796 0
      vertex 22.7164 -1.97213 0
    endloop
  endfacet
  facet normal 0 0 -1
    outer loop
      vertex 18.1448 0.489546 0
      vertex 22.9287 0.996203 0
      vertex 18.2 0 0
    endloop
  endfacet
  facet normal 0 0 -1
    outer loop
      vertex 18.1448 -0.489546 0
      vertex 22.7164 -1.97213 0
      vertex 22.5586 -2.44625 0
    endloop
  endfacet
  facet normal -0 0 -1
    outer loop
      vertex 22.9287 0.996203 0
      vertex 18.1448 0.489546 0
      vertex 22.84 1.48796 0
    endloop
  endfacet
  facet normal 0 0 -1
    outer loop
      vertex 17.9821 -0.954544 0
      vertex 22.5586 -2.44625 0
      vertex 22.3674 -2.9079 0
    endloop
  endfacet
  facet normal -0 0 -1
    outer loop
      vertex 22.84 1.48796 0
      vertex 18.1448 0.489546 0
      vertex 22.7164 1.97213 0
    endloop
  endfacet
  facet normal 0 0 -1
    outer loop
      vertex 17.9821 -0.954544 0
      vertex 22.3674 -2.9079 0
      vertex 22.1438 -3.35474 0
    endloop
  endfacet
  facet normal -0 0 -1
    outer loop
      vertex 22.7164 1.97213 0
      vertex 18.1448 0.489546 0
      vertex 22.5586 2.44625 0
    endloop
  endfacet
  facet normal 0 0 -1
    outer loop
      vertex 17.9821 -0.954544 0
      vertex 22.1438 -3.35474 0
      vertex 21.8888 -3.78448 0
    endloop
  endfacet
  facet normal 0 0 -1
    outer loop
      vertex 17.9821 0.954544 0
      vertex 22.5586 2.44625 0
      vertex 18.1448 0.489546 0
    endloop
  endfacet
  facet normal 0 0 -1
    outer loop
      vertex 17.72 -1.37168 0
      vertex 21.8888 -3.78448 0
      vertex 21.6038 -4.19494 0
    endloop
  endfacet
  facet normal -0 0 -1
    outer loop
      vertex 22.5586 2.44625 0
      vertex 17.9821 0.954544 0
      vertex 22.3674 2.9079 0
    endloop
  endfacet
  facet normal 0 0 -1
    outer loop
      vertex 17.72 -1.37168 0
      vertex 21.6038 -4.19494 0
      vertex 21.2902 -4.58402 0
    endloop
  endfacet
  facet normal -0 0 -1
    outer loop
      vertex 22.3674 2.9079 0
      vertex 17.9821 0.954544 0
      vertex 22.1438 3.35474 0
    endloop
  endfacet
  facet normal 0 0 -1
    outer loop
      vertex 17.72 -1.37168 0
      vertex 21.2902 -4.58402 0
      vertex 20.9497 -4.94975 0
    endloop
  endfacet
  facet normal -0 0 -1
    outer loop
      vertex 22.1438 3.35474 0
      vertex 17.9821 0.954544 0
      vertex 21.8888 3.78448 0
    endloop
  endfacet
  facet normal 0 0 -1
    outer loop
      vertex 17.3717 -1.72003 0
      vertex 20.9497 -4.94975 0
      vertex 20.584 -5.29025 0
    endloop
  endfacet
  facet normal 0 0 -1
    outer loop
      vertex 17.72 1.37168 0
      vertex 21.8888 3.78448 0
      vertex 17.9821 0.954544 0
    endloop
  endfacet
  facet normal 0 0 -1
    outer loop
      vertex 17.3717 -1.72003 0
      vertex 20.584 -5.29025 0
      vertex 20.1949 -5.60379 0
    endloop
  endfacet
  facet normal -0 0 -1
    outer loop
      vertex 21.8888 3.78448 0
      vertex 17.72 1.37168 0
      vertex 21.6038 4.19494 0
    endloop
  endfacet
  facet normal 0 0 -1
    outer loop
      vertex 17.3717 -1.72003 0
      vertex 20.1949 -5.60379 0
      vertex 19.7845 -5.88877 0
    endloop
  endfacet
  facet normal -0 0 -1
    outer loop
      vertex 21.6038 4.19494 0
      vertex 17.72 1.37168 0
      vertex 21.2902 4.58402 0
    endloop
  endfacet
  facet normal 0 0 -1
    outer loop
      vertex 16.9545 -1.98213 0
      vertex 19.7845 -5.88877 0
      vertex 19.3547 -6.14375 0
    endloop
  endfacet
  facet normal -0 0 -1
    outer loop
      vertex 21.2902 4.58402 0
      vertex 17.72 1.37168 0
      vertex 20.9497 4.94975 0
    endloop
  endfacet
  facet normal 0 0 -1
    outer loop
      vertex 16.9545 -1.98213 0
      vertex 19.3547 -6.14375 0
      vertex 18.9079 -6.36742 0
    endloop
  endfacet
  facet normal 0 0 -1
    outer loop
      vertex 17.3717 1.72003 0
      vertex 20.9497 4.94975 0
      vertex 17.72 1.37168 0
    endloop
  endfacet
  facet normal 0 0 -1
    outer loop
      vertex 16.9545 -1.98213 0
      vertex 18.9079 -6.36742 0
      vertex 18.4462 -6.55865 0
    endloop
  endfacet
  facet normal -0 0 -1
    outer loop
      vertex 20.9497 4.94975 0
      vertex 17.3717 1.72003 0
      vertex 20.584 5.29025 0
    endloop
  endfacet
  facet normal -0 0 -1
    outer loop
      vertex 20.584 5.29025 0
      vertex 17.3717 1.72003 0
      vertex 20.1949 5.60379 0
    endloop
  endfacet
  facet normal 0 0 -1
    outer loop
      vertex 22.9287 -0.996203 0
      vertex 18.1448 -0.489546 0
      vertex 18.2 0 0
    endloop
  endfacet
  facet normal 0 0 -1
    outer loop
      vertex 22.5586 -2.44625 0
      vertex 17.9821 -0.954544 0
      vertex 18.1448 -0.489546 0
    endloop
  endfacet
  facet normal 0 0 -1
    outer loop
      vertex 16.4895 -2.14484 0
      vertex 18.4462 -6.55865 0
      vertex 17.9721 -6.71645 0
    endloop
  endfacet
  facet normal 0 0 -1
    outer loop
      vertex 21.8888 -3.78448 0
      vertex 17.72 -1.37168 0
      vertex 17.9821 -0.954544 0
    endloop
  endfacet
  facet normal 0 0 -1
    outer loop
      vertex 16.4895 -2.14484 0
      vertex 17.9721 -6.71645 0
      vertex 17.488 -6.84003 0
    endloop
  endfacet
  facet normal 0 0 -1
    outer loop
      vertex 20.9497 -4.94975 0
      vertex 17.3717 -1.72003 0
      vertex 17.72 -1.37168 0
    endloop
  endfacet
  facet normal 0 0 -1
    outer loop
      vertex 16.4895 -2.14484 0
      vertex 17.488 -6.84003 0
      vertex 16.9962 -6.92875 0
    endloop
  endfacet
  facet normal 0 0 -1
    outer loop
      vertex 19.7845 -5.88877 0
      vertex 16.9545 -1.98213 0
      vertex 17.3717 -1.72003 0
    endloop
  endfacet
  facet normal 0 0 -1
    outer loop
      vertex 16.4895 -2.14484 0
      vertex 16.9962 -6.92875 0
      vertex 16.4994 -6.98216 0
    endloop
  endfacet
  facet normal 0 0 -1
    outer loop
      vertex 18.4462 -6.55865 0
      vertex 16.4895 -2.14484 0
      vertex 16.9545 -1.98213 0
    endloop
  endfacet
  facet normal 0 0 -1
    outer loop
      vertex 16 -2.2 0
      vertex 16.4994 -6.98216 0
      vertex 16 -7 0
    endloop
  endfacet
  facet normal 0 0 -1
    outer loop
      vertex 16.4994 -6.98216 0
      vertex 16 -2.2 0
      vertex 16.4895 -2.14484 0
    endloop
  endfacet
  facet normal 0 0 -1
    outer loop
      vertex 16 -7 0
      vertex 15.5105 -2.14484 0
      vertex 16 -2.2 0
    endloop
  endfacet
  facet normal 0 0 -1
    outer loop
      vertex 16 -7 0
      vertex 15.0455 -1.98213 0
      vertex 15.5105 -2.14484 0
    endloop
  endfacet
  facet normal 0 0 -1
    outer loop
      vertex 16 -7 0
      vertex 14.6283 -1.72003 0
      vertex 15.0455 -1.98213 0
    endloop
  endfacet
  facet normal 0 0 -1
    outer loop
      vertex 16 -7 0
      vertex 14.28 -1.37168 0
      vertex 14.6283 -1.72003 0
    endloop
  endfacet
  facet normal 0 0 -1
    outer loop
      vertex 1.72003 -1.37168 0
      vertex 14.28 -1.37168 0
      vertex 16 -7 0
    endloop
  endfacet
  facet normal 0 0 -1
    outer loop
      vertex 14.28 -1.37168 0
      vertex 1.72003 -1.37168 0
      vertex 14.0179 -0.954544 0
    endloop
  endfacet
  facet normal 0 0 -1
    outer loop
      vertex 13.8552 -0.489546 0
      vertex 2.2 0 0
      vertex 13.8 0 0
    endloop
  endfacet
  facet normal 0 -0 -1
    outer loop
      vertex 1.98213 -0.954544 0
      vertex 14.0179 -0.954544 0
      vertex 1.72003 -1.37168 0
    endloop
  endfacet
  facet normal 0 0 -1
    outer loop
      vertex 13.8552 -0.489546 0
      vertex 2.14484 -0.489546 0
      vertex 2.2 0 0
    endloop
  endfacet
  facet normal -0 0 -1
    outer loop
      vertex 13.8552 -0.489546 0
      vertex 1.98213 -0.954544 0
      vertex 2.14484 -0.489546 0
    endloop
  endfacet
  facet normal 0 0 -1
    outer loop
      vertex 14.0179 -0.954544 0
      vertex 1.98213 -0.954544 0
      vertex 13.8552 -0.489546 0
    endloop
  endfacet
  facet normal 0 0 -1
    outer loop
      vertex 0 -7 0
      vertex 1.72003 -1.37168 0
      vertex 16 -7 0
    endloop
  endfacet
  facet normal 0 0 -1
    outer loop
      vertex 1.72003 -1.37168 0
      vertex 0 -7 0
      vertex 1.37168 -1.72003 0
    endloop
  endfacet
  facet normal 0 0 -1
    outer loop
      vertex 1.37168 -1.72003 0
      vertex 0 -7 0
      vertex 0.954544 -1.98213 0
    endloop
  endfacet
  facet normal 0 0 -1
    outer loop
      vertex 0.954544 -1.98213 0
      vertex 0 -7 0
      vertex 0.489546 -2.14484 0
    endloop
  endfacet
  facet normal 0 0 -1
    outer loop
      vertex 0 -7 0
      vertex 0 -2.2 0
      vertex 0.489546 -2.14484 0
    endloop
  endfacet
  facet normal 0 0 -1
    outer loop
      vertex -0.499373 -6.98216 0
      vertex 0 -2.2 0
      vertex 0 -7 0
    endloop
  endfacet
  facet normal -0 0 -1
    outer loop
      vertex 0 -2.2 0
      vertex -0.499373 -6.98216 0
      vertex -0.489546 -2.14484 0
    endloop
  endfacet
  facet normal 0 0 -1
    outer loop
      vertex -0.996203 -6.92875 0
      vertex -0.489546 -2.14484 0
      vertex -0.499373 -6.98216 0
    endloop
  endfacet
  facet normal 0 0 -1
    outer loop
      vertex -1.48796 -6.84003 0
      vertex -0.489546 -2.14484 0
      vertex -0.996203 -6.92875 0
    endloop
  endfacet
  facet normal 0 0 -1
    outer loop
      vertex -1.97213 -6.71645 0
      vertex -0.489546 -2.14484 0
      vertex -1.48796 -6.84003 0
    endloop
  endfacet
  facet normal 0 0 -1
    outer loop
      vertex -2.44625 -6.55865 0
      vertex -0.489546 -2.14484 0
      vertex -1.97213 -6.71645 0
    endloop
  endfacet
  facet normal -0 0 -1
    outer loop
      vertex -0.489546 -2.14484 0
      vertex -2.44625 -6.55865 0
      vertex -0.954544 -1.98213 0
    endloop
  endfacet
  facet normal 0 0 -1
    outer loop
      vertex -2.9079 -6.36742 0
      vertex -0.954544 -1.98213 0
      vertex -2.44625 -6.55865 0
    endloop
  endfacet
  facet normal 0 0 -1
    outer loop
      vertex -3.35474 -6.14375 0
      vertex -0.954544 -1.98213 0
      vertex -2.9079 -6.36742 0
    endloop
  endfacet
  facet normal 0 0 -1
    outer loop
      vertex -3.78448 -5.88877 0
      vertex -0.954544 -1.98213 0
      vertex -3.35474 -6.14375 0
    endloop
  endfacet
  facet normal -0 0 -1
    outer loop
      vertex -0.954544 -1.98213 0
      vertex -3.78448 -5.88877 0
      vertex -1.37168 -1.72003 0
    endloop
  endfacet
  facet normal 0 0 -1
    outer loop
      vertex -4.19494 -5.60379 0
      vertex -1.37168 -1.72003 0
      vertex -3.78448 -5.88877 0
    endloop
  endfacet
  facet normal -0 0 -1
    outer loop
      vertex 20.1949 5.60379 0
      vertex 17.3717 1.72003 0
      vertex 19.7845 5.88877 0
    endloop
  endfacet
  facet normal 0 0 -1
    outer loop
      vertex 16.9545 1.98213 0
      vertex 19.7845 5.88877 0
      vertex 17.3717 1.72003 0
    endloop
  endfacet
  facet normal -0 0 -1
    outer loop
      vertex 19.7845 5.88877 0
      vertex 16.9545 1.98213 0
      vertex 19.3547 6.14375 0
    endloop
  endfacet
  facet normal -0 0 -1
    outer loop
      vertex 19.3547 6.14375 0
      vertex 16.9545 1.98213 0
      vertex 18.9079 6.36742 0
    endloop
  endfacet
  facet normal -0 0 -1
    outer loop
      vertex 18.9079 6.36742 0
      vertex 16.9545 1.98213 0
      vertex 18.4462 6.55865 0
    endloop
  endfacet
  facet normal 0 0 -1
    outer loop
      vertex 16.4895 2.14484 0
      vertex 18.4462 6.55865 0
      vertex 16.9545 1.98213 0
    endloop
  endfacet
  facet normal -0 0 -1
    outer loop
      vertex 18.4462 6.55865 0
      vertex 16.4895 2.14484 0
      vertex 17.9721 6.71645 0
    endloop
  endfacet
  facet normal -0 0 -1
    outer loop
      vertex 17.9721 6.71645 0
      vertex 16.4895 2.14484 0
      vertex 17.488 6.84003 0
    endloop
  endfacet
  facet normal -0 0 -1
    outer loop
      vertex 17.488 6.84003 0
      vertex 16.4895 2.14484 0
      vertex 16.9962 6.92875 0
    endloop
  endfacet
  facet normal -0 0 -1
    outer loop
      vertex 16.9962 6.92875 0
      vertex 16.4895 2.14484 0
      vertex 16.4994 6.98216 0
    endloop
  endfacet
  facet normal 0 0 -1
    outer loop
      vertex 16 2.2 0
      vertex 16.4994 6.98216 0
      vertex 16.4895 2.14484 0
    endloop
  endfacet
  facet normal 0 0 -1
    outer loop
      vertex 16 2.2 0
      vertex 16 7 0
      vertex 16.4994 6.98216 0
    endloop
  endfacet
  facet normal 0 0 -1
    outer loop
      vertex 15.5105 2.14484 0
      vertex 16 7 0
      vertex 16 2.2 0
    endloop
  endfacet
  facet normal 0 0 -1
    outer loop
      vertex 15.0455 1.98213 0
      vertex 16 7 0
      vertex 15.5105 2.14484 0
    endloop
  endfacet
  facet normal 0 0 -1
    outer loop
      vertex 14.6283 1.72003 0
      vertex 16 7 0
      vertex 15.0455 1.98213 0
    endloop
  endfacet
  facet normal 0 0 -1
    outer loop
      vertex 14.28 1.37168 0
      vertex 16 7 0
      vertex 14.6283 1.72003 0
    endloop
  endfacet
  facet normal 0 0 -1
    outer loop
      vertex 1.72003 1.37168 0
      vertex 14.28 1.37168 0
      vertex 14.0179 0.954544 0
    endloop
  endfacet
  facet normal 0 0 -1
    outer loop
      vertex 1.98213 0.954544 0
      vertex 14.0179 0.954544 0
      vertex 13.8552 0.489546 0
    endloop
  endfacet
  facet normal 0 0 -1
    outer loop
      vertex 2.2 0 0
      vertex 13.8552 0.489546 0
      vertex 13.8 0 0
    endloop
  endfacet
  facet normal 0 0 -1
    outer loop
      vertex 2.14484 0.489546 0
      vertex 13.8552 0.489546 0
      vertex 2.2 0 0
    endloop
  endfacet
  facet normal 0 0 -1
    outer loop
      vertex 1.98213 0.954544 0
      vertex 13.8552 0.489546 0
      vertex 2.14484 0.489546 0
    endloop
  endfacet
  facet normal 0 0 -1
    outer loop
      vertex 14.0179 0.954544 0
      vertex 1.98213 0.954544 0
      vertex 1.72003 1.37168 0
    endloop
  endfacet
  facet normal 0 0 -1
    outer loop
      vertex 14.28 1.37168 0
      vertex 1.72003 1.37168 0
      vertex 16 7 0
    endloop
  endfacet
  facet normal 0 0 -1
    outer loop
      vertex 0 7 0
      vertex 1.72003 1.37168 0
      vertex 1.37168 1.72003 0
    endloop
  endfacet
  facet normal 0 0 -1
    outer loop
      vertex 0 7 0
      vertex 1.37168 1.72003 0
      vertex 0.954544 1.98213 0
    endloop
  endfacet
  facet normal 0 0 -1
    outer loop
      vertex 0 7 0
      vertex 0.954544 1.98213 0
      vertex 0.489546 2.14484 0
    endloop
  endfacet
  facet normal 0 0 -1
    outer loop
      vertex 0 7 0
      vertex 0.489546 2.14484 0
      vertex 0 2.2 0
    endloop
  endfacet
  facet normal 0 0 -1
    outer loop
      vertex 1.72003 1.37168 0
      vertex 0 7 0
      vertex 16 7 0
    endloop
  endfacet
  facet normal 0 0 -1
    outer loop
      vertex -0.499373 6.98216 0
      vertex 0 2.2 0
      vertex -0.489546 2.14484 0
    endloop
  endfacet
  facet normal 0 0 -1
    outer loop
      vertex 0 2.2 0
      vertex -0.499373 6.98216 0
      vertex 0 7 0
    endloop
  endfacet
  facet normal 0 0 -1
    outer loop
      vertex -2.44625 6.55865 0
      vertex -0.489546 2.14484 0
      vertex -0.954544 1.98213 0
    endloop
  endfacet
  facet normal 0 0 -1
    outer loop
      vertex -0.489546 2.14484 0
      vertex -0.996203 6.92875 0
      vertex -0.499373 6.98216 0
    endloop
  endfacet
  facet normal 0 0 -1
    outer loop
      vertex -3.78448 5.88877 0
      vertex -0.954544 1.98213 0
      vertex -1.37168 1.72003 0
    endloop
  endfacet
  facet normal 0 0 -1
    outer loop
      vertex -0.489546 2.14484 0
      vertex -1.48796 6.84003 0
      vertex -0.996203 6.92875 0
    endloop
  endfacet
  facet normal 0 0 -1
    outer loop
      vertex -4.94975 4.94975 0
      vertex -1.37168 1.72003 0
      vertex -1.72003 1.37168 0
    endloop
  endfacet
  facet normal 0 0 -1
    outer loop
      vertex -0.489546 2.14484 0
      vertex -1.97213 6.71645 0
      vertex -1.48796 6.84003 0
    endloop
  endfacet
  facet normal 0 0 -1
    outer loop
      vertex -5.88877 3.78448 0
      vertex -1.72003 1.37168 0
      vertex -1.98213 0.954544 0
    endloop
  endfacet
  facet normal 0 0 -1
    outer loop
      vertex -6.55865 2.44625 0
      vertex -1.98213 0.954544 0
      vertex -2.14484 0.489546 0
    endloop
  endfacet
  facet normal 0 0 -1
    outer loop
      vertex -6.92875 0.996203 0
      vertex -2.14484 0.489546 0
      vertex -2.2 0 0
    endloop
  endfacet
  facet normal 0 0 -1
    outer loop
      vertex -4.58402 -5.29025 0
      vertex -1.37168 -1.72003 0
      vertex -4.19494 -5.60379 0
    endloop
  endfacet
  facet normal 0 0 -1
    outer loop
      vertex -0.489546 2.14484 0
      vertex -2.44625 6.55865 0
      vertex -1.97213 6.71645 0
    endloop
  endfacet
  facet normal 0 0 -1
    outer loop
      vertex -4.94975 -4.94975 0
      vertex -1.37168 -1.72003 0
      vertex -4.58402 -5.29025 0
    endloop
  endfacet
  facet normal 0 0 -1
    outer loop
      vertex -0.954544 1.98213 0
      vertex -2.9079 6.36742 0
      vertex -2.44625 6.55865 0
    endloop
  endfacet
  facet normal -0 0 -1
    outer loop
      vertex -1.37168 -1.72003 0
      vertex -4.94975 -4.94975 0
      vertex -1.72003 -1.37168 0
    endloop
  endfacet
  facet normal 0 0 -1
    outer loop
      vertex -0.954544 1.98213 0
      vertex -3.35474 6.14375 0
      vertex -2.9079 6.36742 0
    endloop
  endfacet
  facet normal 0 0 -1
    outer loop
      vertex -5.29025 -4.58402 0
      vertex -1.72003 -1.37168 0
      vertex -4.94975 -4.94975 0
    endloop
  endfacet
  facet normal 0 0 -1
    outer loop
      vertex -0.954544 1.98213 0
      vertex -3.78448 5.88877 0
      vertex -3.35474 6.14375 0
    endloop
  endfacet
  facet normal 0 0 -1
    outer loop
      vertex -5.60379 -4.19494 0
      vertex -1.72003 -1.37168 0
      vertex -5.29025 -4.58402 0
    endloop
  endfacet
  facet normal 0 0 -1
    outer loop
      vertex -1.37168 1.72003 0
      vertex -4.19494 5.60379 0
      vertex -3.78448 5.88877 0
    endloop
  endfacet
  facet normal 0 0 -1
    outer loop
      vertex -5.88877 -3.78448 0
      vertex -1.72003 -1.37168 0
      vertex -5.60379 -4.19494 0
    endloop
  endfacet
  facet normal 0 0 -1
    outer loop
      vertex -1.37168 1.72003 0
      vertex -4.58402 5.29025 0
      vertex -4.19494 5.60379 0
    endloop
  endfacet
  facet normal -0 0 -1
    outer loop
      vertex -1.72003 -1.37168 0
      vertex -5.88877 -3.78448 0
      vertex -1.98213 -0.954544 0
    endloop
  endfacet
  facet normal 0 0 -1
    outer loop
      vertex -1.37168 1.72003 0
      vertex -4.94975 4.94975 0
      vertex -4.58402 5.29025 0
    endloop
  endfacet
  facet normal 0 0 -1
    outer loop
      vertex -6.14375 -3.35474 0
      vertex -1.98213 -0.954544 0
      vertex -5.88877 -3.78448 0
    endloop
  endfacet
  facet normal 0 0 -1
    outer loop
      vertex -1.72003 1.37168 0
      vertex -5.29025 4.58402 0
      vertex -4.94975 4.94975 0
    endloop
  endfacet
  facet normal 0 0 -1
    outer loop
      vertex -6.36742 -2.9079 0
      vertex -1.98213 -0.954544 0
      vertex -6.14375 -3.35474 0
    endloop
  endfacet
  facet normal 0 0 -1
    outer loop
      vertex -1.72003 1.37168 0
      vertex -5.60379 4.19494 0
      vertex -5.29025 4.58402 0
    endloop
  endfacet
  facet normal 0 0 -1
    outer loop
      vertex -6.55865 -2.44625 0
      vertex -1.98213 -0.954544 0
      vertex -6.36742 -2.9079 0
    endloop
  endfacet
  facet normal 0 0 -1
    outer loop
      vertex -1.72003 1.37168 0
      vertex -5.88877 3.78448 0
      vertex -5.60379 4.19494 0
    endloop
  endfacet
  facet normal -0 0 -1
    outer loop
      vertex -1.98213 -0.954544 0
      vertex -6.55865 -2.44625 0
      vertex -2.14484 -0.489546 0
    endloop
  endfacet
  facet normal 0 0 -1
    outer loop
      vertex -1.98213 0.954544 0
      vertex -6.14375 3.35474 0
      vertex -5.88877 3.78448 0
    endloop
  endfacet
  facet normal 0 0 -1
    outer loop
      vertex -6.71645 -1.97213 0
      vertex -2.14484 -0.489546 0
      vertex -6.55865 -2.44625 0
    endloop
  endfacet
  facet normal 0 0 -1
    outer loop
      vertex -1.98213 0.954544 0
      vertex -6.36742 2.9079 0
      vertex -6.14375 3.35474 0
    endloop
  endfacet
  facet normal 0 0 -1
    outer loop
      vertex -6.84003 -1.48796 0
      vertex -2.14484 -0.489546 0
      vertex -6.71645 -1.97213 0
    endloop
  endfacet
  facet normal 0 0 -1
    outer loop
      vertex -1.98213 0.954544 0
      vertex -6.55865 2.44625 0
      vertex -6.36742 2.9079 0
    endloop
  endfacet
  facet normal 0 0 -1
    outer loop
      vertex -6.92875 -0.996203 0
      vertex -2.14484 -0.489546 0
      vertex -6.84003 -1.48796 0
    endloop
  endfacet
  facet normal 0 0 -1
    outer loop
      vertex -2.14484 0.489546 0
      vertex -6.71645 1.97213 0
      vertex -6.55865 2.44625 0
    endloop
  endfacet
  facet normal -0 0 -1
    outer loop
      vertex -2.14484 -0.489546 0
      vertex -6.92875 -0.996203 0
      vertex -2.2 0 0
    endloop
  endfacet
  facet normal 0 0 -1
    outer loop
      vertex -2.14484 0.489546 0
      vertex -6.84003 1.48796 0
      vertex -6.71645 1.97213 0
    endloop
  endfacet
  facet normal 0 0 -1
    outer loop
      vertex -6.98216 -0.499373 0
      vertex -2.2 0 0
      vertex -6.92875 -0.996203 0
    endloop
  endfacet
  facet normal 0 0 -1
    outer loop
      vertex -2.14484 0.489546 0
      vertex -6.92875 0.996203 0
      vertex -6.84003 1.48796 0
    endloop
  endfacet
  facet normal 0 0 -1
    outer loop
      vertex -7 0 0
      vertex -2.2 0 0
      vertex -6.98216 -0.499373 0
    endloop
  endfacet
  facet normal 0 0 -1
    outer loop
      vertex -2.2 0 0
      vertex -6.98216 0.499373 0
      vertex -6.92875 0.996203 0
    endloop
  endfacet
  facet normal 0 0 -1
    outer loop
      vertex -2.2 0 0
      vertex -7 0 0
      vertex -6.98216 0.499373 0
    endloop
  endfacet
  facet normal -0.681411 -0.731901 0
    outer loop
      vertex -4.94975 -4.94975 0
      vertex -4.58402 -5.29025 7
      vertex -4.94975 -4.94975 7
    endloop
  endfacet
  facet normal -0.681411 -0.731901 -0
    outer loop
      vertex -4.58402 -5.29025 7
      vertex -4.94975 -4.94975 0
      vertex -4.58402 -5.29025 0
    endloop
  endfacet
  facet normal -0.510275 -0.860011 0
    outer loop
      vertex -3.78448 -5.88877 0
      vertex -3.35474 -6.14375 7
      vertex -3.78448 -5.88877 7
    endloop
  endfacet
  facet normal -0.510275 -0.860011 -0
    outer loop
      vertex -3.35474 -6.14375 7
      vertex -3.78448 -5.88877 0
      vertex -3.35474 -6.14375 0
    endloop
  endfacet
  facet normal -0.247312 -0.968936 0
    outer loop
      vertex -1.97213 -6.71645 0
      vertex -1.48796 -6.84003 7
      vertex -1.97213 -6.71645 7
    endloop
  endfacet
  facet normal -0.247312 -0.968936 -0
    outer loop
      vertex -1.48796 -6.84003 7
      vertex -1.97213 -6.71645 0
      vertex -1.48796 -6.84003 0
    endloop
  endfacet
  facet normal -0.315795 -0.948827 0
    outer loop
      vertex -2.44625 -6.55865 0
      vertex -1.97213 -6.71645 7
      vertex -2.44625 -6.55865 7
    endloop
  endfacet
  facet normal -0.315795 -0.948827 -0
    outer loop
      vertex -1.97213 -6.71645 7
      vertex -2.44625 -6.55865 0
      vertex -1.97213 -6.71645 0
    endloop
  endfacet
  facet normal 0.247346 -0.968927 0
    outer loop
      vertex 17.488 -6.84003 0
      vertex 17.9721 -6.71645 7
      vertex 17.488 -6.84003 7
    endloop
  endfacet
  facet normal 0.247346 -0.968927 0
    outer loop
      vertex 17.9721 -6.71645 7
      vertex 17.488 -6.84003 0
      vertex 17.9721 -6.71645 0
    endloop
  endfacet
  facet normal 0.510222 -0.860042 0
    outer loop
      vertex 19.3547 -6.14375 0
      vertex 19.7845 -5.88877 7
      vertex 19.3547 -6.14375 7
    endloop
  endfacet
  facet normal 0.510222 -0.860042 0
    outer loop
      vertex 19.7845 -5.88877 7
      vertex 19.3547 -6.14375 0
      vertex 19.7845 -5.88877 0
    endloop
  endfacet
  facet normal 0.731901 -0.681411 0
    outer loop
      vertex 20.9497 -4.94975 7
      vertex 21.2902 -4.58402 0
      vertex 21.2902 -4.58402 7
    endloop
  endfacet
  facet normal 0.731901 -0.681411 0
    outer loop
      vertex 21.2902 -4.58402 0
      vertex 20.9497 -4.94975 7
      vertex 20.9497 -4.94975 0
    endloop
  endfacet
  facet normal 0.968926 -0.24735 0
    outer loop
      vertex 22.7164 -1.97213 7
      vertex 22.84 -1.48796 0
      vertex 22.84 -1.48796 7
    endloop
  endfacet
  facet normal 0.968926 -0.24735 0
    outer loop
      vertex 22.84 -1.48796 0
      vertex 22.7164 -1.97213 7
      vertex 22.7164 -1.97213 0
    endloop
  endfacet
  facet normal 0.923895 -0.382646 0
    outer loop
      vertex 22.3674 -2.9079 7
      vertex 22.5586 -2.44625 0
      vertex 22.5586 -2.44625 7
    endloop
  endfacet
  facet normal 0.923895 -0.382646 0
    outer loop
      vertex 22.5586 -2.44625 0
      vertex 22.3674 -2.9079 7
      vertex 22.3674 -2.9079 0
    endloop
  endfacet
  facet normal 0.999365 -0.0356221 0
    outer loop
      vertex 22.9822 -0.499373 7
      vertex 23 0 0
      vertex 23 0 7
    endloop
  endfacet
  facet normal 0.999365 -0.0356221 0
    outer loop
      vertex 23 0 0
      vertex 22.9822 -0.499373 7
      vertex 22.9822 -0.499373 0
    endloop
  endfacet
  facet normal 0.984119 0.177509 0
    outer loop
      vertex 22.9287 0.996203 7
      vertex 22.84 1.48796 0
      vertex 22.84 1.48796 7
    endloop
  endfacet
  facet normal 0.984119 0.177509 0
    outer loop
      vertex 22.84 1.48796 0
      vertex 22.9287 0.996203 7
      vertex 22.9287 0.996203 0
    endloop
  endfacet
  facet normal 0.948827 0.315795 0
    outer loop
      vertex 22.7164 1.97213 7
      vertex 22.5586 2.44625 0
      vertex 22.5586 2.44625 7
    endloop
  endfacet
  facet normal 0.948827 0.315795 0
    outer loop
      vertex 22.5586 2.44625 0
      vertex 22.7164 1.97213 7
      vertex 22.7164 1.97213 0
    endloop
  endfacet
  facet normal 0.894283 0.447502 0
    outer loop
      vertex 22.3674 2.9079 7
      vertex 22.1438 3.35474 0
      vertex 22.1438 3.35474 7
    endloop
  endfacet
  facet normal 0.894283 0.447502 0
    outer loop
      vertex 22.1438 3.35474 0
      vertex 22.3674 2.9079 7
      vertex 22.3674 2.9079 0
    endloop
  endfacet
  facet normal 0.510222 0.860042 -0
    outer loop
      vertex 19.7845 5.88877 0
      vertex 19.3547 6.14375 7
      vertex 19.7845 5.88877 7
    endloop
  endfacet
  facet normal 0.510222 0.860042 0
    outer loop
      vertex 19.3547 6.14375 7
      vertex 19.7845 5.88877 0
      vertex 19.3547 6.14375 0
    endloop
  endfacet
  facet normal 0.382662 0.923888 -0
    outer loop
      vertex 18.9079 6.36742 0
      vertex 18.4462 6.55865 7
      vertex 18.9079 6.36742 7
    endloop
  endfacet
  facet normal 0.382662 0.923888 0
    outer loop
      vertex 18.4462 6.55865 7
      vertex 18.9079 6.36742 0
      vertex 18.4462 6.55865 0
    endloop
  endfacet
  facet normal 0.447646 0.894211 -0
    outer loop
      vertex 19.3547 6.14375 0
      vertex 18.9079 6.36742 7
      vertex 19.3547 6.14375 7
    endloop
  endfacet
  facet normal 0.447646 0.894211 0
    outer loop
      vertex 18.9079 6.36742 7
      vertex 19.3547 6.14375 0
      vertex 18.9079 6.36742 0
    endloop
  endfacet
  facet normal 0.681441 0.731873 -0
    outer loop
      vertex 20.9497 4.94975 0
      vertex 20.584 5.29025 7
      vertex 20.9497 4.94975 7
    endloop
  endfacet
  facet normal 0.681441 0.731873 0
    outer loop
      vertex 20.584 5.29025 7
      vertex 20.9497 4.94975 0
      vertex 20.584 5.29025 0
    endloop
  endfacet
  facet normal 0.106892 0.994271 -0
    outer loop
      vertex 16.9962 6.92875 0
      vertex 16.4994 6.98216 7
      vertex 16.9962 6.92875 7
    endloop
  endfacet
  facet normal 0.106892 0.994271 0
    outer loop
      vertex 16.4994 6.98216 7
      vertex 16.9962 6.92875 0
      vertex 16.4994 6.98216 0
    endloop
  endfacet
  facet normal -0.778642 0.627468 0
    outer loop
      vertex -5.60379 4.19494 0
      vertex -5.29025 4.58402 7
      vertex -5.29025 4.58402 0
    endloop
  endfacet
  facet normal -0.778642 0.627468 0
    outer loop
      vertex -5.29025 4.58402 7
      vertex -5.60379 4.19494 0
      vertex -5.60379 4.19494 7
    endloop
  endfacet
  facet normal -0.731901 0.681411 0
    outer loop
      vertex -5.29025 4.58402 0
      vertex -4.94975 4.94975 7
      vertex -4.94975 4.94975 0
    endloop
  endfacet
  facet normal -0.731901 0.681411 0
    outer loop
      vertex -4.94975 4.94975 7
      vertex -5.29025 4.58402 0
      vertex -5.29025 4.58402 7
    endloop
  endfacet
  facet normal -0.681411 0.731901 0
    outer loop
      vertex -4.58402 5.29025 0
      vertex -4.94975 4.94975 7
      vertex -4.58402 5.29025 7
    endloop
  endfacet
  facet normal -0.681411 0.731901 0
    outer loop
      vertex -4.94975 4.94975 7
      vertex -4.58402 5.29025 0
      vertex -4.94975 4.94975 0
    endloop
  endfacet
  facet normal -0.627468 0.778642 0
    outer loop
      vertex -4.19494 5.60379 0
      vertex -4.58402 5.29025 7
      vertex -4.19494 5.60379 7
    endloop
  endfacet
  facet normal -0.627468 0.778642 0
    outer loop
      vertex -4.58402 5.29025 7
      vertex -4.19494 5.60379 0
      vertex -4.58402 5.29025 0
    endloop
  endfacet
  facet normal -0.447614 0.894227 0
    outer loop
      vertex -2.9079 6.36742 0
      vertex -3.35474 6.14375 7
      vertex -2.9079 6.36742 7
    endloop
  endfacet
  facet normal -0.447614 0.894227 0
    outer loop
      vertex -3.35474 6.14375 7
      vertex -2.9079 6.36742 0
      vertex -3.35474 6.14375 0
    endloop
  endfacet
  facet normal -0.382698 0.923874 0
    outer loop
      vertex -2.44625 6.55865 0
      vertex -2.9079 6.36742 7
      vertex -2.44625 6.55865 7
    endloop
  endfacet
  facet normal -0.382698 0.923874 0
    outer loop
      vertex -2.9079 6.36742 7
      vertex -2.44625 6.55865 0
      vertex -2.9079 6.36742 0
    endloop
  endfacet
  facet normal -0.860011 0.510275 0
    outer loop
      vertex -6.14375 3.35474 0
      vertex -5.88877 3.78448 7
      vertex -5.88877 3.78448 0
    endloop
  endfacet
  facet normal -0.860011 0.510275 0
    outer loop
      vertex -5.88877 3.78448 7
      vertex -6.14375 3.35474 0
      vertex -6.14375 3.35474 7
    endloop
  endfacet
  facet normal -0.821428 0.570313 0
    outer loop
      vertex -5.88877 3.78448 0
      vertex -5.60379 4.19494 7
      vertex -5.60379 4.19494 0
    endloop
  endfacet
  facet normal -0.821428 0.570313 0
    outer loop
      vertex -5.60379 4.19494 7
      vertex -5.88877 3.78448 0
      vertex -5.88877 3.78448 7
    endloop
  endfacet
  facet normal -0.994271 0.106886 0
    outer loop
      vertex -6.98216 0.499373 0
      vertex -6.92875 0.996203 7
      vertex -6.92875 0.996203 0
    endloop
  endfacet
  facet normal -0.994271 0.106886 0
    outer loop
      vertex -6.92875 0.996203 7
      vertex -6.98216 0.499373 0
      vertex -6.98216 0.499373 7
    endloop
  endfacet
  facet normal -0.999362 0.035702 0
    outer loop
      vertex -7 0 0
      vertex -6.98216 0.499373 7
      vertex -6.98216 0.499373 0
    endloop
  endfacet
  facet normal -0.999362 0.035702 0
    outer loop
      vertex -6.98216 0.499373 7
      vertex -7 0 0
      vertex -7 0 7
    endloop
  endfacet
  facet normal -0.984112 -0.177548 0
    outer loop
      vertex -6.84003 -1.48796 0
      vertex -6.92875 -0.996203 7
      vertex -6.92875 -0.996203 0
    endloop
  endfacet
  facet normal -0.984112 -0.177548 0
    outer loop
      vertex -6.92875 -0.996203 7
      vertex -6.84003 -1.48796 0
      vertex -6.84003 -1.48796 7
    endloop
  endfacet
  facet normal -0.999362 -0.035702 0
    outer loop
      vertex -6.98216 -0.499373 0
      vertex -7 0 7
      vertex -7 0 0
    endloop
  endfacet
  facet normal -0.999362 -0.035702 0
    outer loop
      vertex -7 0 7
      vertex -6.98216 -0.499373 0
      vertex -6.98216 -0.499373 7
    endloop
  endfacet
  facet normal -0.894227 -0.447614 0
    outer loop
      vertex -6.14375 -3.35474 0
      vertex -6.36742 -2.9079 7
      vertex -6.36742 -2.9079 0
    endloop
  endfacet
  facet normal -0.894227 -0.447614 0
    outer loop
      vertex -6.36742 -2.9079 7
      vertex -6.14375 -3.35474 0
      vertex -6.14375 -3.35474 7
    endloop
  endfacet
  facet normal -0.968936 -0.247312 0
    outer loop
      vertex -6.71645 -1.97213 0
      vertex -6.84003 -1.48796 7
      vertex -6.84003 -1.48796 0
    endloop
  endfacet
  facet normal -0.968936 -0.247312 0
    outer loop
      vertex -6.84003 -1.48796 7
      vertex -6.71645 -1.97213 0
      vertex -6.71645 -1.97213 7
    endloop
  endfacet
  facet normal -0.731901 -0.681411 0
    outer loop
      vertex -4.94975 -4.94975 0
      vertex -5.29025 -4.58402 7
      vertex -5.29025 -4.58402 0
    endloop
  endfacet
  facet normal -0.731901 -0.681411 0
    outer loop
      vertex -5.29025 -4.58402 7
      vertex -4.94975 -4.94975 0
      vertex -4.94975 -4.94975 7
    endloop
  endfacet
  facet normal -0.627468 -0.778642 0
    outer loop
      vertex -4.58402 -5.29025 0
      vertex -4.19494 -5.60379 7
      vertex -4.58402 -5.29025 7
    endloop
  endfacet
  facet normal -0.627468 -0.778642 -0
    outer loop
      vertex -4.19494 -5.60379 7
      vertex -4.58402 -5.29025 0
      vertex -4.19494 -5.60379 0
    endloop
  endfacet
  facet normal 0.948827 -0.315795 0
    outer loop
      vertex 22.5586 -2.44625 7
      vertex 22.7164 -1.97213 0
      vertex 22.7164 -1.97213 7
    endloop
  endfacet
  facet normal 0.948827 -0.315795 0
    outer loop
      vertex 22.7164 -1.97213 0
      vertex 22.5586 -2.44625 7
      vertex 22.5586 -2.44625 0
    endloop
  endfacet
  facet normal 0.994252 -0.107064 0
    outer loop
      vertex 22.9287 -0.996203 7
      vertex 22.9822 -0.499373 0
      vertex 22.9822 -0.499373 7
    endloop
  endfacet
  facet normal 0.994252 -0.107064 0
    outer loop
      vertex 22.9822 -0.499373 0
      vertex 22.9287 -0.996203 7
      vertex 22.9287 -0.996203 0
    endloop
  endfacet
  facet normal 0.994252 0.107064 0
    outer loop
      vertex 22.9822 0.499373 7
      vertex 22.9287 0.996203 0
      vertex 22.9287 0.996203 7
    endloop
  endfacet
  facet normal 0.994252 0.107064 0
    outer loop
      vertex 22.9287 0.996203 0
      vertex 22.9822 0.499373 7
      vertex 22.9822 0.499373 0
    endloop
  endfacet
  facet normal 0.968926 0.24735 0
    outer loop
      vertex 22.84 1.48796 7
      vertex 22.7164 1.97213 0
      vertex 22.7164 1.97213 7
    endloop
  endfacet
  facet normal 0.968926 0.24735 0
    outer loop
      vertex 22.7164 1.97213 0
      vertex 22.84 1.48796 7
      vertex 22.84 1.48796 0
    endloop
  endfacet
  facet normal 0.627449 0.778658 -0
    outer loop
      vertex 20.584 5.29025 0
      vertex 20.1949 5.60379 7
      vertex 20.584 5.29025 7
    endloop
  endfacet
  facet normal 0.627449 0.778658 0
    outer loop
      vertex 20.1949 5.60379 7
      vertex 20.584 5.29025 0
      vertex 20.1949 5.60379 0
    endloop
  endfacet
  facet normal 0.821409 0.57034 0
    outer loop
      vertex 21.8888 3.78448 7
      vertex 21.6038 4.19494 0
      vertex 21.6038 4.19494 7
    endloop
  endfacet
  facet normal 0.821409 0.57034 0
    outer loop
      vertex 21.6038 4.19494 0
      vertex 21.8888 3.78448 7
      vertex 21.8888 3.78448 0
    endloop
  endfacet
  facet normal 0.859994 0.510305 0
    outer loop
      vertex 22.1438 3.35474 7
      vertex 21.8888 3.78448 0
      vertex 21.8888 3.78448 7
    endloop
  endfacet
  facet normal 0.859994 0.510305 0
    outer loop
      vertex 21.8888 3.78448 0
      vertex 22.1438 3.35474 7
      vertex 22.1438 3.35474 0
    endloop
  endfacet
  facet normal 0.731901 0.681411 0
    outer loop
      vertex 21.2902 4.58402 7
      vertex 20.9497 4.94975 0
      vertex 20.9497 4.94975 7
    endloop
  endfacet
  facet normal 0.731901 0.681411 0
    outer loop
      vertex 20.9497 4.94975 0
      vertex 21.2902 4.58402 7
      vertex 21.2902 4.58402 0
    endloop
  endfacet
  facet normal 0.778583 0.627541 0
    outer loop
      vertex 21.6038 4.19494 7
      vertex 21.2902 4.58402 0
      vertex 21.2902 4.58402 7
    endloop
  endfacet
  facet normal 0.778583 0.627541 0
    outer loop
      vertex 21.2902 4.58402 0
      vertex 21.6038 4.19494 7
      vertex 21.6038 4.19494 0
    endloop
  endfacet
  facet normal -0.994271 -0.106886 0
    outer loop
      vertex -6.92875 -0.996203 0
      vertex -6.98216 -0.499373 7
      vertex -6.98216 -0.499373 0
    endloop
  endfacet
  facet normal -0.994271 -0.106886 0
    outer loop
      vertex -6.98216 -0.499373 7
      vertex -6.92875 -0.996203 0
      vertex -6.92875 -0.996203 7
    endloop
  endfacet
  facet normal 0 0 1
    outer loop
      vertex 18.2 0 7
      vertex 23 0 7
      vertex 22.9822 0.499373 7
    endloop
  endfacet
  facet normal 0 0 1
    outer loop
      vertex 18.2 0 7
      vertex 22.9822 0.499373 7
      vertex 22.9287 0.996203 7
    endloop
  endfacet
  facet normal 0 0 1
    outer loop
      vertex 23 0 7
      vertex 18.2 0 7
      vertex 22.9822 -0.499373 7
    endloop
  endfacet
  facet normal 0 0 1
    outer loop
      vertex 18.1448 0.489546 7
      vertex 22.9287 0.996203 7
      vertex 22.84 1.48796 7
    endloop
  endfacet
  facet normal 0 0 1
    outer loop
      vertex 22.9822 -0.499373 7
      vertex 18.2 0 7
      vertex 22.9287 -0.996203 7
    endloop
  endfacet
  facet normal 0 0 1
    outer loop
      vertex 18.1448 0.489546 7
      vertex 22.84 1.48796 7
      vertex 22.7164 1.97213 7
    endloop
  endfacet
  facet normal -0 0 1
    outer loop
      vertex 18.1448 -0.489546 7
      vertex 22.9287 -0.996203 7
      vertex 18.2 0 7
    endloop
  endfacet
  facet normal 0 0 1
    outer loop
      vertex 18.1448 0.489546 7
      vertex 22.7164 1.97213 7
      vertex 22.5586 2.44625 7
    endloop
  endfacet
  facet normal 0 0 1
    outer loop
      vertex 22.9287 -0.996203 7
      vertex 18.1448 -0.489546 7
      vertex 22.84 -1.48796 7
    endloop
  endfacet
  facet normal 0 0 1
    outer loop
      vertex 17.9821 0.954544 7
      vertex 22.5586 2.44625 7
      vertex 22.3674 2.9079 7
    endloop
  endfacet
  facet normal 0 0 1
    outer loop
      vertex 22.84 -1.48796 7
      vertex 18.1448 -0.489546 7
      vertex 22.7164 -1.97213 7
    endloop
  endfacet
  facet normal 0 0 1
    outer loop
      vertex 17.9821 0.954544 7
      vertex 22.3674 2.9079 7
      vertex 22.1438 3.35474 7
    endloop
  endfacet
  facet normal 0 0 1
    outer loop
      vertex 22.7164 -1.97213 7
      vertex 18.1448 -0.489546 7
      vertex 22.5586 -2.44625 7
    endloop
  endfacet
  facet normal 0 0 1
    outer loop
      vertex 17.9821 0.954544 7
      vertex 22.1438 3.35474 7
      vertex 21.8888 3.78448 7
    endloop
  endfacet
  facet normal -0 0 1
    outer loop
      vertex 17.9821 -0.954544 7
      vertex 22.5586 -2.44625 7
      vertex 18.1448 -0.489546 7
    endloop
  endfacet
  facet normal 0 0 1
    outer loop
      vertex 17.72 1.37168 7
      vertex 21.8888 3.78448 7
      vertex 21.6038 4.19494 7
    endloop
  endfacet
  facet normal 0 0 1
    outer loop
      vertex 22.5586 -2.44625 7
      vertex 17.9821 -0.954544 7
      vertex 22.3674 -2.9079 7
    endloop
  endfacet
  facet normal 0 0 1
    outer loop
      vertex 17.72 1.37168 7
      vertex 21.6038 4.19494 7
      vertex 21.2902 4.58402 7
    endloop
  endfacet
  facet normal 0 0 1
    outer loop
      vertex 22.3674 -2.9079 7
      vertex 17.9821 -0.954544 7
      vertex 22.1438 -3.35474 7
    endloop
  endfacet
  facet normal 0 0 1
    outer loop
      vertex 17.72 1.37168 7
      vertex 21.2902 4.58402 7
      vertex 20.9497 4.94975 7
    endloop
  endfacet
  facet normal 0 0 1
    outer loop
      vertex 22.1438 -3.35474 7
      vertex 17.9821 -0.954544 7
      vertex 21.8888 -3.78448 7
    endloop
  endfacet
  facet normal 0 0 1
    outer loop
      vertex 17.3717 1.72003 7
      vertex 20.9497 4.94975 7
      vertex 20.584 5.29025 7
    endloop
  endfacet
  facet normal -0 0 1
    outer loop
      vertex 17.72 -1.37168 7
      vertex 21.8888 -3.78448 7
      vertex 17.9821 -0.954544 7
    endloop
  endfacet
  facet normal 0 0 1
    outer loop
      vertex 17.3717 1.72003 7
      vertex 20.584 5.29025 7
      vertex 20.1949 5.60379 7
    endloop
  endfacet
  facet normal 0 0 1
    outer loop
      vertex 21.8888 -3.78448 7
      vertex 17.72 -1.37168 7
      vertex 21.6038 -4.19494 7
    endloop
  endfacet
  facet normal 0 0 1
    outer loop
      vertex 17.3717 1.72003 7
      vertex 20.1949 5.60379 7
      vertex 19.7845 5.88877 7
    endloop
  endfacet
  facet normal 0 0 1
    outer loop
      vertex 21.6038 -4.19494 7
      vertex 17.72 -1.37168 7
      vertex 21.2902 -4.58402 7
    endloop
  endfacet
  facet normal 0 0 1
    outer loop
      vertex 16.9545 1.98213 7
      vertex 19.7845 5.88877 7
      vertex 19.3547 6.14375 7
    endloop
  endfacet
  facet normal 0 0 1
    outer loop
      vertex 21.2902 -4.58402 7
      vertex 17.72 -1.37168 7
      vertex 20.9497 -4.94975 7
    endloop
  endfacet
  facet normal 0 0 1
    outer loop
      vertex 16.9545 1.98213 7
      vertex 19.3547 6.14375 7
      vertex 18.9079 6.36742 7
    endloop
  endfacet
  facet normal -0 0 1
    outer loop
      vertex 17.3717 -1.72003 7
      vertex 20.9497 -4.94975 7
      vertex 17.72 -1.37168 7
    endloop
  endfacet
  facet normal 0 0 1
    outer loop
      vertex 16.9545 1.98213 7
      vertex 18.9079 6.36742 7
      vertex 18.4462 6.55865 7
    endloop
  endfacet
  facet normal 0 0 1
    outer loop
      vertex 20.9497 -4.94975 7
      vertex 17.3717 -1.72003 7
      vertex 20.584 -5.29025 7
    endloop
  endfacet
  facet normal 0 0 1
    outer loop
      vertex 20.584 -5.29025 7
      vertex 17.3717 -1.72003 7
      vertex 20.1949 -5.60379 7
    endloop
  endfacet
  facet normal 0 0 1
    outer loop
      vertex 22.9287 0.996203 7
      vertex 18.1448 0.489546 7
      vertex 18.2 0 7
    endloop
  endfacet
  facet normal 0 0 1
    outer loop
      vertex 22.5586 2.44625 7
      vertex 17.9821 0.954544 7
      vertex 18.1448 0.489546 7
    endloop
  endfacet
  facet normal 0 0 1
    outer loop
      vertex 16.4895 2.14484 7
      vertex 18.4462 6.55865 7
      vertex 17.9721 6.71645 7
    endloop
  endfacet
  facet normal 0 0 1
    outer loop
      vertex 21.8888 3.78448 7
      vertex 17.72 1.37168 7
      vertex 17.9821 0.954544 7
    endloop
  endfacet
  facet normal 0 0 1
    outer loop
      vertex 16.4895 2.14484 7
      vertex 17.9721 6.71645 7
      vertex 17.488 6.84003 7
    endloop
  endfacet
  facet normal 0 0 1
    outer loop
      vertex 20.9497 4.94975 7
      vertex 17.3717 1.72003 7
      vertex 17.72 1.37168 7
    endloop
  endfacet
  facet normal 0 0 1
    outer loop
      vertex 16.4895 2.14484 7
      vertex 17.488 6.84003 7
      vertex 16.9962 6.92875 7
    endloop
  endfacet
  facet normal 0 0 1
    outer loop
      vertex 19.7845 5.88877 7
      vertex 16.9545 1.98213 7
      vertex 17.3717 1.72003 7
    endloop
  endfacet
  facet normal 0 0 1
    outer loop
      vertex 16.4895 2.14484 7
      vertex 16.9962 6.92875 7
      vertex 16.4994 6.98216 7
    endloop
  endfacet
  facet normal 0 0 1
    outer loop
      vertex 18.4462 6.55865 7
      vertex 16.4895 2.14484 7
      vertex 16.9545 1.98213 7
    endloop
  endfacet
  facet normal 0 0 1
    outer loop
      vertex 16 2.2 7
      vertex 16.4994 6.98216 7
      vertex 16 7 7
    endloop
  endfacet
  facet normal 0 0 1
    outer loop
      vertex 16.4994 6.98216 7
      vertex 16 2.2 7
      vertex 16.4895 2.14484 7
    endloop
  endfacet
  facet normal 0 0 1
    outer loop
      vertex 16 7 7
      vertex 15.5105 2.14484 7
      vertex 16 2.2 7
    endloop
  endfacet
  facet normal 0 0 1
    outer loop
      vertex 16 7 7
      vertex 15.0455 1.98213 7
      vertex 15.5105 2.14484 7
    endloop
  endfacet
  facet normal 0 0 1
    outer loop
      vertex 16 7 7
      vertex 14.6283 1.72003 7
      vertex 15.0455 1.98213 7
    endloop
  endfacet
  facet normal 0 0 1
    outer loop
      vertex 16 7 7
      vertex 14.28 1.37168 7
      vertex 14.6283 1.72003 7
    endloop
  endfacet
  facet normal 0 0 1
    outer loop
      vertex 1.72003 1.37168 7
      vertex 14.28 1.37168 7
      vertex 16 7 7
    endloop
  endfacet
  facet normal 0 0 1
    outer loop
      vertex 14.28 1.37168 7
      vertex 1.72003 1.37168 7
      vertex 14.0179 0.954544 7
    endloop
  endfacet
  facet normal 0 0 1
    outer loop
      vertex 13.8552 0.489546 7
      vertex 2.2 0 7
      vertex 13.8 0 7
    endloop
  endfacet
  facet normal 0 -0 1
    outer loop
      vertex 1.98213 0.954544 7
      vertex 14.0179 0.954544 7
      vertex 1.72003 1.37168 7
    endloop
  endfacet
  facet normal 0 0 1
    outer loop
      vertex 13.8552 0.489546 7
      vertex 2.14484 0.489546 7
      vertex 2.2 0 7
    endloop
  endfacet
  facet normal 0 0 1
    outer loop
      vertex 13.8552 0.489546 7
      vertex 1.98213 0.954544 7
      vertex 2.14484 0.489546 7
    endloop
  endfacet
  facet normal 0 0 1
    outer loop
      vertex 14.0179 0.954544 7
      vertex 1.98213 0.954544 7
      vertex 13.8552 0.489546 7
    endloop
  endfacet
  facet normal -0 0 1
    outer loop
      vertex 0 7 7
      vertex 1.72003 1.37168 7
      vertex 16 7 7
    endloop
  endfacet
  facet normal 0 0 1
    outer loop
      vertex 1.72003 1.37168 7
      vertex 0 7 7
      vertex 1.37168 1.72003 7
    endloop
  endfacet
  facet normal 0 0 1
    outer loop
      vertex 1.37168 1.72003 7
      vertex 0 7 7
      vertex 0.954544 1.98213 7
    endloop
  endfacet
  facet normal 0 0 1
    outer loop
      vertex 0.954544 1.98213 7
      vertex 0 7 7
      vertex 0.489546 2.14484 7
    endloop
  endfacet
  facet normal 0 0 1
    outer loop
      vertex 0 7 7
      vertex 0 2.2 7
      vertex 0.489546 2.14484 7
    endloop
  endfacet
  facet normal -0 0 1
    outer loop
      vertex -0.499373 6.98216 7
      vertex 0 2.2 7
      vertex 0 7 7
    endloop
  endfacet
  facet normal 0 0 1
    outer loop
      vertex 0 2.2 7
      vertex -0.499373 6.98216 7
      vertex -0.489546 2.14484 7
    endloop
  endfacet
  facet normal -0 0 1
    outer loop
      vertex -0.996203 6.92875 7
      vertex -0.489546 2.14484 7
      vertex -0.499373 6.98216 7
    endloop
  endfacet
  facet normal -0 0 1
    outer loop
      vertex -1.48796 6.84003 7
      vertex -0.489546 2.14484 7
      vertex -0.996203 6.92875 7
    endloop
  endfacet
  facet normal -0 0 1
    outer loop
      vertex -1.97213 6.71645 7
      vertex -0.489546 2.14484 7
      vertex -1.48796 6.84003 7
    endloop
  endfacet
  facet normal -0 0 1
    outer loop
      vertex -2.44625 6.55865 7
      vertex -0.489546 2.14484 7
      vertex -1.97213 6.71645 7
    endloop
  endfacet
  facet normal 0 0 1
    outer loop
      vertex -0.489546 2.14484 7
      vertex -2.44625 6.55865 7
      vertex -0.954544 1.98213 7
    endloop
  endfacet
  facet normal -0 0 1
    outer loop
      vertex -2.9079 6.36742 7
      vertex -0.954544 1.98213 7
      vertex -2.44625 6.55865 7
    endloop
  endfacet
  facet normal -0 0 1
    outer loop
      vertex -3.35474 6.14375 7
      vertex -0.954544 1.98213 7
      vertex -2.9079 6.36742 7
    endloop
  endfacet
  facet normal -0 0 1
    outer loop
      vertex -3.78448 5.88877 7
      vertex -0.954544 1.98213 7
      vertex -3.35474 6.14375 7
    endloop
  endfacet
  facet normal 0 0 1
    outer loop
      vertex -0.954544 1.98213 7
      vertex -3.78448 5.88877 7
      vertex -1.37168 1.72003 7
    endloop
  endfacet
  facet normal -0 0 1
    outer loop
      vertex -4.19494 5.60379 7
      vertex -1.37168 1.72003 7
      vertex -3.78448 5.88877 7
    endloop
  endfacet
  facet normal 0 0 1
    outer loop
      vertex 20.1949 -5.60379 7
      vertex 17.3717 -1.72003 7
      vertex 19.7845 -5.88877 7
    endloop
  endfacet
  facet normal -0 0 1
    outer loop
      vertex 16.9545 -1.98213 7
      vertex 19.7845 -5.88877 7
      vertex 17.3717 -1.72003 7
    endloop
  endfacet
  facet normal 0 0 1
    outer loop
      vertex 19.7845 -5.88877 7
      vertex 16.9545 -1.98213 7
      vertex 19.3547 -6.14375 7
    endloop
  endfacet
  facet normal 0 0 1
    outer loop
      vertex 19.3547 -6.14375 7
      vertex 16.9545 -1.98213 7
      vertex 18.9079 -6.36742 7
    endloop
  endfacet
  facet normal 0 0 1
    outer loop
      vertex 18.9079 -6.36742 7
      vertex 16.9545 -1.98213 7
      vertex 18.4462 -6.55865 7
    endloop
  endfacet
  facet normal -0 0 1
    outer loop
      vertex 16.4895 -2.14484 7
      vertex 18.4462 -6.55865 7
      vertex 16.9545 -1.98213 7
    endloop
  endfacet
  facet normal 0 0 1
    outer loop
      vertex 18.4462 -6.55865 7
      vertex 16.4895 -2.14484 7
      vertex 17.9721 -6.71645 7
    endloop
  endfacet
  facet normal 0 0 1
    outer loop
      vertex 17.9721 -6.71645 7
      vertex 16.4895 -2.14484 7
      vertex 17.488 -6.84003 7
    endloop
  endfacet
  facet normal 0 0 1
    outer loop
      vertex 17.488 -6.84003 7
      vertex 16.4895 -2.14484 7
      vertex 16.9962 -6.92875 7
    endloop
  endfacet
  facet normal 0 0 1
    outer loop
      vertex 16.9962 -6.92875 7
      vertex 16.4895 -2.14484 7
      vertex 16.4994 -6.98216 7
    endloop
  endfacet
  facet normal -0 0 1
    outer loop
      vertex 16 -2.2 7
      vertex 16.4994 -6.98216 7
      vertex 16.4895 -2.14484 7
    endloop
  endfacet
  facet normal 0 0 1
    outer loop
      vertex 16 -2.2 7
      vertex 16 -7 7
      vertex 16.4994 -6.98216 7
    endloop
  endfacet
  facet normal 0 0 1
    outer loop
      vertex 15.5105 -2.14484 7
      vertex 16 -7 7
      vertex 16 -2.2 7
    endloop
  endfacet
  facet normal 0 0 1
    outer loop
      vertex 15.0455 -1.98213 7
      vertex 16 -7 7
      vertex 15.5105 -2.14484 7
    endloop
  endfacet
  facet normal 0 0 1
    outer loop
      vertex 14.6283 -1.72003 7
      vertex 16 -7 7
      vertex 15.0455 -1.98213 7
    endloop
  endfacet
  facet normal 0 0 1
    outer loop
      vertex 14.28 -1.37168 7
      vertex 16 -7 7
      vertex 14.6283 -1.72003 7
    endloop
  endfacet
  facet normal 0 0 1
    outer loop
      vertex 1.72003 -1.37168 7
      vertex 14.28 -1.37168 7
      vertex 14.0179 -0.954544 7
    endloop
  endfacet
  facet normal 0 0 1
    outer loop
      vertex 1.98213 -0.954544 7
      vertex 14.0179 -0.954544 7
      vertex 13.8552 -0.489546 7
    endloop
  endfacet
  facet normal -0 0 1
    outer loop
      vertex 2.2 0 7
      vertex 13.8552 -0.489546 7
      vertex 13.8 0 7
    endloop
  endfacet
  facet normal 0 0 1
    outer loop
      vertex 2.14484 -0.489546 7
      vertex 13.8552 -0.489546 7
      vertex 2.2 0 7
    endloop
  endfacet
  facet normal 0 0 1
    outer loop
      vertex 1.98213 -0.954544 7
      vertex 13.8552 -0.489546 7
      vertex 2.14484 -0.489546 7
    endloop
  endfacet
  facet normal 0 0 1
    outer loop
      vertex 14.0179 -0.954544 7
      vertex 1.98213 -0.954544 7
      vertex 1.72003 -1.37168 7
    endloop
  endfacet
  facet normal 0 0 1
    outer loop
      vertex 14.28 -1.37168 7
      vertex 1.72003 -1.37168 7
      vertex 16 -7 7
    endloop
  endfacet
  facet normal 0 0 1
    outer loop
      vertex 0 -7 7
      vertex 1.72003 -1.37168 7
      vertex 1.37168 -1.72003 7
    endloop
  endfacet
  facet normal 0 0 1
    outer loop
      vertex 0 -7 7
      vertex 1.37168 -1.72003 7
      vertex 0.954544 -1.98213 7
    endloop
  endfacet
  facet normal 0 0 1
    outer loop
      vertex 0 -7 7
      vertex 0.954544 -1.98213 7
      vertex 0.489546 -2.14484 7
    endloop
  endfacet
  facet normal 0 0 1
    outer loop
      vertex 0 -7 7
      vertex 0.489546 -2.14484 7
      vertex 0 -2.2 7
    endloop
  endfacet
  facet normal 0 0 1
    outer loop
      vertex 1.72003 -1.37168 7
      vertex 0 -7 7
      vertex 16 -7 7
    endloop
  endfacet
  facet normal 0 0 1
    outer loop
      vertex -0.499373 -6.98216 7
      vertex 0 -2.2 7
      vertex -0.489546 -2.14484 7
    endloop
  endfacet
  facet normal 0 0 1
    outer loop
      vertex 0 -2.2 7
      vertex -0.499373 -6.98216 7
      vertex 0 -7 7
    endloop
  endfacet
  facet normal 0 0 1
    outer loop
      vertex -2.44625 -6.55865 7
      vertex -0.489546 -2.14484 7
      vertex -0.954544 -1.98213 7
    endloop
  endfacet
  facet normal 0 0 1
    outer loop
      vertex -0.489546 -2.14484 7
      vertex -0.996203 -6.92875 7
      vertex -0.499373 -6.98216 7
    endloop
  endfacet
  facet normal 0 0 1
    outer loop
      vertex -3.78448 -5.88877 7
      vertex -0.954544 -1.98213 7
      vertex -1.37168 -1.72003 7
    endloop
  endfacet
  facet normal 0 0 1
    outer loop
      vertex -0.489546 -2.14484 7
      vertex -1.48796 -6.84003 7
      vertex -0.996203 -6.92875 7
    endloop
  endfacet
  facet normal 0 0 1
    outer loop
      vertex -4.94975 -4.94975 7
      vertex -1.37168 -1.72003 7
      vertex -1.72003 -1.37168 7
    endloop
  endfacet
  facet normal 0 0 1
    outer loop
      vertex -0.489546 -2.14484 7
      vertex -1.97213 -6.71645 7
      vertex -1.48796 -6.84003 7
    endloop
  endfacet
  facet normal 0 0 1
    outer loop
      vertex -5.88877 -3.78448 7
      vertex -1.72003 -1.37168 7
      vertex -1.98213 -0.954544 7
    endloop
  endfacet
  facet normal 0 0 1
    outer loop
      vertex -6.55865 -2.44625 7
      vertex -1.98213 -0.954544 7
      vertex -2.14484 -0.489546 7
    endloop
  endfacet
  facet normal 0 0 1
    outer loop
      vertex -6.92875 -0.996203 7
      vertex -2.14484 -0.489546 7
      vertex -2.2 0 7
    endloop
  endfacet
  facet normal -0 0 1
    outer loop
      vertex -4.58402 5.29025 7
      vertex -1.37168 1.72003 7
      vertex -4.19494 5.60379 7
    endloop
  endfacet
  facet normal 0 0 1
    outer loop
      vertex -0.489546 -2.14484 7
      vertex -2.44625 -6.55865 7
      vertex -1.97213 -6.71645 7
    endloop
  endfacet
  facet normal -0 0 1
    outer loop
      vertex -4.94975 4.94975 7
      vertex -1.37168 1.72003 7
      vertex -4.58402 5.29025 7
    endloop
  endfacet
  facet normal 0 0 1
    outer loop
      vertex -0.954544 -1.98213 7
      vertex -2.9079 -6.36742 7
      vertex -2.44625 -6.55865 7
    endloop
  endfacet
  facet normal 0 0 1
    outer loop
      vertex -1.37168 1.72003 7
      vertex -4.94975 4.94975 7
      vertex -1.72003 1.37168 7
    endloop
  endfacet
  facet normal 0 0 1
    outer loop
      vertex -0.954544 -1.98213 7
      vertex -3.35474 -6.14375 7
      vertex -2.9079 -6.36742 7
    endloop
  endfacet
  facet normal -0 0 1
    outer loop
      vertex -5.29025 4.58402 7
      vertex -1.72003 1.37168 7
      vertex -4.94975 4.94975 7
    endloop
  endfacet
  facet normal 0 0 1
    outer loop
      vertex -0.954544 -1.98213 7
      vertex -3.78448 -5.88877 7
      vertex -3.35474 -6.14375 7
    endloop
  endfacet
  facet normal -0 0 1
    outer loop
      vertex -5.60379 4.19494 7
      vertex -1.72003 1.37168 7
      vertex -5.29025 4.58402 7
    endloop
  endfacet
  facet normal 0 0 1
    outer loop
      vertex -1.37168 -1.72003 7
      vertex -4.19494 -5.60379 7
      vertex -3.78448 -5.88877 7
    endloop
  endfacet
  facet normal -0 0 1
    outer loop
      vertex -5.88877 3.78448 7
      vertex -1.72003 1.37168 7
      vertex -5.60379 4.19494 7
    endloop
  endfacet
  facet normal 0 0 1
    outer loop
      vertex -1.37168 -1.72003 7
      vertex -4.58402 -5.29025 7
      vertex -4.19494 -5.60379 7
    endloop
  endfacet
  facet normal 0 0 1
    outer loop
      vertex -1.72003 1.37168 7
      vertex -5.88877 3.78448 7
      vertex -1.98213 0.954544 7
    endloop
  endfacet
  facet normal 0 0 1
    outer loop
      vertex -1.37168 -1.72003 7
      vertex -4.94975 -4.94975 7
      vertex -4.58402 -5.29025 7
    endloop
  endfacet
  facet normal -0 0 1
    outer loop
      vertex -6.14375 3.35474 7
      vertex -1.98213 0.954544 7
      vertex -5.88877 3.78448 7
    endloop
  endfacet
  facet normal 0 0 1
    outer loop
      vertex -1.72003 -1.37168 7
      vertex -5.29025 -4.58402 7
      vertex -4.94975 -4.94975 7
    endloop
  endfacet
  facet normal -0 0 1
    outer loop
      vertex -6.36742 2.9079 7
      vertex -1.98213 0.954544 7
      vertex -6.14375 3.35474 7
    endloop
  endfacet
  facet normal 0 0 1
    outer loop
      vertex -1.72003 -1.37168 7
      vertex -5.60379 -4.19494 7
      vertex -5.29025 -4.58402 7
    endloop
  endfacet
  facet normal -0 0 1
    outer loop
      vertex -6.55865 2.44625 7
      vertex -1.98213 0.954544 7
      vertex -6.36742 2.9079 7
    endloop
  endfacet
  facet normal 0 0 1
    outer loop
      vertex -1.72003 -1.37168 7
      vertex -5.88877 -3.78448 7
      vertex -5.60379 -4.19494 7
    endloop
  endfacet
  facet normal 0 0 1
    outer loop
      vertex -1.98213 0.954544 7
      vertex -6.55865 2.44625 7
      vertex -2.14484 0.489546 7
    endloop
  endfacet
  facet normal 0 0 1
    outer loop
      vertex -1.98213 -0.954544 7
      vertex -6.14375 -3.35474 7
      vertex -5.88877 -3.78448 7
    endloop
  endfacet
  facet normal -0 0 1
    outer loop
      vertex -6.71645 1.97213 7
      vertex -2.14484 0.489546 7
      vertex -6.55865 2.44625 7
    endloop
  endfacet
  facet normal 0 0 1
    outer loop
      vertex -1.98213 -0.954544 7
      vertex -6.36742 -2.9079 7
      vertex -6.14375 -3.35474 7
    endloop
  endfacet
  facet normal -0 0 1
    outer loop
      vertex -6.84003 1.48796 7
      vertex -2.14484 0.489546 7
      vertex -6.71645 1.97213 7
    endloop
  endfacet
  facet normal 0 0 1
    outer loop
      vertex -1.98213 -0.954544 7
      vertex -6.55865 -2.44625 7
      vertex -6.36742 -2.9079 7
    endloop
  endfacet
  facet normal -0 0 1
    outer loop
      vertex -6.92875 0.996203 7
      vertex -2.14484 0.489546 7
      vertex -6.84003 1.48796 7
    endloop
  endfacet
  facet normal 0 0 1
    outer loop
      vertex -2.14484 -0.489546 7
      vertex -6.71645 -1.97213 7
      vertex -6.55865 -2.44625 7
    endloop
  endfacet
  facet normal 0 0 1
    outer loop
      vertex -2.14484 0.489546 7
      vertex -6.92875 0.996203 7
      vertex -2.2 0 7
    endloop
  endfacet
  facet normal 0 0 1
    outer loop
      vertex -2.14484 -0.489546 7
      vertex -6.84003 -1.48796 7
      vertex -6.71645 -1.97213 7
    endloop
  endfacet
  facet normal -0 0 1
    outer loop
      vertex -6.98216 0.499373 7
      vertex -2.2 0 7
      vertex -6.92875 0.996203 7
    endloop
  endfacet
  facet normal 0 0 1
    outer loop
      vertex -2.14484 -0.489546 7
      vertex -6.92875 -0.996203 7
      vertex -6.84003 -1.48796 7
    endloop
  endfacet
  facet normal 0 0 1
    outer loop
      vertex -7 0 7
      vertex -2.2 0 7
      vertex -6.98216 0.499373 7
    endloop
  endfacet
  facet normal 0 0 1
    outer loop
      vertex -2.2 0 7
      vertex -6.98216 -0.499373 7
      vertex -6.92875 -0.996203 7
    endloop
  endfacet
  facet normal 0 0 1
    outer loop
      vertex -2.2 0 7
      vertex -7 0 7
      vertex -6.98216 -0.499373 7
    endloop
  endfacet
  facet normal -0.923874 -0.382698 0
    outer loop
      vertex -6.36742 -2.9079 0
      vertex -6.55865 -2.44625 7
      vertex -6.55865 -2.44625 0
    endloop
  endfacet
  facet normal -0.923874 -0.382698 0
    outer loop
      vertex -6.55865 -2.44625 7
      vertex -6.36742 -2.9079 0
      vertex -6.36742 -2.9079 7
    endloop
  endfacet
  facet normal -0.948827 -0.315795 0
    outer loop
      vertex -6.55865 -2.44625 0
      vertex -6.71645 -1.97213 7
      vertex -6.71645 -1.97213 0
    endloop
  endfacet
  facet normal -0.948827 -0.315795 0
    outer loop
      vertex -6.71645 -1.97213 7
      vertex -6.55865 -2.44625 0
      vertex -6.55865 -2.44625 7
    endloop
  endfacet
  facet normal -0.821428 -0.570313 0
    outer loop
      vertex -5.60379 -4.19494 0
      vertex -5.88877 -3.78448 7
      vertex -5.88877 -3.78448 0
    endloop
  endfacet
  facet normal -0.821428 -0.570313 0
    outer loop
      vertex -5.88877 -3.78448 7
      vertex -5.60379 -4.19494 0
      vertex -5.60379 -4.19494 7
    endloop
  endfacet
  facet normal -0.860011 -0.510275 0
    outer loop
      vertex -5.88877 -3.78448 0
      vertex -6.14375 -3.35474 7
      vertex -6.14375 -3.35474 0
    endloop
  endfacet
  facet normal -0.860011 -0.510275 0
    outer loop
      vertex -6.14375 -3.35474 7
      vertex -5.88877 -3.78448 0
      vertex -5.88877 -3.78448 7
    endloop
  endfacet
  facet normal 0 0 1
    outer loop
      vertex 30 19.7134 7
      vertex 29.6111 19.9213 7
      vertex 30 18 7
    endloop
  endfacet
  facet normal 0 0 1
    outer loop
      vertex 35 18 7
      vertex 30 18 7
      vertex 35 17.9 7
    endloop
  endfacet
  facet normal -0 0 1
    outer loop
      vertex 35 17.9 7
      vertex 41 15 7
      vertex 41 17.9 7
    endloop
  endfacet
  facet normal 0 0 1
    outer loop
      vertex 30 18 7
      vertex 41 15 7
      vertex 35 17.9 7
    endloop
  endfacet
  facet normal 0 0 1
    outer loop
      vertex 29.2322 20.2322 7
      vertex 30 18 7
      vertex 29.6111 19.9213 7
    endloop
  endfacet
  facet normal 0 0 1
    outer loop
      vertex 28.9213 20.6111 7
      vertex 30 18 7
      vertex 29.2322 20.2322 7
    endloop
  endfacet
  facet normal 0 0 1
    outer loop
      vertex 28.6903 21.0433 7
      vertex 30 18 7
      vertex 28.9213 20.6111 7
    endloop
  endfacet
  facet normal -0 0 1
    outer loop
      vertex 2.2 22 7
      vertex 28.548 21.5123 7
      vertex 28.5 22 7
    endloop
  endfacet
  facet normal 0 0 1
    outer loop
      vertex 2.14484 21.5105 7
      vertex 28.548 21.5123 7
      vertex 2.2 22 7
    endloop
  endfacet
  facet normal 0 0 1
    outer loop
      vertex 28.548 21.5123 7
      vertex 2.14484 21.5105 7
      vertex 28.6903 21.0433 7
    endloop
  endfacet
  facet normal -0 0 1
    outer loop
      vertex 1.98213 21.0455 7
      vertex 28.6903 21.0433 7
      vertex 2.14484 21.5105 7
    endloop
  endfacet
  facet normal 0 0 1
    outer loop
      vertex 28.6903 21.0433 7
      vertex 1.98213 21.0455 7
      vertex 30 18 7
    endloop
  endfacet
  facet normal 0 0 1
    outer loop
      vertex 0 15 7
      vertex 30 18 7
      vertex 1.98213 21.0455 7
    endloop
  endfacet
  facet normal 0 0 1
    outer loop
      vertex 0 15 7
      vertex 1.98213 21.0455 7
      vertex 1.72003 20.6283 7
    endloop
  endfacet
  facet normal 0 0 1
    outer loop
      vertex 0 15 7
      vertex 1.72003 20.6283 7
      vertex 1.37168 20.28 7
    endloop
  endfacet
  facet normal 0 0 1
    outer loop
      vertex 0 15 7
      vertex 1.37168 20.28 7
      vertex 0.954544 20.0179 7
    endloop
  endfacet
  facet normal 0 0 1
    outer loop
      vertex 0 15 7
      vertex 0.954544 20.0179 7
      vertex 0.489546 19.8552 7
    endloop
  endfacet
  facet normal 0 0 1
    outer loop
      vertex 0 15 7
      vertex 0.489546 19.8552 7
      vertex 0 19.8 7
    endloop
  endfacet
  facet normal 0 0 1
    outer loop
      vertex 30 18 7
      vertex 0 15 7
      vertex 41 15 7
    endloop
  endfacet
  facet normal 0 0 1
    outer loop
      vertex -0.499373 15.0178 7
      vertex 0 19.8 7
      vertex -0.489546 19.8552 7
    endloop
  endfacet
  facet normal 0 0 1
    outer loop
      vertex 0 19.8 7
      vertex -0.499373 15.0178 7
      vertex 0 15 7
    endloop
  endfacet
  facet normal 0 0 1
    outer loop
      vertex -2.44625 15.4414 7
      vertex -0.489546 19.8552 7
      vertex -0.954544 20.0179 7
    endloop
  endfacet
  facet normal 0 0 1
    outer loop
      vertex -0.489546 19.8552 7
      vertex -0.996203 15.0712 7
      vertex -0.499373 15.0178 7
    endloop
  endfacet
  facet normal 0 0 1
    outer loop
      vertex -3.78448 16.1112 7
      vertex -0.954544 20.0179 7
      vertex -1.37168 20.28 7
    endloop
  endfacet
  facet normal 0 0 1
    outer loop
      vertex -0.489546 19.8552 7
      vertex -1.48796 15.16 7
      vertex -0.996203 15.0712 7
    endloop
  endfacet
  facet normal 0 0 1
    outer loop
      vertex -4.94975 17.0503 7
      vertex -1.37168 20.28 7
      vertex -1.72003 20.6283 7
    endloop
  endfacet
  facet normal 0 0 1
    outer loop
      vertex -0.489546 19.8552 7
      vertex -1.97213 15.2835 7
      vertex -1.48796 15.16 7
    endloop
  endfacet
  facet normal 0 0 1
    outer loop
      vertex -5.88877 18.2155 7
      vertex -1.72003 20.6283 7
      vertex -1.98213 21.0455 7
    endloop
  endfacet
  facet normal 0 0 1
    outer loop
      vertex -6.55865 19.5538 7
      vertex -1.98213 21.0455 7
      vertex -2.14484 21.5105 7
    endloop
  endfacet
  facet normal 0 0 1
    outer loop
      vertex -6.92875 21.0038 7
      vertex -2.14484 21.5105 7
      vertex -2.2 22 7
    endloop
  endfacet
  facet normal -0 0 1
    outer loop
      vertex -4.58402 27.2902 7
      vertex -1.37168 23.72 7
      vertex -4.19494 27.6038 7
    endloop
  endfacet
  facet normal 0 0 1
    outer loop
      vertex -0.489546 19.8552 7
      vertex -2.44625 15.4414 7
      vertex -1.97213 15.2835 7
    endloop
  endfacet
  facet normal -0 0 1
    outer loop
      vertex -4.94975 26.9497 7
      vertex -1.37168 23.72 7
      vertex -4.58402 27.2902 7
    endloop
  endfacet
  facet normal 0 0 1
    outer loop
      vertex -0.954544 20.0179 7
      vertex -2.9079 15.6326 7
      vertex -2.44625 15.4414 7
    endloop
  endfacet
  facet normal 0 0 1
    outer loop
      vertex -1.37168 23.72 7
      vertex -4.94975 26.9497 7
      vertex -1.72003 23.3717 7
    endloop
  endfacet
  facet normal 0 0 1
    outer loop
      vertex -0.954544 20.0179 7
      vertex -3.35474 15.8562 7
      vertex -2.9079 15.6326 7
    endloop
  endfacet
  facet normal -0 0 1
    outer loop
      vertex -5.29025 26.584 7
      vertex -1.72003 23.3717 7
      vertex -4.94975 26.9497 7
    endloop
  endfacet
  facet normal 0 0 1
    outer loop
      vertex -0.954544 20.0179 7
      vertex -3.78448 16.1112 7
      vertex -3.35474 15.8562 7
    endloop
  endfacet
  facet normal -0 0 1
    outer loop
      vertex -5.60379 26.1949 7
      vertex -1.72003 23.3717 7
      vertex -5.29025 26.584 7
    endloop
  endfacet
  facet normal 0 0 1
    outer loop
      vertex -1.37168 20.28 7
      vertex -4.19494 16.3962 7
      vertex -3.78448 16.1112 7
    endloop
  endfacet
  facet normal -0 0 1
    outer loop
      vertex -5.88877 25.7845 7
      vertex -1.72003 23.3717 7
      vertex -5.60379 26.1949 7
    endloop
  endfacet
  facet normal 0 0 1
    outer loop
      vertex -1.37168 20.28 7
      vertex -4.58402 16.7098 7
      vertex -4.19494 16.3962 7
    endloop
  endfacet
  facet normal 0 0 1
    outer loop
      vertex -1.72003 23.3717 7
      vertex -5.88877 25.7845 7
      vertex -1.98213 22.9545 7
    endloop
  endfacet
  facet normal 0 0 1
    outer loop
      vertex -1.37168 20.28 7
      vertex -4.94975 17.0503 7
      vertex -4.58402 16.7098 7
    endloop
  endfacet
  facet normal -0 0 1
    outer loop
      vertex -6.14375 25.3547 7
      vertex -1.98213 22.9545 7
      vertex -5.88877 25.7845 7
    endloop
  endfacet
  facet normal 0 0 1
    outer loop
      vertex -1.72003 20.6283 7
      vertex -5.29025 17.416 7
      vertex -4.94975 17.0503 7
    endloop
  endfacet
  facet normal -0 0 1
    outer loop
      vertex -6.36742 24.9079 7
      vertex -1.98213 22.9545 7
      vertex -6.14375 25.3547 7
    endloop
  endfacet
  facet normal 0 0 1
    outer loop
      vertex -1.72003 20.6283 7
      vertex -5.60379 17.8051 7
      vertex -5.29025 17.416 7
    endloop
  endfacet
  facet normal -0 0 1
    outer loop
      vertex -6.55865 24.4462 7
      vertex -1.98213 22.9545 7
      vertex -6.36742 24.9079 7
    endloop
  endfacet
  facet normal 0 0 1
    outer loop
      vertex -1.72003 20.6283 7
      vertex -5.88877 18.2155 7
      vertex -5.60379 17.8051 7
    endloop
  endfacet
  facet normal 0 0 1
    outer loop
      vertex -1.98213 22.9545 7
      vertex -6.55865 24.4462 7
      vertex -2.14484 22.4895 7
    endloop
  endfacet
  facet normal 0 0 1
    outer loop
      vertex -1.98213 21.0455 7
      vertex -6.14375 18.6453 7
      vertex -5.88877 18.2155 7
    endloop
  endfacet
  facet normal -0 0 1
    outer loop
      vertex -6.71645 23.9721 7
      vertex -2.14484 22.4895 7
      vertex -6.55865 24.4462 7
    endloop
  endfacet
  facet normal 0 0 1
    outer loop
      vertex -1.98213 21.0455 7
      vertex -6.36742 19.0921 7
      vertex -6.14375 18.6453 7
    endloop
  endfacet
  facet normal -0 0 1
    outer loop
      vertex -6.84003 23.488 7
      vertex -2.14484 22.4895 7
      vertex -6.71645 23.9721 7
    endloop
  endfacet
  facet normal 0 0 1
    outer loop
      vertex -1.98213 21.0455 7
      vertex -6.55865 19.5538 7
      vertex -6.36742 19.0921 7
    endloop
  endfacet
  facet normal -0 0 1
    outer loop
      vertex -6.92875 22.9962 7
      vertex -2.14484 22.4895 7
      vertex -6.84003 23.488 7
    endloop
  endfacet
  facet normal 0 0 1
    outer loop
      vertex -2.14484 21.5105 7
      vertex -6.71645 20.0279 7
      vertex -6.55865 19.5538 7
    endloop
  endfacet
  facet normal 0 0 1
    outer loop
      vertex -2.14484 22.4895 7
      vertex -6.92875 22.9962 7
      vertex -2.2 22 7
    endloop
  endfacet
  facet normal 0 0 1
    outer loop
      vertex -2.14484 21.5105 7
      vertex -6.84003 20.512 7
      vertex -6.71645 20.0279 7
    endloop
  endfacet
  facet normal -0 0 1
    outer loop
      vertex -6.98216 22.4994 7
      vertex -2.2 22 7
      vertex -6.92875 22.9962 7
    endloop
  endfacet
  facet normal 0 0 1
    outer loop
      vertex -2.14484 21.5105 7
      vertex -6.92875 21.0038 7
      vertex -6.84003 20.512 7
    endloop
  endfacet
  facet normal 0 0 1
    outer loop
      vertex -7 22 7
      vertex -2.2 22 7
      vertex -6.98216 22.4994 7
    endloop
  endfacet
  facet normal 0 0 1
    outer loop
      vertex -2.2 22 7
      vertex -6.98216 21.5006 7
      vertex -6.92875 21.0038 7
    endloop
  endfacet
  facet normal 0 0 1
    outer loop
      vertex -2.2 22 7
      vertex -7 22 7
      vertex -6.98216 21.5006 7
    endloop
  endfacet
  facet normal 0 0 1
    outer loop
      vertex 41 29 7
      vertex 35 26.1 7
      vertex 41 26.1 7
    endloop
  endfacet
  facet normal 0 0 1
    outer loop
      vertex 35 26.1 7
      vertex 30 26 7
      vertex 35 26 7
    endloop
  endfacet
  facet normal 0 0 1
    outer loop
      vertex 41 29 7
      vertex 30 26 7
      vertex 35 26.1 7
    endloop
  endfacet
  facet normal 0 0 1
    outer loop
      vertex 30 26 7
      vertex 29.6111 24.0787 7
      vertex 30 24.2866 7
    endloop
  endfacet
  facet normal 0 0 1
    outer loop
      vertex 30 26 7
      vertex 29.2322 23.7678 7
      vertex 29.6111 24.0787 7
    endloop
  endfacet
  facet normal 0 0 1
    outer loop
      vertex 30 26 7
      vertex 28.9213 23.3889 7
      vertex 29.2322 23.7678 7
    endloop
  endfacet
  facet normal 0 0 1
    outer loop
      vertex 30 26 7
      vertex 28.6903 22.9567 7
      vertex 28.9213 23.3889 7
    endloop
  endfacet
  facet normal 0 0 1
    outer loop
      vertex 28.548 22.4877 7
      vertex 2.2 22 7
      vertex 28.5 22 7
    endloop
  endfacet
  facet normal -0 0 1
    outer loop
      vertex 2.14484 22.4895 7
      vertex 28.548 22.4877 7
      vertex 28.6903 22.9567 7
    endloop
  endfacet
  facet normal 0 0 1
    outer loop
      vertex 1.98213 22.9545 7
      vertex 28.6903 22.9567 7
      vertex 30 26 7
    endloop
  endfacet
  facet normal -0 0 1
    outer loop
      vertex 0 29 7
      vertex 30 26 7
      vertex 41 29 7
    endloop
  endfacet
  facet normal 0 0 1
    outer loop
      vertex 28.548 22.4877 7
      vertex 2.14484 22.4895 7
      vertex 2.2 22 7
    endloop
  endfacet
  facet normal 0 0 1
    outer loop
      vertex 28.6903 22.9567 7
      vertex 1.98213 22.9545 7
      vertex 2.14484 22.4895 7
    endloop
  endfacet
  facet normal 0 0 1
    outer loop
      vertex 30 26 7
      vertex 0 29 7
      vertex 1.98213 22.9545 7
    endloop
  endfacet
  facet normal 0 0 1
    outer loop
      vertex 1.98213 22.9545 7
      vertex 0 29 7
      vertex 1.72003 23.3717 7
    endloop
  endfacet
  facet normal 0 0 1
    outer loop
      vertex 1.72003 23.3717 7
      vertex 0 29 7
      vertex 1.37168 23.72 7
    endloop
  endfacet
  facet normal 0 0 1
    outer loop
      vertex 1.37168 23.72 7
      vertex 0 29 7
      vertex 0.954544 23.9821 7
    endloop
  endfacet
  facet normal 0 0 1
    outer loop
      vertex 0.954544 23.9821 7
      vertex 0 29 7
      vertex 0.489546 24.1448 7
    endloop
  endfacet
  facet normal 0 0 1
    outer loop
      vertex 0 29 7
      vertex 0 24.2 7
      vertex 0.489546 24.1448 7
    endloop
  endfacet
  facet normal -0 0 1
    outer loop
      vertex -0.499373 28.9822 7
      vertex 0 24.2 7
      vertex 0 29 7
    endloop
  endfacet
  facet normal 0 0 1
    outer loop
      vertex 0 24.2 7
      vertex -0.499373 28.9822 7
      vertex -0.489546 24.1448 7
    endloop
  endfacet
  facet normal -0 0 1
    outer loop
      vertex -0.996203 28.9287 7
      vertex -0.489546 24.1448 7
      vertex -0.499373 28.9822 7
    endloop
  endfacet
  facet normal -0 0 1
    outer loop
      vertex -1.48796 28.84 7
      vertex -0.489546 24.1448 7
      vertex -0.996203 28.9287 7
    endloop
  endfacet
  facet normal -0 0 1
    outer loop
      vertex -1.97213 28.7164 7
      vertex -0.489546 24.1448 7
      vertex -1.48796 28.84 7
    endloop
  endfacet
  facet normal -0 0 1
    outer loop
      vertex -2.44625 28.5586 7
      vertex -0.489546 24.1448 7
      vertex -1.97213 28.7164 7
    endloop
  endfacet
  facet normal 0 0 1
    outer loop
      vertex -0.489546 24.1448 7
      vertex -2.44625 28.5586 7
      vertex -0.954544 23.9821 7
    endloop
  endfacet
  facet normal -0 0 1
    outer loop
      vertex -2.9079 28.3674 7
      vertex -0.954544 23.9821 7
      vertex -2.44625 28.5586 7
    endloop
  endfacet
  facet normal -0 0 1
    outer loop
      vertex -3.35474 28.1438 7
      vertex -0.954544 23.9821 7
      vertex -2.9079 28.3674 7
    endloop
  endfacet
  facet normal -0 0 1
    outer loop
      vertex -3.78448 27.8888 7
      vertex -0.954544 23.9821 7
      vertex -3.35474 28.1438 7
    endloop
  endfacet
  facet normal 0 0 1
    outer loop
      vertex -0.954544 23.9821 7
      vertex -3.78448 27.8888 7
      vertex -1.37168 23.72 7
    endloop
  endfacet
  facet normal -0 0 1
    outer loop
      vertex -4.19494 27.6038 7
      vertex -1.37168 23.72 7
      vertex -3.78448 27.8888 7
    endloop
  endfacet
  facet normal 1 -0 0
    outer loop
      vertex 41 15 7
      vertex 41 17.9 0
      vertex 41 17.9 7
    endloop
  endfacet
  facet normal 1 0 0
    outer loop
      vertex 41 17.9 0
      vertex 41 15 7
      vertex 41 15 0
    endloop
  endfacet
  facet normal 0 1 -0
    outer loop
      vertex 35 18 0
      vertex 30 18 7
      vertex 35 18 7
    endloop
  endfacet
  facet normal 0 1 0
    outer loop
      vertex 30 18 7
      vertex 35 18 0
      vertex 30 18 0
    endloop
  endfacet
  facet normal -0 0 -1
    outer loop
      vertex 30 24.2866 0
      vertex 29.6111 24.0787 0
      vertex 30 26 0
    endloop
  endfacet
  facet normal 0 0 -1
    outer loop
      vertex 35 26 0
      vertex 30 26 0
      vertex 35 26.1 0
    endloop
  endfacet
  facet normal 0 0 -1
    outer loop
      vertex 35 26.1 0
      vertex 41 29 0
      vertex 41 26.1 0
    endloop
  endfacet
  facet normal 0 0 -1
    outer loop
      vertex 30 26 0
      vertex 41 29 0
      vertex 35 26.1 0
    endloop
  endfacet
  facet normal 0 0 -1
    outer loop
      vertex 29.2322 23.7678 0
      vertex 30 26 0
      vertex 29.6111 24.0787 0
    endloop
  endfacet
  facet normal 0 0 -1
    outer loop
      vertex 28.9213 23.3889 0
      vertex 30 26 0
      vertex 29.2322 23.7678 0
    endloop
  endfacet
  facet normal 0 0 -1
    outer loop
      vertex 28.6903 22.9567 0
      vertex 30 26 0
      vertex 28.9213 23.3889 0
    endloop
  endfacet
  facet normal 0 0 -1
    outer loop
      vertex 2.2 22 0
      vertex 28.548 22.4877 0
      vertex 28.5 22 0
    endloop
  endfacet
  facet normal 0 0 -1
    outer loop
      vertex 2.14484 22.4895 0
      vertex 28.548 22.4877 0
      vertex 2.2 22 0
    endloop
  endfacet
  facet normal 0 0 -1
    outer loop
      vertex 28.548 22.4877 0
      vertex 2.14484 22.4895 0
      vertex 28.6903 22.9567 0
    endloop
  endfacet
  facet normal 0 0 -1
    outer loop
      vertex 1.98213 22.9545 0
      vertex 28.6903 22.9567 0
      vertex 2.14484 22.4895 0
    endloop
  endfacet
  facet normal -0 0 -1
    outer loop
      vertex 28.6903 22.9567 0
      vertex 1.98213 22.9545 0
      vertex 30 26 0
    endloop
  endfacet
  facet normal 0 0 -1
    outer loop
      vertex 0 29 0
      vertex 30 26 0
      vertex 1.98213 22.9545 0
    endloop
  endfacet
  facet normal 0 0 -1
    outer loop
      vertex 0 29 0
      vertex 1.98213 22.9545 0
      vertex 1.72003 23.3717 0
    endloop
  endfacet
  facet normal 0 0 -1
    outer loop
      vertex 0 29 0
      vertex 1.72003 23.3717 0
      vertex 1.37168 23.72 0
    endloop
  endfacet
  facet normal 0 0 -1
    outer loop
      vertex 0 29 0
      vertex 1.37168 23.72 0
      vertex 0.954544 23.9821 0
    endloop
  endfacet
  facet normal 0 0 -1
    outer loop
      vertex 0 29 0
      vertex 0.954544 23.9821 0
      vertex 0.489546 24.1448 0
    endloop
  endfacet
  facet normal 0 0 -1
    outer loop
      vertex 0 29 0
      vertex 0.489546 24.1448 0
      vertex 0 24.2 0
    endloop
  endfacet
  facet normal 0 0 -1
    outer loop
      vertex 30 26 0
      vertex 0 29 0
      vertex 41 29 0
    endloop
  endfacet
  facet normal 0 0 -1
    outer loop
      vertex -0.499373 28.9822 0
      vertex 0 24.2 0
      vertex -0.489546 24.1448 0
    endloop
  endfacet
  facet normal 0 0 -1
    outer loop
      vertex 0 24.2 0
      vertex -0.499373 28.9822 0
      vertex 0 29 0
    endloop
  endfacet
  facet normal 0 0 -1
    outer loop
      vertex -2.44625 28.5586 0
      vertex -0.489546 24.1448 0
      vertex -0.954544 23.9821 0
    endloop
  endfacet
  facet normal 0 0 -1
    outer loop
      vertex -0.489546 24.1448 0
      vertex -0.996203 28.9287 0
      vertex -0.499373 28.9822 0
    endloop
  endfacet
  facet normal 0 0 -1
    outer loop
      vertex -3.78448 27.8888 0
      vertex -0.954544 23.9821 0
      vertex -1.37168 23.72 0
    endloop
  endfacet
  facet normal 0 0 -1
    outer loop
      vertex -0.489546 24.1448 0
      vertex -1.48796 28.84 0
      vertex -0.996203 28.9287 0
    endloop
  endfacet
  facet normal 0 0 -1
    outer loop
      vertex -4.94975 26.9497 0
      vertex -1.37168 23.72 0
      vertex -1.72003 23.3717 0
    endloop
  endfacet
  facet normal 0 0 -1
    outer loop
      vertex -0.489546 24.1448 0
      vertex -1.97213 28.7164 0
      vertex -1.48796 28.84 0
    endloop
  endfacet
  facet normal 0 0 -1
    outer loop
      vertex -5.88877 25.7845 0
      vertex -1.72003 23.3717 0
      vertex -1.98213 22.9545 0
    endloop
  endfacet
  facet normal 0 0 -1
    outer loop
      vertex -6.55865 24.4462 0
      vertex -1.98213 22.9545 0
      vertex -2.14484 22.4895 0
    endloop
  endfacet
  facet normal 0 0 -1
    outer loop
      vertex -6.92875 22.9962 0
      vertex -2.14484 22.4895 0
      vertex -2.2 22 0
    endloop
  endfacet
  facet normal 0 0 -1
    outer loop
      vertex -4.58402 16.7098 0
      vertex -1.37168 20.28 0
      vertex -4.19494 16.3962 0
    endloop
  endfacet
  facet normal 0 0 -1
    outer loop
      vertex -0.489546 24.1448 0
      vertex -2.44625 28.5586 0
      vertex -1.97213 28.7164 0
    endloop
  endfacet
  facet normal 0 0 -1
    outer loop
      vertex -4.94975 17.0503 0
      vertex -1.37168 20.28 0
      vertex -4.58402 16.7098 0
    endloop
  endfacet
  facet normal 0 0 -1
    outer loop
      vertex -0.954544 23.9821 0
      vertex -2.9079 28.3674 0
      vertex -2.44625 28.5586 0
    endloop
  endfacet
  facet normal -0 0 -1
    outer loop
      vertex -1.37168 20.28 0
      vertex -4.94975 17.0503 0
      vertex -1.72003 20.6283 0
    endloop
  endfacet
  facet normal 0 0 -1
    outer loop
      vertex -0.954544 23.9821 0
      vertex -3.35474 28.1438 0
      vertex -2.9079 28.3674 0
    endloop
  endfacet
  facet normal 0 0 -1
    outer loop
      vertex -5.29025 17.416 0
      vertex -1.72003 20.6283 0
      vertex -4.94975 17.0503 0
    endloop
  endfacet
  facet normal 0 0 -1
    outer loop
      vertex -0.954544 23.9821 0
      vertex -3.78448 27.8888 0
      vertex -3.35474 28.1438 0
    endloop
  endfacet
  facet normal 0 0 -1
    outer loop
      vertex -5.60379 17.8051 0
      vertex -1.72003 20.6283 0
      vertex -5.29025 17.416 0
    endloop
  endfacet
  facet normal 0 0 -1
    outer loop
      vertex -1.37168 23.72 0
      vertex -4.19494 27.6038 0
      vertex -3.78448 27.8888 0
    endloop
  endfacet
  facet normal 0 0 -1
    outer loop
      vertex -5.88877 18.2155 0
      vertex -1.72003 20.6283 0
      vertex -5.60379 17.8051 0
    endloop
  endfacet
  facet normal 0 0 -1
    outer loop
      vertex -1.37168 23.72 0
      vertex -4.58402 27.2902 0
      vertex -4.19494 27.6038 0
    endloop
  endfacet
  facet normal -0 0 -1
    outer loop
      vertex -1.72003 20.6283 0
      vertex -5.88877 18.2155 0
      vertex -1.98213 21.0455 0
    endloop
  endfacet
  facet normal 0 0 -1
    outer loop
      vertex -1.37168 23.72 0
      vertex -4.94975 26.9497 0
      vertex -4.58402 27.2902 0
    endloop
  endfacet
  facet normal 0 0 -1
    outer loop
      vertex -6.14375 18.6453 0
      vertex -1.98213 21.0455 0
      vertex -5.88877 18.2155 0
    endloop
  endfacet
  facet normal 0 0 -1
    outer loop
      vertex -1.72003 23.3717 0
      vertex -5.29025 26.584 0
      vertex -4.94975 26.9497 0
    endloop
  endfacet
  facet normal 0 0 -1
    outer loop
      vertex -6.36742 19.0921 0
      vertex -1.98213 21.0455 0
      vertex -6.14375 18.6453 0
    endloop
  endfacet
  facet normal 0 0 -1
    outer loop
      vertex -1.72003 23.3717 0
      vertex -5.60379 26.1949 0
      vertex -5.29025 26.584 0
    endloop
  endfacet
  facet normal 0 0 -1
    outer loop
      vertex -6.55865 19.5538 0
      vertex -1.98213 21.0455 0
      vertex -6.36742 19.0921 0
    endloop
  endfacet
  facet normal 0 0 -1
    outer loop
      vertex -1.72003 23.3717 0
      vertex -5.88877 25.7845 0
      vertex -5.60379 26.1949 0
    endloop
  endfacet
  facet normal -0 0 -1
    outer loop
      vertex -1.98213 21.0455 0
      vertex -6.55865 19.5538 0
      vertex -2.14484 21.5105 0
    endloop
  endfacet
  facet normal 0 0 -1
    outer loop
      vertex -1.98213 22.9545 0
      vertex -6.14375 25.3547 0
      vertex -5.88877 25.7845 0
    endloop
  endfacet
  facet normal 0 0 -1
    outer loop
      vertex -6.71645 20.0279 0
      vertex -2.14484 21.5105 0
      vertex -6.55865 19.5538 0
    endloop
  endfacet
  facet normal 0 0 -1
    outer loop
      vertex -1.98213 22.9545 0
      vertex -6.36742 24.9079 0
      vertex -6.14375 25.3547 0
    endloop
  endfacet
  facet normal 0 0 -1
    outer loop
      vertex -6.84003 20.512 0
      vertex -2.14484 21.5105 0
      vertex -6.71645 20.0279 0
    endloop
  endfacet
  facet normal 0 0 -1
    outer loop
      vertex -1.98213 22.9545 0
      vertex -6.55865 24.4462 0
      vertex -6.36742 24.9079 0
    endloop
  endfacet
  facet normal 0 0 -1
    outer loop
      vertex -6.92875 21.0038 0
      vertex -2.14484 21.5105 0
      vertex -6.84003 20.512 0
    endloop
  endfacet
  facet normal 0 0 -1
    outer loop
      vertex -2.14484 22.4895 0
      vertex -6.71645 23.9721 0
      vertex -6.55865 24.4462 0
    endloop
  endfacet
  facet normal -0 0 -1
    outer loop
      vertex -2.14484 21.5105 0
      vertex -6.92875 21.0038 0
      vertex -2.2 22 0
    endloop
  endfacet
  facet normal 0 0 -1
    outer loop
      vertex -2.14484 22.4895 0
      vertex -6.84003 23.488 0
      vertex -6.71645 23.9721 0
    endloop
  endfacet
  facet normal 0 0 -1
    outer loop
      vertex -6.98216 21.5006 0
      vertex -2.2 22 0
      vertex -6.92875 21.0038 0
    endloop
  endfacet
  facet normal 0 0 -1
    outer loop
      vertex -2.14484 22.4895 0
      vertex -6.92875 22.9962 0
      vertex -6.84003 23.488 0
    endloop
  endfacet
  facet normal 0 0 -1
    outer loop
      vertex -7 22 0
      vertex -2.2 22 0
      vertex -6.98216 21.5006 0
    endloop
  endfacet
  facet normal 0 0 -1
    outer loop
      vertex -2.2 22 0
      vertex -6.98216 22.4994 0
      vertex -6.92875 22.9962 0
    endloop
  endfacet
  facet normal 0 0 -1
    outer loop
      vertex -2.2 22 0
      vertex -7 22 0
      vertex -6.98216 22.4994 0
    endloop
  endfacet
  facet normal 0 0 -1
    outer loop
      vertex 41 15 0
      vertex 35 17.9 0
      vertex 41 17.9 0
    endloop
  endfacet
  facet normal 0 0 -1
    outer loop
      vertex 35 17.9 0
      vertex 30 18 0
      vertex 35 18 0
    endloop
  endfacet
  facet normal 0 0 -1
    outer loop
      vertex 41 15 0
      vertex 30 18 0
      vertex 35 17.9 0
    endloop
  endfacet
  facet normal 0 0 -1
    outer loop
      vertex 30 18 0
      vertex 29.6111 19.9213 0
      vertex 30 19.7134 0
    endloop
  endfacet
  facet normal 0 0 -1
    outer loop
      vertex 30 18 0
      vertex 29.2322 20.2322 0
      vertex 29.6111 19.9213 0
    endloop
  endfacet
  facet normal 0 0 -1
    outer loop
      vertex 30 18 0
      vertex 28.9213 20.6111 0
      vertex 29.2322 20.2322 0
    endloop
  endfacet
  facet normal 0 0 -1
    outer loop
      vertex 30 18 0
      vertex 28.6903 21.0433 0
      vertex 28.9213 20.6111 0
    endloop
  endfacet
  facet normal 0 0 -1
    outer loop
      vertex 28.548 21.5123 0
      vertex 2.2 22 0
      vertex 28.5 22 0
    endloop
  endfacet
  facet normal 0 0 -1
    outer loop
      vertex 2.14484 21.5105 0
      vertex 28.548 21.5123 0
      vertex 28.6903 21.0433 0
    endloop
  endfacet
  facet normal 0 0 -1
    outer loop
      vertex 1.98213 21.0455 0
      vertex 28.6903 21.0433 0
      vertex 30 18 0
    endloop
  endfacet
  facet normal 0 0 -1
    outer loop
      vertex 0 15 0
      vertex 30 18 0
      vertex 41 15 0
    endloop
  endfacet
  facet normal -0 0 -1
    outer loop
      vertex 28.548 21.5123 0
      vertex 2.14484 21.5105 0
      vertex 2.2 22 0
    endloop
  endfacet
  facet normal 0 0 -1
    outer loop
      vertex 28.6903 21.0433 0
      vertex 1.98213 21.0455 0
      vertex 2.14484 21.5105 0
    endloop
  endfacet
  facet normal -0 0 -1
    outer loop
      vertex 30 18 0
      vertex 0 15 0
      vertex 1.98213 21.0455 0
    endloop
  endfacet
  facet normal 0 0 -1
    outer loop
      vertex 1.98213 21.0455 0
      vertex 0 15 0
      vertex 1.72003 20.6283 0
    endloop
  endfacet
  facet normal 0 0 -1
    outer loop
      vertex 1.72003 20.6283 0
      vertex 0 15 0
      vertex 1.37168 20.28 0
    endloop
  endfacet
  facet normal 0 0 -1
    outer loop
      vertex 1.37168 20.28 0
      vertex 0 15 0
      vertex 0.954544 20.0179 0
    endloop
  endfacet
  facet normal 0 0 -1
    outer loop
      vertex 0.954544 20.0179 0
      vertex 0 15 0
      vertex 0.489546 19.8552 0
    endloop
  endfacet
  facet normal 0 0 -1
    outer loop
      vertex 0 15 0
      vertex 0 19.8 0
      vertex 0.489546 19.8552 0
    endloop
  endfacet
  facet normal 0 0 -1
    outer loop
      vertex -0.499373 15.0178 0
      vertex 0 19.8 0
      vertex 0 15 0
    endloop
  endfacet
  facet normal -0 0 -1
    outer loop
      vertex 0 19.8 0
      vertex -0.499373 15.0178 0
      vertex -0.489546 19.8552 0
    endloop
  endfacet
  facet normal 0 0 -1
    outer loop
      vertex -0.996203 15.0712 0
      vertex -0.489546 19.8552 0
      vertex -0.499373 15.0178 0
    endloop
  endfacet
  facet normal 0 0 -1
    outer loop
      vertex -1.48796 15.16 0
      vertex -0.489546 19.8552 0
      vertex -0.996203 15.0712 0
    endloop
  endfacet
  facet normal 0 0 -1
    outer loop
      vertex -1.97213 15.2835 0
      vertex -0.489546 19.8552 0
      vertex -1.48796 15.16 0
    endloop
  endfacet
  facet normal 0 0 -1
    outer loop
      vertex -2.44625 15.4414 0
      vertex -0.489546 19.8552 0
      vertex -1.97213 15.2835 0
    endloop
  endfacet
  facet normal -0 0 -1
    outer loop
      vertex -0.489546 19.8552 0
      vertex -2.44625 15.4414 0
      vertex -0.954544 20.0179 0
    endloop
  endfacet
  facet normal 0 0 -1
    outer loop
      vertex -2.9079 15.6326 0
      vertex -0.954544 20.0179 0
      vertex -2.44625 15.4414 0
    endloop
  endfacet
  facet normal 0 0 -1
    outer loop
      vertex -3.35474 15.8562 0
      vertex -0.954544 20.0179 0
      vertex -2.9079 15.6326 0
    endloop
  endfacet
  facet normal 0 0 -1
    outer loop
      vertex -3.78448 16.1112 0
      vertex -0.954544 20.0179 0
      vertex -3.35474 15.8562 0
    endloop
  endfacet
  facet normal -0 0 -1
    outer loop
      vertex -0.954544 20.0179 0
      vertex -3.78448 16.1112 0
      vertex -1.37168 20.28 0
    endloop
  endfacet
  facet normal 0 0 -1
    outer loop
      vertex -4.19494 16.3962 0
      vertex -1.37168 20.28 0
      vertex -3.78448 16.1112 0
    endloop
  endfacet
  facet normal 0 -1 0
    outer loop
      vertex 0 15 0
      vertex 41 15 7
      vertex 0 15 7
    endloop
  endfacet
  facet normal 0 -1 -0
    outer loop
      vertex 41 15 7
      vertex 0 15 0
      vertex 41 15 0
    endloop
  endfacet
  facet normal 1 -0 0
    outer loop
      vertex 41 26.1 7
      vertex 41 29 0
      vertex 41 29 7
    endloop
  endfacet
  facet normal 1 0 0
    outer loop
      vertex 41 29 0
      vertex 41 26.1 7
      vertex 41 26.1 0
    endloop
  endfacet
  facet normal 0 -1 0
    outer loop
      vertex 30 26 0
      vertex 35 26 7
      vertex 30 26 7
    endloop
  endfacet
  facet normal 0 -1 -0
    outer loop
      vertex 35 26 7
      vertex 30 26 0
      vertex 35 26 0
    endloop
  endfacet
  facet normal 0 1 -0
    outer loop
      vertex 41 29 0
      vertex 0 29 7
      vertex 41 29 7
    endloop
  endfacet
  facet normal 0 1 0
    outer loop
      vertex 0 29 7
      vertex 41 29 0
      vertex 0 29 0
    endloop
  endfacet
  facet normal -0.107064 0.994252 0
    outer loop
      vertex -0.499373 28.9822 0
      vertex -0.996203 28.9287 7
      vertex -0.499373 28.9822 7
    endloop
  endfacet
  facet normal -0.107064 0.994252 0
    outer loop
      vertex -0.996203 28.9287 7
      vertex -0.499373 28.9822 0
      vertex -0.996203 28.9287 0
    endloop
  endfacet
  facet normal -0.0356221 -0.999365 0
    outer loop
      vertex -0.499373 15.0178 0
      vertex 0 15 7
      vertex -0.499373 15.0178 7
    endloop
  endfacet
  facet normal -0.0356221 -0.999365 -0
    outer loop
      vertex 0 15 7
      vertex -0.499373 15.0178 0
      vertex 0 15 0
    endloop
  endfacet
  facet normal -0.24735 0.968926 0
    outer loop
      vertex -1.48796 28.84 0
      vertex -1.97213 28.7164 7
      vertex -1.48796 28.84 7
    endloop
  endfacet
  facet normal -0.24735 0.968926 0
    outer loop
      vertex -1.97213 28.7164 7
      vertex -1.48796 28.84 0
      vertex -1.97213 28.7164 0
    endloop
  endfacet
  facet normal -0.681411 -0.731901 0
    outer loop
      vertex -4.94975 17.0503 0
      vertex -4.58402 16.7098 7
      vertex -4.94975 17.0503 7
    endloop
  endfacet
  facet normal -0.681411 -0.731901 -0
    outer loop
      vertex -4.58402 16.7098 7
      vertex -4.94975 17.0503 0
      vertex -4.58402 16.7098 0
    endloop
  endfacet
  facet normal -0.0356221 0.999365 0
    outer loop
      vertex 0 29 0
      vertex -0.499373 28.9822 7
      vertex 0 29 7
    endloop
  endfacet
  facet normal -0.0356221 0.999365 0
    outer loop
      vertex -0.499373 28.9822 7
      vertex 0 29 0
      vertex -0.499373 28.9822 0
    endloop
  endfacet
  facet normal -0.999363 -0.0357001 0
    outer loop
      vertex -6.98216 21.5006 0
      vertex -7 22 7
      vertex -7 22 0
    endloop
  endfacet
  facet normal -0.999363 -0.0357001 0
    outer loop
      vertex -7 22 7
      vertex -6.98216 21.5006 0
      vertex -6.98216 21.5006 7
    endloop
  endfacet
  facet normal -0.177703 -0.984084 0
    outer loop
      vertex -1.48796 15.16 0
      vertex -0.996203 15.0712 7
      vertex -1.48796 15.16 7
    endloop
  endfacet
  facet normal -0.177703 -0.984084 -0
    outer loop
      vertex -0.996203 15.0712 7
      vertex -1.48796 15.16 0
      vertex -0.996203 15.0712 0
    endloop
  endfacet
  facet normal -0.177509 0.984119 0
    outer loop
      vertex -0.996203 28.9287 0
      vertex -1.48796 28.84 7
      vertex -0.996203 28.9287 7
    endloop
  endfacet
  facet normal -0.177509 0.984119 0
    outer loop
      vertex -1.48796 28.84 7
      vertex -0.996203 28.9287 0
      vertex -1.48796 28.84 0
    endloop
  endfacet
  facet normal -0.447502 0.894283 0
    outer loop
      vertex -2.9079 28.3674 0
      vertex -3.35474 28.1438 7
      vertex -2.9079 28.3674 7
    endloop
  endfacet
  facet normal -0.447502 0.894283 0
    outer loop
      vertex -3.35474 28.1438 7
      vertex -2.9079 28.3674 0
      vertex -3.35474 28.1438 0
    endloop
  endfacet
  facet normal -0.894211 0.447646 0
    outer loop
      vertex -6.36742 24.9079 0
      vertex -6.14375 25.3547 7
      vertex -6.14375 25.3547 0
    endloop
  endfacet
  facet normal -0.894211 0.447646 0
    outer loop
      vertex -6.14375 25.3547 7
      vertex -6.36742 24.9079 0
      vertex -6.36742 24.9079 7
    endloop
  endfacet
  facet normal -0.681411 0.731901 0
    outer loop
      vertex -4.58402 27.2902 0
      vertex -4.94975 26.9497 7
      vertex -4.58402 27.2902 7
    endloop
  endfacet
  facet normal -0.681411 0.731901 0
    outer loop
      vertex -4.94975 26.9497 7
      vertex -4.58402 27.2902 0
      vertex -4.94975 26.9497 0
    endloop
  endfacet
  facet normal -0.948823 -0.315807 0
    outer loop
      vertex -6.55865 19.5538 0
      vertex -6.71645 20.0279 7
      vertex -6.71645 20.0279 0
    endloop
  endfacet
  facet normal -0.948823 -0.315807 0
    outer loop
      vertex -6.71645 20.0279 7
      vertex -6.55865 19.5538 0
      vertex -6.55865 19.5538 7
    endloop
  endfacet
  facet normal -0.984115 0.177533 0
    outer loop
      vertex -6.92875 22.9962 0
      vertex -6.84003 23.488 7
      vertex -6.84003 23.488 0
    endloop
  endfacet
  facet normal -0.984115 0.177533 0
    outer loop
      vertex -6.84003 23.488 7
      vertex -6.92875 22.9962 0
      vertex -6.92875 22.9962 7
    endloop
  endfacet
  facet normal -0.57034 -0.821409 0
    outer loop
      vertex -4.19494 16.3962 0
      vertex -3.78448 16.1112 7
      vertex -4.19494 16.3962 7
    endloop
  endfacet
  facet normal -0.57034 -0.821409 -0
    outer loop
      vertex -3.78448 16.1112 7
      vertex -4.19494 16.3962 0
      vertex -3.78448 16.1112 0
    endloop
  endfacet
  facet normal -0.315976 -0.948767 0
    outer loop
      vertex -2.44625 15.4414 0
      vertex -1.97213 15.2835 7
      vertex -2.44625 15.4414 7
    endloop
  endfacet
  facet normal -0.315976 -0.948767 -0
    outer loop
      vertex -1.97213 15.2835 7
      vertex -2.44625 15.4414 0
      vertex -1.97213 15.2835 0
    endloop
  endfacet
  facet normal -0.247162 -0.968974 0
    outer loop
      vertex -1.97213 15.2835 0
      vertex -1.48796 15.16 7
      vertex -1.97213 15.2835 7
    endloop
  endfacet
  facet normal -0.247162 -0.968974 -0
    outer loop
      vertex -1.48796 15.16 7
      vertex -1.97213 15.2835 0
      vertex -1.48796 15.16 0
    endloop
  endfacet
  facet normal -0.382646 -0.923895 0
    outer loop
      vertex -2.9079 15.6326 0
      vertex -2.44625 15.4414 7
      vertex -2.9079 15.6326 7
    endloop
  endfacet
  facet normal -0.382646 -0.923895 -0
    outer loop
      vertex -2.44625 15.4414 7
      vertex -2.9079 15.6326 0
      vertex -2.44625 15.4414 0
    endloop
  endfacet
  facet normal -0.510305 -0.859994 0
    outer loop
      vertex -3.78448 16.1112 0
      vertex -3.35474 15.8562 7
      vertex -3.78448 16.1112 7
    endloop
  endfacet
  facet normal -0.510305 -0.859994 -0
    outer loop
      vertex -3.35474 15.8562 7
      vertex -3.78448 16.1112 0
      vertex -3.35474 15.8562 0
    endloop
  endfacet
  facet normal -0.315795 0.948827 0
    outer loop
      vertex -1.97213 28.7164 0
      vertex -2.44625 28.5586 7
      vertex -1.97213 28.7164 7
    endloop
  endfacet
  facet normal -0.315795 0.948827 0
    outer loop
      vertex -2.44625 28.5586 7
      vertex -1.97213 28.7164 0
      vertex -2.44625 28.5586 0
    endloop
  endfacet
  facet normal -0.382646 0.923895 0
    outer loop
      vertex -2.44625 28.5586 0
      vertex -2.9079 28.3674 7
      vertex -2.44625 28.5586 7
    endloop
  endfacet
  facet normal -0.382646 0.923895 0
    outer loop
      vertex -2.9079 28.3674 7
      vertex -2.44625 28.5586 0
      vertex -2.9079 28.3674 0
    endloop
  endfacet
  facet normal -0.57034 0.821409 0
    outer loop
      vertex -3.78448 27.8888 0
      vertex -4.19494 27.6038 7
      vertex -3.78448 27.8888 7
    endloop
  endfacet
  facet normal -0.57034 0.821409 0
    outer loop
      vertex -4.19494 27.6038 7
      vertex -3.78448 27.8888 0
      vertex -4.19494 27.6038 0
    endloop
  endfacet
  facet normal -0.510305 0.859994 0
    outer loop
      vertex -3.35474 28.1438 0
      vertex -3.78448 27.8888 7
      vertex -3.35474 28.1438 7
    endloop
  endfacet
  facet normal -0.510305 0.859994 0
    outer loop
      vertex -3.78448 27.8888 7
      vertex -3.35474 28.1438 0
      vertex -3.78448 27.8888 0
    endloop
  endfacet
  facet normal -0.627541 0.778583 0
    outer loop
      vertex -4.19494 27.6038 0
      vertex -4.58402 27.2902 7
      vertex -4.19494 27.6038 7
    endloop
  endfacet
  facet normal -0.627541 0.778583 0
    outer loop
      vertex -4.58402 27.2902 7
      vertex -4.19494 27.6038 0
      vertex -4.58402 27.2902 0
    endloop
  endfacet
  facet normal -0.627541 -0.778583 0
    outer loop
      vertex -4.58402 16.7098 0
      vertex -4.19494 16.3962 7
      vertex -4.58402 16.7098 7
    endloop
  endfacet
  facet normal -0.627541 -0.778583 -0
    outer loop
      vertex -4.19494 16.3962 7
      vertex -4.58402 16.7098 0
      vertex -4.19494 16.3962 0
    endloop
  endfacet
  facet normal -0.894211 -0.447646 0
    outer loop
      vertex -6.14375 18.6453 0
      vertex -6.36742 19.0921 7
      vertex -6.36742 19.0921 0
    endloop
  endfacet
  facet normal -0.894211 -0.447646 0
    outer loop
      vertex -6.36742 19.0921 7
      vertex -6.14375 18.6453 0
      vertex -6.14375 18.6453 7
    endloop
  endfacet
  facet normal -0.778658 -0.627449 0
    outer loop
      vertex -5.29025 17.416 0
      vertex -5.60379 17.8051 7
      vertex -5.60379 17.8051 0
    endloop
  endfacet
  facet normal -0.778658 -0.627449 0
    outer loop
      vertex -5.60379 17.8051 7
      vertex -5.29025 17.416 0
      vertex -5.29025 17.416 7
    endloop
  endfacet
  facet normal -0.968927 0.247346 0
    outer loop
      vertex -6.84003 23.488 0
      vertex -6.71645 23.9721 7
      vertex -6.71645 23.9721 0
    endloop
  endfacet
  facet normal -0.968927 0.247346 0
    outer loop
      vertex -6.71645 23.9721 7
      vertex -6.84003 23.488 0
      vertex -6.84003 23.488 7
    endloop
  endfacet
  facet normal -0.106866 -0.994273 0
    outer loop
      vertex -0.996203 15.0712 0
      vertex -0.499373 15.0178 7
      vertex -0.996203 15.0712 7
    endloop
  endfacet
  facet normal -0.106866 -0.994273 -0
    outer loop
      vertex -0.499373 15.0178 7
      vertex -0.996203 15.0712 0
      vertex -0.499373 15.0178 0
    endloop
  endfacet
  facet normal -0.447502 -0.894283 0
    outer loop
      vertex -3.35474 15.8562 0
      vertex -2.9079 15.6326 7
      vertex -3.35474 15.8562 7
    endloop
  endfacet
  facet normal -0.447502 -0.894283 -0
    outer loop
      vertex -2.9079 15.6326 7
      vertex -3.35474 15.8562 0
      vertex -2.9079 15.6326 0
    endloop
  endfacet
  facet normal -0.731873 0.681441 0
    outer loop
      vertex -5.29025 26.584 0
      vertex -4.94975 26.9497 7
      vertex -4.94975 26.9497 0
    endloop
  endfacet
  facet normal -0.731873 0.681441 0
    outer loop
      vertex -4.94975 26.9497 7
      vertex -5.29025 26.584 0
      vertex -5.29025 26.584 7
    endloop
  endfacet
  facet normal -0.778658 0.627449 0
    outer loop
      vertex -5.60379 26.1949 0
      vertex -5.29025 26.584 7
      vertex -5.29025 26.584 0
    endloop
  endfacet
  facet normal -0.778658 0.627449 0
    outer loop
      vertex -5.29025 26.584 7
      vertex -5.60379 26.1949 0
      vertex -5.60379 26.1949 7
    endloop
  endfacet
  facet normal -0.994271 0.106892 0
    outer loop
      vertex -6.98216 22.4994 0
      vertex -6.92875 22.9962 7
      vertex -6.92875 22.9962 0
    endloop
  endfacet
  facet normal -0.994271 0.106892 0
    outer loop
      vertex -6.92875 22.9962 7
      vertex -6.98216 22.4994 0
      vertex -6.98216 22.4994 7
    endloop
  endfacet
  facet normal -0.999363 0.0357001 0
    outer loop
      vertex -7 22 0
      vertex -6.98216 22.4994 7
      vertex -6.98216 22.4994 0
    endloop
  endfacet
  facet normal -0.999363 0.0357001 0
    outer loop
      vertex -6.98216 22.4994 7
      vertex -7 22 0
      vertex -7 22 7
    endloop
  endfacet
  facet normal -0.968927 -0.247346 0
    outer loop
      vertex -6.71645 20.0279 0
      vertex -6.84003 20.512 7
      vertex -6.84003 20.512 0
    endloop
  endfacet
  facet normal -0.968927 -0.247346 0
    outer loop
      vertex -6.84003 20.512 7
      vertex -6.71645 20.0279 0
      vertex -6.71645 20.0279 7
    endloop
  endfacet
  facet normal -0.984115 -0.177533 0
    outer loop
      vertex -6.84003 20.512 0
      vertex -6.92875 21.0038 7
      vertex -6.92875 21.0038 0
    endloop
  endfacet
  facet normal -0.984115 -0.177533 0
    outer loop
      vertex -6.92875 21.0038 7
      vertex -6.84003 20.512 0
      vertex -6.84003 20.512 7
    endloop
  endfacet
  facet normal -0.948823 0.315807 0
    outer loop
      vertex -6.71645 23.9721 0
      vertex -6.55865 24.4462 7
      vertex -6.55865 24.4462 0
    endloop
  endfacet
  facet normal -0.948823 0.315807 0
    outer loop
      vertex -6.55865 24.4462 7
      vertex -6.71645 23.9721 0
      vertex -6.71645 23.9721 7
    endloop
  endfacet
  facet normal -0.923888 0.382662 0
    outer loop
      vertex -6.55865 24.4462 0
      vertex -6.36742 24.9079 7
      vertex -6.36742 24.9079 0
    endloop
  endfacet
  facet normal -0.923888 0.382662 0
    outer loop
      vertex -6.36742 24.9079 7
      vertex -6.55865 24.4462 0
      vertex -6.55865 24.4462 7
    endloop
  endfacet
  facet normal -0.860042 0.510222 0
    outer loop
      vertex -6.14375 25.3547 0
      vertex -5.88877 25.7845 7
      vertex -5.88877 25.7845 0
    endloop
  endfacet
  facet normal -0.860042 0.510222 0
    outer loop
      vertex -5.88877 25.7845 7
      vertex -6.14375 25.3547 0
      vertex -6.14375 25.3547 7
    endloop
  endfacet
  facet normal -0.821389 0.570369 0
    outer loop
      vertex -5.88877 25.7845 0
      vertex -5.60379 26.1949 7
      vertex -5.60379 26.1949 0
    endloop
  endfacet
  facet normal -0.821389 0.570369 0
    outer loop
      vertex -5.60379 26.1949 7
      vertex -5.88877 25.7845 0
      vertex -5.88877 25.7845 7
    endloop
  endfacet
  facet normal -0.731873 -0.681441 0
    outer loop
      vertex -4.94975 17.0503 0
      vertex -5.29025 17.416 7
      vertex -5.29025 17.416 0
    endloop
  endfacet
  facet normal -0.731873 -0.681441 0
    outer loop
      vertex -5.29025 17.416 7
      vertex -4.94975 17.0503 0
      vertex -4.94975 17.0503 7
    endloop
  endfacet
  facet normal -0.994271 -0.106892 0
    outer loop
      vertex -6.92875 21.0038 0
      vertex -6.98216 21.5006 7
      vertex -6.98216 21.5006 0
    endloop
  endfacet
  facet normal -0.994271 -0.106892 0
    outer loop
      vertex -6.98216 21.5006 7
      vertex -6.92875 21.0038 0
      vertex -6.92875 21.0038 7
    endloop
  endfacet
  facet normal -0.923888 -0.382662 0
    outer loop
      vertex -6.36742 19.0921 0
      vertex -6.55865 19.5538 7
      vertex -6.55865 19.5538 0
    endloop
  endfacet
  facet normal -0.923888 -0.382662 0
    outer loop
      vertex -6.55865 19.5538 7
      vertex -6.36742 19.0921 0
      vertex -6.36742 19.0921 7
    endloop
  endfacet
  facet normal -0.860042 -0.510222 0
    outer loop
      vertex -5.88877 18.2155 0
      vertex -6.14375 18.6453 7
      vertex -6.14375 18.6453 0
    endloop
  endfacet
  facet normal -0.860042 -0.510222 0
    outer loop
      vertex -6.14375 18.6453 7
      vertex -5.88877 18.2155 0
      vertex -5.88877 18.2155 7
    endloop
  endfacet
  facet normal -0.821389 -0.570369 0
    outer loop
      vertex -5.60379 17.8051 0
      vertex -5.88877 18.2155 7
      vertex -5.88877 18.2155 0
    endloop
  endfacet
  facet normal -0.821389 -0.570369 0
    outer loop
      vertex -5.88877 18.2155 7
      vertex -5.60379 17.8051 0
      vertex -5.60379 17.8051 7
    endloop
  endfacet
  facet normal 1 -0 0
    outer loop
      vertex 30 18 7
      vertex 30 19.7134 0
      vertex 30 19.7134 7
    endloop
  endfacet
  facet normal 1 0 0
    outer loop
      vertex 30 19.7134 0
      vertex 30 18 7
      vertex 30 18 0
    endloop
  endfacet
  facet normal 1 -0 0
    outer loop
      vertex 30 24.2866 7
      vertex 30 26 0
      vertex 30 26 7
    endloop
  endfacet
  facet normal 1 0 0
    outer loop
      vertex 30 26 0
      vertex 30 24.2866 7
      vertex 30 24.2866 0
    endloop
  endfacet
  facet normal -0.532026 -0.846728 0
    outer loop
      vertex 0.954544 23.9821 0
      vertex 1.37168 23.72 7
      vertex 0.954544 23.9821 7
    endloop
  endfacet
  facet normal -0.532026 -0.846728 -0
    outer loop
      vertex 1.37168 23.72 7
      vertex 0.954544 23.9821 0
      vertex 1.37168 23.72 0
    endloop
  endfacet
  facet normal -0.993711 0.111978 0
    outer loop
      vertex 2.14484 21.5105 0
      vertex 2.2 22 7
      vertex 2.2 22 0
    endloop
  endfacet
  facet normal -0.993711 0.111978 0
    outer loop
      vertex 2.2 22 7
      vertex 2.14484 21.5105 0
      vertex 2.14484 21.5105 7
    endloop
  endfacet
  facet normal 0.330261 0.94389 -0
    outer loop
      vertex -0.489546 19.8552 0
      vertex -0.954544 20.0179 7
      vertex -0.489546 19.8552 7
    endloop
  endfacet
  facet normal 0.330261 0.94389 0
    outer loop
      vertex -0.954544 20.0179 7
      vertex -0.489546 19.8552 0
      vertex -0.954544 20.0179 0
    endloop
  endfacet
  facet normal -0.707056 -0.707158 0
    outer loop
      vertex 1.37168 23.72 0
      vertex 1.72003 23.3717 7
      vertex 1.37168 23.72 7
    endloop
  endfacet
  facet normal -0.707056 -0.707158 -0
    outer loop
      vertex 1.72003 23.3717 7
      vertex 1.37168 23.72 0
      vertex 1.72003 23.3717 0
    endloop
  endfacet
  facet normal -0.112047 -0.993703 0
    outer loop
      vertex 0 24.2 0
      vertex 0.489546 24.1448 7
      vertex 0 24.2 7
    endloop
  endfacet
  facet normal -0.112047 -0.993703 -0
    outer loop
      vertex 0.489546 24.1448 7
      vertex 0 24.2 0
      vertex 0.489546 24.1448 0
    endloop
  endfacet
  facet normal 0.112047 -0.993703 0
    outer loop
      vertex -0.489546 24.1448 0
      vertex 0 24.2 7
      vertex -0.489546 24.1448 7
    endloop
  endfacet
  facet normal 0.112047 -0.993703 0
    outer loop
      vertex 0 24.2 7
      vertex -0.489546 24.1448 0
      vertex 0 24.2 0
    endloop
  endfacet
  facet normal 0.846765 -0.531968 0
    outer loop
      vertex -1.98213 22.9545 7
      vertex -1.72003 23.3717 0
      vertex -1.72003 23.3717 7
    endloop
  endfacet
  facet normal 0.846765 -0.531968 0
    outer loop
      vertex -1.72003 23.3717 0
      vertex -1.98213 22.9545 7
      vertex -1.98213 22.9545 0
    endloop
  endfacet
  facet normal 0.993711 0.111978 0
    outer loop
      vertex -2.14484 21.5105 7
      vertex -2.2 22 0
      vertex -2.2 22 7
    endloop
  endfacet
  facet normal 0.993711 0.111978 0
    outer loop
      vertex -2.2 22 0
      vertex -2.14484 21.5105 7
      vertex -2.14484 21.5105 0
    endloop
  endfacet
  facet normal -0.943884 -0.330278 0
    outer loop
      vertex 2.14484 22.4895 0
      vertex 1.98213 22.9545 7
      vertex 1.98213 22.9545 0
    endloop
  endfacet
  facet normal -0.943884 -0.330278 0
    outer loop
      vertex 1.98213 22.9545 7
      vertex 2.14484 22.4895 0
      vertex 2.14484 22.4895 7
    endloop
  endfacet
  facet normal -0.846765 -0.531968 0
    outer loop
      vertex 1.98213 22.9545 0
      vertex 1.72003 23.3717 7
      vertex 1.72003 23.3717 0
    endloop
  endfacet
  facet normal -0.846765 -0.531968 0
    outer loop
      vertex 1.72003 23.3717 7
      vertex 1.98213 22.9545 0
      vertex 1.98213 22.9545 7
    endloop
  endfacet
  facet normal -0.330261 -0.94389 0
    outer loop
      vertex 0.489546 24.1448 0
      vertex 0.954544 23.9821 7
      vertex 0.489546 24.1448 7
    endloop
  endfacet
  facet normal -0.330261 -0.94389 -0
    outer loop
      vertex 0.954544 23.9821 7
      vertex 0.489546 24.1448 0
      vertex 0.954544 23.9821 0
    endloop
  endfacet
  facet normal 0.993711 -0.111978 0
    outer loop
      vertex -2.2 22 7
      vertex -2.14484 22.4895 0
      vertex -2.14484 22.4895 7
    endloop
  endfacet
  facet normal 0.993711 -0.111978 0
    outer loop
      vertex -2.14484 22.4895 0
      vertex -2.2 22 7
      vertex -2.2 22 0
    endloop
  endfacet
  facet normal 0.707056 -0.707158 0
    outer loop
      vertex -1.72003 23.3717 0
      vertex -1.37168 23.72 7
      vertex -1.72003 23.3717 7
    endloop
  endfacet
  facet normal 0.707056 -0.707158 0
    outer loop
      vertex -1.37168 23.72 7
      vertex -1.72003 23.3717 0
      vertex -1.37168 23.72 0
    endloop
  endfacet
  facet normal 0.330261 -0.94389 0
    outer loop
      vertex -0.954544 23.9821 0
      vertex -0.489546 24.1448 7
      vertex -0.954544 23.9821 7
    endloop
  endfacet
  facet normal 0.330261 -0.94389 0
    outer loop
      vertex -0.489546 24.1448 7
      vertex -0.954544 23.9821 0
      vertex -0.489546 24.1448 0
    endloop
  endfacet
  facet normal 0.532026 -0.846728 0
    outer loop
      vertex -1.37168 23.72 0
      vertex -0.954544 23.9821 7
      vertex -1.37168 23.72 7
    endloop
  endfacet
  facet normal 0.532026 -0.846728 0
    outer loop
      vertex -0.954544 23.9821 7
      vertex -1.37168 23.72 0
      vertex -0.954544 23.9821 0
    endloop
  endfacet
  facet normal -0.993711 -0.111978 0
    outer loop
      vertex 2.2 22 0
      vertex 2.14484 22.4895 7
      vertex 2.14484 22.4895 0
    endloop
  endfacet
  facet normal -0.993711 -0.111978 0
    outer loop
      vertex 2.14484 22.4895 7
      vertex 2.2 22 0
      vertex 2.2 22 7
    endloop
  endfacet
  facet normal -0.112047 0.993703 0
    outer loop
      vertex 0.489546 19.8552 0
      vertex 0 19.8 7
      vertex 0.489546 19.8552 7
    endloop
  endfacet
  facet normal -0.112047 0.993703 0
    outer loop
      vertex 0 19.8 7
      vertex 0.489546 19.8552 0
      vertex 0 19.8 0
    endloop
  endfacet
  facet normal -0.330261 0.94389 0
    outer loop
      vertex 0.954544 20.0179 0
      vertex 0.489546 19.8552 7
      vertex 0.954544 20.0179 7
    endloop
  endfacet
  facet normal -0.330261 0.94389 0
    outer loop
      vertex 0.489546 19.8552 7
      vertex 0.954544 20.0179 0
      vertex 0.489546 19.8552 0
    endloop
  endfacet
  facet normal -0.532026 0.846728 0
    outer loop
      vertex 1.37168 20.28 0
      vertex 0.954544 20.0179 7
      vertex 1.37168 20.28 7
    endloop
  endfacet
  facet normal -0.532026 0.846728 0
    outer loop
      vertex 0.954544 20.0179 7
      vertex 1.37168 20.28 0
      vertex 0.954544 20.0179 0
    endloop
  endfacet
  facet normal -0.846765 0.531968 0
    outer loop
      vertex 1.72003 20.6283 0
      vertex 1.98213 21.0455 7
      vertex 1.98213 21.0455 0
    endloop
  endfacet
  facet normal -0.846765 0.531968 0
    outer loop
      vertex 1.98213 21.0455 7
      vertex 1.72003 20.6283 0
      vertex 1.72003 20.6283 7
    endloop
  endfacet
  facet normal 0.112047 0.993703 -0
    outer loop
      vertex 0 19.8 0
      vertex -0.489546 19.8552 7
      vertex 0 19.8 7
    endloop
  endfacet
  facet normal 0.112047 0.993703 0
    outer loop
      vertex -0.489546 19.8552 7
      vertex 0 19.8 0
      vertex -0.489546 19.8552 0
    endloop
  endfacet
  facet normal 0.707056 0.707158 -0
    outer loop
      vertex -1.37168 20.28 0
      vertex -1.72003 20.6283 7
      vertex -1.37168 20.28 7
    endloop
  endfacet
  facet normal 0.707056 0.707158 0
    outer loop
      vertex -1.72003 20.6283 7
      vertex -1.37168 20.28 0
      vertex -1.72003 20.6283 0
    endloop
  endfacet
  facet normal 0.943884 0.330278 0
    outer loop
      vertex -1.98213 21.0455 7
      vertex -2.14484 21.5105 0
      vertex -2.14484 21.5105 7
    endloop
  endfacet
  facet normal 0.943884 0.330278 0
    outer loop
      vertex -2.14484 21.5105 0
      vertex -1.98213 21.0455 7
      vertex -1.98213 21.0455 0
    endloop
  endfacet
  facet normal 0.943884 -0.330278 0
    outer loop
      vertex -2.14484 22.4895 7
      vertex -1.98213 22.9545 0
      vertex -1.98213 22.9545 7
    endloop
  endfacet
  facet normal 0.943884 -0.330278 0
    outer loop
      vertex -1.98213 22.9545 0
      vertex -2.14484 22.4895 7
      vertex -2.14484 22.4895 0
    endloop
  endfacet
  facet normal -0.707056 0.707158 0
    outer loop
      vertex 1.72003 20.6283 0
      vertex 1.37168 20.28 7
      vertex 1.72003 20.6283 7
    endloop
  endfacet
  facet normal -0.707056 0.707158 0
    outer loop
      vertex 1.37168 20.28 7
      vertex 1.72003 20.6283 0
      vertex 1.37168 20.28 0
    endloop
  endfacet
  facet normal -0.943884 0.330278 0
    outer loop
      vertex 1.98213 21.0455 0
      vertex 2.14484 21.5105 7
      vertex 2.14484 21.5105 0
    endloop
  endfacet
  facet normal -0.943884 0.330278 0
    outer loop
      vertex 2.14484 21.5105 7
      vertex 1.98213 21.0455 0
      vertex 1.98213 21.0455 7
    endloop
  endfacet
  facet normal 0.532026 0.846728 -0
    outer loop
      vertex -0.954544 20.0179 0
      vertex -1.37168 20.28 7
      vertex -0.954544 20.0179 7
    endloop
  endfacet
  facet normal 0.532026 0.846728 0
    outer loop
      vertex -1.37168 20.28 7
      vertex -0.954544 20.0179 0
      vertex -1.37168 20.28 0
    endloop
  endfacet
  facet normal 0.846765 0.531968 0
    outer loop
      vertex -1.72003 20.6283 7
      vertex -1.98213 21.0455 0
      vertex -1.98213 21.0455 7
    endloop
  endfacet
  facet normal 0.846765 0.531968 0
    outer loop
      vertex -1.98213 21.0455 0
      vertex -1.72003 20.6283 7
      vertex -1.72003 20.6283 0
    endloop
  endfacet
  facet normal 1 -0 0
    outer loop
      vertex 35 17.9 7
      vertex 35 18 0
      vertex 35 18 7
    endloop
  endfacet
  facet normal 1 0 0
    outer loop
      vertex 35 18 0
      vertex 35 17.9 7
      vertex 35 17.9 0
    endloop
  endfacet
  facet normal 1 -0 0
    outer loop
      vertex 35 26 7
      vertex 35 26.1 0
      vertex 35 26.1 7
    endloop
  endfacet
  facet normal 1 0 0
    outer loop
      vertex 35 26.1 0
      vertex 35 26 7
      vertex 35 26 0
    endloop
  endfacet
  facet normal 0 -1 0
    outer loop
      vertex 35 26.1 0
      vertex 41 26.1 7
      vertex 35 26.1 7
    endloop
  endfacet
  facet normal 0 -1 -0
    outer loop
      vertex 41 26.1 7
      vertex 35 26.1 0
      vertex 41 26.1 0
    endloop
  endfacet
  facet normal 0 1 -0
    outer loop
      vertex 41 17.9 0
      vertex 35 17.9 7
      vertex 41 17.9 7
    endloop
  endfacet
  facet normal 0 1 0
    outer loop
      vertex 35 17.9 7
      vertex 41 17.9 0
      vertex 35 17.9 0
    endloop
  endfacet
  facet normal 0.471447 -0.881894 0
    outer loop
      vertex 29.6111 24.0787 0
      vertex 30 24.2866 7
      vertex 29.6111 24.0787 7
    endloop
  endfacet
  facet normal 0.471447 -0.881894 0
    outer loop
      vertex 30 24.2866 7
      vertex 29.6111 24.0787 0
      vertex 30 24.2866 0
    endloop
  endfacet
  facet normal 0.956923 -0.290341 0
    outer loop
      vertex 28.548 22.4877 7
      vertex 28.6903 22.9567 0
      vertex 28.6903 22.9567 7
    endloop
  endfacet
  facet normal 0.956923 -0.290341 0
    outer loop
      vertex 28.6903 22.9567 0
      vertex 28.548 22.4877 7
      vertex 28.548 22.4877 0
    endloop
  endfacet
  facet normal 0.995192 0.0979479 0
    outer loop
      vertex 28.548 21.5123 7
      vertex 28.5 22 0
      vertex 28.5 22 7
    endloop
  endfacet
  facet normal 0.995192 0.0979479 0
    outer loop
      vertex 28.5 22 0
      vertex 28.548 21.5123 7
      vertex 28.548 21.5123 0
    endloop
  endfacet
  facet normal 0.881935 -0.471372 0
    outer loop
      vertex 28.6903 22.9567 7
      vertex 28.9213 23.3889 0
      vertex 28.9213 23.3889 7
    endloop
  endfacet
  facet normal 0.881935 -0.471372 0
    outer loop
      vertex 28.9213 23.3889 0
      vertex 28.6903 22.9567 7
      vertex 28.6903 22.9567 0
    endloop
  endfacet
  facet normal 0.634326 -0.773066 0
    outer loop
      vertex 29.2322 23.7678 0
      vertex 29.6111 24.0787 7
      vertex 29.2322 23.7678 7
    endloop
  endfacet
  facet normal 0.634326 -0.773066 0
    outer loop
      vertex 29.6111 24.0787 7
      vertex 29.2322 23.7678 0
      vertex 29.6111 24.0787 0
    endloop
  endfacet
  facet normal 0.773066 -0.634326 0
    outer loop
      vertex 28.9213 23.3889 7
      vertex 29.2322 23.7678 0
      vertex 29.2322 23.7678 7
    endloop
  endfacet
  facet normal 0.773066 -0.634326 0
    outer loop
      vertex 29.2322 23.7678 0
      vertex 28.9213 23.3889 7
      vertex 28.9213 23.3889 0
    endloop
  endfacet
  facet normal 0.995192 -0.0979479 0
    outer loop
      vertex 28.5 22 7
      vertex 28.548 22.4877 0
      vertex 28.548 22.4877 7
    endloop
  endfacet
  facet normal 0.995192 -0.0979479 0
    outer loop
      vertex 28.548 22.4877 0
      vertex 28.5 22 7
      vertex 28.5 22 0
    endloop
  endfacet
  facet normal 0.956923 0.290341 0
    outer loop
      vertex 28.6903 21.0433 7
      vertex 28.548 21.5123 0
      vertex 28.548 21.5123 7
    endloop
  endfacet
  facet normal 0.956923 0.290341 0
    outer loop
      vertex 28.548 21.5123 0
      vertex 28.6903 21.0433 7
      vertex 28.6903 21.0433 0
    endloop
  endfacet
  facet normal 0.471447 0.881894 -0
    outer loop
      vertex 30 19.7134 0
      vertex 29.6111 19.9213 7
      vertex 30 19.7134 7
    endloop
  endfacet
  facet normal 0.471447 0.881894 0
    outer loop
      vertex 29.6111 19.9213 7
      vertex 30 19.7134 0
      vertex 29.6111 19.9213 0
    endloop
  endfacet
  facet normal 0.881935 0.471372 0
    outer loop
      vertex 28.9213 20.6111 7
      vertex 28.6903 21.0433 0
      vertex 28.6903 21.0433 7
    endloop
  endfacet
  facet normal 0.881935 0.471372 0
    outer loop
      vertex 28.6903 21.0433 0
      vertex 28.9213 20.6111 7
      vertex 28.9213 20.6111 0
    endloop
  endfacet
  facet normal 0.634326 0.773066 -0
    outer loop
      vertex 29.6111 19.9213 0
      vertex 29.2322 20.2322 7
      vertex 29.6111 19.9213 7
    endloop
  endfacet
  facet normal 0.634326 0.773066 0
    outer loop
      vertex 29.2322 20.2322 7
      vertex 29.6111 19.9213 0
      vertex 29.2322 20.2322 0
    endloop
  endfacet
  facet normal 0.773066 0.634326 0
    outer loop
      vertex 29.2322 20.2322 7
      vertex 28.9213 20.6111 0
      vertex 28.9213 20.6111 7
    endloop
  endfacet
  facet normal 0.773066 0.634326 0
    outer loop
      vertex 28.9213 20.6111 0
      vertex 29.2322 20.2322 7
      vertex 29.2322 20.2322 0
    endloop
  endfacet
endsolid OpenSCAD_Model
