solid OpenSCAD_Model
  facet normal -1 0 0
    outer loop
      vertex -28.9938 3.90739 29.1443
      vertex -28.9938 20.2492 48
      vertex -28.9938 20.2492 0
    endloop
  endfacet
  facet normal -1 0 0
    outer loop
      vertex -28.9938 20.2492 48
      vertex -28.9938 3.98294 29.6309
      vertex -28.9938 3.9981 30.1232
    endloop
  endfacet
  facet normal -1 0 0
    outer loop
      vertex -28.9938 20.2492 48
      vertex -28.9938 3.90739 29.1443
      vertex -28.9938 3.98294 29.6309
    endloop
  endfacet
  facet normal -1 0 0
    outer loop
      vertex -28.9938 20.2492 0
      vertex -28.9938 3.77262 28.6706
      vertex -28.9938 3.90739 29.1443
    endloop
  endfacet
  facet normal -1 0 0
    outer loop
      vertex -28.9938 20.2492 0
      vertex -28.9938 3.58065 28.217
      vertex -28.9938 3.77262 28.6706
    endloop
  endfacet
  facet normal -1 0 0
    outer loop
      vertex -28.9938 20.2492 0
      vertex -28.9938 3.33441 27.7905
      vertex -28.9938 3.58065 28.217
    endloop
  endfacet
  facet normal -1 0 0
    outer loop
      vertex -28.9938 20.2492 0
      vertex -28.9938 3.03762 27.3975
      vertex -28.9938 3.33441 27.7905
    endloop
  endfacet
  facet normal -1 0 0
    outer loop
      vertex -28.9938 20.2492 0
      vertex -28.9938 2.69478 27.044
      vertex -28.9938 3.03762 27.3975
    endloop
  endfacet
  facet normal -1 0 0
    outer loop
      vertex -28.9938 20.2492 0
      vertex -28.9938 2.3111 26.7352
      vertex -28.9938 2.69478 27.044
    endloop
  endfacet
  facet normal -1 0 0
    outer loop
      vertex -28.9938 20.2492 0
      vertex -28.9938 1.89237 26.476
      vertex -28.9938 2.3111 26.7352
    endloop
  endfacet
  facet normal -1 0 0
    outer loop
      vertex -28.9938 20.2492 0
      vertex -28.9938 1.44497 26.2701
      vertex -28.9938 1.89237 26.476
    endloop
  endfacet
  facet normal -1 0 0
    outer loop
      vertex -28.9938 20.2492 0
      vertex -28.9938 0.975655 26.1208
      vertex -28.9938 1.44497 26.2701
    endloop
  endfacet
  facet normal -1 0 0
    outer loop
      vertex -28.9938 20.2492 0
      vertex -28.9938 0.491552 26.0303
      vertex -28.9938 0.975655 26.1208
    endloop
  endfacet
  facet normal -1 0 0
    outer loop
      vertex -28.9938 20.2492 0
      vertex -28.9938 0 26
      vertex -28.9938 0.491552 26.0303
    endloop
  endfacet
  facet normal -1 0 0
    outer loop
      vertex -28.9938 -20.2492 0
      vertex -28.9938 0 26
      vertex -28.9938 20.2492 0
    endloop
  endfacet
  facet normal -1 -0 0
    outer loop
      vertex -28.9938 0 26
      vertex -28.9938 -20.2492 0
      vertex -28.9938 -0.491552 26.0303
    endloop
  endfacet
  facet normal -1 -0 0
    outer loop
      vertex -28.9938 -0.491552 26.0303
      vertex -28.9938 -20.2492 0
      vertex -28.9938 -0.975655 26.1208
    endloop
  endfacet
  facet normal -1 -0 0
    outer loop
      vertex -28.9938 -0.975655 26.1208
      vertex -28.9938 -20.2492 0
      vertex -28.9938 -1.44497 26.2701
    endloop
  endfacet
  facet normal -1 -0 0
    outer loop
      vertex -28.9938 -1.44497 26.2701
      vertex -28.9938 -20.2492 0
      vertex -28.9938 -1.89237 26.476
    endloop
  endfacet
  facet normal -1 -0 0
    outer loop
      vertex -28.9938 -1.89237 26.476
      vertex -28.9938 -20.2492 0
      vertex -28.9938 -2.3111 26.7352
    endloop
  endfacet
  facet normal -1 -0 0
    outer loop
      vertex -28.9938 -2.3111 26.7352
      vertex -28.9938 -20.2492 0
      vertex -28.9938 -2.69478 27.044
    endloop
  endfacet
  facet normal -1 0 0
    outer loop
      vertex -28.9938 -3.90739 29.1443
      vertex -28.9938 -20.2492 48
      vertex -28.9938 -3.98294 29.6309
    endloop
  endfacet
  facet normal -1 0 0
    outer loop
      vertex -28.9938 -20.2492 48
      vertex -28.9938 -3.90739 29.1443
      vertex -28.9938 -20.2492 0
    endloop
  endfacet
  facet normal -1 -0 0
    outer loop
      vertex -28.9938 -3.77262 28.6706
      vertex -28.9938 -20.2492 0
      vertex -28.9938 -3.90739 29.1443
    endloop
  endfacet
  facet normal -1 -0 0
    outer loop
      vertex -28.9938 -3.58065 28.217
      vertex -28.9938 -20.2492 0
      vertex -28.9938 -3.77262 28.6706
    endloop
  endfacet
  facet normal -1 -0 0
    outer loop
      vertex -28.9938 -3.33441 27.7905
      vertex -28.9938 -20.2492 0
      vertex -28.9938 -3.58065 28.217
    endloop
  endfacet
  facet normal -1 -0 0
    outer loop
      vertex -28.9938 -3.03762 27.3975
      vertex -28.9938 -20.2492 0
      vertex -28.9938 -3.33441 27.7905
    endloop
  endfacet
  facet normal -1 -0 0
    outer loop
      vertex -28.9938 -2.69478 27.044
      vertex -28.9938 -20.2492 0
      vertex -28.9938 -3.03762 27.3975
    endloop
  endfacet
  facet normal -1 0 0
    outer loop
      vertex -28.9938 3.95266 30.6136
      vertex -28.9938 20.2492 48
      vertex -28.9938 3.9981 30.1232
    endloop
  endfacet
  facet normal -1 0 0
    outer loop
      vertex -28.9938 3.8473 31.0947
      vertex -28.9938 20.2492 48
      vertex -28.9938 3.95266 30.6136
    endloop
  endfacet
  facet normal -1 0 0
    outer loop
      vertex -28.9938 3.68362 31.5591
      vertex -28.9938 20.2492 48
      vertex -28.9938 3.8473 31.0947
    endloop
  endfacet
  facet normal -1 0 0
    outer loop
      vertex -28.9938 3.4641 32
      vertex -28.9938 20.2492 48
      vertex -28.9938 3.68362 31.5591
    endloop
  endfacet
  facet normal -1 0 0
    outer loop
      vertex -28.9938 3.19207 32.4105
      vertex -28.9938 20.2492 48
      vertex -28.9938 3.4641 32
    endloop
  endfacet
  facet normal -1 0 0
    outer loop
      vertex -28.9938 2.87165 32.7845
      vertex -28.9938 20.2492 48
      vertex -28.9938 3.19207 32.4105
    endloop
  endfacet
  facet normal -1 0 0
    outer loop
      vertex -28.9938 2.5077 33.1163
      vertex -28.9938 20.2492 48
      vertex -28.9938 2.87165 32.7845
    endloop
  endfacet
  facet normal -1 0 0
    outer loop
      vertex -28.9938 2.10573 33.4009
      vertex -28.9938 20.2492 48
      vertex -28.9938 2.5077 33.1163
    endloop
  endfacet
  facet normal -1 0 0
    outer loop
      vertex -28.9938 1.67184 33.6339
      vertex -28.9938 20.2492 48
      vertex -28.9938 2.10573 33.4009
    endloop
  endfacet
  facet normal -1 0 0
    outer loop
      vertex -28.9938 1.21261 33.8118
      vertex -28.9938 20.2492 48
      vertex -28.9938 1.67184 33.6339
    endloop
  endfacet
  facet normal -1 0 0
    outer loop
      vertex -28.9938 0.734998 33.9319
      vertex -28.9938 20.2492 48
      vertex -28.9938 1.21261 33.8118
    endloop
  endfacet
  facet normal -1 0 0
    outer loop
      vertex -28.9938 0.246243 33.9924
      vertex -28.9938 20.2492 48
      vertex -28.9938 0.734998 33.9319
    endloop
  endfacet
  facet normal -1 0 0
    outer loop
      vertex -28.9938 -0.246243 33.9924
      vertex -28.9938 20.2492 48
      vertex -28.9938 0.246243 33.9924
    endloop
  endfacet
  facet normal -1 0 0
    outer loop
      vertex -28.9938 -20.2492 48
      vertex -28.9938 -0.246243 33.9924
      vertex -28.9938 -0.734998 33.9319
    endloop
  endfacet
  facet normal -1 0 0
    outer loop
      vertex -28.9938 -20.2492 48
      vertex -28.9938 -0.734998 33.9319
      vertex -28.9938 -1.21261 33.8118
    endloop
  endfacet
  facet normal -1 0 0
    outer loop
      vertex -28.9938 -20.2492 48
      vertex -28.9938 -1.21261 33.8118
      vertex -28.9938 -1.67184 33.6339
    endloop
  endfacet
  facet normal -1 0 0
    outer loop
      vertex -28.9938 -20.2492 48
      vertex -28.9938 -1.67184 33.6339
      vertex -28.9938 -2.10573 33.4009
    endloop
  endfacet
  facet normal -1 0 0
    outer loop
      vertex -28.9938 -3.98294 29.6309
      vertex -28.9938 -20.2492 48
      vertex -28.9938 -3.9981 30.1232
    endloop
  endfacet
  facet normal -1 0 0
    outer loop
      vertex -28.9938 -3.9981 30.1232
      vertex -28.9938 -20.2492 48
      vertex -28.9938 -3.95266 30.6136
    endloop
  endfacet
  facet normal -1 0 0
    outer loop
      vertex -28.9938 -3.95266 30.6136
      vertex -28.9938 -20.2492 48
      vertex -28.9938 -3.8473 31.0947
    endloop
  endfacet
  facet normal -1 0 0
    outer loop
      vertex -28.9938 -3.8473 31.0947
      vertex -28.9938 -20.2492 48
      vertex -28.9938 -3.68362 31.5591
    endloop
  endfacet
  facet normal -1 0 0
    outer loop
      vertex -28.9938 -0.246243 33.9924
      vertex -28.9938 -20.2492 48
      vertex -28.9938 20.2492 48
    endloop
  endfacet
  facet normal -1 0 0
    outer loop
      vertex -28.9938 -2.5077 33.1163
      vertex -28.9938 -20.2492 48
      vertex -28.9938 -2.10573 33.4009
    endloop
  endfacet
  facet normal -1 0 0
    outer loop
      vertex -28.9938 -2.87165 32.7845
      vertex -28.9938 -20.2492 48
      vertex -28.9938 -2.5077 33.1163
    endloop
  endfacet
  facet normal -1 0 0
    outer loop
      vertex -28.9938 -3.19207 32.4105
      vertex -28.9938 -20.2492 48
      vertex -28.9938 -2.87165 32.7845
    endloop
  endfacet
  facet normal -1 0 0
    outer loop
      vertex -28.9938 -3.4641 32
      vertex -28.9938 -20.2492 48
      vertex -28.9938 -3.19207 32.4105
    endloop
  endfacet
  facet normal -1 0 0
    outer loop
      vertex -28.9938 -3.68362 31.5591
      vertex -28.9938 -20.2492 48
      vertex -28.9938 -3.4641 32
    endloop
  endfacet
  facet normal -0.995037 -0.0995037 0
    outer loop
      vertex -28.9442 -20.7452 0
      vertex -28.9938 -20.2492 48
      vertex -28.9938 -20.2492 0
    endloop
  endfacet
  facet normal -0.995037 -0.0995037 0
    outer loop
      vertex -28.9938 -20.2492 48
      vertex -28.9442 -20.7452 0
      vertex -28.9442 -20.7452 48
    endloop
  endfacet
  facet normal 0.0248769 0.999691 -0
    outer loop
      vertex 24.3736 24.986 0
      vertex 23.8753 24.9984 48
      vertex 24.3736 24.986 48
    endloop
  endfacet
  facet normal 0.0248769 0.999691 0
    outer loop
      vertex 23.8753 24.9984 48
      vertex 24.3736 24.986 0
      vertex 23.8753 24.9984 0
    endloop
  endfacet
  facet normal -0.698123 0.715978 0
    outer loop
      vertex -27.3084 23.7489 0
      vertex -27.6653 23.4009 48
      vertex -27.3084 23.7489 48
    endloop
  endfacet
  facet normal -0.698123 0.715978 0
    outer loop
      vertex -27.6653 23.4009 48
      vertex -27.3084 23.7489 0
      vertex -27.6653 23.4009 0
    endloop
  endfacet
  facet normal 0.733094 -0.680128 0
    outer loop
      vertex 27.4912 -23.5793 48
      vertex 27.8302 -23.2139 0
      vertex 27.8302 -23.2139 48
    endloop
  endfacet
  facet normal 0.733094 -0.680128 0
    outer loop
      vertex 27.8302 -23.2139 0
      vertex 27.4912 -23.5793 48
      vertex 27.4912 -23.5793 0
    endloop
  endfacet
  facet normal 1 0 0
    outer loop
      vertex 29 3.98294 29.6309
      vertex 29 20 48
      vertex 29 3.9981 30.1232
    endloop
  endfacet
  facet normal 1 0 0
    outer loop
      vertex 29 20 48
      vertex 29 3.95266 30.6136
      vertex 29 3.9981 30.1232
    endloop
  endfacet
  facet normal 1 0 0
    outer loop
      vertex 29 20 48
      vertex 29 3.8473 31.0947
      vertex 29 3.95266 30.6136
    endloop
  endfacet
  facet normal 1 0 0
    outer loop
      vertex 29 20 48
      vertex 29 3.68362 31.5591
      vertex 29 3.8473 31.0947
    endloop
  endfacet
  facet normal 1 0 0
    outer loop
      vertex 29 20 48
      vertex 29 3.4641 32
      vertex 29 3.68362 31.5591
    endloop
  endfacet
  facet normal 1 0 0
    outer loop
      vertex 29 20 48
      vertex 29 3.19207 32.4105
      vertex 29 3.4641 32
    endloop
  endfacet
  facet normal 1 0 0
    outer loop
      vertex 29 20 48
      vertex 29 2.87165 32.7845
      vertex 29 3.19207 32.4105
    endloop
  endfacet
  facet normal 1 0 0
    outer loop
      vertex 29 20 48
      vertex 29 2.5077 33.1163
      vertex 29 2.87165 32.7845
    endloop
  endfacet
  facet normal 1 0 0
    outer loop
      vertex 29 20 48
      vertex 29 2.10573 33.4009
      vertex 29 2.5077 33.1163
    endloop
  endfacet
  facet normal 1 0 0
    outer loop
      vertex 29 20 48
      vertex 29 1.67184 33.6339
      vertex 29 2.10573 33.4009
    endloop
  endfacet
  facet normal 1 0 0
    outer loop
      vertex 29 20 48
      vertex 29 1.21261 33.8118
      vertex 29 1.67184 33.6339
    endloop
  endfacet
  facet normal 1 0 0
    outer loop
      vertex 29 20 48
      vertex 29 0.734998 33.9319
      vertex 29 1.21261 33.8118
    endloop
  endfacet
  facet normal 1 0 0
    outer loop
      vertex 29 20 48
      vertex 29 0.246243 33.9924
      vertex 29 0.734998 33.9319
    endloop
  endfacet
  facet normal 1 0 0
    outer loop
      vertex 29 20 48
      vertex 29 -0.246243 33.9924
      vertex 29 0.246243 33.9924
    endloop
  endfacet
  facet normal 1 -0 0
    outer loop
      vertex 29 -20 48
      vertex 29 -0.246243 33.9924
      vertex 29 20 48
    endloop
  endfacet
  facet normal 1 0 0
    outer loop
      vertex 29 -0.246243 33.9924
      vertex 29 -20 48
      vertex 29 -0.734998 33.9319
    endloop
  endfacet
  facet normal 1 0 0
    outer loop
      vertex 29 -0.734998 33.9319
      vertex 29 -20 48
      vertex 29 -1.21261 33.8118
    endloop
  endfacet
  facet normal 1 0 0
    outer loop
      vertex 29 -1.21261 33.8118
      vertex 29 -20 48
      vertex 29 -1.67184 33.6339
    endloop
  endfacet
  facet normal 1 0 0
    outer loop
      vertex 29 -3.95266 30.6136
      vertex 29 -20 48
      vertex 29 -3.9981 30.1232
    endloop
  endfacet
  facet normal 1 0 0
    outer loop
      vertex 29 -3.8473 31.0947
      vertex 29 -20 48
      vertex 29 -3.95266 30.6136
    endloop
  endfacet
  facet normal 1 0 0
    outer loop
      vertex 29 -3.68362 31.5591
      vertex 29 -20 48
      vertex 29 -3.8473 31.0947
    endloop
  endfacet
  facet normal 1 0 0
    outer loop
      vertex 29 -3.4641 32
      vertex 29 -20 48
      vertex 29 -3.68362 31.5591
    endloop
  endfacet
  facet normal 1 0 0
    outer loop
      vertex 29 -3.19207 32.4105
      vertex 29 -20 48
      vertex 29 -3.4641 32
    endloop
  endfacet
  facet normal 1 0 0
    outer loop
      vertex 29 -2.87165 32.7845
      vertex 29 -20 48
      vertex 29 -3.19207 32.4105
    endloop
  endfacet
  facet normal 1 0 0
    outer loop
      vertex 29 -2.5077 33.1163
      vertex 29 -20 48
      vertex 29 -2.87165 32.7845
    endloop
  endfacet
  facet normal 1 0 0
    outer loop
      vertex 29 -2.10573 33.4009
      vertex 29 -20 48
      vertex 29 -2.5077 33.1163
    endloop
  endfacet
  facet normal 1 0 0
    outer loop
      vertex 29 -1.67184 33.6339
      vertex 29 -20 48
      vertex 29 -2.10573 33.4009
    endloop
  endfacet
  facet normal 1 0 0
    outer loop
      vertex 29 3.90739 29.1443
      vertex 29 20 48
      vertex 29 3.98294 29.6309
    endloop
  endfacet
  facet normal 1 0 0
    outer loop
      vertex 29 20 48
      vertex 29 3.90739 29.1443
      vertex 29 20 0
    endloop
  endfacet
  facet normal 1 -0 0
    outer loop
      vertex 29 3.77262 28.6706
      vertex 29 20 0
      vertex 29 3.90739 29.1443
    endloop
  endfacet
  facet normal 1 -0 0
    outer loop
      vertex 29 3.58065 28.217
      vertex 29 20 0
      vertex 29 3.77262 28.6706
    endloop
  endfacet
  facet normal 1 -0 0
    outer loop
      vertex 29 3.33441 27.7905
      vertex 29 20 0
      vertex 29 3.58065 28.217
    endloop
  endfacet
  facet normal 1 -0 0
    outer loop
      vertex 29 3.03762 27.3975
      vertex 29 20 0
      vertex 29 3.33441 27.7905
    endloop
  endfacet
  facet normal 1 -0 0
    outer loop
      vertex 29 2.69478 27.044
      vertex 29 20 0
      vertex 29 3.03762 27.3975
    endloop
  endfacet
  facet normal 1 -0 0
    outer loop
      vertex 29 2.3111 26.7352
      vertex 29 20 0
      vertex 29 2.69478 27.044
    endloop
  endfacet
  facet normal 1 -0 0
    outer loop
      vertex 29 1.89237 26.476
      vertex 29 20 0
      vertex 29 2.3111 26.7352
    endloop
  endfacet
  facet normal 1 -0 0
    outer loop
      vertex 29 1.44497 26.2701
      vertex 29 20 0
      vertex 29 1.89237 26.476
    endloop
  endfacet
  facet normal 1 -0 0
    outer loop
      vertex 29 0.975655 26.1208
      vertex 29 20 0
      vertex 29 1.44497 26.2701
    endloop
  endfacet
  facet normal 1 -0 0
    outer loop
      vertex 29 0.491552 26.0303
      vertex 29 20 0
      vertex 29 0.975655 26.1208
    endloop
  endfacet
  facet normal 1 -0 0
    outer loop
      vertex 29 0 26
      vertex 29 20 0
      vertex 29 0.491552 26.0303
    endloop
  endfacet
  facet normal 1 0 0
    outer loop
      vertex 29 -20 0
      vertex 29 0 26
      vertex 29 -0.491552 26.0303
    endloop
  endfacet
  facet normal 1 0 0
    outer loop
      vertex 29 -20 0
      vertex 29 -0.491552 26.0303
      vertex 29 -0.975655 26.1208
    endloop
  endfacet
  facet normal 1 0 0
    outer loop
      vertex 29 -20 0
      vertex 29 -0.975655 26.1208
      vertex 29 -1.44497 26.2701
    endloop
  endfacet
  facet normal 1 0 0
    outer loop
      vertex 29 -20 0
      vertex 29 -1.44497 26.2701
      vertex 29 -1.89237 26.476
    endloop
  endfacet
  facet normal 1 0 0
    outer loop
      vertex 29 -20 0
      vertex 29 -1.89237 26.476
      vertex 29 -2.3111 26.7352
    endloop
  endfacet
  facet normal 1 0 0
    outer loop
      vertex 29 -20 0
      vertex 29 -2.3111 26.7352
      vertex 29 -2.69478 27.044
    endloop
  endfacet
  facet normal 1 0 0
    outer loop
      vertex 29 -20 0
      vertex 29 -2.69478 27.044
      vertex 29 -3.03762 27.3975
    endloop
  endfacet
  facet normal 1 0 0
    outer loop
      vertex 29 -20 48
      vertex 29 -3.98294 29.6309
      vertex 29 -3.9981 30.1232
    endloop
  endfacet
  facet normal 1 0 0
    outer loop
      vertex 29 -20 48
      vertex 29 -3.90739 29.1443
      vertex 29 -3.98294 29.6309
    endloop
  endfacet
  facet normal 1 0 0
    outer loop
      vertex 29 -20 0
      vertex 29 -3.90739 29.1443
      vertex 29 -20 48
    endloop
  endfacet
  facet normal 1 0 0
    outer loop
      vertex 29 -3.90739 29.1443
      vertex 29 -20 0
      vertex 29 -3.77262 28.6706
    endloop
  endfacet
  facet normal 1 0 0
    outer loop
      vertex 29 -3.77262 28.6706
      vertex 29 -20 0
      vertex 29 -3.58065 28.217
    endloop
  endfacet
  facet normal 1 0 0
    outer loop
      vertex 29 -3.58065 28.217
      vertex 29 -20 0
      vertex 29 -3.33441 27.7905
    endloop
  endfacet
  facet normal 1 0 0
    outer loop
      vertex 29 0 26
      vertex 29 -20 0
      vertex 29 20 0
    endloop
  endfacet
  facet normal 1 0 0
    outer loop
      vertex 29 -3.33441 27.7905
      vertex 29 -20 0
      vertex 29 -3.03762 27.3975
    endloop
  endfacet
  facet normal 0 -1 0
    outer loop
      vertex -24.1247 -24.9984 48
      vertex -17 -24.9984 44
      vertex 23.8753 -24.9984 48
    endloop
  endfacet
  facet normal 0 -1 0
    outer loop
      vertex -24.1247 -24.9984 48
      vertex -17 -24.9984 10
      vertex -17 -24.9984 44
    endloop
  endfacet
  facet normal 0 -1 0
    outer loop
      vertex 23.8753 -24.9984 0
      vertex -17 -24.9984 10
      vertex -24.1247 -24.9984 0
    endloop
  endfacet
  facet normal 0 -1 0
    outer loop
      vertex -24.1247 -24.9984 0
      vertex -17 -24.9984 10
      vertex -24.1247 -24.9984 48
    endloop
  endfacet
  facet normal 0 -1 0
    outer loop
      vertex 17 -24.9984 44
      vertex 23.8753 -24.9984 48
      vertex -17 -24.9984 44
    endloop
  endfacet
  facet normal 0 -1 0
    outer loop
      vertex 17 -24.9984 10
      vertex 23.8753 -24.9984 48
      vertex 17 -24.9984 44
    endloop
  endfacet
  facet normal 0 -1 0
    outer loop
      vertex 17 -24.9984 10
      vertex 23.8753 -24.9984 0
      vertex 23.8753 -24.9984 48
    endloop
  endfacet
  facet normal 0 -1 0
    outer loop
      vertex -17 -24.9984 10
      vertex 23.8753 -24.9984 0
      vertex 17 -24.9984 10
    endloop
  endfacet
  facet normal 0 0 1
    outer loop
      vertex 23.8753 24.9984 48
      vertex 29 20 48
      vertex 28.9752 20.4978 48
    endloop
  endfacet
  facet normal 0 0 1
    outer loop
      vertex 29 20 48
      vertex 16.8 -14 48
      vertex 29 -20 48
    endloop
  endfacet
  facet normal 0 0 1
    outer loop
      vertex 23.8753 24.9984 48
      vertex 28.9752 20.4978 48
      vertex 28.9009 20.9907 48
    endloop
  endfacet
  facet normal 0 -0 1
    outer loop
      vertex 23.8753 -24.9984 48
      vertex 29 -20 48
      vertex 16.8 -14 48
    endloop
  endfacet
  facet normal 0 0 1
    outer loop
      vertex 23.8753 24.9984 48
      vertex 28.9009 20.9907 48
      vertex 28.7779 21.4738 48
    endloop
  endfacet
  facet normal 0 0 1
    outer loop
      vertex 29 -20 48
      vertex 23.8753 -24.9984 48
      vertex 28.9752 -20.4978 48
    endloop
  endfacet
  facet normal 0 0 1
    outer loop
      vertex 23.8753 24.9984 48
      vertex 28.7779 21.4738 48
      vertex 28.6074 21.9422 48
    endloop
  endfacet
  facet normal 0 0 1
    outer loop
      vertex 28.9752 -20.4978 48
      vertex 23.8753 -24.9984 48
      vertex 28.9009 -20.9907 48
    endloop
  endfacet
  facet normal 0 0 1
    outer loop
      vertex 23.8753 24.9984 48
      vertex 28.6074 21.9422 48
      vertex 28.3911 22.3913 48
    endloop
  endfacet
  facet normal 0 0 1
    outer loop
      vertex 28.9009 -20.9907 48
      vertex 23.8753 -24.9984 48
      vertex 28.7779 -21.4738 48
    endloop
  endfacet
  facet normal 0 0 1
    outer loop
      vertex 23.8753 24.9984 48
      vertex 28.3911 22.3913 48
      vertex 28.1312 22.8166 48
    endloop
  endfacet
  facet normal 0 0 1
    outer loop
      vertex 28.7779 -21.4738 48
      vertex 23.8753 -24.9984 48
      vertex 28.6074 -21.9422 48
    endloop
  endfacet
  facet normal 0 0 1
    outer loop
      vertex 23.8753 24.9984 48
      vertex 28.1312 22.8166 48
      vertex 27.8302 23.2139 48
    endloop
  endfacet
  facet normal 0 0 1
    outer loop
      vertex 28.6074 -21.9422 48
      vertex 23.8753 -24.9984 48
      vertex 28.3911 -22.3913 48
    endloop
  endfacet
  facet normal 0 0 1
    outer loop
      vertex 23.8753 24.9984 48
      vertex 27.8302 23.2139 48
      vertex 27.4912 23.5793 48
    endloop
  endfacet
  facet normal 0 0 1
    outer loop
      vertex 28.3911 -22.3913 48
      vertex 23.8753 -24.9984 48
      vertex 28.1312 -22.8166 48
    endloop
  endfacet
  facet normal 0 0 1
    outer loop
      vertex 23.8753 24.9984 48
      vertex 27.4912 23.5793 48
      vertex 27.1174 23.9092 48
    endloop
  endfacet
  facet normal 0 0 1
    outer loop
      vertex 28.1312 -22.8166 48
      vertex 23.8753 -24.9984 48
      vertex 27.8302 -23.2139 48
    endloop
  endfacet
  facet normal 0 0 1
    outer loop
      vertex 23.8753 24.9984 48
      vertex 27.1174 23.9092 48
      vertex 26.7127 24.2001 48
    endloop
  endfacet
  facet normal 0 0 1
    outer loop
      vertex 27.8302 -23.2139 48
      vertex 23.8753 -24.9984 48
      vertex 27.4912 -23.5793 48
    endloop
  endfacet
  facet normal 0 0 1
    outer loop
      vertex 23.8753 24.9984 48
      vertex 26.7127 24.2001 48
      vertex 26.2811 24.4494 48
    endloop
  endfacet
  facet normal 0 0 1
    outer loop
      vertex 27.4912 -23.5793 48
      vertex 23.8753 -24.9984 48
      vertex 27.1174 -23.9092 48
    endloop
  endfacet
  facet normal 0 0 1
    outer loop
      vertex 23.8753 24.9984 48
      vertex 26.2811 24.4494 48
      vertex 25.8267 24.6544 48
    endloop
  endfacet
  facet normal 0 0 1
    outer loop
      vertex 27.1174 -23.9092 48
      vertex 23.8753 -24.9984 48
      vertex 26.7127 -24.2001 48
    endloop
  endfacet
  facet normal 0 0 1
    outer loop
      vertex 23.8753 24.9984 48
      vertex 25.8267 24.6544 48
      vertex 25.3542 24.8131 48
    endloop
  endfacet
  facet normal 0 0 1
    outer loop
      vertex 26.7127 -24.2001 48
      vertex 23.8753 -24.9984 48
      vertex 26.2811 -24.4494 48
    endloop
  endfacet
  facet normal 0 0 1
    outer loop
      vertex 23.8753 24.9984 48
      vertex 25.3542 24.8131 48
      vertex 24.8682 24.924 48
    endloop
  endfacet
  facet normal 0 0 1
    outer loop
      vertex 26.2811 -24.4494 48
      vertex 23.8753 -24.9984 48
      vertex 25.8267 -24.6544 48
    endloop
  endfacet
  facet normal 0 0 1
    outer loop
      vertex 23.8753 24.9984 48
      vertex 24.8682 24.924 48
      vertex 24.3736 24.986 48
    endloop
  endfacet
  facet normal 0 0 1
    outer loop
      vertex 25.8267 -24.6544 48
      vertex 23.8753 -24.9984 48
      vertex 25.3542 -24.8131 48
    endloop
  endfacet
  facet normal 0 0 1
    outer loop
      vertex 29 20 48
      vertex 23.8753 24.9984 48
      vertex 1.5 14 48
    endloop
  endfacet
  facet normal 0 0 1
    outer loop
      vertex 25.3542 -24.8131 48
      vertex 23.8753 -24.9984 48
      vertex 24.8682 -24.924 48
    endloop
  endfacet
  facet normal 0 0 1
    outer loop
      vertex 24.8682 -24.924 48
      vertex 23.8753 -24.9984 48
      vertex 24.3736 -24.986 48
    endloop
  endfacet
  facet normal 0 0 1
    outer loop
      vertex 29 20 48
      vertex 1.5 14 48
      vertex 1.41873 13.513 48
    endloop
  endfacet
  facet normal 0 0 1
    outer loop
      vertex 23.8753 24.9984 48
      vertex 1.41873 14.487 48
      vertex 1.5 14 48
    endloop
  endfacet
  facet normal 0 0 1
    outer loop
      vertex 23.8753 24.9984 48
      vertex 1.18371 14.9213 48
      vertex 1.41873 14.487 48
    endloop
  endfacet
  facet normal 0 0 1
    outer loop
      vertex 23.8753 24.9984 48
      vertex 0.820422 15.2557 48
      vertex 1.18371 14.9213 48
    endloop
  endfacet
  facet normal 0 0 1
    outer loop
      vertex 23.8753 24.9984 48
      vertex 0.368228 15.4541 48
      vertex 0.820422 15.2557 48
    endloop
  endfacet
  facet normal 0 0 1
    outer loop
      vertex 23.8753 24.9984 48
      vertex -0.123869 15.4949 48
      vertex 0.368228 15.4541 48
    endloop
  endfacet
  facet normal -0 0 1
    outer loop
      vertex -24.1247 24.9984 48
      vertex -0.123869 15.4949 48
      vertex 23.8753 24.9984 48
    endloop
  endfacet
  facet normal 0 0 1
    outer loop
      vertex -24.1247 24.9984 48
      vertex -1.47954 13.7531 48
      vertex -1.47954 14.2469 48
    endloop
  endfacet
  facet normal 0 0 1
    outer loop
      vertex -24.1247 24.9984 48
      vertex -1.47954 14.2469 48
      vertex -1.31921 14.7139 48
    endloop
  endfacet
  facet normal 0 0 1
    outer loop
      vertex -1.47954 13.7531 48
      vertex -28.9938 20.2492 48
      vertex -16.8 -14 48
    endloop
  endfacet
  facet normal 0 0 1
    outer loop
      vertex -1.47954 13.7531 48
      vertex -24.1247 24.9984 48
      vertex -28.9938 20.2492 48
    endloop
  endfacet
  facet normal 0 0 1
    outer loop
      vertex -1.01592 15.1036 48
      vertex -24.1247 24.9984 48
      vertex -1.31921 14.7139 48
    endloop
  endfacet
  facet normal 0 0 1
    outer loop
      vertex -0.602543 15.3737 48
      vertex -24.1247 24.9984 48
      vertex -1.01592 15.1036 48
    endloop
  endfacet
  facet normal 0 0 1
    outer loop
      vertex -0.123869 15.4949 48
      vertex -24.1247 24.9984 48
      vertex -0.602543 15.3737 48
    endloop
  endfacet
  facet normal -0 0 1
    outer loop
      vertex 16.8 -22.6 48
      vertex 23.8753 -24.9984 48
      vertex 16.8 -14 48
    endloop
  endfacet
  facet normal -0 0 1
    outer loop
      vertex -16.8 -22.6 48
      vertex 23.8753 -24.9984 48
      vertex 16.8 -22.6 48
    endloop
  endfacet
  facet normal 0 0 1
    outer loop
      vertex -16.8 -22.6 48
      vertex -24.1247 -24.9984 48
      vertex 23.8753 -24.9984 48
    endloop
  endfacet
  facet normal 0 0 1
    outer loop
      vertex -28.9938 -20.2492 48
      vertex -16.8 -14 48
      vertex -28.9938 20.2492 48
    endloop
  endfacet
  facet normal 0 0 1
    outer loop
      vertex -28.9938 20.2492 48
      vertex -24.1247 24.9984 48
      vertex -24.6217 24.9612 48
    endloop
  endfacet
  facet normal 0 0 1
    outer loop
      vertex -16.8 -14 48
      vertex -28.9938 -20.2492 48
      vertex -16.8 -22.6 48
    endloop
  endfacet
  facet normal 0 0 1
    outer loop
      vertex -28.9938 20.2492 48
      vertex -24.6217 24.9612 48
      vertex -25.1126 24.8746 48
    endloop
  endfacet
  facet normal 0 0 1
    outer loop
      vertex -16.8 -22.6 48
      vertex -28.9938 -20.2492 48
      vertex -24.1247 -24.9984 48
    endloop
  endfacet
  facet normal 0 0 1
    outer loop
      vertex -28.9938 20.2492 48
      vertex -25.1126 24.8746 48
      vertex -25.5924 24.7396 48
    endloop
  endfacet
  facet normal 0 0 1
    outer loop
      vertex -24.1247 -24.9984 48
      vertex -28.9938 -20.2492 48
      vertex -24.6217 -24.9612 48
    endloop
  endfacet
  facet normal 0 0 1
    outer loop
      vertex -28.9938 20.2492 48
      vertex -25.5924 24.7396 48
      vertex -26.0564 24.5575 48
    endloop
  endfacet
  facet normal 0 0 1
    outer loop
      vertex -24.6217 -24.9612 48
      vertex -28.9938 -20.2492 48
      vertex -25.1126 -24.8746 48
    endloop
  endfacet
  facet normal 0 0 1
    outer loop
      vertex -28.9938 20.2492 48
      vertex -26.0564 24.5575 48
      vertex -26.5 24.3301 48
    endloop
  endfacet
  facet normal 0 0 1
    outer loop
      vertex -25.1126 -24.8746 48
      vertex -28.9938 -20.2492 48
      vertex -25.5924 -24.7396 48
    endloop
  endfacet
  facet normal 0 0 1
    outer loop
      vertex -28.9938 20.2492 48
      vertex -26.5 24.3301 48
      vertex -26.9187 24.0597 48
    endloop
  endfacet
  facet normal 0 0 1
    outer loop
      vertex -25.5924 -24.7396 48
      vertex -28.9938 -20.2492 48
      vertex -26.0564 -24.5575 48
    endloop
  endfacet
  facet normal 0 0 1
    outer loop
      vertex -28.9938 20.2492 48
      vertex -26.9187 24.0597 48
      vertex -27.3084 23.7489 48
    endloop
  endfacet
  facet normal 0 0 1
    outer loop
      vertex -26.0564 -24.5575 48
      vertex -28.9938 -20.2492 48
      vertex -26.5 -24.3301 48
    endloop
  endfacet
  facet normal 0 0 1
    outer loop
      vertex -28.9938 20.2492 48
      vertex -27.3084 23.7489 48
      vertex -27.6653 23.4009 48
    endloop
  endfacet
  facet normal 0 0 1
    outer loop
      vertex -26.5 -24.3301 48
      vertex -28.9938 -20.2492 48
      vertex -26.9187 -24.0597 48
    endloop
  endfacet
  facet normal 0 0 1
    outer loop
      vertex -28.9938 20.2492 48
      vertex -27.6653 23.4009 48
      vertex -27.9857 23.019 48
    endloop
  endfacet
  facet normal 0 0 1
    outer loop
      vertex -26.9187 -24.0597 48
      vertex -28.9938 -20.2492 48
      vertex -27.3084 -23.7489 48
    endloop
  endfacet
  facet normal 0 0 1
    outer loop
      vertex -28.9938 20.2492 48
      vertex -27.9857 23.019 48
      vertex -28.2665 22.6072 48
    endloop
  endfacet
  facet normal 0 0 1
    outer loop
      vertex -27.3084 -23.7489 48
      vertex -28.9938 -20.2492 48
      vertex -27.6653 -23.4009 48
    endloop
  endfacet
  facet normal 0 0 1
    outer loop
      vertex -28.9938 20.2492 48
      vertex -28.2665 22.6072 48
      vertex -28.5048 22.1694 48
    endloop
  endfacet
  facet normal 0 0 1
    outer loop
      vertex -27.6653 -23.4009 48
      vertex -28.9938 -20.2492 48
      vertex -27.9857 -23.019 48
    endloop
  endfacet
  facet normal 0 0 1
    outer loop
      vertex -28.9938 20.2492 48
      vertex -28.5048 22.1694 48
      vertex -28.6985 21.7101 48
    endloop
  endfacet
  facet normal 0 0 1
    outer loop
      vertex -27.9857 -23.019 48
      vertex -28.9938 -20.2492 48
      vertex -28.2665 -22.6072 48
    endloop
  endfacet
  facet normal 0 0 1
    outer loop
      vertex -28.9938 20.2492 48
      vertex -28.6985 21.7101 48
      vertex -28.8454 21.2338 48
    endloop
  endfacet
  facet normal 0 0 1
    outer loop
      vertex -28.2665 -22.6072 48
      vertex -28.9938 -20.2492 48
      vertex -28.5048 -22.1694 48
    endloop
  endfacet
  facet normal 0 0 1
    outer loop
      vertex -28.9938 20.2492 48
      vertex -28.8454 21.2338 48
      vertex -28.9442 20.7452 48
    endloop
  endfacet
  facet normal 0 0 1
    outer loop
      vertex -28.5048 -22.1694 48
      vertex -28.9938 -20.2492 48
      vertex -28.6985 -21.7101 48
    endloop
  endfacet
  facet normal 0 0 1
    outer loop
      vertex -28.6985 -21.7101 48
      vertex -28.9938 -20.2492 48
      vertex -28.8454 -21.2338 48
    endloop
  endfacet
  facet normal 0 0 1
    outer loop
      vertex -28.8454 -21.2338 48
      vertex -28.9938 -20.2492 48
      vertex -28.9442 -20.7452 48
    endloop
  endfacet
  facet normal 0 0 1
    outer loop
      vertex 29 20 48
      vertex 1.41873 13.513 48
      vertex 16.8 -14 48
    endloop
  endfacet
  facet normal -0 0 1
    outer loop
      vertex 1.18371 13.0787 48
      vertex 16.8 -14 48
      vertex 1.41873 13.513 48
    endloop
  endfacet
  facet normal -0 0 1
    outer loop
      vertex 0.820422 12.7443 48
      vertex 16.8 -14 48
      vertex 1.18371 13.0787 48
    endloop
  endfacet
  facet normal -0 0 1
    outer loop
      vertex 0.368228 12.5459 48
      vertex 16.8 -14 48
      vertex 0.820422 12.7443 48
    endloop
  endfacet
  facet normal -0 0 1
    outer loop
      vertex -0.123869 12.5051 48
      vertex 16.8 -14 48
      vertex 0.368228 12.5459 48
    endloop
  endfacet
  facet normal 0 0 1
    outer loop
      vertex -16.8 -14 48
      vertex -0.123869 12.5051 48
      vertex -0.602543 12.6263 48
    endloop
  endfacet
  facet normal 0 0 1
    outer loop
      vertex -16.8 -14 48
      vertex -0.602543 12.6263 48
      vertex -1.01592 12.8964 48
    endloop
  endfacet
  facet normal 0 0 1
    outer loop
      vertex -16.8 -14 48
      vertex -1.01592 12.8964 48
      vertex -1.31921 13.2861 48
    endloop
  endfacet
  facet normal 0 0 1
    outer loop
      vertex -0.123869 12.5051 48
      vertex -16.8 -14 48
      vertex 16.8 -14 48
    endloop
  endfacet
  facet normal 0 0 1
    outer loop
      vertex -16.8 -14 48
      vertex -1.31921 13.2861 48
      vertex -1.47954 13.7531 48
    endloop
  endfacet
  facet normal 0.988829 0.149057 0
    outer loop
      vertex 28.9752 20.4978 48
      vertex 28.9009 20.9907 0
      vertex 28.9009 20.9907 48
    endloop
  endfacet
  facet normal 0.988829 0.149057 0
    outer loop
      vertex 28.9009 20.9907 0
      vertex 28.9752 20.4978 48
      vertex 28.9752 20.4978 0
    endloop
  endfacet
  facet normal -0.456178 0.889888 0
    outer loop
      vertex -26.0564 24.5575 0
      vertex -26.5 24.3301 48
      vertex -26.0564 24.5575 48
    endloop
  endfacet
  facet normal -0.456178 0.889888 0
    outer loop
      vertex -26.5 24.3301 48
      vertex -26.0564 24.5575 0
      vertex -26.5 24.3301 0
    endloop
  endfacet
  facet normal 0.411232 -0.911531 0
    outer loop
      vertex 25.8267 -24.6544 0
      vertex 26.2811 -24.4494 48
      vertex 25.8267 -24.6544 48
    endloop
  endfacet
  facet normal 0.411232 -0.911531 0
    outer loop
      vertex 26.2811 -24.4494 48
      vertex 25.8267 -24.6544 0
      vertex 26.2811 -24.4494 0
    endloop
  endfacet
  facet normal 0.998761 -0.0497575 0
    outer loop
      vertex 28.9752 -20.4978 48
      vertex 29 -20 0
      vertex 29 -20 48
    endloop
  endfacet
  facet normal 0.998761 -0.0497575 0
    outer loop
      vertex 29 -20 0
      vertex 28.9752 -20.4978 48
      vertex 28.9752 -20.4978 0
    endloop
  endfacet
  facet normal -0.0746403 -0.997211 0
    outer loop
      vertex -24.6217 -24.9612 0
      vertex -24.1247 -24.9984 48
      vertex -24.6217 -24.9612 48
    endloop
  endfacet
  facet normal -0.0746403 -0.997211 -0
    outer loop
      vertex -24.1247 -24.9984 48
      vertex -24.6217 -24.9612 0
      vertex -24.1247 -24.9984 0
    endloop
  endfacet
  facet normal -0.0746403 0.997211 0
    outer loop
      vertex -24.1247 24.9984 0
      vertex -24.6217 24.9612 48
      vertex -24.1247 24.9984 48
    endloop
  endfacet
  facet normal -0.0746403 0.997211 0
    outer loop
      vertex -24.6217 24.9612 48
      vertex -24.1247 24.9984 0
      vertex -24.6217 24.9612 0
    endloop
  endfacet
  facet normal 0 1 -0
    outer loop
      vertex 23.8753 24.9984 0
      vertex -24.1247 24.9984 48
      vertex 23.8753 24.9984 48
    endloop
  endfacet
  facet normal 0 1 0
    outer loop
      vertex -24.1247 24.9984 48
      vertex 23.8753 24.9984 0
      vertex -24.1247 24.9984 0
    endloop
  endfacet
  facet normal 0.733094 0.680128 0
    outer loop
      vertex 27.8302 23.2139 48
      vertex 27.4912 23.5793 0
      vertex 27.4912 23.5793 48
    endloop
  endfacet
  facet normal 0.733094 0.680128 0
    outer loop
      vertex 27.4912 23.5793 0
      vertex 27.8302 23.2139 48
      vertex 27.8302 23.2139 0
    endloop
  endfacet
  facet normal -0.980162 0.198199 0
    outer loop
      vertex -28.9442 20.7452 0
      vertex -28.8454 21.2338 48
      vertex -28.8454 21.2338 0
    endloop
  endfacet
  facet normal -0.980162 0.198199 0
    outer loop
      vertex -28.8454 21.2338 48
      vertex -28.9442 20.7452 0
      vertex -28.9442 20.7452 48
    endloop
  endfacet
  facet normal -0.766096 0.642726 0
    outer loop
      vertex -27.9857 23.019 0
      vertex -27.6653 23.4009 48
      vertex -27.6653 23.4009 0
    endloop
  endfacet
  facet normal -0.766096 0.642726 0
    outer loop
      vertex -27.6653 23.4009 48
      vertex -27.9857 23.019 0
      vertex -27.9857 23.019 48
    endloop
  endfacet
  facet normal -0.878317 0.478079 0
    outer loop
      vertex -28.5048 22.1694 0
      vertex -28.2665 22.6072 48
      vertex -28.2665 22.6072 0
    endloop
  endfacet
  facet normal -0.878317 0.478079 0
    outer loop
      vertex -28.2665 22.6072 48
      vertex -28.5048 22.1694 0
      vertex -28.5048 22.1694 48
    endloop
  endfacet
  facet normal -0.542511 0.840049 0
    outer loop
      vertex -26.5 24.3301 0
      vertex -26.9187 24.0597 48
      vertex -26.5 24.3301 48
    endloop
  endfacet
  facet normal -0.542511 0.840049 0
    outer loop
      vertex -26.9187 24.0597 48
      vertex -26.5 24.3301 0
      vertex -26.9187 24.0597 0
    endloop
  endfacet
  facet normal 0.12438 -0.992235 0
    outer loop
      vertex 24.3736 -24.986 0
      vertex 24.8682 -24.924 48
      vertex 24.3736 -24.986 48
    endloop
  endfacet
  facet normal 0.12438 -0.992235 0
    outer loop
      vertex 24.8682 -24.924 48
      vertex 24.3736 -24.986 0
      vertex 24.8682 -24.924 0
    endloop
  endfacet
  facet normal 0.998761 0.0497575 0
    outer loop
      vertex 29 20 48
      vertex 28.9752 20.4978 0
      vertex 28.9752 20.4978 48
    endloop
  endfacet
  facet normal 0.998761 0.0497575 0
    outer loop
      vertex 28.9752 20.4978 0
      vertex 29 20 48
      vertex 29 20 0
    endloop
  endfacet
  facet normal 0.0248769 -0.999691 0
    outer loop
      vertex 23.8753 -24.9984 0
      vertex 24.3736 -24.986 48
      vertex 23.8753 -24.9984 48
    endloop
  endfacet
  facet normal 0.0248769 -0.999691 0
    outer loop
      vertex 24.3736 -24.986 48
      vertex 23.8753 -24.9984 0
      vertex 24.3736 -24.986 0
    endloop
  endfacet
  facet normal -0.173728 -0.984794 0
    outer loop
      vertex -25.1126 -24.8746 0
      vertex -24.6217 -24.9612 48
      vertex -25.1126 -24.8746 48
    endloop
  endfacet
  facet normal -0.173728 -0.984794 -0
    outer loop
      vertex -24.6217 -24.9612 48
      vertex -25.1126 -24.8746 0
      vertex -24.6217 -24.9612 0
    endloop
  endfacet
  facet normal -0.698123 -0.715978 0
    outer loop
      vertex -27.6653 -23.4009 0
      vertex -27.3084 -23.7489 48
      vertex -27.6653 -23.4009 48
    endloop
  endfacet
  facet normal -0.698123 -0.715978 -0
    outer loop
      vertex -27.3084 -23.7489 48
      vertex -27.6653 -23.4009 0
      vertex -27.3084 -23.7489 0
    endloop
  endfacet
  facet normal 0.411232 0.911531 -0
    outer loop
      vertex 26.2811 24.4494 0
      vertex 25.8267 24.6544 48
      vertex 26.2811 24.4494 48
    endloop
  endfacet
  facet normal 0.411232 0.911531 0
    outer loop
      vertex 25.8267 24.6544 48
      vertex 26.2811 24.4494 0
      vertex 25.8267 24.6544 0
    endloop
  endfacet
  facet normal -0.995037 0.0995037 0
    outer loop
      vertex -28.9938 20.2492 0
      vertex -28.9442 20.7452 48
      vertex -28.9442 20.7452 0
    endloop
  endfacet
  facet normal -0.995037 0.0995037 0
    outer loop
      vertex -28.9442 20.7452 48
      vertex -28.9938 20.2492 0
      vertex -28.9938 20.2492 48
    endloop
  endfacet
  facet normal -0.921412 0.388586 0
    outer loop
      vertex -28.6985 21.7101 0
      vertex -28.5048 22.1694 48
      vertex -28.5048 22.1694 0
    endloop
  endfacet
  facet normal -0.921412 0.388586 0
    outer loop
      vertex -28.5048 22.1694 48
      vertex -28.6985 21.7101 0
      vertex -28.6985 21.7101 48
    endloop
  endfacet
  facet normal -0.955584 0.29472 0
    outer loop
      vertex -28.8454 21.2338 0
      vertex -28.6985 21.7101 48
      vertex -28.6985 21.7101 0
    endloop
  endfacet
  facet normal -0.955584 0.29472 0
    outer loop
      vertex -28.6985 21.7101 48
      vertex -28.8454 21.2338 0
      vertex -28.8454 21.2338 48
    endloop
  endfacet
  facet normal -0.826202 0.563374 0
    outer loop
      vertex -28.2665 22.6072 0
      vertex -27.9857 23.019 48
      vertex -27.9857 23.019 0
    endloop
  endfacet
  facet normal -0.826202 0.563374 0
    outer loop
      vertex -27.9857 23.019 48
      vertex -28.2665 22.6072 0
      vertex -28.2665 22.6072 48
    endloop
  endfacet
  facet normal -0.62352 0.781807 0
    outer loop
      vertex -26.9187 24.0597 0
      vertex -27.3084 23.7489 48
      vertex -26.9187 24.0597 48
    endloop
  endfacet
  facet normal -0.62352 0.781807 0
    outer loop
      vertex -27.3084 23.7489 48
      vertex -26.9187 24.0597 0
      vertex -27.3084 23.7489 0
    endloop
  endfacet
  facet normal -0.27085 0.962622 0
    outer loop
      vertex -25.1126 24.8746 0
      vertex -25.5924 24.7396 48
      vertex -25.1126 24.8746 48
    endloop
  endfacet
  facet normal -0.27085 0.962622 0
    outer loop
      vertex -25.5924 24.7396 48
      vertex -25.1126 24.8746 0
      vertex -25.5924 24.7396 0
    endloop
  endfacet
  facet normal -0.36533 0.930878 0
    outer loop
      vertex -25.5924 24.7396 0
      vertex -26.0564 24.5575 48
      vertex -25.5924 24.7396 48
    endloop
  endfacet
  facet normal -0.36533 0.930878 0
    outer loop
      vertex -26.0564 24.5575 48
      vertex -25.5924 24.7396 0
      vertex -26.0564 24.5575 0
    endloop
  endfacet
  facet normal -0.173728 0.984794 0
    outer loop
      vertex -24.6217 24.9612 0
      vertex -25.1126 24.8746 48
      vertex -24.6217 24.9612 48
    endloop
  endfacet
  facet normal -0.173728 0.984794 0
    outer loop
      vertex -25.1126 24.8746 48
      vertex -24.6217 24.9612 0
      vertex -25.1126 24.8746 0
    endloop
  endfacet
  facet normal 0.500174 -0.865925 0
    outer loop
      vertex 26.2811 -24.4494 0
      vertex 26.7127 -24.2001 48
      vertex 26.2811 -24.4494 48
    endloop
  endfacet
  facet normal 0.500174 -0.865925 0
    outer loop
      vertex 26.7127 -24.2001 48
      vertex 26.2811 -24.4494 0
      vertex 26.7127 -24.2001 0
    endloop
  endfacet
  facet normal 0.661708 -0.749762 0
    outer loop
      vertex 27.1174 -23.9092 0
      vertex 27.4912 -23.5793 48
      vertex 27.1174 -23.9092 48
    endloop
  endfacet
  facet normal 0.661708 -0.749762 0
    outer loop
      vertex 27.4912 -23.5793 48
      vertex 27.1174 -23.9092 0
      vertex 27.4912 -23.5793 0
    endloop
  endfacet
  facet normal 0.318394 -0.947959 0
    outer loop
      vertex 25.3542 -24.8131 0
      vertex 25.8267 -24.6544 48
      vertex 25.3542 -24.8131 48
    endloop
  endfacet
  facet normal 0.318394 -0.947959 0
    outer loop
      vertex 25.8267 -24.6544 48
      vertex 25.3542 -24.8131 0
      vertex 25.8267 -24.6544 0
    endloop
  endfacet
  facet normal 0.222471 -0.974939 0
    outer loop
      vertex 24.8682 -24.924 0
      vertex 25.3542 -24.8131 48
      vertex 24.8682 -24.924 48
    endloop
  endfacet
  facet normal 0.222471 -0.974939 0
    outer loop
      vertex 25.3542 -24.8131 48
      vertex 24.8682 -24.924 0
      vertex 25.3542 -24.8131 0
    endloop
  endfacet
  facet normal -0.766096 -0.642726 0
    outer loop
      vertex -27.6653 -23.4009 0
      vertex -27.9857 -23.019 48
      vertex -27.9857 -23.019 0
    endloop
  endfacet
  facet normal -0.766096 -0.642726 0
    outer loop
      vertex -27.9857 -23.019 48
      vertex -27.6653 -23.4009 0
      vertex -27.6653 -23.4009 48
    endloop
  endfacet
  facet normal 0.12438 0.992235 -0
    outer loop
      vertex 24.8682 24.924 0
      vertex 24.3736 24.986 48
      vertex 24.8682 24.924 48
    endloop
  endfacet
  facet normal 0.12438 0.992235 0
    outer loop
      vertex 24.3736 24.986 48
      vertex 24.8682 24.924 0
      vertex 24.3736 24.986 0
    endloop
  endfacet
  facet normal 0.222471 0.974939 -0
    outer loop
      vertex 25.3542 24.8131 0
      vertex 24.8682 24.924 48
      vertex 25.3542 24.8131 48
    endloop
  endfacet
  facet normal 0.222471 0.974939 0
    outer loop
      vertex 24.8682 24.924 48
      vertex 25.3542 24.8131 0
      vertex 24.8682 24.924 0
    endloop
  endfacet
  facet normal 0.318394 0.947959 -0
    outer loop
      vertex 25.8267 24.6544 0
      vertex 25.3542 24.8131 48
      vertex 25.8267 24.6544 48
    endloop
  endfacet
  facet normal 0.318394 0.947959 0
    outer loop
      vertex 25.3542 24.8131 48
      vertex 25.8267 24.6544 0
      vertex 25.3542 24.8131 0
    endloop
  endfacet
  facet normal 0.583665 0.811995 -0
    outer loop
      vertex 27.1174 23.9092 0
      vertex 26.7127 24.2001 48
      vertex 27.1174 23.9092 48
    endloop
  endfacet
  facet normal 0.583665 0.811995 0
    outer loop
      vertex 26.7127 24.2001 48
      vertex 27.1174 23.9092 0
      vertex 26.7127 24.2001 0
    endloop
  endfacet
  facet normal 0.661708 0.749762 -0
    outer loop
      vertex 27.4912 23.5793 0
      vertex 27.1174 23.9092 48
      vertex 27.4912 23.5793 48
    endloop
  endfacet
  facet normal 0.661708 0.749762 0
    outer loop
      vertex 27.1174 23.9092 48
      vertex 27.4912 23.5793 0
      vertex 27.1174 23.9092 0
    endloop
  endfacet
  facet normal 0.500174 0.865925 -0
    outer loop
      vertex 26.7127 24.2001 0
      vertex 26.2811 24.4494 48
      vertex 26.7127 24.2001 48
    endloop
  endfacet
  facet normal 0.500174 0.865925 0
    outer loop
      vertex 26.2811 24.4494 48
      vertex 26.7127 24.2001 0
      vertex 26.2811 24.4494 0
    endloop
  endfacet
  facet normal 0.939682 0.342049 0
    outer loop
      vertex 28.7779 21.4738 48
      vertex 28.6074 21.9422 0
      vertex 28.6074 21.9422 48
    endloop
  endfacet
  facet normal 0.939682 0.342049 0
    outer loop
      vertex 28.6074 21.9422 0
      vertex 28.7779 21.4738 48
      vertex 28.7779 21.4738 0
    endloop
  endfacet
  facet normal 0.797078 0.603877 0
    outer loop
      vertex 28.1312 22.8166 48
      vertex 27.8302 23.2139 0
      vertex 27.8302 23.2139 48
    endloop
  endfacet
  facet normal 0.797078 0.603877 0
    outer loop
      vertex 27.8302 23.2139 0
      vertex 28.1312 22.8166 48
      vertex 28.1312 22.8166 0
    endloop
  endfacet
  facet normal 0.853287 0.521442 0
    outer loop
      vertex 28.3911 22.3913 48
      vertex 28.1312 22.8166 0
      vertex 28.1312 22.8166 48
    endloop
  endfacet
  facet normal 0.853287 0.521442 0
    outer loop
      vertex 28.1312 22.8166 0
      vertex 28.3911 22.3913 48
      vertex 28.3911 22.3913 0
    endloop
  endfacet
  facet normal 0.900949 0.433924 0
    outer loop
      vertex 28.6074 21.9422 48
      vertex 28.3911 22.3913 0
      vertex 28.3911 22.3913 48
    endloop
  endfacet
  facet normal 0.900949 0.433924 0
    outer loop
      vertex 28.3911 22.3913 0
      vertex 28.6074 21.9422 48
      vertex 28.6074 21.9422 0
    endloop
  endfacet
  facet normal 0.900949 -0.433924 0
    outer loop
      vertex 28.3911 -22.3913 48
      vertex 28.6074 -21.9422 0
      vertex 28.6074 -21.9422 48
    endloop
  endfacet
  facet normal 0.900949 -0.433924 0
    outer loop
      vertex 28.6074 -21.9422 0
      vertex 28.3911 -22.3913 48
      vertex 28.3911 -22.3913 0
    endloop
  endfacet
  facet normal 0.583665 -0.811995 0
    outer loop
      vertex 26.7127 -24.2001 0
      vertex 27.1174 -23.9092 48
      vertex 26.7127 -24.2001 48
    endloop
  endfacet
  facet normal 0.583665 -0.811995 0
    outer loop
      vertex 27.1174 -23.9092 48
      vertex 26.7127 -24.2001 0
      vertex 27.1174 -23.9092 0
    endloop
  endfacet
  facet normal -0.27085 -0.962622 0
    outer loop
      vertex -25.5924 -24.7396 0
      vertex -25.1126 -24.8746 48
      vertex -25.5924 -24.7396 48
    endloop
  endfacet
  facet normal -0.27085 -0.962622 -0
    outer loop
      vertex -25.1126 -24.8746 48
      vertex -25.5924 -24.7396 0
      vertex -25.1126 -24.8746 0
    endloop
  endfacet
  facet normal -0.456178 -0.889888 0
    outer loop
      vertex -26.5 -24.3301 0
      vertex -26.0564 -24.5575 48
      vertex -26.5 -24.3301 48
    endloop
  endfacet
  facet normal -0.456178 -0.889888 -0
    outer loop
      vertex -26.0564 -24.5575 48
      vertex -26.5 -24.3301 0
      vertex -26.0564 -24.5575 0
    endloop
  endfacet
  facet normal 0 0 -1
    outer loop
      vertex -17.7044 -14.5786 0
      vertex -6 -4 0
      vertex -17.4823 -15.0246 0
    endloop
  endfacet
  facet normal 0 0 -1
    outer loop
      vertex -6 4 0
      vertex -17.346 15.5039 0
      vertex -17.3 16 0
    endloop
  endfacet
  facet normal 0 0 -1
    outer loop
      vertex -18.0047 -14.181 0
      vertex -6 -4 0
      vertex -17.7044 -14.5786 0
    endloop
  endfacet
  facet normal 0 0 -1
    outer loop
      vertex -6 4 0
      vertex -17.4823 15.0246 0
      vertex -17.346 15.5039 0
    endloop
  endfacet
  facet normal 0 0 -1
    outer loop
      vertex -18.3729 -13.8454 0
      vertex -6 -4 0
      vertex -18.0047 -14.181 0
    endloop
  endfacet
  facet normal 0 0 -1
    outer loop
      vertex -6 4 0
      vertex -17.7044 14.5786 0
      vertex -17.4823 15.0246 0
    endloop
  endfacet
  facet normal 0 0 -1
    outer loop
      vertex -18.7965 -13.5831 0
      vertex -6 -4 0
      vertex -18.3729 -13.8454 0
    endloop
  endfacet
  facet normal 0 0 -1
    outer loop
      vertex -6 4 0
      vertex -18.0047 14.181 0
      vertex -17.7044 14.5786 0
    endloop
  endfacet
  facet normal 0 0 -1
    outer loop
      vertex -19.2611 -13.4031 0
      vertex -6 -4 0
      vertex -18.7965 -13.5831 0
    endloop
  endfacet
  facet normal 0 0 -1
    outer loop
      vertex -6 4 0
      vertex -18.3729 13.8454 0
      vertex -18.0047 14.181 0
    endloop
  endfacet
  facet normal 0 0 -1
    outer loop
      vertex -19.7509 -13.3115 0
      vertex -6 -4 0
      vertex -19.2611 -13.4031 0
    endloop
  endfacet
  facet normal 0 0 -1
    outer loop
      vertex -6 4 0
      vertex -18.7965 13.5831 0
      vertex -18.3729 13.8454 0
    endloop
  endfacet
  facet normal -0 0 -1
    outer loop
      vertex -6 -4 0
      vertex -19.7509 -13.3115 0
      vertex -6 4 0
    endloop
  endfacet
  facet normal 0 0 -1
    outer loop
      vertex -6 4 0
      vertex -19.2611 13.4031 0
      vertex -18.7965 13.5831 0
    endloop
  endfacet
  facet normal 0 0 -1
    outer loop
      vertex -19.7509 13.3115 0
      vertex -6 4 0
      vertex -19.7509 -13.3115 0
    endloop
  endfacet
  facet normal 0 0 -1
    outer loop
      vertex -6 4 0
      vertex -19.7509 13.3115 0
      vertex -19.2611 13.4031 0
    endloop
  endfacet
  facet normal 0 0 -1
    outer loop
      vertex -20.2491 -13.3115 0
      vertex -19.7509 13.3115 0
      vertex -19.7509 -13.3115 0
    endloop
  endfacet
  facet normal 0 0 -1
    outer loop
      vertex -20.2491 -13.3115 0
      vertex -20.2491 13.3115 0
      vertex -19.7509 13.3115 0
    endloop
  endfacet
  facet normal 0 0 -1
    outer loop
      vertex -20.7389 -13.4031 0
      vertex -20.2491 13.3115 0
      vertex -20.2491 -13.3115 0
    endloop
  endfacet
  facet normal 0 0 -1
    outer loop
      vertex -20.7389 -13.4031 0
      vertex -20.7389 13.4031 0
      vertex -20.2491 13.3115 0
    endloop
  endfacet
  facet normal 0 0 -1
    outer loop
      vertex -21.2035 -13.5831 0
      vertex -20.7389 13.4031 0
      vertex -20.7389 -13.4031 0
    endloop
  endfacet
  facet normal 0 0 -1
    outer loop
      vertex -21.2035 -13.5831 0
      vertex -21.2035 13.5831 0
      vertex -20.7389 13.4031 0
    endloop
  endfacet
  facet normal 0 0 -1
    outer loop
      vertex -21.6271 -13.8454 0
      vertex -21.2035 13.5831 0
      vertex -21.2035 -13.5831 0
    endloop
  endfacet
  facet normal 0 0 -1
    outer loop
      vertex -21.6271 -13.8454 0
      vertex -21.6271 13.8454 0
      vertex -21.2035 13.5831 0
    endloop
  endfacet
  facet normal 0 0 -1
    outer loop
      vertex -21.9953 -14.181 0
      vertex -21.6271 13.8454 0
      vertex -21.6271 -13.8454 0
    endloop
  endfacet
  facet normal 0 0 -1
    outer loop
      vertex -21.9953 -14.181 0
      vertex -21.9953 14.181 0
      vertex -21.6271 13.8454 0
    endloop
  endfacet
  facet normal 0 0 -1
    outer loop
      vertex -28.9938 -20.2492 0
      vertex -21.9953 -14.181 0
      vertex -22.2956 -14.5786 0
    endloop
  endfacet
  facet normal -0 0 -1
    outer loop
      vertex -21.9953 -14.181 0
      vertex -28.9938 -20.2492 0
      vertex -21.9953 14.181 0
    endloop
  endfacet
  facet normal 0 0 -1
    outer loop
      vertex -28.9938 -20.2492 0
      vertex -22.2956 -14.5786 0
      vertex -22.5177 -15.0246 0
    endloop
  endfacet
  facet normal 0 0 -1
    outer loop
      vertex -28.9938 20.2492 0
      vertex -21.9953 14.181 0
      vertex -28.9938 -20.2492 0
    endloop
  endfacet
  facet normal 0 0 -1
    outer loop
      vertex -28.9938 -20.2492 0
      vertex -22.5177 -15.0246 0
      vertex -22.654 -15.5039 0
    endloop
  endfacet
  facet normal 0 0 -1
    outer loop
      vertex -21.9953 14.181 0
      vertex -28.9938 20.2492 0
      vertex -22.2956 14.5786 0
    endloop
  endfacet
  facet normal 0 0 -1
    outer loop
      vertex -28.9938 -20.2492 0
      vertex -22.654 -15.5039 0
      vertex -22.7 -16 0
    endloop
  endfacet
  facet normal 0 0 -1
    outer loop
      vertex -22.2956 14.5786 0
      vertex -28.9938 20.2492 0
      vertex -22.5177 15.0246 0
    endloop
  endfacet
  facet normal 0 0 -1
    outer loop
      vertex 22.2956 -14.5786 0
      vertex 29 -20 0
      vertex 22.5177 -15.0246 0
    endloop
  endfacet
  facet normal 0 0 -1
    outer loop
      vertex 29 20 0
      vertex 22.654 15.5039 0
      vertex 22.7 16 0
    endloop
  endfacet
  facet normal 0 0 -1
    outer loop
      vertex 21.9953 -14.181 0
      vertex 29 -20 0
      vertex 22.2956 -14.5786 0
    endloop
  endfacet
  facet normal 0 0 -1
    outer loop
      vertex 29 20 0
      vertex 22.5177 15.0246 0
      vertex 22.654 15.5039 0
    endloop
  endfacet
  facet normal 0 0 -1
    outer loop
      vertex 29 -20 0
      vertex 21.9953 -14.181 0
      vertex 29 20 0
    endloop
  endfacet
  facet normal 0 0 -1
    outer loop
      vertex 29 20 0
      vertex 22.2956 14.5786 0
      vertex 22.5177 15.0246 0
    endloop
  endfacet
  facet normal 0 0 -1
    outer loop
      vertex 21.9953 14.181 0
      vertex 29 20 0
      vertex 21.9953 -14.181 0
    endloop
  endfacet
  facet normal 0 0 -1
    outer loop
      vertex 29 20 0
      vertex 21.9953 14.181 0
      vertex 22.2956 14.5786 0
    endloop
  endfacet
  facet normal 0 0 -1
    outer loop
      vertex 21.6271 -13.8454 0
      vertex 21.9953 14.181 0
      vertex 21.9953 -14.181 0
    endloop
  endfacet
  facet normal 0 0 -1
    outer loop
      vertex 21.6271 -13.8454 0
      vertex 21.6271 13.8454 0
      vertex 21.9953 14.181 0
    endloop
  endfacet
  facet normal 0 0 -1
    outer loop
      vertex 21.2035 -13.5831 0
      vertex 21.6271 13.8454 0
      vertex 21.6271 -13.8454 0
    endloop
  endfacet
  facet normal 0 0 -1
    outer loop
      vertex 21.2035 -13.5831 0
      vertex 21.2035 13.5831 0
      vertex 21.6271 13.8454 0
    endloop
  endfacet
  facet normal 0 0 -1
    outer loop
      vertex 20.7389 -13.4031 0
      vertex 21.2035 13.5831 0
      vertex 21.2035 -13.5831 0
    endloop
  endfacet
  facet normal 0 0 -1
    outer loop
      vertex 20.7389 -13.4031 0
      vertex 20.7389 13.4031 0
      vertex 21.2035 13.5831 0
    endloop
  endfacet
  facet normal 0 0 -1
    outer loop
      vertex 20.2491 -13.3115 0
      vertex 20.7389 13.4031 0
      vertex 20.7389 -13.4031 0
    endloop
  endfacet
  facet normal 0 0 -1
    outer loop
      vertex 20.2491 -13.3115 0
      vertex 20.2491 13.3115 0
      vertex 20.7389 13.4031 0
    endloop
  endfacet
  facet normal 0 0 -1
    outer loop
      vertex 19.7509 -13.3115 0
      vertex 20.2491 13.3115 0
      vertex 20.2491 -13.3115 0
    endloop
  endfacet
  facet normal 0 0 -1
    outer loop
      vertex 19.7509 -13.3115 0
      vertex 19.7509 13.3115 0
      vertex 20.2491 13.3115 0
    endloop
  endfacet
  facet normal 0 0 -1
    outer loop
      vertex 6 -4 0
      vertex 19.7509 -13.3115 0
      vertex 19.2611 -13.4031 0
    endloop
  endfacet
  facet normal 0 0 -1
    outer loop
      vertex 19.7509 -13.3115 0
      vertex 6 -4 0
      vertex 19.7509 13.3115 0
    endloop
  endfacet
  facet normal 0 0 -1
    outer loop
      vertex 6 -4 0
      vertex 19.2611 -13.4031 0
      vertex 18.7965 -13.5831 0
    endloop
  endfacet
  facet normal 0 0 -1
    outer loop
      vertex 6 4 0
      vertex 19.7509 13.3115 0
      vertex 6 -4 0
    endloop
  endfacet
  facet normal 0 0 -1
    outer loop
      vertex 6 -4 0
      vertex 18.7965 -13.5831 0
      vertex 18.3729 -13.8454 0
    endloop
  endfacet
  facet normal -0 0 -1
    outer loop
      vertex 19.7509 13.3115 0
      vertex 6 4 0
      vertex 19.2611 13.4031 0
    endloop
  endfacet
  facet normal 0 0 -1
    outer loop
      vertex 6 -4 0
      vertex 18.3729 -13.8454 0
      vertex 18.0047 -14.181 0
    endloop
  endfacet
  facet normal -0 0 -1
    outer loop
      vertex 19.2611 13.4031 0
      vertex 6 4 0
      vertex 18.7965 13.5831 0
    endloop
  endfacet
  facet normal 0 0 -1
    outer loop
      vertex 6 -4 0
      vertex 18.0047 -14.181 0
      vertex 17.7044 -14.5786 0
    endloop
  endfacet
  facet normal -0 0 -1
    outer loop
      vertex 18.7965 13.5831 0
      vertex 6 4 0
      vertex 18.3729 13.8454 0
    endloop
  endfacet
  facet normal 0 0 -1
    outer loop
      vertex 6 -4 0
      vertex 17.7044 -14.5786 0
      vertex 17.4823 -15.0246 0
    endloop
  endfacet
  facet normal -0 0 -1
    outer loop
      vertex 18.3729 13.8454 0
      vertex 6 4 0
      vertex 18.0047 14.181 0
    endloop
  endfacet
  facet normal 0 0 -1
    outer loop
      vertex 6 -4 0
      vertex 17.4823 -15.0246 0
      vertex 17.346 -15.5039 0
    endloop
  endfacet
  facet normal -0 0 -1
    outer loop
      vertex 18.0047 14.181 0
      vertex 6 4 0
      vertex 17.7044 14.5786 0
    endloop
  endfacet
  facet normal 0 0 -1
    outer loop
      vertex 6 -4 0
      vertex 17.346 -15.5039 0
      vertex 17.3 -16 0
    endloop
  endfacet
  facet normal -0 0 -1
    outer loop
      vertex 17.7044 14.5786 0
      vertex 6 4 0
      vertex 17.4823 15.0246 0
    endloop
  endfacet
  facet normal 0 0 -1
    outer loop
      vertex 21.9953 -17.819 0
      vertex 29 -20 0
      vertex 28.9752 -20.4978 0
    endloop
  endfacet
  facet normal 0 0 -1
    outer loop
      vertex 22.654 -15.5039 0
      vertex 29 -20 0
      vertex 22.7 -16 0
    endloop
  endfacet
  facet normal 0 0 -1
    outer loop
      vertex 21.9953 -17.819 0
      vertex 28.9752 -20.4978 0
      vertex 28.9009 -20.9907 0
    endloop
  endfacet
  facet normal 0 0 -1
    outer loop
      vertex 22.5177 -15.0246 0
      vertex 29 -20 0
      vertex 22.654 -15.5039 0
    endloop
  endfacet
  facet normal 0 0 -1
    outer loop
      vertex 21.9953 -17.819 0
      vertex 28.9009 -20.9907 0
      vertex 28.7779 -21.4738 0
    endloop
  endfacet
  facet normal 0 0 -1
    outer loop
      vertex 22.654 16.4961 0
      vertex 29 20 0
      vertex 22.7 16 0
    endloop
  endfacet
  facet normal 0 0 -1
    outer loop
      vertex 21.9953 -17.819 0
      vertex 28.7779 -21.4738 0
      vertex 28.6074 -21.9422 0
    endloop
  endfacet
  facet normal 0 0 -1
    outer loop
      vertex 22.5177 16.9754 0
      vertex 29 20 0
      vertex 22.654 16.4961 0
    endloop
  endfacet
  facet normal 0 0 -1
    outer loop
      vertex 21.9953 -17.819 0
      vertex 28.6074 -21.9422 0
      vertex 28.3911 -22.3913 0
    endloop
  endfacet
  facet normal 0 0 -1
    outer loop
      vertex 22.2956 17.4214 0
      vertex 29 20 0
      vertex 22.5177 16.9754 0
    endloop
  endfacet
  facet normal 0 0 -1
    outer loop
      vertex 21.9953 -17.819 0
      vertex 28.3911 -22.3913 0
      vertex 28.1312 -22.8166 0
    endloop
  endfacet
  facet normal 0 0 -1
    outer loop
      vertex 21.9953 17.819 0
      vertex 29 20 0
      vertex 22.2956 17.4214 0
    endloop
  endfacet
  facet normal 0 0 -1
    outer loop
      vertex 21.9953 -17.819 0
      vertex 28.1312 -22.8166 0
      vertex 27.8302 -23.2139 0
    endloop
  endfacet
  facet normal -0 0 -1
    outer loop
      vertex 29 20 0
      vertex 21.9953 17.819 0
      vertex 28.9752 20.4978 0
    endloop
  endfacet
  facet normal 0 0 -1
    outer loop
      vertex 21.9953 -17.819 0
      vertex 27.8302 -23.2139 0
      vertex 27.4912 -23.5793 0
    endloop
  endfacet
  facet normal -0 0 -1
    outer loop
      vertex 28.9752 20.4978 0
      vertex 21.9953 17.819 0
      vertex 28.9009 20.9907 0
    endloop
  endfacet
  facet normal 0 0 -1
    outer loop
      vertex 21.9953 -17.819 0
      vertex 27.4912 -23.5793 0
      vertex 27.1174 -23.9092 0
    endloop
  endfacet
  facet normal -0 0 -1
    outer loop
      vertex 28.9009 20.9907 0
      vertex 21.9953 17.819 0
      vertex 28.7779 21.4738 0
    endloop
  endfacet
  facet normal 0 0 -1
    outer loop
      vertex 21.9953 -17.819 0
      vertex 27.1174 -23.9092 0
      vertex 26.7127 -24.2001 0
    endloop
  endfacet
  facet normal -0 0 -1
    outer loop
      vertex 28.7779 21.4738 0
      vertex 21.9953 17.819 0
      vertex 28.6074 21.9422 0
    endloop
  endfacet
  facet normal 0 0 -1
    outer loop
      vertex 21.9953 -17.819 0
      vertex 26.7127 -24.2001 0
      vertex 26.2811 -24.4494 0
    endloop
  endfacet
  facet normal -0 0 -1
    outer loop
      vertex 28.6074 21.9422 0
      vertex 21.9953 17.819 0
      vertex 28.3911 22.3913 0
    endloop
  endfacet
  facet normal 0 0 -1
    outer loop
      vertex 21.6271 -18.1546 0
      vertex 26.2811 -24.4494 0
      vertex 25.8267 -24.6544 0
    endloop
  endfacet
  facet normal -0 0 -1
    outer loop
      vertex 28.3911 22.3913 0
      vertex 21.9953 17.819 0
      vertex 28.1312 22.8166 0
    endloop
  endfacet
  facet normal 0 0 -1
    outer loop
      vertex 21.6271 -18.1546 0
      vertex 25.8267 -24.6544 0
      vertex 25.3542 -24.8131 0
    endloop
  endfacet
  facet normal -0 0 -1
    outer loop
      vertex 28.1312 22.8166 0
      vertex 21.9953 17.819 0
      vertex 27.8302 23.2139 0
    endloop
  endfacet
  facet normal 0 0 -1
    outer loop
      vertex 21.6271 -18.1546 0
      vertex 25.3542 -24.8131 0
      vertex 24.8682 -24.924 0
    endloop
  endfacet
  facet normal -0 0 -1
    outer loop
      vertex 27.8302 23.2139 0
      vertex 21.9953 17.819 0
      vertex 27.4912 23.5793 0
    endloop
  endfacet
  facet normal 0 0 -1
    outer loop
      vertex 21.6271 -18.1546 0
      vertex 24.8682 -24.924 0
      vertex 24.3736 -24.986 0
    endloop
  endfacet
  facet normal -0 0 -1
    outer loop
      vertex 27.4912 23.5793 0
      vertex 21.9953 17.819 0
      vertex 27.1174 23.9092 0
    endloop
  endfacet
  facet normal 0 0 -1
    outer loop
      vertex 21.6271 -18.1546 0
      vertex 24.3736 -24.986 0
      vertex 23.8753 -24.9984 0
    endloop
  endfacet
  facet normal -0 0 -1
    outer loop
      vertex 27.1174 23.9092 0
      vertex 21.9953 17.819 0
      vertex 26.7127 24.2001 0
    endloop
  endfacet
  facet normal -0 0 -1
    outer loop
      vertex 26.7127 24.2001 0
      vertex 21.9953 17.819 0
      vertex 26.2811 24.4494 0
    endloop
  endfacet
  facet normal 0 0 -1
    outer loop
      vertex 29 -20 0
      vertex 22.654 -16.4961 0
      vertex 22.7 -16 0
    endloop
  endfacet
  facet normal 0 0 -1
    outer loop
      vertex 29 -20 0
      vertex 22.5177 -16.9754 0
      vertex 22.654 -16.4961 0
    endloop
  endfacet
  facet normal 0 0 -1
    outer loop
      vertex 29 -20 0
      vertex 22.2956 -17.4214 0
      vertex 22.5177 -16.9754 0
    endloop
  endfacet
  facet normal 0 0 -1
    outer loop
      vertex 29 -20 0
      vertex 21.9953 -17.819 0
      vertex 22.2956 -17.4214 0
    endloop
  endfacet
  facet normal 0 0 -1
    outer loop
      vertex 26.2811 -24.4494 0
      vertex 21.6271 -18.1546 0
      vertex 21.9953 -17.819 0
    endloop
  endfacet
  facet normal 0 0 -1
    outer loop
      vertex 23.8753 -24.9984 0
      vertex 21.2035 -18.4169 0
      vertex 21.6271 -18.1546 0
    endloop
  endfacet
  facet normal 0 0 -1
    outer loop
      vertex 23.8753 -24.9984 0
      vertex 20.7389 -18.5969 0
      vertex 21.2035 -18.4169 0
    endloop
  endfacet
  facet normal 0 0 -1
    outer loop
      vertex 23.8753 -24.9984 0
      vertex 20.2491 -18.6885 0
      vertex 20.7389 -18.5969 0
    endloop
  endfacet
  facet normal 0 0 -1
    outer loop
      vertex 23.8753 -24.9984 0
      vertex 19.7509 -18.6885 0
      vertex 20.2491 -18.6885 0
    endloop
  endfacet
  facet normal 0 0 -1
    outer loop
      vertex 23.8753 -24.9984 0
      vertex 19.2611 -18.5969 0
      vertex 19.7509 -18.6885 0
    endloop
  endfacet
  facet normal 0 0 -1
    outer loop
      vertex 23.8753 -24.9984 0
      vertex 18.7965 -18.4169 0
      vertex 19.2611 -18.5969 0
    endloop
  endfacet
  facet normal 0 0 -1
    outer loop
      vertex 23.8753 -24.9984 0
      vertex 18.3729 -18.1546 0
      vertex 18.7965 -18.4169 0
    endloop
  endfacet
  facet normal 0 0 -1
    outer loop
      vertex -18.3729 -18.1546 0
      vertex 18.3729 -18.1546 0
      vertex 23.8753 -24.9984 0
    endloop
  endfacet
  facet normal -0 0 -1
    outer loop
      vertex 17.4823 15.0246 0
      vertex 6 4 0
      vertex 17.346 15.5039 0
    endloop
  endfacet
  facet normal 0 0 -1
    outer loop
      vertex 17.346 -16.4961 0
      vertex 6 -4 0
      vertex 17.3 -16 0
    endloop
  endfacet
  facet normal 0 0 -1
    outer loop
      vertex -17.346 -16.4961 0
      vertex 17.346 -16.4961 0
      vertex 17.4823 -16.9754 0
    endloop
  endfacet
  facet normal 0 0 -1
    outer loop
      vertex -17.4823 -16.9754 0
      vertex 17.4823 -16.9754 0
      vertex 17.7044 -17.4214 0
    endloop
  endfacet
  facet normal 0 0 -1
    outer loop
      vertex -17.7044 -17.4214 0
      vertex 17.7044 -17.4214 0
      vertex 18.0047 -17.819 0
    endloop
  endfacet
  facet normal 0 0 -1
    outer loop
      vertex 18.3729 -18.1546 0
      vertex -18.3729 -18.1546 0
      vertex 18.0047 -17.819 0
    endloop
  endfacet
  facet normal 0 0 -1
    outer loop
      vertex 17.4823 -16.9754 0
      vertex -17.4823 -16.9754 0
      vertex -17.346 -16.4961 0
    endloop
  endfacet
  facet normal 0 0 -1
    outer loop
      vertex -17.346 -15.5039 0
      vertex -6 -4 0
      vertex -17.3 -16 0
    endloop
  endfacet
  facet normal 0 0 -1
    outer loop
      vertex 17.346 -16.4961 0
      vertex -17.346 -16.4961 0
      vertex 6 -4 0
    endloop
  endfacet
  facet normal 0 0 -1
    outer loop
      vertex -6 -4 0
      vertex -17.346 -16.4961 0
      vertex -17.3 -16 0
    endloop
  endfacet
  facet normal -0 0 -1
    outer loop
      vertex 6 -4 0
      vertex -17.346 -16.4961 0
      vertex -6 -4 0
    endloop
  endfacet
  facet normal 0 0 -1
    outer loop
      vertex 17.7044 -17.4214 0
      vertex -17.7044 -17.4214 0
      vertex -17.4823 -16.9754 0
    endloop
  endfacet
  facet normal 0 0 -1
    outer loop
      vertex 18.0047 -17.819 0
      vertex -18.0047 -17.819 0
      vertex -17.7044 -17.4214 0
    endloop
  endfacet
  facet normal -0 0 -1
    outer loop
      vertex 18.0047 -17.819 0
      vertex -18.3729 -18.1546 0
      vertex -18.0047 -17.819 0
    endloop
  endfacet
  facet normal 0 0 -1
    outer loop
      vertex -24.1247 -24.9984 0
      vertex -18.3729 -18.1546 0
      vertex 23.8753 -24.9984 0
    endloop
  endfacet
  facet normal 0 0 -1
    outer loop
      vertex -18.3729 -18.1546 0
      vertex -24.1247 -24.9984 0
      vertex -18.7965 -18.4169 0
    endloop
  endfacet
  facet normal 0 0 -1
    outer loop
      vertex -18.7965 -18.4169 0
      vertex -24.1247 -24.9984 0
      vertex -19.2611 -18.5969 0
    endloop
  endfacet
  facet normal 0 0 -1
    outer loop
      vertex -19.2611 -18.5969 0
      vertex -24.1247 -24.9984 0
      vertex -19.7509 -18.6885 0
    endloop
  endfacet
  facet normal 0 0 -1
    outer loop
      vertex -26.5 -24.3301 0
      vertex -21.9953 -17.819 0
      vertex -26.0564 -24.5575 0
    endloop
  endfacet
  facet normal -0 0 -1
    outer loop
      vertex -21.6271 -18.1546 0
      vertex -26.0564 -24.5575 0
      vertex -21.9953 -17.819 0
    endloop
  endfacet
  facet normal 0 0 -1
    outer loop
      vertex -26.0564 -24.5575 0
      vertex -21.6271 -18.1546 0
      vertex -25.5924 -24.7396 0
    endloop
  endfacet
  facet normal 0 0 -1
    outer loop
      vertex -25.5924 -24.7396 0
      vertex -21.6271 -18.1546 0
      vertex -25.1126 -24.8746 0
    endloop
  endfacet
  facet normal 0 0 -1
    outer loop
      vertex -25.1126 -24.8746 0
      vertex -21.6271 -18.1546 0
      vertex -24.6217 -24.9612 0
    endloop
  endfacet
  facet normal 0 0 -1
    outer loop
      vertex -24.6217 -24.9612 0
      vertex -21.6271 -18.1546 0
      vertex -24.1247 -24.9984 0
    endloop
  endfacet
  facet normal -0 0 -1
    outer loop
      vertex -21.2035 -18.4169 0
      vertex -24.1247 -24.9984 0
      vertex -21.6271 -18.1546 0
    endloop
  endfacet
  facet normal -0 0 -1
    outer loop
      vertex -20.7389 -18.5969 0
      vertex -24.1247 -24.9984 0
      vertex -21.2035 -18.4169 0
    endloop
  endfacet
  facet normal -0 0 -1
    outer loop
      vertex -20.2491 -18.6885 0
      vertex -24.1247 -24.9984 0
      vertex -20.7389 -18.5969 0
    endloop
  endfacet
  facet normal -0 0 -1
    outer loop
      vertex -19.7509 -18.6885 0
      vertex -24.1247 -24.9984 0
      vertex -20.2491 -18.6885 0
    endloop
  endfacet
  facet normal 0 0 -1
    outer loop
      vertex 21.6271 18.1546 0
      vertex 26.2811 24.4494 0
      vertex 21.9953 17.819 0
    endloop
  endfacet
  facet normal -0 0 -1
    outer loop
      vertex 26.2811 24.4494 0
      vertex 21.6271 18.1546 0
      vertex 25.8267 24.6544 0
    endloop
  endfacet
  facet normal -0 0 -1
    outer loop
      vertex 25.8267 24.6544 0
      vertex 21.6271 18.1546 0
      vertex 25.3542 24.8131 0
    endloop
  endfacet
  facet normal -0 0 -1
    outer loop
      vertex 25.3542 24.8131 0
      vertex 21.6271 18.1546 0
      vertex 24.8682 24.924 0
    endloop
  endfacet
  facet normal -0 0 -1
    outer loop
      vertex 24.8682 24.924 0
      vertex 21.6271 18.1546 0
      vertex 24.3736 24.986 0
    endloop
  endfacet
  facet normal -0 0 -1
    outer loop
      vertex 24.3736 24.986 0
      vertex 21.6271 18.1546 0
      vertex 23.8753 24.9984 0
    endloop
  endfacet
  facet normal 0 0 -1
    outer loop
      vertex 21.2035 18.4169 0
      vertex 23.8753 24.9984 0
      vertex 21.6271 18.1546 0
    endloop
  endfacet
  facet normal 0 0 -1
    outer loop
      vertex 20.7389 18.5969 0
      vertex 23.8753 24.9984 0
      vertex 21.2035 18.4169 0
    endloop
  endfacet
  facet normal 0 0 -1
    outer loop
      vertex 20.2491 18.6885 0
      vertex 23.8753 24.9984 0
      vertex 20.7389 18.5969 0
    endloop
  endfacet
  facet normal 0 0 -1
    outer loop
      vertex 19.7509 18.6885 0
      vertex 23.8753 24.9984 0
      vertex 20.2491 18.6885 0
    endloop
  endfacet
  facet normal 0 0 -1
    outer loop
      vertex 19.2611 18.5969 0
      vertex 23.8753 24.9984 0
      vertex 19.7509 18.6885 0
    endloop
  endfacet
  facet normal 0 0 -1
    outer loop
      vertex 18.7965 18.4169 0
      vertex 23.8753 24.9984 0
      vertex 19.2611 18.5969 0
    endloop
  endfacet
  facet normal 0 0 -1
    outer loop
      vertex 18.3729 18.1546 0
      vertex 23.8753 24.9984 0
      vertex 18.7965 18.4169 0
    endloop
  endfacet
  facet normal 0 0 -1
    outer loop
      vertex -18.3729 18.1546 0
      vertex 18.3729 18.1546 0
      vertex 18.0047 17.819 0
    endloop
  endfacet
  facet normal -0 0 -1
    outer loop
      vertex 17.346 15.5039 0
      vertex 6 4 0
      vertex 17.3 16 0
    endloop
  endfacet
  facet normal -0 0 -1
    outer loop
      vertex 17.3 16 0
      vertex 6 4 0
      vertex 17.346 16.4961 0
    endloop
  endfacet
  facet normal 0 0 -1
    outer loop
      vertex -17.346 16.4961 0
      vertex 17.346 16.4961 0
      vertex 6 4 0
    endloop
  endfacet
  facet normal 0 0 -1
    outer loop
      vertex 17.346 16.4961 0
      vertex -17.346 16.4961 0
      vertex 17.4823 16.9754 0
    endloop
  endfacet
  facet normal 0 0 -1
    outer loop
      vertex -17.4823 16.9754 0
      vertex 17.4823 16.9754 0
      vertex -17.346 16.4961 0
    endloop
  endfacet
  facet normal 0 0 -1
    outer loop
      vertex 17.4823 16.9754 0
      vertex -17.4823 16.9754 0
      vertex 17.7044 17.4214 0
    endloop
  endfacet
  facet normal 0 0 -1
    outer loop
      vertex -17.346 16.4961 0
      vertex 6 4 0
      vertex -6 4 0
    endloop
  endfacet
  facet normal 0 0 -1
    outer loop
      vertex -17.4823 -15.0246 0
      vertex -6 -4 0
      vertex -17.346 -15.5039 0
    endloop
  endfacet
  facet normal 0 0 -1
    outer loop
      vertex -17.346 16.4961 0
      vertex -6 4 0
      vertex -17.3 16 0
    endloop
  endfacet
  facet normal 0 0 -1
    outer loop
      vertex -17.7044 17.4214 0
      vertex 17.7044 17.4214 0
      vertex -17.4823 16.9754 0
    endloop
  endfacet
  facet normal 0 0 -1
    outer loop
      vertex 17.7044 17.4214 0
      vertex -17.7044 17.4214 0
      vertex 18.0047 17.819 0
    endloop
  endfacet
  facet normal 0 0 -1
    outer loop
      vertex -18.0047 17.819 0
      vertex 18.0047 17.819 0
      vertex -17.7044 17.4214 0
    endloop
  endfacet
  facet normal 0 0 -1
    outer loop
      vertex -18.3729 18.1546 0
      vertex 18.0047 17.819 0
      vertex -18.0047 17.819 0
    endloop
  endfacet
  facet normal 0 0 -1
    outer loop
      vertex 18.3729 18.1546 0
      vertex -18.3729 18.1546 0
      vertex 23.8753 24.9984 0
    endloop
  endfacet
  facet normal 0 0 -1
    outer loop
      vertex -24.1247 24.9984 0
      vertex -18.3729 18.1546 0
      vertex -18.7965 18.4169 0
    endloop
  endfacet
  facet normal 0 0 -1
    outer loop
      vertex -24.1247 24.9984 0
      vertex -18.7965 18.4169 0
      vertex -19.2611 18.5969 0
    endloop
  endfacet
  facet normal 0 0 -1
    outer loop
      vertex -24.1247 24.9984 0
      vertex -19.2611 18.5969 0
      vertex -19.7509 18.6885 0
    endloop
  endfacet
  facet normal 0 0 -1
    outer loop
      vertex -24.1247 24.9984 0
      vertex -19.7509 18.6885 0
      vertex -20.2491 18.6885 0
    endloop
  endfacet
  facet normal 0 0 -1
    outer loop
      vertex -18.3729 18.1546 0
      vertex -24.1247 24.9984 0
      vertex 23.8753 24.9984 0
    endloop
  endfacet
  facet normal 0 0 -1
    outer loop
      vertex -20.7389 18.5969 0
      vertex -24.1247 24.9984 0
      vertex -20.2491 18.6885 0
    endloop
  endfacet
  facet normal 0 0 -1
    outer loop
      vertex -21.2035 18.4169 0
      vertex -24.1247 24.9984 0
      vertex -20.7389 18.5969 0
    endloop
  endfacet
  facet normal 0 0 -1
    outer loop
      vertex -21.6271 18.1546 0
      vertex -24.1247 24.9984 0
      vertex -21.2035 18.4169 0
    endloop
  endfacet
  facet normal 0 0 -1
    outer loop
      vertex -26.0564 24.5575 0
      vertex -21.6271 18.1546 0
      vertex -21.9953 17.819 0
    endloop
  endfacet
  facet normal 0 0 -1
    outer loop
      vertex -28.9938 20.2492 0
      vertex -21.9953 17.819 0
      vertex -22.2956 17.4214 0
    endloop
  endfacet
  facet normal 0 0 -1
    outer loop
      vertex -28.9938 20.2492 0
      vertex -22.2956 17.4214 0
      vertex -22.5177 16.9754 0
    endloop
  endfacet
  facet normal 0 0 -1
    outer loop
      vertex -28.9938 20.2492 0
      vertex -22.5177 16.9754 0
      vertex -22.654 16.4961 0
    endloop
  endfacet
  facet normal 0 0 -1
    outer loop
      vertex -28.9938 20.2492 0
      vertex -22.654 16.4961 0
      vertex -22.7 16 0
    endloop
  endfacet
  facet normal 0 0 -1
    outer loop
      vertex -22.5177 15.0246 0
      vertex -28.9938 20.2492 0
      vertex -22.654 15.5039 0
    endloop
  endfacet
  facet normal 0 0 -1
    outer loop
      vertex -26.9187 -24.0597 0
      vertex -21.9953 -17.819 0
      vertex -26.5 -24.3301 0
    endloop
  endfacet
  facet normal 0 0 -1
    outer loop
      vertex -22.654 15.5039 0
      vertex -28.9938 20.2492 0
      vertex -22.7 16 0
    endloop
  endfacet
  facet normal 0 0 -1
    outer loop
      vertex -27.3084 -23.7489 0
      vertex -21.9953 -17.819 0
      vertex -26.9187 -24.0597 0
    endloop
  endfacet
  facet normal 0 0 -1
    outer loop
      vertex -21.9953 17.819 0
      vertex -28.9938 20.2492 0
      vertex -28.9442 20.7452 0
    endloop
  endfacet
  facet normal 0 0 -1
    outer loop
      vertex -27.6653 -23.4009 0
      vertex -21.9953 -17.819 0
      vertex -27.3084 -23.7489 0
    endloop
  endfacet
  facet normal 0 0 -1
    outer loop
      vertex -21.6271 18.1546 0
      vertex -24.6217 24.9612 0
      vertex -24.1247 24.9984 0
    endloop
  endfacet
  facet normal 0 0 -1
    outer loop
      vertex -27.9857 -23.019 0
      vertex -21.9953 -17.819 0
      vertex -27.6653 -23.4009 0
    endloop
  endfacet
  facet normal 0 0 -1
    outer loop
      vertex -21.6271 18.1546 0
      vertex -25.1126 24.8746 0
      vertex -24.6217 24.9612 0
    endloop
  endfacet
  facet normal 0 0 -1
    outer loop
      vertex -28.2665 -22.6072 0
      vertex -21.9953 -17.819 0
      vertex -27.9857 -23.019 0
    endloop
  endfacet
  facet normal 0 0 -1
    outer loop
      vertex -21.6271 18.1546 0
      vertex -25.5924 24.7396 0
      vertex -25.1126 24.8746 0
    endloop
  endfacet
  facet normal 0 0 -1
    outer loop
      vertex -28.5048 -22.1694 0
      vertex -21.9953 -17.819 0
      vertex -28.2665 -22.6072 0
    endloop
  endfacet
  facet normal 0 0 -1
    outer loop
      vertex -21.6271 18.1546 0
      vertex -26.0564 24.5575 0
      vertex -25.5924 24.7396 0
    endloop
  endfacet
  facet normal 0 0 -1
    outer loop
      vertex -28.6985 -21.7101 0
      vertex -21.9953 -17.819 0
      vertex -28.5048 -22.1694 0
    endloop
  endfacet
  facet normal 0 0 -1
    outer loop
      vertex -21.9953 17.819 0
      vertex -26.5 24.3301 0
      vertex -26.0564 24.5575 0
    endloop
  endfacet
  facet normal 0 0 -1
    outer loop
      vertex -28.8454 -21.2338 0
      vertex -21.9953 -17.819 0
      vertex -28.6985 -21.7101 0
    endloop
  endfacet
  facet normal 0 0 -1
    outer loop
      vertex -21.9953 17.819 0
      vertex -26.9187 24.0597 0
      vertex -26.5 24.3301 0
    endloop
  endfacet
  facet normal 0 0 -1
    outer loop
      vertex -28.9442 -20.7452 0
      vertex -21.9953 -17.819 0
      vertex -28.8454 -21.2338 0
    endloop
  endfacet
  facet normal 0 0 -1
    outer loop
      vertex -21.9953 17.819 0
      vertex -27.3084 23.7489 0
      vertex -26.9187 24.0597 0
    endloop
  endfacet
  facet normal 0 0 -1
    outer loop
      vertex -28.9938 -20.2492 0
      vertex -21.9953 -17.819 0
      vertex -28.9442 -20.7452 0
    endloop
  endfacet
  facet normal 0 0 -1
    outer loop
      vertex -21.9953 17.819 0
      vertex -27.6653 23.4009 0
      vertex -27.3084 23.7489 0
    endloop
  endfacet
  facet normal -0 0 -1
    outer loop
      vertex -21.9953 -17.819 0
      vertex -28.9938 -20.2492 0
      vertex -22.2956 -17.4214 0
    endloop
  endfacet
  facet normal 0 0 -1
    outer loop
      vertex -21.9953 17.819 0
      vertex -27.9857 23.019 0
      vertex -27.6653 23.4009 0
    endloop
  endfacet
  facet normal -0 0 -1
    outer loop
      vertex -22.2956 -17.4214 0
      vertex -28.9938 -20.2492 0
      vertex -22.5177 -16.9754 0
    endloop
  endfacet
  facet normal 0 0 -1
    outer loop
      vertex -21.9953 17.819 0
      vertex -28.2665 22.6072 0
      vertex -27.9857 23.019 0
    endloop
  endfacet
  facet normal -0 0 -1
    outer loop
      vertex -22.5177 -16.9754 0
      vertex -28.9938 -20.2492 0
      vertex -22.654 -16.4961 0
    endloop
  endfacet
  facet normal 0 0 -1
    outer loop
      vertex -21.9953 17.819 0
      vertex -28.5048 22.1694 0
      vertex -28.2665 22.6072 0
    endloop
  endfacet
  facet normal -0 0 -1
    outer loop
      vertex -22.654 -16.4961 0
      vertex -28.9938 -20.2492 0
      vertex -22.7 -16 0
    endloop
  endfacet
  facet normal 0 0 -1
    outer loop
      vertex -21.9953 17.819 0
      vertex -28.6985 21.7101 0
      vertex -28.5048 22.1694 0
    endloop
  endfacet
  facet normal 0 0 -1
    outer loop
      vertex -21.9953 17.819 0
      vertex -28.8454 21.2338 0
      vertex -28.6985 21.7101 0
    endloop
  endfacet
  facet normal 0 0 -1
    outer loop
      vertex -21.9953 17.819 0
      vertex -28.9442 20.7452 0
      vertex -28.8454 21.2338 0
    endloop
  endfacet
  facet normal -0.955584 -0.29472 0
    outer loop
      vertex -28.6985 -21.7101 0
      vertex -28.8454 -21.2338 48
      vertex -28.8454 -21.2338 0
    endloop
  endfacet
  facet normal -0.955584 -0.29472 0
    outer loop
      vertex -28.8454 -21.2338 48
      vertex -28.6985 -21.7101 0
      vertex -28.6985 -21.7101 48
    endloop
  endfacet
  facet normal 0.969083 0.246734 0
    outer loop
      vertex 28.9009 20.9907 48
      vertex 28.7779 21.4738 0
      vertex 28.7779 21.4738 48
    endloop
  endfacet
  facet normal 0.969083 0.246734 0
    outer loop
      vertex 28.7779 21.4738 0
      vertex 28.9009 20.9907 48
      vertex 28.9009 20.9907 0
    endloop
  endfacet
  facet normal 0.988829 -0.149057 0
    outer loop
      vertex 28.9009 -20.9907 48
      vertex 28.9752 -20.4978 0
      vertex 28.9752 -20.4978 48
    endloop
  endfacet
  facet normal 0.988829 -0.149057 0
    outer loop
      vertex 28.9752 -20.4978 0
      vertex 28.9009 -20.9907 48
      vertex 28.9009 -20.9907 0
    endloop
  endfacet
  facet normal 0.853287 -0.521442 0
    outer loop
      vertex 28.1312 -22.8166 48
      vertex 28.3911 -22.3913 0
      vertex 28.3911 -22.3913 48
    endloop
  endfacet
  facet normal 0.853287 -0.521442 0
    outer loop
      vertex 28.3911 -22.3913 0
      vertex 28.1312 -22.8166 48
      vertex 28.1312 -22.8166 0
    endloop
  endfacet
  facet normal 0.797078 -0.603877 0
    outer loop
      vertex 27.8302 -23.2139 48
      vertex 28.1312 -22.8166 0
      vertex 28.1312 -22.8166 48
    endloop
  endfacet
  facet normal 0.797078 -0.603877 0
    outer loop
      vertex 28.1312 -22.8166 0
      vertex 27.8302 -23.2139 48
      vertex 27.8302 -23.2139 0
    endloop
  endfacet
  facet normal -0.36533 -0.930878 0
    outer loop
      vertex -26.0564 -24.5575 0
      vertex -25.5924 -24.7396 48
      vertex -26.0564 -24.5575 48
    endloop
  endfacet
  facet normal -0.36533 -0.930878 -0
    outer loop
      vertex -25.5924 -24.7396 48
      vertex -26.0564 -24.5575 0
      vertex -25.5924 -24.7396 0
    endloop
  endfacet
  facet normal -0.542511 -0.840049 0
    outer loop
      vertex -26.9187 -24.0597 0
      vertex -26.5 -24.3301 48
      vertex -26.9187 -24.0597 48
    endloop
  endfacet
  facet normal -0.542511 -0.840049 -0
    outer loop
      vertex -26.5 -24.3301 48
      vertex -26.9187 -24.0597 0
      vertex -26.5 -24.3301 0
    endloop
  endfacet
  facet normal -0.62352 -0.781807 0
    outer loop
      vertex -27.3084 -23.7489 0
      vertex -26.9187 -24.0597 48
      vertex -27.3084 -23.7489 48
    endloop
  endfacet
  facet normal -0.62352 -0.781807 -0
    outer loop
      vertex -26.9187 -24.0597 48
      vertex -27.3084 -23.7489 0
      vertex -26.9187 -24.0597 0
    endloop
  endfacet
  facet normal -0.826202 -0.563374 0
    outer loop
      vertex -27.9857 -23.019 0
      vertex -28.2665 -22.6072 48
      vertex -28.2665 -22.6072 0
    endloop
  endfacet
  facet normal -0.826202 -0.563374 0
    outer loop
      vertex -28.2665 -22.6072 48
      vertex -27.9857 -23.019 0
      vertex -27.9857 -23.019 48
    endloop
  endfacet
  facet normal -0.980162 -0.198199 0
    outer loop
      vertex -28.8454 -21.2338 0
      vertex -28.9442 -20.7452 48
      vertex -28.9442 -20.7452 0
    endloop
  endfacet
  facet normal -0.980162 -0.198199 0
    outer loop
      vertex -28.9442 -20.7452 48
      vertex -28.8454 -21.2338 0
      vertex -28.8454 -21.2338 48
    endloop
  endfacet
  facet normal 0.969083 -0.246734 0
    outer loop
      vertex 28.7779 -21.4738 48
      vertex 28.9009 -20.9907 0
      vertex 28.9009 -20.9907 48
    endloop
  endfacet
  facet normal 0.969083 -0.246734 0
    outer loop
      vertex 28.9009 -20.9907 0
      vertex 28.7779 -21.4738 48
      vertex 28.7779 -21.4738 0
    endloop
  endfacet
  facet normal 0.939682 -0.342049 0
    outer loop
      vertex 28.6074 -21.9422 48
      vertex 28.7779 -21.4738 0
      vertex 28.7779 -21.4738 48
    endloop
  endfacet
  facet normal 0.939682 -0.342049 0
    outer loop
      vertex 28.7779 -21.4738 0
      vertex 28.6074 -21.9422 48
      vertex 28.6074 -21.9422 0
    endloop
  endfacet
  facet normal -0.921412 -0.388586 0
    outer loop
      vertex -28.5048 -22.1694 0
      vertex -28.6985 -21.7101 48
      vertex -28.6985 -21.7101 0
    endloop
  endfacet
  facet normal -0.921412 -0.388586 0
    outer loop
      vertex -28.6985 -21.7101 48
      vertex -28.5048 -22.1694 0
      vertex -28.5048 -22.1694 48
    endloop
  endfacet
  facet normal -0.878317 -0.478079 0
    outer loop
      vertex -28.2665 -22.6072 0
      vertex -28.5048 -22.1694 48
      vertex -28.5048 -22.1694 0
    endloop
  endfacet
  facet normal -0.878317 -0.478079 0
    outer loop
      vertex -28.5048 -22.1694 48
      vertex -28.2665 -22.6072 0
      vertex -28.2665 -22.6072 48
    endloop
  endfacet
  facet normal 0 1 -0
    outer loop
      vertex 21.5 -22.5981 8
      vertex 21 -22.5981 45.6
      vertex 22.4768 -22.5981 45.6
    endloop
  endfacet
  facet normal 0 0 0
    outer loop
      vertex 14.5 -22.5981 8
      vertex 17 -22.5981 8
      vertex 21 -22.5981 8
    endloop
  endfacet
  facet normal 0 0 0
    outer loop
      vertex 17 -22.5981 8
      vertex 14.5 -22.5981 8
      vertex -17 -22.5981 8
    endloop
  endfacet
  facet normal 0 0 0
    outer loop
      vertex 14.5 -22.5981 8
      vertex 21 -22.5981 8
      vertex 21.5 -22.5981 8
    endloop
  endfacet
  facet normal 0 1 0
    outer loop
      vertex 21 -22.5981 45.6
      vertex 21.5 -22.5981 8
      vertex 21 -22.5981 8
    endloop
  endfacet
  facet normal 0 1 -0
    outer loop
      vertex 22.4768 -22.5981 2.4
      vertex 21.5 -22.5981 8
      vertex 22.4768 -22.5981 45.6
    endloop
  endfacet
  facet normal 0 1 0
    outer loop
      vertex 22.4768 -22.5981 2.4
      vertex 14.5 -22.5981 5
      vertex 21.5 -22.5981 5
    endloop
  endfacet
  facet normal 0 1 0
    outer loop
      vertex 14.5 -22.5981 5
      vertex 22.4768 -22.5981 2.4
      vertex -14.5 -22.5981 5
    endloop
  endfacet
  facet normal 0 1 0
    outer loop
      vertex -22.7232 -22.5981 2.4
      vertex -14.5 -22.5981 5
      vertex 22.4768 -22.5981 2.4
    endloop
  endfacet
  facet normal 0 1 0
    outer loop
      vertex 21.5 -22.5981 8
      vertex 22.4768 -22.5981 2.4
      vertex 21.5 -22.5981 5
    endloop
  endfacet
  facet normal 0 1 0
    outer loop
      vertex 17 -22.5981 45.6
      vertex 16.8 -22.5981 45.4
      vertex 16.8 -22.5981 45.6
    endloop
  endfacet
  facet normal 0 1 0
    outer loop
      vertex 16.8 -22.5981 45.4
      vertex 17 -22.5981 44
      vertex -16.8 -22.5981 45.4
    endloop
  endfacet
  facet normal 0 1 -0
    outer loop
      vertex 17 -22.5981 44
      vertex 16.8 -22.5981 45.4
      vertex 17 -22.5981 45.6
    endloop
  endfacet
  facet normal 0 1 -0
    outer loop
      vertex -16.8 -22.5981 45.4
      vertex -17 -22.5981 45.6
      vertex -16.8 -22.5981 45.6
    endloop
  endfacet
  facet normal 0 1 0
    outer loop
      vertex -16.8 -22.5981 45.4
      vertex -17 -22.5981 44
      vertex -17 -22.5981 45.6
    endloop
  endfacet
  facet normal 0 1 0
    outer loop
      vertex -17 -22.5981 44
      vertex -16.8 -22.5981 45.4
      vertex 17 -22.5981 44
    endloop
  endfacet
  facet normal 0 1 0
    outer loop
      vertex -21.5 -22.5981 8
      vertex -21 -22.5981 45.6
      vertex -21 -22.5981 8
    endloop
  endfacet
  facet normal 0 0 -0
    outer loop
      vertex -14.5 -22.5981 8
      vertex -17 -22.5981 8
      vertex 14.5 -22.5981 8
    endloop
  endfacet
  facet normal 0 -0 0
    outer loop
      vertex -17 -22.5981 8
      vertex -14.5 -22.5981 8
      vertex -21 -22.5981 8
    endloop
  endfacet
  facet normal 0 0 0
    outer loop
      vertex -21.5 -22.5981 8
      vertex -21 -22.5981 8
      vertex -14.5 -22.5981 8
    endloop
  endfacet
  facet normal 0 1 0
    outer loop
      vertex -21 -22.5981 45.6
      vertex -21.5 -22.5981 8
      vertex -22.7232 -22.5981 45.6
    endloop
  endfacet
  facet normal 0 1 0
    outer loop
      vertex -22.7232 -22.5981 2.4
      vertex -21.5 -22.5981 8
      vertex -21.5 -22.5981 5
    endloop
  endfacet
  facet normal 0 1 0
    outer loop
      vertex -21.5 -22.5981 8
      vertex -22.7232 -22.5981 2.4
      vertex -22.7232 -22.5981 45.6
    endloop
  endfacet
  facet normal 0 1 0
    outer loop
      vertex -14.5 -22.5981 5
      vertex -22.7232 -22.5981 2.4
      vertex -21.5 -22.5981 5
    endloop
  endfacet
  facet normal 0 1 -0
    outer loop
      vertex 14.5 -22.5981 5
      vertex -14.5 -22.5981 8
      vertex 14.5 -22.5981 8
    endloop
  endfacet
  facet normal 0 1 0
    outer loop
      vertex -14.5 -22.5981 8
      vertex 14.5 -22.5981 5
      vertex -14.5 -22.5981 5
    endloop
  endfacet
  facet normal 0 1 -0
    outer loop
      vertex 17 -22.5981 8
      vertex -17 -22.5981 10
      vertex 17 -22.5981 10
    endloop
  endfacet
  facet normal 0 1 0
    outer loop
      vertex -17 -22.5981 10
      vertex 17 -22.5981 8
      vertex -17 -22.5981 8
    endloop
  endfacet
  facet normal 0 0 0
    outer loop
      vertex -17 -22.5981 45.6
      vertex -21 -22.5981 45.6
      vertex -22.7232 -22.5981 45.6
    endloop
  endfacet
  facet normal 0 0 0
    outer loop
      vertex 21 -22.5981 45.6
      vertex 17 -22.5981 45.6
      vertex 16.8 -22.5981 45.6
    endloop
  endfacet
  facet normal 0 0 -0
    outer loop
      vertex 21 -22.5981 45.6
      vertex 16.8 -22.5981 45.6
      vertex 22.4768 -22.5981 45.6
    endloop
  endfacet
  facet normal 0 0 0
    outer loop
      vertex -16.8 -22.5981 45.6
      vertex -17 -22.5981 45.6
      vertex -22.7232 -22.5981 45.6
    endloop
  endfacet
  facet normal 0.0921833 0.995742 -0
    outer loop
      vertex -22.7232 -22.5981 2.4
      vertex -23.2136 -22.5527 45.6
      vertex -22.7232 -22.5981 45.6
    endloop
  endfacet
  facet normal 0.0921833 0.995742 0
    outer loop
      vertex -23.2136 -22.5527 45.6
      vertex -22.7232 -22.5981 2.4
      vertex -23.2136 -22.5527 2.4
    endloop
  endfacet
  facet normal 0.332448 0.943121 -0
    outer loop
      vertex -23.6947 -22.4473 2.4
      vertex -24.1591 -22.2836 45.6
      vertex -23.6947 -22.4473 45.6
    endloop
  endfacet
  facet normal 0.332448 0.943121 0
    outer loop
      vertex -24.1591 -22.2836 45.6
      vertex -23.6947 -22.4473 2.4
      vertex -24.1591 -22.2836 2.4
    endloop
  endfacet
  facet normal -0.0308608 -0.999524 0
    outer loop
      vertex 22.4768 22.5981 2.4
      vertex 22.9691 22.5829 45.6
      vertex 22.4768 22.5981 45.6
    endloop
  endfacet
  facet normal -0.0308608 -0.999524 -0
    outer loop
      vertex 22.9691 22.5829 45.6
      vertex 22.4768 22.5981 2.4
      vertex 22.9691 22.5829 2.4
    endloop
  endfacet
  facet normal 1 0 0
    outer loop
      vertex -26.5924 3.98294 29.6309
      vertex -26.5924 18.8462 45.6
      vertex -26.5924 3.9981 30.1232
    endloop
  endfacet
  facet normal 1 0 0
    outer loop
      vertex -26.5924 18.8462 45.6
      vertex -26.5924 3.95266 30.6136
      vertex -26.5924 3.9981 30.1232
    endloop
  endfacet
  facet normal 1 0 0
    outer loop
      vertex -26.5924 18.8462 45.6
      vertex -26.5924 3.8473 31.0947
      vertex -26.5924 3.95266 30.6136
    endloop
  endfacet
  facet normal 1 0 0
    outer loop
      vertex -26.5924 18.8462 45.6
      vertex -26.5924 3.68362 31.5591
      vertex -26.5924 3.8473 31.0947
    endloop
  endfacet
  facet normal 1 0 0
    outer loop
      vertex -26.5924 18.8462 45.6
      vertex -26.5924 3.4641 32
      vertex -26.5924 3.68362 31.5591
    endloop
  endfacet
  facet normal 1 0 0
    outer loop
      vertex -26.5924 18.8462 45.6
      vertex -26.5924 3.19207 32.4105
      vertex -26.5924 3.4641 32
    endloop
  endfacet
  facet normal 1 0 0
    outer loop
      vertex -26.5924 18.8462 45.6
      vertex -26.5924 2.87165 32.7845
      vertex -26.5924 3.19207 32.4105
    endloop
  endfacet
  facet normal 1 0 0
    outer loop
      vertex -26.5924 18.8462 45.6
      vertex -26.5924 2.5077 33.1163
      vertex -26.5924 2.87165 32.7845
    endloop
  endfacet
  facet normal 1 0 0
    outer loop
      vertex -26.5924 18.8462 45.6
      vertex -26.5924 2.10573 33.4009
      vertex -26.5924 2.5077 33.1163
    endloop
  endfacet
  facet normal 1 0 0
    outer loop
      vertex -26.5924 18.8462 45.6
      vertex -26.5924 1.67184 33.6339
      vertex -26.5924 2.10573 33.4009
    endloop
  endfacet
  facet normal 1 0 0
    outer loop
      vertex -26.5924 18.8462 45.6
      vertex -26.5924 1.21261 33.8118
      vertex -26.5924 1.67184 33.6339
    endloop
  endfacet
  facet normal 1 0 0
    outer loop
      vertex -26.5924 18.8462 45.6
      vertex -26.5924 0.734998 33.9319
      vertex -26.5924 1.21261 33.8118
    endloop
  endfacet
  facet normal 1 0 0
    outer loop
      vertex -26.5924 18.8462 45.6
      vertex -26.5924 0.246243 33.9924
      vertex -26.5924 0.734998 33.9319
    endloop
  endfacet
  facet normal 1 0 0
    outer loop
      vertex -26.5924 18.8462 45.6
      vertex -26.5924 -0.246243 33.9924
      vertex -26.5924 0.246243 33.9924
    endloop
  endfacet
  facet normal 1 -0 0
    outer loop
      vertex -26.5924 -18.8462 45.6
      vertex -26.5924 -0.246243 33.9924
      vertex -26.5924 18.8462 45.6
    endloop
  endfacet
  facet normal 1 0 0
    outer loop
      vertex -26.5924 -0.246243 33.9924
      vertex -26.5924 -18.8462 45.6
      vertex -26.5924 -0.734998 33.9319
    endloop
  endfacet
  facet normal 1 0 0
    outer loop
      vertex -26.5924 -0.734998 33.9319
      vertex -26.5924 -18.8462 45.6
      vertex -26.5924 -1.21261 33.8118
    endloop
  endfacet
  facet normal 1 0 0
    outer loop
      vertex -26.5924 -1.21261 33.8118
      vertex -26.5924 -18.8462 45.6
      vertex -26.5924 -1.67184 33.6339
    endloop
  endfacet
  facet normal 1 0 0
    outer loop
      vertex -26.5924 -3.95266 30.6136
      vertex -26.5924 -18.8462 45.6
      vertex -26.5924 -3.9981 30.1232
    endloop
  endfacet
  facet normal 1 0 0
    outer loop
      vertex -26.5924 -3.8473 31.0947
      vertex -26.5924 -18.8462 45.6
      vertex -26.5924 -3.95266 30.6136
    endloop
  endfacet
  facet normal 1 0 0
    outer loop
      vertex -26.5924 -3.68362 31.5591
      vertex -26.5924 -18.8462 45.6
      vertex -26.5924 -3.8473 31.0947
    endloop
  endfacet
  facet normal 1 0 0
    outer loop
      vertex -26.5924 -3.4641 32
      vertex -26.5924 -18.8462 45.6
      vertex -26.5924 -3.68362 31.5591
    endloop
  endfacet
  facet normal 1 0 0
    outer loop
      vertex -26.5924 -3.19207 32.4105
      vertex -26.5924 -18.8462 45.6
      vertex -26.5924 -3.4641 32
    endloop
  endfacet
  facet normal 1 0 0
    outer loop
      vertex -26.5924 -2.87165 32.7845
      vertex -26.5924 -18.8462 45.6
      vertex -26.5924 -3.19207 32.4105
    endloop
  endfacet
  facet normal 1 0 0
    outer loop
      vertex -26.5924 -2.5077 33.1163
      vertex -26.5924 -18.8462 45.6
      vertex -26.5924 -2.87165 32.7845
    endloop
  endfacet
  facet normal 1 0 0
    outer loop
      vertex -26.5924 -2.10573 33.4009
      vertex -26.5924 -18.8462 45.6
      vertex -26.5924 -2.5077 33.1163
    endloop
  endfacet
  facet normal 1 0 0
    outer loop
      vertex -26.5924 -1.67184 33.6339
      vertex -26.5924 -18.8462 45.6
      vertex -26.5924 -2.10573 33.4009
    endloop
  endfacet
  facet normal 1 0 0
    outer loop
      vertex -26.5924 3.90739 29.1443
      vertex -26.5924 18.8462 45.6
      vertex -26.5924 3.98294 29.6309
    endloop
  endfacet
  facet normal 1 0 0
    outer loop
      vertex -26.5924 18.8462 45.6
      vertex -26.5924 3.90739 29.1443
      vertex -26.5924 18.8462 2.4
    endloop
  endfacet
  facet normal 1 -0 0
    outer loop
      vertex -26.5924 3.77262 28.6706
      vertex -26.5924 18.8462 2.4
      vertex -26.5924 3.90739 29.1443
    endloop
  endfacet
  facet normal 1 -0 0
    outer loop
      vertex -26.5924 3.58065 28.217
      vertex -26.5924 18.8462 2.4
      vertex -26.5924 3.77262 28.6706
    endloop
  endfacet
  facet normal 1 -0 0
    outer loop
      vertex -26.5924 3.33441 27.7905
      vertex -26.5924 18.8462 2.4
      vertex -26.5924 3.58065 28.217
    endloop
  endfacet
  facet normal 1 -0 0
    outer loop
      vertex -26.5924 3.03762 27.3975
      vertex -26.5924 18.8462 2.4
      vertex -26.5924 3.33441 27.7905
    endloop
  endfacet
  facet normal 1 -0 0
    outer loop
      vertex -26.5924 2.69478 27.044
      vertex -26.5924 18.8462 2.4
      vertex -26.5924 3.03762 27.3975
    endloop
  endfacet
  facet normal 1 -0 0
    outer loop
      vertex -26.5924 2.3111 26.7352
      vertex -26.5924 18.8462 2.4
      vertex -26.5924 2.69478 27.044
    endloop
  endfacet
  facet normal 1 -0 0
    outer loop
      vertex -26.5924 1.89237 26.476
      vertex -26.5924 18.8462 2.4
      vertex -26.5924 2.3111 26.7352
    endloop
  endfacet
  facet normal 1 -0 0
    outer loop
      vertex -26.5924 1.44497 26.2701
      vertex -26.5924 18.8462 2.4
      vertex -26.5924 1.89237 26.476
    endloop
  endfacet
  facet normal 1 -0 0
    outer loop
      vertex -26.5924 0.975655 26.1208
      vertex -26.5924 18.8462 2.4
      vertex -26.5924 1.44497 26.2701
    endloop
  endfacet
  facet normal 1 -0 0
    outer loop
      vertex -26.5924 0.491552 26.0303
      vertex -26.5924 18.8462 2.4
      vertex -26.5924 0.975655 26.1208
    endloop
  endfacet
  facet normal 1 -0 0
    outer loop
      vertex -26.5924 0 26
      vertex -26.5924 18.8462 2.4
      vertex -26.5924 0.491552 26.0303
    endloop
  endfacet
  facet normal 1 0 0
    outer loop
      vertex -26.5924 -18.8462 2.4
      vertex -26.5924 0 26
      vertex -26.5924 -0.491552 26.0303
    endloop
  endfacet
  facet normal 1 0 0
    outer loop
      vertex -26.5924 -18.8462 2.4
      vertex -26.5924 -0.491552 26.0303
      vertex -26.5924 -0.975655 26.1208
    endloop
  endfacet
  facet normal 1 0 0
    outer loop
      vertex -26.5924 -18.8462 2.4
      vertex -26.5924 -0.975655 26.1208
      vertex -26.5924 -1.44497 26.2701
    endloop
  endfacet
  facet normal 1 0 0
    outer loop
      vertex -26.5924 -18.8462 2.4
      vertex -26.5924 -1.44497 26.2701
      vertex -26.5924 -1.89237 26.476
    endloop
  endfacet
  facet normal 1 0 0
    outer loop
      vertex -26.5924 -18.8462 2.4
      vertex -26.5924 -1.89237 26.476
      vertex -26.5924 -2.3111 26.7352
    endloop
  endfacet
  facet normal 1 0 0
    outer loop
      vertex -26.5924 -18.8462 2.4
      vertex -26.5924 -2.3111 26.7352
      vertex -26.5924 -2.69478 27.044
    endloop
  endfacet
  facet normal 1 0 0
    outer loop
      vertex -26.5924 -18.8462 2.4
      vertex -26.5924 -2.69478 27.044
      vertex -26.5924 -3.03762 27.3975
    endloop
  endfacet
  facet normal 1 0 0
    outer loop
      vertex -26.5924 -18.8462 45.6
      vertex -26.5924 -3.98294 29.6309
      vertex -26.5924 -3.9981 30.1232
    endloop
  endfacet
  facet normal 1 0 0
    outer loop
      vertex -26.5924 -18.8462 45.6
      vertex -26.5924 -3.90739 29.1443
      vertex -26.5924 -3.98294 29.6309
    endloop
  endfacet
  facet normal 1 0 0
    outer loop
      vertex -26.5924 -18.8462 2.4
      vertex -26.5924 -3.90739 29.1443
      vertex -26.5924 -18.8462 45.6
    endloop
  endfacet
  facet normal 1 0 0
    outer loop
      vertex -26.5924 -3.90739 29.1443
      vertex -26.5924 -18.8462 2.4
      vertex -26.5924 -3.77262 28.6706
    endloop
  endfacet
  facet normal 1 0 0
    outer loop
      vertex -26.5924 -3.77262 28.6706
      vertex -26.5924 -18.8462 2.4
      vertex -26.5924 -3.58065 28.217
    endloop
  endfacet
  facet normal 1 0 0
    outer loop
      vertex -26.5924 -3.58065 28.217
      vertex -26.5924 -18.8462 2.4
      vertex -26.5924 -3.33441 27.7905
    endloop
  endfacet
  facet normal 1 0 0
    outer loop
      vertex -26.5924 0 26
      vertex -26.5924 -18.8462 2.4
      vertex -26.5924 18.8462 2.4
    endloop
  endfacet
  facet normal 1 0 0
    outer loop
      vertex -26.5924 -3.33441 27.7905
      vertex -26.5924 -18.8462 2.4
      vertex -26.5924 -3.03762 27.3975
    endloop
  endfacet
  facet normal -1 0 0
    outer loop
      vertex 26.6 -18.6 2.4
      vertex 26.6 18.6 45.6
      vertex 26.6 18.6 2.4
    endloop
  endfacet
  facet normal -1 -0 0
    outer loop
      vertex 26.6 18.6 45.6
      vertex 26.6 -18.6 2.4
      vertex 26.6 -18.6 45.6
    endloop
  endfacet
  facet normal -0.0308608 0.999524 0
    outer loop
      vertex 22.9691 -22.5829 2.4
      vertex 22.4768 -22.5981 45.6
      vertex 22.9691 -22.5829 45.6
    endloop
  endfacet
  facet normal -0.0308608 0.999524 0
    outer loop
      vertex 22.4768 -22.5981 45.6
      vertex 22.9691 -22.5829 2.4
      vertex 22.4768 -22.5981 2.4
    endloop
  endfacet
  facet normal 0 -1 0
    outer loop
      vertex -22.7232 22.5981 2.4
      vertex 22.4768 22.5981 45.6
      vertex -22.7232 22.5981 45.6
    endloop
  endfacet
  facet normal 0 -1 -0
    outer loop
      vertex 22.4768 22.5981 45.6
      vertex -22.7232 22.5981 2.4
      vertex 22.4768 22.5981 2.4
    endloop
  endfacet
  facet normal 0.738947 0.673764 0
    outer loop
      vertex -25.3845 -21.4716 45.6
      vertex -25.7163 -21.1077 2.4
      vertex -25.7163 -21.1077 45.6
    endloop
  endfacet
  facet normal 0.738947 0.673764 0
    outer loop
      vertex -25.7163 -21.1077 2.4
      vertex -25.3845 -21.4716 45.6
      vertex -25.3845 -21.4716 2.4
    endloop
  endfacet
  facet normal 0.881012 0.473095 0
    outer loop
      vertex -26.0009 -20.7057 45.6
      vertex -26.2339 -20.2718 2.4
      vertex -26.2339 -20.2718 45.6
    endloop
  endfacet
  facet normal 0.881012 0.473095 0
    outer loop
      vertex -26.2339 -20.2718 2.4
      vertex -26.0009 -20.7057 45.6
      vertex -26.0009 -20.7057 2.4
    endloop
  endfacet
  facet normal 0 0 -1
    outer loop
      vertex -16.8 -22.5981 45.6
      vertex -21 -14 45.6
      vertex -16.8 -14 45.6
    endloop
  endfacet
  facet normal 0 0 -1
    outer loop
      vertex -26.5924 -18.8462 45.6
      vertex -21 -14 45.6
      vertex -22.7232 -22.5981 45.6
    endloop
  endfacet
  facet normal 0 0 -1
    outer loop
      vertex -22.7232 -22.5981 45.6
      vertex -21 -14 45.6
      vertex -16.8 -22.5981 45.6
    endloop
  endfacet
  facet normal 0 0 -1
    outer loop
      vertex 22.4768 -22.5981 45.6
      vertex 26.6 -18.6 45.6
      vertex 26.5697 -19.0916 45.6
    endloop
  endfacet
  facet normal 0 0 -1
    outer loop
      vertex 26.6 -18.6 45.6
      vertex 21 -12 45.6
      vertex 26.6 18.6 45.6
    endloop
  endfacet
  facet normal 0 0 -1
    outer loop
      vertex 22.4768 -22.5981 45.6
      vertex 26.5697 -19.0916 45.6
      vertex 26.4792 -19.5757 45.6
    endloop
  endfacet
  facet normal 0 -0 -1
    outer loop
      vertex 22.4768 22.5981 45.6
      vertex 26.6 18.6 45.6
      vertex 21 -12 45.6
    endloop
  endfacet
  facet normal 0 0 -1
    outer loop
      vertex 22.4768 -22.5981 45.6
      vertex 26.4792 -19.5757 45.6
      vertex 26.3299 -20.045 45.6
    endloop
  endfacet
  facet normal 0 0 -1
    outer loop
      vertex 26.6 18.6 45.6
      vertex 22.4768 22.5981 45.6
      vertex 26.5697 19.0916 45.6
    endloop
  endfacet
  facet normal 0 0 -1
    outer loop
      vertex 22.4768 -22.5981 45.6
      vertex 26.3299 -20.045 45.6
      vertex 26.124 -20.4924 45.6
    endloop
  endfacet
  facet normal 0 0 -1
    outer loop
      vertex 26.5697 19.0916 45.6
      vertex 22.4768 22.5981 45.6
      vertex 26.4792 19.5757 45.6
    endloop
  endfacet
  facet normal 0 0 -1
    outer loop
      vertex 22.4768 -22.5981 45.6
      vertex 26.124 -20.4924 45.6
      vertex 25.8648 -20.9111 45.6
    endloop
  endfacet
  facet normal 0 0 -1
    outer loop
      vertex 26.4792 19.5757 45.6
      vertex 22.4768 22.5981 45.6
      vertex 26.3299 20.045 45.6
    endloop
  endfacet
  facet normal 0 0 -1
    outer loop
      vertex 22.4768 -22.5981 45.6
      vertex 25.8648 -20.9111 45.6
      vertex 25.556 -21.2948 45.6
    endloop
  endfacet
  facet normal 0 0 -1
    outer loop
      vertex 26.3299 20.045 45.6
      vertex 22.4768 22.5981 45.6
      vertex 26.124 20.4924 45.6
    endloop
  endfacet
  facet normal 0 0 -1
    outer loop
      vertex 22.4768 -22.5981 45.6
      vertex 25.556 -21.2948 45.6
      vertex 25.2025 -21.6376 45.6
    endloop
  endfacet
  facet normal 0 0 -1
    outer loop
      vertex 26.124 20.4924 45.6
      vertex 22.4768 22.5981 45.6
      vertex 25.8648 20.9111 45.6
    endloop
  endfacet
  facet normal 0 0 -1
    outer loop
      vertex 22.4768 -22.5981 45.6
      vertex 25.2025 -21.6376 45.6
      vertex 24.8095 -21.9344 45.6
    endloop
  endfacet
  facet normal 0 0 -1
    outer loop
      vertex 25.8648 20.9111 45.6
      vertex 22.4768 22.5981 45.6
      vertex 25.556 21.2948 45.6
    endloop
  endfacet
  facet normal 0 0 -1
    outer loop
      vertex 22.4768 -22.5981 45.6
      vertex 24.8095 -21.9344 45.6
      vertex 24.383 -22.1807 45.6
    endloop
  endfacet
  facet normal 0 0 -1
    outer loop
      vertex 25.556 21.2948 45.6
      vertex 22.4768 22.5981 45.6
      vertex 25.2025 21.6376 45.6
    endloop
  endfacet
  facet normal 0 0 -1
    outer loop
      vertex 22.4768 -22.5981 45.6
      vertex 24.383 -22.1807 45.6
      vertex 23.9294 -22.3726 45.6
    endloop
  endfacet
  facet normal 0 0 -1
    outer loop
      vertex 25.2025 21.6376 45.6
      vertex 22.4768 22.5981 45.6
      vertex 24.8095 21.9344 45.6
    endloop
  endfacet
  facet normal 0 0 -1
    outer loop
      vertex 22.4768 -22.5981 45.6
      vertex 23.9294 -22.3726 45.6
      vertex 23.4557 -22.5074 45.6
    endloop
  endfacet
  facet normal 0 0 -1
    outer loop
      vertex 24.8095 21.9344 45.6
      vertex 22.4768 22.5981 45.6
      vertex 24.383 22.1807 45.6
    endloop
  endfacet
  facet normal 0 0 -1
    outer loop
      vertex 22.4768 -22.5981 45.6
      vertex 23.4557 -22.5074 45.6
      vertex 22.9691 -22.5829 45.6
    endloop
  endfacet
  facet normal 0 0 -1
    outer loop
      vertex 24.383 22.1807 45.6
      vertex 22.4768 22.5981 45.6
      vertex 23.9294 22.3726 45.6
    endloop
  endfacet
  facet normal -0 0 -1
    outer loop
      vertex 26.6 -18.6 45.6
      vertex 22.4768 -22.5981 45.6
      vertex 21 -14 45.6
    endloop
  endfacet
  facet normal 0 0 -1
    outer loop
      vertex 23.9294 22.3726 45.6
      vertex 22.4768 22.5981 45.6
      vertex 23.4557 22.5074 45.6
    endloop
  endfacet
  facet normal 0 0 -1
    outer loop
      vertex 26.6 -18.6 45.6
      vertex 21 -14 45.6
      vertex 21 -12 45.6
    endloop
  endfacet
  facet normal 0 0 -1
    outer loop
      vertex 16.8 -22.5981 45.6
      vertex 21 -14 45.6
      vertex 22.4768 -22.5981 45.6
    endloop
  endfacet
  facet normal -0 0 -1
    outer loop
      vertex 21 -14 45.6
      vertex 16.8 -22.5981 45.6
      vertex 16.8 -14 45.6
    endloop
  endfacet
  facet normal 0 0 -1
    outer loop
      vertex 23.4557 22.5074 45.6
      vertex 22.4768 22.5981 45.6
      vertex 22.9691 22.5829 45.6
    endloop
  endfacet
  facet normal 0 0 -1
    outer loop
      vertex -21 -12 45.6
      vertex 22.4768 22.5981 45.6
      vertex 21 -12 45.6
    endloop
  endfacet
  facet normal 0 0 -1
    outer loop
      vertex -21 -12 45.6
      vertex -22.7232 22.5981 45.6
      vertex 22.4768 22.5981 45.6
    endloop
  endfacet
  facet normal -0 0 -1
    outer loop
      vertex -21 -14 45.6
      vertex -26.5924 -18.8462 45.6
      vertex -21 -12 45.6
    endloop
  endfacet
  facet normal 0 0 -1
    outer loop
      vertex -26.5924 -18.8462 45.6
      vertex -22.7232 -22.5981 45.6
      vertex -23.2136 -22.5527 45.6
    endloop
  endfacet
  facet normal 0 0 -1
    outer loop
      vertex -26.5924 18.8462 45.6
      vertex -21 -12 45.6
      vertex -26.5924 -18.8462 45.6
    endloop
  endfacet
  facet normal 0 0 -1
    outer loop
      vertex -26.5924 -18.8462 45.6
      vertex -23.2136 -22.5527 45.6
      vertex -23.6947 -22.4473 45.6
    endloop
  endfacet
  facet normal 0 0 -1
    outer loop
      vertex -21 -12 45.6
      vertex -26.5924 18.8462 45.6
      vertex -22.7232 22.5981 45.6
    endloop
  endfacet
  facet normal 0 0 -1
    outer loop
      vertex -26.5924 -18.8462 45.6
      vertex -23.6947 -22.4473 45.6
      vertex -24.1591 -22.2836 45.6
    endloop
  endfacet
  facet normal 0 0 -1
    outer loop
      vertex -22.7232 22.5981 45.6
      vertex -26.5924 18.8462 45.6
      vertex -23.2136 22.5527 45.6
    endloop
  endfacet
  facet normal 0 0 -1
    outer loop
      vertex -26.5924 -18.8462 45.6
      vertex -24.1591 -22.2836 45.6
      vertex -24.6 -22.0641 45.6
    endloop
  endfacet
  facet normal 0 0 -1
    outer loop
      vertex -23.2136 22.5527 45.6
      vertex -26.5924 18.8462 45.6
      vertex -23.6947 22.4473 45.6
    endloop
  endfacet
  facet normal 0 0 -1
    outer loop
      vertex -26.5924 -18.8462 45.6
      vertex -24.6 -22.0641 45.6
      vertex -25.0105 -21.7921 45.6
    endloop
  endfacet
  facet normal 0 0 -1
    outer loop
      vertex -23.6947 22.4473 45.6
      vertex -26.5924 18.8462 45.6
      vertex -24.1591 22.2836 45.6
    endloop
  endfacet
  facet normal 0 0 -1
    outer loop
      vertex -26.5924 -18.8462 45.6
      vertex -25.0105 -21.7921 45.6
      vertex -25.3845 -21.4716 45.6
    endloop
  endfacet
  facet normal 0 0 -1
    outer loop
      vertex -24.1591 22.2836 45.6
      vertex -26.5924 18.8462 45.6
      vertex -24.6 22.0641 45.6
    endloop
  endfacet
  facet normal 0 0 -1
    outer loop
      vertex -26.5924 -18.8462 45.6
      vertex -25.3845 -21.4716 45.6
      vertex -25.7163 -21.1077 45.6
    endloop
  endfacet
  facet normal 0 0 -1
    outer loop
      vertex -24.6 22.0641 45.6
      vertex -26.5924 18.8462 45.6
      vertex -25.0105 21.7921 45.6
    endloop
  endfacet
  facet normal 0 0 -1
    outer loop
      vertex -26.5924 -18.8462 45.6
      vertex -25.7163 -21.1077 45.6
      vertex -26.0009 -20.7057 45.6
    endloop
  endfacet
  facet normal 0 0 -1
    outer loop
      vertex -25.0105 21.7921 45.6
      vertex -26.5924 18.8462 45.6
      vertex -25.3845 21.4716 45.6
    endloop
  endfacet
  facet normal 0 0 -1
    outer loop
      vertex -26.5924 -18.8462 45.6
      vertex -26.0009 -20.7057 45.6
      vertex -26.2339 -20.2718 45.6
    endloop
  endfacet
  facet normal 0 0 -1
    outer loop
      vertex -25.3845 21.4716 45.6
      vertex -26.5924 18.8462 45.6
      vertex -25.7163 21.1077 45.6
    endloop
  endfacet
  facet normal 0 0 -1
    outer loop
      vertex -26.5924 -18.8462 45.6
      vertex -26.2339 -20.2718 45.6
      vertex -26.4118 -19.8126 45.6
    endloop
  endfacet
  facet normal 0 0 -1
    outer loop
      vertex -25.7163 21.1077 45.6
      vertex -26.5924 18.8462 45.6
      vertex -26.0009 20.7057 45.6
    endloop
  endfacet
  facet normal 0 0 -1
    outer loop
      vertex -26.5924 -18.8462 45.6
      vertex -26.4118 -19.8126 45.6
      vertex -26.5319 -19.335 45.6
    endloop
  endfacet
  facet normal 0 0 -1
    outer loop
      vertex -26.0009 20.7057 45.6
      vertex -26.5924 18.8462 45.6
      vertex -26.2339 20.2718 45.6
    endloop
  endfacet
  facet normal 0 0 -1
    outer loop
      vertex -26.2339 20.2718 45.6
      vertex -26.5924 18.8462 45.6
      vertex -26.4118 19.8126 45.6
    endloop
  endfacet
  facet normal 0 0 -1
    outer loop
      vertex -26.4118 19.8126 45.6
      vertex -26.5924 18.8462 45.6
      vertex -26.5319 19.335 45.6
    endloop
  endfacet
  facet normal 0.214006 0.976832 -0
    outer loop
      vertex -23.2136 -22.5527 2.4
      vertex -23.6947 -22.4473 45.6
      vertex -23.2136 -22.5527 45.6
    endloop
  endfacet
  facet normal 0.214006 0.976832 0
    outer loop
      vertex -23.6947 -22.4473 45.6
      vertex -23.2136 -22.5527 2.4
      vertex -23.6947 -22.4473 2.4
    endloop
  endfacet
  facet normal -0.850261 -0.526362 0
    outer loop
      vertex 26.124 20.4924 2.4
      vertex 25.8648 20.9111 45.6
      vertex 25.8648 20.9111 2.4
    endloop
  endfacet
  facet normal -0.850261 -0.526362 0
    outer loop
      vertex 25.8648 20.9111 45.6
      vertex 26.124 20.4924 2.4
      vertex 26.124 20.4924 45.6
    endloop
  endfacet
  facet normal -0.389627 0.920973 0
    outer loop
      vertex 24.383 -22.1807 2.4
      vertex 23.9294 -22.3726 45.6
      vertex 24.383 -22.1807 45.6
    endloop
  endfacet
  facet normal -0.389627 0.920973 0
    outer loop
      vertex 23.9294 -22.3726 45.6
      vertex 24.383 -22.1807 2.4
      vertex 23.9294 -22.3726 2.4
    endloop
  endfacet
  facet normal 0.650708 0.759328 -0
    outer loop
      vertex -25.0105 -21.7921 2.4
      vertex -25.3845 -21.4716 45.6
      vertex -25.0105 -21.7921 45.6
    endloop
  endfacet
  facet normal 0.650708 0.759328 0
    outer loop
      vertex -25.3845 -21.4716 45.6
      vertex -25.0105 -21.7921 2.4
      vertex -25.3845 -21.4716 2.4
    endloop
  endfacet
  facet normal 0.650708 -0.759328 0
    outer loop
      vertex -25.3845 21.4716 2.4
      vertex -25.0105 21.7921 45.6
      vertex -25.3845 21.4716 45.6
    endloop
  endfacet
  facet normal 0.650708 -0.759328 0
    outer loop
      vertex -25.0105 21.7921 45.6
      vertex -25.3845 21.4716 2.4
      vertex -25.0105 21.7921 2.4
    endloop
  endfacet
  facet normal 0.881012 -0.473095 0
    outer loop
      vertex -26.2339 20.2718 45.6
      vertex -26.0009 20.7057 2.4
      vertex -26.0009 20.7057 45.6
    endloop
  endfacet
  facet normal 0.881012 -0.473095 0
    outer loop
      vertex -26.0009 20.7057 2.4
      vertex -26.2339 20.2718 45.6
      vertex -26.2339 20.2718 2.4
    endloop
  endfacet
  facet normal 0.992427 0.122835 0
    outer loop
      vertex -26.5319 -19.335 45.6
      vertex -26.5924 -18.8462 2.4
      vertex -26.5924 -18.8462 45.6
    endloop
  endfacet
  facet normal 0.992427 0.122835 0
    outer loop
      vertex -26.5924 -18.8462 2.4
      vertex -26.5319 -19.335 45.6
      vertex -26.5319 -19.335 2.4
    endloop
  endfacet
  facet normal -0.389627 -0.920973 0
    outer loop
      vertex 23.9294 22.3726 2.4
      vertex 24.383 22.1807 45.6
      vertex 23.9294 22.3726 45.6
    endloop
  endfacet
  facet normal -0.389627 -0.920973 -0
    outer loop
      vertex 24.383 22.1807 45.6
      vertex 23.9294 22.3726 2.4
      vertex 24.383 22.1807 2.4
    endloop
  endfacet
  facet normal -0.602661 -0.797998 0
    outer loop
      vertex 24.8095 21.9344 2.4
      vertex 25.2025 21.6376 45.6
      vertex 24.8095 21.9344 45.6
    endloop
  endfacet
  facet normal -0.602661 -0.797998 -0
    outer loop
      vertex 25.2025 21.6376 45.6
      vertex 24.8095 21.9344 2.4
      vertex 25.2025 21.6376 2.4
    endloop
  endfacet
  facet normal -0.273702 -0.961815 0
    outer loop
      vertex 23.4557 22.5074 2.4
      vertex 23.9294 22.3726 45.6
      vertex 23.4557 22.5074 45.6
    endloop
  endfacet
  facet normal -0.273702 -0.961815 -0
    outer loop
      vertex 23.9294 22.3726 45.6
      vertex 23.4557 22.5074 2.4
      vertex 23.9294 22.3726 2.4
    endloop
  endfacet
  facet normal -0.153324 0.988176 0
    outer loop
      vertex 23.4557 -22.5074 2.4
      vertex 22.9691 -22.5829 45.6
      vertex 23.4557 -22.5074 45.6
    endloop
  endfacet
  facet normal -0.153324 0.988176 0
    outer loop
      vertex 22.9691 -22.5829 45.6
      vertex 23.4557 -22.5074 2.4
      vertex 22.9691 -22.5829 2.4
    endloop
  endfacet
  facet normal -0.500092 0.865973 0
    outer loop
      vertex 24.8095 -21.9344 2.4
      vertex 24.383 -22.1807 45.6
      vertex 24.8095 -21.9344 45.6
    endloop
  endfacet
  facet normal -0.500092 0.865973 0
    outer loop
      vertex 24.383 -22.1807 45.6
      vertex 24.8095 -21.9344 2.4
      vertex 24.383 -22.1807 2.4
    endloop
  endfacet
  facet normal 0.552355 0.833609 -0
    outer loop
      vertex -24.6 -22.0641 2.4
      vertex -25.0105 -21.7921 45.6
      vertex -24.6 -22.0641 45.6
    endloop
  endfacet
  facet normal 0.552355 0.833609 0
    outer loop
      vertex -25.0105 -21.7921 45.6
      vertex -24.6 -22.0641 2.4
      vertex -25.0105 -21.7921 2.4
    endloop
  endfacet
  facet normal 0.44567 0.895197 -0
    outer loop
      vertex -24.1591 -22.2836 2.4
      vertex -24.6 -22.0641 45.6
      vertex -24.1591 -22.2836 45.6
    endloop
  endfacet
  facet normal 0.44567 0.895197 0
    outer loop
      vertex -24.6 -22.0641 45.6
      vertex -24.1591 -22.2836 2.4
      vertex -24.6 -22.0641 2.4
    endloop
  endfacet
  facet normal 0.816168 0.577815 0
    outer loop
      vertex -25.7163 -21.1077 45.6
      vertex -26.0009 -20.7057 2.4
      vertex -26.0009 -20.7057 45.6
    endloop
  endfacet
  facet normal 0.816168 0.577815 0
    outer loop
      vertex -26.0009 -20.7057 2.4
      vertex -25.7163 -21.1077 45.6
      vertex -25.7163 -21.1077 2.4
    endloop
  endfacet
  facet normal 0.332448 -0.943121 0
    outer loop
      vertex -24.1591 22.2836 2.4
      vertex -23.6947 22.4473 45.6
      vertex -24.1591 22.2836 45.6
    endloop
  endfacet
  facet normal 0.332448 -0.943121 0
    outer loop
      vertex -23.6947 22.4473 45.6
      vertex -24.1591 22.2836 2.4
      vertex -23.6947 22.4473 2.4
    endloop
  endfacet
  facet normal 0.44567 -0.895197 0
    outer loop
      vertex -24.6 22.0641 2.4
      vertex -24.1591 22.2836 45.6
      vertex -24.6 22.0641 45.6
    endloop
  endfacet
  facet normal 0.44567 -0.895197 0
    outer loop
      vertex -24.1591 22.2836 45.6
      vertex -24.6 22.0641 2.4
      vertex -24.1591 22.2836 2.4
    endloop
  endfacet
  facet normal 0.932469 -0.36125 0
    outer loop
      vertex -26.4118 19.8126 45.6
      vertex -26.2339 20.2718 2.4
      vertex -26.2339 20.2718 45.6
    endloop
  endfacet
  facet normal 0.932469 -0.36125 0
    outer loop
      vertex -26.2339 20.2718 2.4
      vertex -26.4118 19.8126 45.6
      vertex -26.4118 19.8126 2.4
    endloop
  endfacet
  facet normal 0.969807 -0.243873 0
    outer loop
      vertex -26.5319 19.335 45.6
      vertex -26.4118 19.8126 2.4
      vertex -26.4118 19.8126 45.6
    endloop
  endfacet
  facet normal 0.969807 -0.243873 0
    outer loop
      vertex -26.4118 19.8126 2.4
      vertex -26.5319 19.335 45.6
      vertex -26.5319 19.335 2.4
    endloop
  endfacet
  facet normal 0.738947 -0.673764 0
    outer loop
      vertex -25.7163 21.1077 45.6
      vertex -25.3845 21.4716 2.4
      vertex -25.3845 21.4716 45.6
    endloop
  endfacet
  facet normal 0.738947 -0.673764 0
    outer loop
      vertex -25.3845 21.4716 2.4
      vertex -25.7163 21.1077 45.6
      vertex -25.7163 21.1077 2.4
    endloop
  endfacet
  facet normal -0.153324 -0.988176 0
    outer loop
      vertex 22.9691 22.5829 2.4
      vertex 23.4557 22.5074 45.6
      vertex 22.9691 22.5829 45.6
    endloop
  endfacet
  facet normal -0.153324 -0.988176 -0
    outer loop
      vertex 23.4557 22.5074 45.6
      vertex 22.9691 22.5829 2.4
      vertex 23.4557 22.5074 2.4
    endloop
  endfacet
  facet normal -0.998106 -0.0615187 0
    outer loop
      vertex 26.6 18.6 2.4
      vertex 26.5697 19.0916 45.6
      vertex 26.5697 19.0916 2.4
    endloop
  endfacet
  facet normal -0.998106 -0.0615187 0
    outer loop
      vertex 26.5697 19.0916 45.6
      vertex 26.6 18.6 2.4
      vertex 26.6 18.6 45.6
    endloop
  endfacet
  facet normal -0.696159 -0.717888 0
    outer loop
      vertex 25.2025 21.6376 2.4
      vertex 25.556 21.2948 45.6
      vertex 25.2025 21.6376 45.6
    endloop
  endfacet
  facet normal -0.696159 -0.717888 -0
    outer loop
      vertex 25.556 21.2948 45.6
      vertex 25.2025 21.6376 2.4
      vertex 25.556 21.2948 2.4
    endloop
  endfacet
  facet normal -0.779043 -0.62697 0
    outer loop
      vertex 25.8648 20.9111 2.4
      vertex 25.556 21.2948 45.6
      vertex 25.556 21.2948 2.4
    endloop
  endfacet
  facet normal -0.779043 -0.62697 0
    outer loop
      vertex 25.556 21.2948 45.6
      vertex 25.8648 20.9111 2.4
      vertex 25.8648 20.9111 45.6
    endloop
  endfacet
  facet normal -0.500092 -0.865973 0
    outer loop
      vertex 24.383 22.1807 2.4
      vertex 24.8095 21.9344 45.6
      vertex 24.383 22.1807 45.6
    endloop
  endfacet
  facet normal -0.500092 -0.865973 -0
    outer loop
      vertex 24.8095 21.9344 45.6
      vertex 24.383 22.1807 2.4
      vertex 24.8095 21.9344 2.4
    endloop
  endfacet
  facet normal -0.696159 0.717888 0
    outer loop
      vertex 25.556 -21.2948 2.4
      vertex 25.2025 -21.6376 45.6
      vertex 25.556 -21.2948 45.6
    endloop
  endfacet
  facet normal -0.696159 0.717888 0
    outer loop
      vertex 25.2025 -21.6376 45.6
      vertex 25.556 -21.2948 2.4
      vertex 25.2025 -21.6376 2.4
    endloop
  endfacet
  facet normal -0.602661 0.797998 0
    outer loop
      vertex 25.2025 -21.6376 2.4
      vertex 24.8095 -21.9344 45.6
      vertex 25.2025 -21.6376 45.6
    endloop
  endfacet
  facet normal -0.602661 0.797998 0
    outer loop
      vertex 24.8095 -21.9344 45.6
      vertex 25.2025 -21.6376 2.4
      vertex 24.8095 -21.9344 2.4
    endloop
  endfacet
  facet normal -0.850261 0.526362 0
    outer loop
      vertex 25.8648 -20.9111 2.4
      vertex 26.124 -20.4924 45.6
      vertex 26.124 -20.4924 2.4
    endloop
  endfacet
  facet normal -0.850261 0.526362 0
    outer loop
      vertex 26.124 -20.4924 45.6
      vertex 25.8648 -20.9111 2.4
      vertex 25.8648 -20.9111 45.6
    endloop
  endfacet
  facet normal -0.952939 0.303162 0
    outer loop
      vertex 26.3299 -20.045 2.4
      vertex 26.4792 -19.5757 45.6
      vertex 26.4792 -19.5757 2.4
    endloop
  endfacet
  facet normal -0.952939 0.303162 0
    outer loop
      vertex 26.4792 -19.5757 45.6
      vertex 26.3299 -20.045 2.4
      vertex 26.3299 -20.045 45.6
    endloop
  endfacet
  facet normal -0.908416 0.418066 0
    outer loop
      vertex 26.124 -20.4924 2.4
      vertex 26.3299 -20.045 45.6
      vertex 26.3299 -20.045 2.4
    endloop
  endfacet
  facet normal -0.908416 0.418066 0
    outer loop
      vertex 26.3299 -20.045 45.6
      vertex 26.124 -20.4924 2.4
      vertex 26.124 -20.4924 45.6
    endloop
  endfacet
  facet normal 0.0921833 -0.995742 0
    outer loop
      vertex -23.2136 22.5527 2.4
      vertex -22.7232 22.5981 45.6
      vertex -23.2136 22.5527 45.6
    endloop
  endfacet
  facet normal 0.0921833 -0.995742 0
    outer loop
      vertex -22.7232 22.5981 45.6
      vertex -23.2136 22.5527 2.4
      vertex -22.7232 22.5981 2.4
    endloop
  endfacet
  facet normal 0.214006 -0.976832 0
    outer loop
      vertex -23.6947 22.4473 2.4
      vertex -23.2136 22.5527 45.6
      vertex -23.6947 22.4473 45.6
    endloop
  endfacet
  facet normal 0.214006 -0.976832 0
    outer loop
      vertex -23.2136 22.5527 45.6
      vertex -23.6947 22.4473 2.4
      vertex -23.2136 22.5527 2.4
    endloop
  endfacet
  facet normal 0.552355 -0.833609 0
    outer loop
      vertex -25.0105 21.7921 2.4
      vertex -24.6 22.0641 45.6
      vertex -25.0105 21.7921 45.6
    endloop
  endfacet
  facet normal 0.552355 -0.833609 0
    outer loop
      vertex -24.6 22.0641 45.6
      vertex -25.0105 21.7921 2.4
      vertex -24.6 22.0641 2.4
    endloop
  endfacet
  facet normal 0.992427 -0.122835 0
    outer loop
      vertex -26.5924 18.8462 45.6
      vertex -26.5319 19.335 2.4
      vertex -26.5319 19.335 45.6
    endloop
  endfacet
  facet normal 0.992427 -0.122835 0
    outer loop
      vertex -26.5319 19.335 2.4
      vertex -26.5924 18.8462 45.6
      vertex -26.5924 18.8462 2.4
    endloop
  endfacet
  facet normal 0.816168 -0.577815 0
    outer loop
      vertex -26.0009 20.7057 45.6
      vertex -25.7163 21.1077 2.4
      vertex -25.7163 21.1077 45.6
    endloop
  endfacet
  facet normal 0.816168 -0.577815 0
    outer loop
      vertex -25.7163 21.1077 2.4
      vertex -26.0009 20.7057 45.6
      vertex -26.0009 20.7057 2.4
    endloop
  endfacet
  facet normal 0.969807 0.243873 0
    outer loop
      vertex -26.4118 -19.8126 45.6
      vertex -26.5319 -19.335 2.4
      vertex -26.5319 -19.335 45.6
    endloop
  endfacet
  facet normal 0.969807 0.243873 0
    outer loop
      vertex -26.5319 -19.335 2.4
      vertex -26.4118 -19.8126 45.6
      vertex -26.4118 -19.8126 2.4
    endloop
  endfacet
  facet normal 0.932469 0.36125 0
    outer loop
      vertex -26.2339 -20.2718 45.6
      vertex -26.4118 -19.8126 2.4
      vertex -26.4118 -19.8126 45.6
    endloop
  endfacet
  facet normal 0.932469 0.36125 0
    outer loop
      vertex -26.4118 -19.8126 2.4
      vertex -26.2339 -20.2718 45.6
      vertex -26.2339 -20.2718 2.4
    endloop
  endfacet
  facet normal -0.908416 -0.418066 0
    outer loop
      vertex 26.3299 20.045 2.4
      vertex 26.124 20.4924 45.6
      vertex 26.124 20.4924 2.4
    endloop
  endfacet
  facet normal -0.908416 -0.418066 0
    outer loop
      vertex 26.124 20.4924 45.6
      vertex 26.3299 20.045 2.4
      vertex 26.3299 20.045 45.6
    endloop
  endfacet
  facet normal -0.952939 -0.303162 0
    outer loop
      vertex 26.4792 19.5757 2.4
      vertex 26.3299 20.045 45.6
      vertex 26.3299 20.045 2.4
    endloop
  endfacet
  facet normal -0.952939 -0.303162 0
    outer loop
      vertex 26.3299 20.045 45.6
      vertex 26.4792 19.5757 2.4
      vertex 26.4792 19.5757 45.6
    endloop
  endfacet
  facet normal -0.982971 -0.183761 0
    outer loop
      vertex 26.5697 19.0916 2.4
      vertex 26.4792 19.5757 45.6
      vertex 26.4792 19.5757 2.4
    endloop
  endfacet
  facet normal -0.982971 -0.183761 0
    outer loop
      vertex 26.4792 19.5757 45.6
      vertex 26.5697 19.0916 2.4
      vertex 26.5697 19.0916 45.6
    endloop
  endfacet
  facet normal -0.998106 0.0615187 0
    outer loop
      vertex 26.5697 -19.0916 2.4
      vertex 26.6 -18.6 45.6
      vertex 26.6 -18.6 2.4
    endloop
  endfacet
  facet normal -0.998106 0.0615187 0
    outer loop
      vertex 26.6 -18.6 45.6
      vertex 26.5697 -19.0916 2.4
      vertex 26.5697 -19.0916 45.6
    endloop
  endfacet
  facet normal -0.273702 0.961815 0
    outer loop
      vertex 23.9294 -22.3726 2.4
      vertex 23.4557 -22.5074 45.6
      vertex 23.9294 -22.3726 45.6
    endloop
  endfacet
  facet normal -0.273702 0.961815 0
    outer loop
      vertex 23.4557 -22.5074 45.6
      vertex 23.9294 -22.3726 2.4
      vertex 23.4557 -22.5074 2.4
    endloop
  endfacet
  facet normal -0.779043 0.62697 0
    outer loop
      vertex 25.556 -21.2948 2.4
      vertex 25.8648 -20.9111 45.6
      vertex 25.8648 -20.9111 2.4
    endloop
  endfacet
  facet normal -0.779043 0.62697 0
    outer loop
      vertex 25.8648 -20.9111 45.6
      vertex 25.556 -21.2948 2.4
      vertex 25.556 -21.2948 45.6
    endloop
  endfacet
  facet normal -0.982971 0.183761 0
    outer loop
      vertex 26.4792 -19.5757 2.4
      vertex 26.5697 -19.0916 45.6
      vertex 26.5697 -19.0916 2.4
    endloop
  endfacet
  facet normal -0.982971 0.183761 0
    outer loop
      vertex 26.5697 -19.0916 45.6
      vertex 26.4792 -19.5757 2.4
      vertex 26.4792 -19.5757 45.6
    endloop
  endfacet
  facet normal -1 0 0
    outer loop
      vertex -21 -14 4.8
      vertex -21 -13.9 5
      vertex -21 -13.5042 4.8
    endloop
  endfacet
  facet normal -1 -0 0
    outer loop
      vertex -21 -13.9 5
      vertex -21 -14 4.8
      vertex -21 -14 5
    endloop
  endfacet
  facet normal -1 0 0
    outer loop
      vertex -21 -13.5042 4.8
      vertex -21 -12 2.4
      vertex -21 -13.5042 2.4
    endloop
  endfacet
  facet normal -1 0 0
    outer loop
      vertex -21 -13.9 8
      vertex -21 -12 2.4
      vertex -21 -13.5042 4.8
    endloop
  endfacet
  facet normal -1 0 0
    outer loop
      vertex -21 -13.9 8
      vertex -21 -13.5042 4.8
      vertex -21 -13.9 5
    endloop
  endfacet
  facet normal -1 0 0
    outer loop
      vertex -21 -12 2.4
      vertex -21 -13.9 8
      vertex -21 -12 45.6
    endloop
  endfacet
  facet normal -1 0 0
    outer loop
      vertex -21 -14 45.6
      vertex -21 -13.9 8
      vertex -21 -14 8
    endloop
  endfacet
  facet normal -1 0 0
    outer loop
      vertex -21 -13.9 8
      vertex -21 -14 45.6
      vertex -21 -12 45.6
    endloop
  endfacet
  facet normal -1 0 0
    outer loop
      vertex -21 -22.5981 8
      vertex -21 -14 45.6
      vertex -21 -14 8
    endloop
  endfacet
  facet normal -1 -0 0
    outer loop
      vertex -21 -14 45.6
      vertex -21 -22.5981 8
      vertex -21 -22.5981 45.6
    endloop
  endfacet
  facet normal 0 0 1
    outer loop
      vertex -17 -14 45.6
      vertex -19 -17 45.6
      vertex -17 -17 45.6
    endloop
  endfacet
  facet normal 0 0 1
    outer loop
      vertex -19 -17 45.6
      vertex -21 -14 45.6
      vertex -19 -19.6 45.6
    endloop
  endfacet
  facet normal -0 0 1
    outer loop
      vertex -21 -14 45.6
      vertex -19 -17 45.6
      vertex -17 -14 45.6
    endloop
  endfacet
  facet normal -0 0 1
    outer loop
      vertex -19 -19.6 45.6
      vertex -17 -22.5981 45.6
      vertex -17 -19.6 45.6
    endloop
  endfacet
  facet normal 0 0 1
    outer loop
      vertex -19 -19.6 45.6
      vertex -21 -22.5981 45.6
      vertex -17 -22.5981 45.6
    endloop
  endfacet
  facet normal 0 0 1
    outer loop
      vertex -21 -22.5981 45.6
      vertex -19 -19.6 45.6
      vertex -21 -14 45.6
    endloop
  endfacet
  facet normal 1 0 0
    outer loop
      vertex -17 -21.8 10
      vertex -17 -19.6 45.6
      vertex -17 -21.8 44
    endloop
  endfacet
  facet normal 1 -0 0
    outer loop
      vertex -17 -22.5981 45.6
      vertex -17 -21.8 44
      vertex -17 -19.6 45.6
    endloop
  endfacet
  facet normal 1 0 0
    outer loop
      vertex -17 -21.8 44
      vertex -17 -22.5981 45.6
      vertex -17 -22.5981 44
    endloop
  endfacet
  facet normal 1 0 0
    outer loop
      vertex -17 -19.6 45.6
      vertex -17 -21.8 10
      vertex -17 -19.6 8
    endloop
  endfacet
  facet normal 1 0 0
    outer loop
      vertex -17 -22.5981 8
      vertex -17 -21.8 10
      vertex -17 -22.5981 10
    endloop
  endfacet
  facet normal 1 0 0
    outer loop
      vertex -17 -21.8 10
      vertex -17 -22.5981 8
      vertex -17 -19.6 8
    endloop
  endfacet
  facet normal 1 -0 0
    outer loop
      vertex -17 -22.5981 44
      vertex -17 -21.8 10
      vertex -17 -21.8 44
    endloop
  endfacet
  facet normal 1 0 0
    outer loop
      vertex -17 -22.5981 44
      vertex -17 -22.5981 10
      vertex -17 -21.8 10
    endloop
  endfacet
  facet normal 1 -0 0
    outer loop
      vertex -17 -24.9984 44
      vertex -17 -22.5981 10
      vertex -17 -22.5981 44
    endloop
  endfacet
  facet normal 1 0 0
    outer loop
      vertex -17 -22.5981 10
      vertex -17 -24.9984 44
      vertex -17 -24.9984 10
    endloop
  endfacet
  facet normal 1 -0 0
    outer loop
      vertex -17 -17 45.6
      vertex -17 -14 8
      vertex -17 -14 45.6
    endloop
  endfacet
  facet normal 1 0 0
    outer loop
      vertex -17 -14 8
      vertex -17 -17 45.6
      vertex -17 -17 8
    endloop
  endfacet
  facet normal 0 0 -1
    outer loop
      vertex -17 -22.5981 8
      vertex -19 -19.6 8
      vertex -17 -19.6 8
    endloop
  endfacet
  facet normal -0 0 -1
    outer loop
      vertex -19 -19.6 8
      vertex -21 -22.5981 8
      vertex -19 -17 8
    endloop
  endfacet
  facet normal 0 0 -1
    outer loop
      vertex -21 -22.5981 8
      vertex -19 -19.6 8
      vertex -17 -22.5981 8
    endloop
  endfacet
  facet normal 0 0 -1
    outer loop
      vertex -19 -17 8
      vertex -17 -14 8
      vertex -17 -17 8
    endloop
  endfacet
  facet normal 0 0 -1
    outer loop
      vertex -19 -17 8
      vertex -21 -14 8
      vertex -17 -14 8
    endloop
  endfacet
  facet normal 0 0 -1
    outer loop
      vertex -21 -14 8
      vertex -19 -17 8
      vertex -21 -22.5981 8
    endloop
  endfacet
  facet normal 1 -0 0
    outer loop
      vertex -19 -19.6 45.6
      vertex -19 -17 8
      vertex -19 -17 45.6
    endloop
  endfacet
  facet normal 1 0 0
    outer loop
      vertex -19 -17 8
      vertex -19 -19.6 45.6
      vertex -19 -19.6 8
    endloop
  endfacet
  facet normal 0 1 -0
    outer loop
      vertex -17 -19.6 8
      vertex -19 -19.6 45.6
      vertex -17 -19.6 45.6
    endloop
  endfacet
  facet normal 0 1 0
    outer loop
      vertex -19 -19.6 45.6
      vertex -17 -19.6 8
      vertex -19 -19.6 8
    endloop
  endfacet
  facet normal 0 -1 0
    outer loop
      vertex -19 -17 8
      vertex -17 -17 45.6
      vertex -19 -17 45.6
    endloop
  endfacet
  facet normal 0 -1 -0
    outer loop
      vertex -17 -17 45.6
      vertex -19 -17 8
      vertex -17 -17 8
    endloop
  endfacet
  facet normal -1 0 0
    outer loop
      vertex 17 -19.6 8
      vertex 17 -21.8 10
      vertex 17 -19.6 45.6
    endloop
  endfacet
  facet normal -1 0 0
    outer loop
      vertex 17 -22.5981 8
      vertex 17 -21.8 10
      vertex 17 -19.6 8
    endloop
  endfacet
  facet normal -1 -0 0
    outer loop
      vertex 17 -21.8 10
      vertex 17 -22.5981 8
      vertex 17 -22.5981 10
    endloop
  endfacet
  facet normal -1 0 0
    outer loop
      vertex 17 -21.8 44
      vertex 17 -19.6 45.6
      vertex 17 -21.8 10
    endloop
  endfacet
  facet normal -1 0 0
    outer loop
      vertex 17 -22.5981 45.6
      vertex 17 -21.8 44
      vertex 17 -22.5981 44
    endloop
  endfacet
  facet normal -1 0 0
    outer loop
      vertex 17 -21.8 44
      vertex 17 -22.5981 45.6
      vertex 17 -19.6 45.6
    endloop
  endfacet
  facet normal -1 0 0
    outer loop
      vertex 17 -22.5981 10
      vertex 17 -21.8 44
      vertex 17 -21.8 10
    endloop
  endfacet
  facet normal -1 0 0
    outer loop
      vertex 17 -22.5981 10
      vertex 17 -22.5981 44
      vertex 17 -21.8 44
    endloop
  endfacet
  facet normal -1 0 0
    outer loop
      vertex 17 -24.9984 10
      vertex 17 -22.5981 44
      vertex 17 -22.5981 10
    endloop
  endfacet
  facet normal -1 -0 0
    outer loop
      vertex 17 -22.5981 44
      vertex 17 -24.9984 10
      vertex 17 -24.9984 44
    endloop
  endfacet
  facet normal -1 0 0
    outer loop
      vertex 17 -17 8
      vertex 17 -14 45.6
      vertex 17 -14 8
    endloop
  endfacet
  facet normal -1 -0 0
    outer loop
      vertex 17 -14 45.6
      vertex 17 -17 8
      vertex 17 -17 45.6
    endloop
  endfacet
  facet normal 0 0 1
    outer loop
      vertex 21 -14 45.6
      vertex 19 -17 45.6
      vertex 21 -22.5981 45.6
    endloop
  endfacet
  facet normal -0 0 1
    outer loop
      vertex 17 -14 45.6
      vertex 19 -17 45.6
      vertex 21 -14 45.6
    endloop
  endfacet
  facet normal 0 0 1
    outer loop
      vertex 19 -17 45.6
      vertex 17 -14 45.6
      vertex 17 -17 45.6
    endloop
  endfacet
  facet normal -0 0 1
    outer loop
      vertex 19 -19.6 45.6
      vertex 21 -22.5981 45.6
      vertex 19 -17 45.6
    endloop
  endfacet
  facet normal 0 0 1
    outer loop
      vertex 17 -22.5981 45.6
      vertex 19 -19.6 45.6
      vertex 17 -19.6 45.6
    endloop
  endfacet
  facet normal 0 0 1
    outer loop
      vertex 19 -19.6 45.6
      vertex 17 -22.5981 45.6
      vertex 21 -22.5981 45.6
    endloop
  endfacet
  facet normal 1 -0 0
    outer loop
      vertex 21 -22.5981 45.6
      vertex 21 -14 8
      vertex 21 -14 45.6
    endloop
  endfacet
  facet normal 1 0 0
    outer loop
      vertex 21 -14 8
      vertex 21 -22.5981 45.6
      vertex 21 -22.5981 8
    endloop
  endfacet
  facet normal 1 -0 0
    outer loop
      vertex 21 -13.9 8
      vertex 21 -12 2.4
      vertex 21 -12 45.6
    endloop
  endfacet
  facet normal 1 0 0
    outer loop
      vertex 21 -12 2.4
      vertex 21 -13.9 8
      vertex 21 -13.5042 4.8
    endloop
  endfacet
  facet normal 1 -0 0
    outer loop
      vertex 21 -14 45.6
      vertex 21 -13.9 8
      vertex 21 -12 45.6
    endloop
  endfacet
  facet normal 1 0 0
    outer loop
      vertex 21 -14 8
      vertex 21 -13.9 8
      vertex 21 -14 45.6
    endloop
  endfacet
  facet normal 1 0 0
    outer loop
      vertex 21 -12 2.4
      vertex 21 -13.5042 4.8
      vertex 21 -13.5042 2.4
    endloop
  endfacet
  facet normal 1 -0 0
    outer loop
      vertex 21 -13.9 5
      vertex 21 -13.5042 4.8
      vertex 21 -13.9 8
    endloop
  endfacet
  facet normal 1 0 0
    outer loop
      vertex 21 -14 4.8
      vertex 21 -13.9 5
      vertex 21 -14 5
    endloop
  endfacet
  facet normal 1 0 0
    outer loop
      vertex 21 -13.9 5
      vertex 21 -14 4.8
      vertex 21 -13.5042 4.8
    endloop
  endfacet
  facet normal 0 0 -1
    outer loop
      vertex 21 -22.5981 8
      vertex 19 -19.6 8
      vertex 21 -14 8
    endloop
  endfacet
  facet normal 0 0 -1
    outer loop
      vertex 17 -22.5981 8
      vertex 19 -19.6 8
      vertex 21 -22.5981 8
    endloop
  endfacet
  facet normal -0 0 -1
    outer loop
      vertex 19 -19.6 8
      vertex 17 -22.5981 8
      vertex 17 -19.6 8
    endloop
  endfacet
  facet normal 0 0 -1
    outer loop
      vertex 19 -17 8
      vertex 21 -14 8
      vertex 19 -19.6 8
    endloop
  endfacet
  facet normal 0 0 -1
    outer loop
      vertex 17 -14 8
      vertex 19 -17 8
      vertex 17 -17 8
    endloop
  endfacet
  facet normal 0 0 -1
    outer loop
      vertex 19 -17 8
      vertex 17 -14 8
      vertex 21 -14 8
    endloop
  endfacet
  facet normal -1 0 0
    outer loop
      vertex 19 -19.6 8
      vertex 19 -17 45.6
      vertex 19 -17 8
    endloop
  endfacet
  facet normal -1 -0 0
    outer loop
      vertex 19 -17 45.6
      vertex 19 -19.6 8
      vertex 19 -19.6 45.6
    endloop
  endfacet
  facet normal 0 -1 0
    outer loop
      vertex 17 -17 8
      vertex 19 -17 45.6
      vertex 17 -17 45.6
    endloop
  endfacet
  facet normal 0 -1 -0
    outer loop
      vertex 19 -17 45.6
      vertex 17 -17 8
      vertex 19 -17 8
    endloop
  endfacet
  facet normal 0 1 -0
    outer loop
      vertex 19 -19.6 8
      vertex 17 -19.6 45.6
      vertex 19 -19.6 45.6
    endloop
  endfacet
  facet normal 0 1 0
    outer loop
      vertex 17 -19.6 45.6
      vertex 19 -19.6 8
      vertex 17 -19.6 8
    endloop
  endfacet
  facet normal -1 0 0
    outer loop
      vertex -21.5 -22.5981 5
      vertex -21.5 -13.9 8
      vertex -21.5 -13.9 5
    endloop
  endfacet
  facet normal -1 -0 0
    outer loop
      vertex -21.5 -13.9 8
      vertex -21.5 -22.5981 5
      vertex -21.5 -22.5981 8
    endloop
  endfacet
  facet normal 0 0 1
    outer loop
      vertex -21 -13.9 8
      vertex -21.5 -13.9 8
      vertex -21 -14 8
    endloop
  endfacet
  facet normal -0 0 1
    outer loop
      vertex -21 -14 8
      vertex -14.5 -22.5981 8
      vertex -14.5 -14 8
    endloop
  endfacet
  facet normal 0 0 1
    outer loop
      vertex -21.5 -22.5981 8
      vertex -21 -14 8
      vertex -21.5 -13.9 8
    endloop
  endfacet
  facet normal 0 0 1
    outer loop
      vertex -21 -14 8
      vertex -21.5 -22.5981 8
      vertex -14.5 -22.5981 8
    endloop
  endfacet
  facet normal 1 -0 0
    outer loop
      vertex -14.5 -22.5981 8
      vertex -14.5 -14 5
      vertex -14.5 -14 8
    endloop
  endfacet
  facet normal 1 0 0
    outer loop
      vertex -14.5 -14 5
      vertex -14.5 -22.5981 8
      vertex -14.5 -22.5981 5
    endloop
  endfacet
  facet normal 0 1 -0
    outer loop
      vertex -21 -13.9 5
      vertex -21.5 -13.9 8
      vertex -21 -13.9 8
    endloop
  endfacet
  facet normal 0 1 0
    outer loop
      vertex -21.5 -13.9 8
      vertex -21 -13.9 5
      vertex -21.5 -13.9 5
    endloop
  endfacet
  facet normal 0 0 -1
    outer loop
      vertex -14.5 -22.5981 5
      vertex -21 -14 5
      vertex -14.5 -14 5
    endloop
  endfacet
  facet normal 0 0 -1
    outer loop
      vertex -21.5 -22.5981 5
      vertex -21 -14 5
      vertex -14.5 -22.5981 5
    endloop
  endfacet
  facet normal 0 0 -1
    outer loop
      vertex -21.5 -13.9 5
      vertex -21 -14 5
      vertex -21.5 -22.5981 5
    endloop
  endfacet
  facet normal 0 0 -1
    outer loop
      vertex -21 -14 5
      vertex -21.5 -13.9 5
      vertex -21 -13.9 5
    endloop
  endfacet
  facet normal -1 0 0
    outer loop
      vertex 14.5 -22.5981 5
      vertex 14.5 -14 8
      vertex 14.5 -14 5
    endloop
  endfacet
  facet normal -1 -0 0
    outer loop
      vertex 14.5 -14 8
      vertex 14.5 -22.5981 5
      vertex 14.5 -22.5981 8
    endloop
  endfacet
  facet normal 0 0 1
    outer loop
      vertex 21 -14 8
      vertex 21.5 -13.9 8
      vertex 21 -13.9 8
    endloop
  endfacet
  facet normal 0 0 1
    outer loop
      vertex 21.5 -13.9 8
      vertex 21 -14 8
      vertex 21.5 -22.5981 8
    endloop
  endfacet
  facet normal 0 0 1
    outer loop
      vertex 14.5 -22.5981 8
      vertex 21 -14 8
      vertex 14.5 -14 8
    endloop
  endfacet
  facet normal 0 0 1
    outer loop
      vertex 21 -14 8
      vertex 14.5 -22.5981 8
      vertex 21.5 -22.5981 8
    endloop
  endfacet
  facet normal 1 -0 0
    outer loop
      vertex 21.5 -22.5981 8
      vertex 21.5 -13.9 5
      vertex 21.5 -13.9 8
    endloop
  endfacet
  facet normal 1 0 0
    outer loop
      vertex 21.5 -13.9 5
      vertex 21.5 -22.5981 8
      vertex 21.5 -22.5981 5
    endloop
  endfacet
  facet normal 0 0 -1
    outer loop
      vertex 21.5 -22.5981 5
      vertex 21 -14 5
      vertex 21.5 -13.9 5
    endloop
  endfacet
  facet normal 0 0 -1
    outer loop
      vertex 14.5 -22.5981 5
      vertex 21 -14 5
      vertex 21.5 -22.5981 5
    endloop
  endfacet
  facet normal -0 0 -1
    outer loop
      vertex 21 -14 5
      vertex 14.5 -22.5981 5
      vertex 14.5 -14 5
    endloop
  endfacet
  facet normal -0 0 -1
    outer loop
      vertex 21.5 -13.9 5
      vertex 21 -14 5
      vertex 21 -13.9 5
    endloop
  endfacet
  facet normal 0 1 -0
    outer loop
      vertex 21.5 -13.9 5
      vertex 21 -13.9 8
      vertex 21.5 -13.9 8
    endloop
  endfacet
  facet normal 0 1 0
    outer loop
      vertex 21 -13.9 8
      vertex 21.5 -13.9 5
      vertex 21 -13.9 5
    endloop
  endfacet
  facet normal 0.98633 0.16478 0
    outer loop
      vertex 1.42994 14.4199 57.8427
      vertex 1.41873 14.487 48
      vertex 1.41873 14.487 57.8486
    endloop
  endfacet
  facet normal 0.986366 0.164564 -1.51843e-06
    outer loop
      vertex 1.45263 14.2839 57.8396
      vertex 1.41873 14.487 48
      vertex 1.42994 14.4199 57.8427
    endloop
  endfacet
  facet normal 0.986387 0.164443 -4.0845e-06
    outer loop
      vertex 1.46485 14.2106 57.8379
      vertex 1.41873 14.487 48
      vertex 1.45263 14.2839 57.8396
    endloop
  endfacet
  facet normal 0.986327 0.164799 -3.78114e-06
    outer loop
      vertex 1.5 14 48
      vertex 1.46485 14.2106 57.8379
      vertex 1.47688 14.1386 57.8411
    endloop
  endfacet
  facet normal 0.986371 0.164537 -0
    outer loop
      vertex 1.5 14 48
      vertex 1.47688 14.1386 57.8411
      vertex 1.5 14 57.8471
    endloop
  endfacet
  facet normal 0.98636 0.164603 5.32805e-07
    outer loop
      vertex 1.46485 14.2106 57.8379
      vertex 1.5 14 48
      vertex 1.41873 14.487 48
    endloop
  endfacet
  facet normal -1 0 0
    outer loop
      vertex -1.47954 14.2469 48
      vertex -1.47954 14.2127 57.8447
      vertex -1.47954 14.2469 57.8481
    endloop
  endfacet
  facet normal -1 0 0
    outer loop
      vertex -1.47954 14.2469 48
      vertex -1.47954 14.14 57.8424
      vertex -1.47954 14.2127 57.8447
    endloop
  endfacet
  facet normal -1 0 0
    outer loop
      vertex -1.47954 14.2469 48
      vertex -1.47954 14 57.8378
      vertex -1.47954 14.14 57.8424
    endloop
  endfacet
  facet normal -1 0 0
    outer loop
      vertex -1.47954 13.7531 48
      vertex -1.47954 14 57.8378
      vertex -1.47954 14.2469 48
    endloop
  endfacet
  facet normal -1 -0 0
    outer loop
      vertex -1.47954 14 57.8378
      vertex -1.47954 13.7531 48
      vertex -1.47954 13.86 57.8424
    endloop
  endfacet
  facet normal -1 -0 0
    outer loop
      vertex -1.47954 13.86 57.8424
      vertex -1.47954 13.7531 48
      vertex -1.47954 13.7873 57.8447
    endloop
  endfacet
  facet normal -1 -0 0
    outer loop
      vertex -1.47954 13.7873 57.8447
      vertex -1.47954 13.7531 48
      vertex -1.47954 13.7531 57.8481
    endloop
  endfacet
  facet normal -0.945687 -0.32508 0
    outer loop
      vertex -1.47954 13.7531 48
      vertex -1.46799 13.7195 57.8462
      vertex -1.47954 13.7531 57.8481
    endloop
  endfacet
  facet normal -0.945867 -0.324554 2.00517e-06
    outer loop
      vertex -1.47954 13.7531 48
      vertex -1.42105 13.5827 57.8385
      vertex -1.46799 13.7195 57.8462
    endloop
  endfacet
  facet normal -0.945812 -0.324715 -1.11202e-06
    outer loop
      vertex -1.31921 13.2861 48
      vertex -1.42105 13.5827 57.8385
      vertex -1.47954 13.7531 48
    endloop
  endfacet
  facet normal -0.945802 -0.324742 -1.93524e-07
    outer loop
      vertex -1.42105 13.5827 57.8385
      vertex -1.31921 13.2861 48
      vertex -1.37638 13.4526 57.8401
    endloop
  endfacet
  facet normal -0.945857 -0.324583 -3.21572e-06
    outer loop
      vertex -1.37638 13.4526 57.8401
      vertex -1.31921 13.2861 48
      vertex -1.35229 13.3824 57.841
    endloop
  endfacet
  facet normal -0.945787 -0.324788 -9.70614e-07
    outer loop
      vertex -1.35229 13.3824 57.841
      vertex -1.31921 13.2861 48
      vertex -1.3299 13.3172 57.8463
    endloop
  endfacet
  facet normal -0.945692 -0.325063 0
    outer loop
      vertex -1.3299 13.3172 57.8463
      vertex -1.31921 13.2861 48
      vertex -1.31921 13.2861 57.8489
    endloop
  endfacet
  facet normal 0.0820773 0.996626 -0
    outer loop
      vertex 0.368228 15.4541 48
      vertex 0.282016 15.4612 57.8433
      vertex 0.368228 15.4541 57.8485
    endloop
  endfacet
  facet normal 0.082726 0.996572 5.72089e-06
    outer loop
      vertex 0.282016 15.4612 57.8433
      vertex 0.368228 15.4541 48
      vertex 0.210941 15.4671 57.839
    endloop
  endfacet
  facet normal 0.0831132 0.99654 1.19532e-05
    outer loop
      vertex 0.368228 15.4541 48
      vertex 0.136602 15.4733 57.8394
      vertex 0.210941 15.4671 57.839
    endloop
  endfacet
  facet normal 0.082627 0.996581 4.27782e-07
    outer loop
      vertex -0.123869 15.4949 48
      vertex 0.136602 15.4733 57.8394
      vertex 0.368228 15.4541 48
    endloop
  endfacet
  facet normal 0.0824405 0.996596 5.39784e-06
    outer loop
      vertex 0.136602 15.4733 57.8394
      vertex -0.123869 15.4949 48
      vertex 0 15.4846 57.8401
    endloop
  endfacet
  facet normal 0.0828664 0.996561 0
    outer loop
      vertex 0 15.4846 57.8401
      vertex -0.123869 15.4949 48
      vertex -0.123869 15.4949 57.8488
    endloop
  endfacet
  facet normal 0.638403 0.724776 0.259117
    outer loop
      vertex 1.18371 14.9213 57.8487
      vertex 1.12531 14.9751 57.8421
      vertex 1.17522 14.9291 57.8478
    endloop
  endfacet
  facet normal 0.677313 0.735695 -2.57616e-06
    outer loop
      vertex 1.12531 14.9751 57.8421
      vertex 1.18371 14.9213 48
      vertex 0.969332 15.1187 57.8381
    endloop
  endfacet
  facet normal 0.677547 0.735479 -0
    outer loop
      vertex 1.18371 14.9213 48
      vertex 1.12531 14.9751 57.8421
      vertex 1.18371 14.9213 57.8487
    endloop
  endfacet
  facet normal 0.676723 0.736238 9.53557e-06
    outer loop
      vertex 0.820422 15.2557 48
      vertex 0.915805 15.1679 57.8415
      vertex 0.969332 15.1187 57.8381
    endloop
  endfacet
  facet normal 0.677249 0.735754 -5.15636e-06
    outer loop
      vertex 0.820422 15.2557 48
      vertex 0.969332 15.1187 57.8381
      vertex 1.18371 14.9213 48
    endloop
  endfacet
  facet normal 0.677256 0.735748 0
    outer loop
      vertex 0.915805 15.1679 57.8415
      vertex 0.820422 15.2557 48
      vertex 0.820422 15.2557 57.8475
    endloop
  endfacet
  facet normal 0.879392 0.476098 0
    outer loop
      vertex 1.24819 14.8022 57.8397
      vertex 1.18371 14.9213 48
      vertex 1.18371 14.9213 57.8487
    endloop
  endfacet
  facet normal 0.879551 0.475804 -4.59828e-06
    outer loop
      vertex 1.31343 14.6816 57.8395
      vertex 1.18371 14.9213 48
      vertex 1.24819 14.8022 57.8397
    endloop
  endfacet
  facet normal 0.879535 0.475834 -3.6502e-06
    outer loop
      vertex 1.34892 14.616 57.8393
      vertex 1.18371 14.9213 48
      vertex 1.31343 14.6816 57.8395
    endloop
  endfacet
  facet normal 0.879268 0.476328 -6.57335e-06
    outer loop
      vertex 1.41873 14.487 48
      vertex 1.34892 14.616 57.8393
      vertex 1.38267 14.5537 57.8438
    endloop
  endfacet
  facet normal 0.879674 0.475578 -0
    outer loop
      vertex 1.41873 14.487 48
      vertex 1.38267 14.5537 57.8438
      vertex 1.41873 14.487 57.8486
    endloop
  endfacet
  facet normal 0.879483 0.47593 1.85849e-07
    outer loop
      vertex 1.34892 14.616 57.8393
      vertex 1.41873 14.487 48
      vertex 1.18371 14.9213 48
    endloop
  endfacet
  facet normal -0.244564 0.969633 1.37143e-05
    outer loop
      vertex -0.123869 15.4949 48
      vertex -0.283493 15.4545 57.8404
      vertex -0.211731 15.4726 57.8415
    endloop
  endfacet
  facet normal -0.245886 0.969299 -9.10754e-06
    outer loop
      vertex -0.283493 15.4545 57.8404
      vertex -0.123869 15.4949 48
      vertex -0.417129 15.4206 57.8383
    endloop
  endfacet
  facet normal -0.245554 0.969383 4.30232e-06
    outer loop
      vertex -0.145409 15.4894 57.847
      vertex -0.123869 15.4949 48
      vertex -0.211731 15.4726 57.8415
    endloop
  endfacet
  facet normal -0.247401 0.968913 0
    outer loop
      vertex -0.123869 15.4949 48
      vertex -0.145409 15.4894 57.847
      vertex -0.123869 15.4949 57.8488
    endloop
  endfacet
  facet normal -0.245454 0.969408 4.60404e-06
    outer loop
      vertex -0.602543 15.3737 48
      vertex -0.417129 15.4206 57.8383
      vertex -0.123869 15.4949 48
    endloop
  endfacet
  facet normal -0.245094 0.969499 -2.6086e-06
    outer loop
      vertex -0.417129 15.4206 57.8383
      vertex -0.602543 15.3737 48
      vertex -0.556367 15.3854 57.8454
    endloop
  endfacet
  facet normal -0.245617 0.969367 0
    outer loop
      vertex -0.556367 15.3854 57.8454
      vertex -0.602543 15.3737 48
      vertex -0.602543 15.3737 57.8478
    endloop
  endfacet
  facet normal 0.40168 0.91578 -1.36359e-06
    outer loop
      vertex 0.820422 15.2557 48
      vertex 0.681839 15.3165 57.8408
      vertex 0.809968 15.2603 57.8463
    endloop
  endfacet
  facet normal 0.402233 0.915537 7.92294e-06
    outer loop
      vertex 0.681839 15.3165 57.8408
      vertex 0.820422 15.2557 48
      vertex 0.614693 15.346 57.8379
    endloop
  endfacet
  facet normal 0.402756 0.915307 -0
    outer loop
      vertex 0.820422 15.2557 48
      vertex 0.809968 15.2603 57.8463
      vertex 0.820422 15.2557 57.8475
    endloop
  endfacet
  facet normal 0.401865 0.915699 -5.94863e-06
    outer loop
      vertex 0.368228 15.4541 48
      vertex 0.54679 15.3758 57.8398
      vertex 0.614693 15.346 57.8379
    endloop
  endfacet
  facet normal 0.401779 0.915737 -3.3933e-06
    outer loop
      vertex 0.368228 15.4541 48
      vertex 0.614693 15.346 57.8379
      vertex 0.820422 15.2557 48
    endloop
  endfacet
  facet normal 0.401688 0.915777 -2.12613e-06
    outer loop
      vertex 0.54679 15.3758 57.8398
      vertex 0.368228 15.4541 48
      vertex 0.42026 15.4313 57.8433
    endloop
  endfacet
  facet normal 0.401351 0.915924 0
    outer loop
      vertex 0.42026 15.4313 57.8433
      vertex 0.368228 15.4541 48
      vertex 0.368228 15.4541 57.8485
    endloop
  endfacet
  facet normal -0.945692 0.325063 0
    outer loop
      vertex -1.31921 14.7139 48
      vertex -1.3299 14.6828 57.8463
      vertex -1.31921 14.7139 57.8489
    endloop
  endfacet
  facet normal -0.945787 0.324788 -9.70614e-07
    outer loop
      vertex -1.31921 14.7139 48
      vertex -1.35229 14.6176 57.841
      vertex -1.3299 14.6828 57.8463
    endloop
  endfacet
  facet normal -0.945857 0.324583 -3.21572e-06
    outer loop
      vertex -1.31921 14.7139 48
      vertex -1.37638 14.5474 57.8401
      vertex -1.35229 14.6176 57.841
    endloop
  endfacet
  facet normal -0.945802 0.324742 -1.93524e-07
    outer loop
      vertex -1.31921 14.7139 48
      vertex -1.42105 14.4173 57.8385
      vertex -1.37638 14.5474 57.8401
    endloop
  endfacet
  facet normal -0.945812 0.324715 -1.11202e-06
    outer loop
      vertex -1.47954 14.2469 48
      vertex -1.42105 14.4173 57.8385
      vertex -1.31921 14.7139 48
    endloop
  endfacet
  facet normal -0.945867 0.324554 2.00517e-06
    outer loop
      vertex -1.42105 14.4173 57.8385
      vertex -1.47954 14.2469 48
      vertex -1.46799 14.2805 57.8462
    endloop
  endfacet
  facet normal -0.945687 0.32508 0
    outer loop
      vertex -1.46799 14.2805 57.8462
      vertex -1.47954 14.2469 48
      vertex -1.47954 14.2469 57.8481
    endloop
  endfacet
  facet normal -0.547222 0.836987 1.61185e-06
    outer loop
      vertex -0.602543 15.3737 48
      vertex -0.682202 15.3216 57.8429
      vertex -0.621633 15.3612 57.8455
    endloop
  endfacet
  facet normal -0.546894 0.837202 5.40765e-06
    outer loop
      vertex -0.682202 15.3216 57.8429
      vertex -0.602543 15.3737 48
      vertex -0.799923 15.2447 57.8378
    endloop
  endfacet
  facet normal -0.547804 0.836607 0
    outer loop
      vertex -0.602543 15.3737 48
      vertex -0.621633 15.3612 57.8455
      vertex -0.602543 15.3737 57.8478
    endloop
  endfacet
  facet normal -0.546987 0.837141 2.7368e-06
    outer loop
      vertex -1.01592 15.1036 48
      vertex -0.799923 15.2447 57.8378
      vertex -0.602543 15.3737 48
    endloop
  endfacet
  facet normal -0.547039 0.837107 4.38191e-06
    outer loop
      vertex -0.799923 15.2447 57.8378
      vertex -1.01592 15.1036 48
      vertex -0.916681 15.1684 57.8419
    endloop
  endfacet
  facet normal -0.546481 0.837472 -3.65134e-06
    outer loop
      vertex -0.916681 15.1684 57.8419
      vertex -1.01592 15.1036 48
      vertex -0.977827 15.1285 57.844
    endloop
  endfacet
  facet normal -0.547142 0.83704 0
    outer loop
      vertex -0.977827 15.1285 57.844
      vertex -1.01592 15.1036 48
      vertex -1.01592 15.1036 57.8483
    endloop
  endfacet
  facet normal -0.789253 0.614068 0
    outer loop
      vertex -1.01592 15.1036 48
      vertex -1.11971 14.9702 57.8387
      vertex -1.01592 15.1036 57.8483
    endloop
  endfacet
  facet normal -0.788853 0.614581 1.11859e-05
    outer loop
      vertex -1.01592 15.1036 48
      vertex -1.16552 14.9114 57.8394
      vertex -1.11971 14.9702 57.8387
    endloop
  endfacet
  facet normal -0.789166 0.61418 -1.39581e-06
    outer loop
      vertex -1.31921 14.7139 48
      vertex -1.16552 14.9114 57.8394
      vertex -1.01592 15.1036 48
    endloop
  endfacet
  facet normal -0.789089 0.614279 -4.56999e-06
    outer loop
      vertex -1.16552 14.9114 57.8394
      vertex -1.31921 14.7139 48
      vertex -1.24975 14.8032 57.8405
    endloop
  endfacet
  facet normal -0.789333 0.613965 0
    outer loop
      vertex -1.24975 14.8032 57.8405
      vertex -1.31921 14.7139 48
      vertex -1.31921 14.7139 57.8489
    endloop
  endfacet
  facet normal 0.879674 -0.475578 0
    outer loop
      vertex 1.38267 13.4463 57.8438
      vertex 1.41873 13.513 48
      vertex 1.41873 13.513 57.8486
    endloop
  endfacet
  facet normal 0.879268 -0.476328 -6.57335e-06
    outer loop
      vertex 1.34892 13.384 57.8393
      vertex 1.41873 13.513 48
      vertex 1.38267 13.4463 57.8438
    endloop
  endfacet
  facet normal 0.879535 -0.475834 1.80695e-06
    outer loop
      vertex 1.31343 13.3184 57.8395
      vertex 1.41873 13.513 48
      vertex 1.34892 13.384 57.8393
    endloop
  endfacet
  facet normal 0.879551 -0.475804 2.57653e-06
    outer loop
      vertex 1.24819 13.1978 57.8397
      vertex 1.41873 13.513 48
      vertex 1.31343 13.3184 57.8395
    endloop
  endfacet
  facet normal 0.879392 -0.476098 0
    outer loop
      vertex 1.18371 13.0787 48
      vertex 1.24819 13.1978 57.8397
      vertex 1.18371 13.0787 57.8487
    endloop
  endfacet
  facet normal 0.879483 -0.47593 -2.6306e-06
    outer loop
      vertex 1.24819 13.1978 57.8397
      vertex 1.18371 13.0787 48
      vertex 1.41873 13.513 48
    endloop
  endfacet
  facet normal -0.789333 -0.613965 0
    outer loop
      vertex -1.31921 13.2861 48
      vertex -1.24975 13.1968 57.8405
      vertex -1.31921 13.2861 57.8489
    endloop
  endfacet
  facet normal -0.789089 -0.614279 -4.56999e-06
    outer loop
      vertex -1.31921 13.2861 48
      vertex -1.16552 13.0886 57.8394
      vertex -1.24975 13.1968 57.8405
    endloop
  endfacet
  facet normal -0.788854 -0.614581 -1.43173e-05
    outer loop
      vertex -1.31921 13.2861 48
      vertex -1.11971 13.0298 57.8387
      vertex -1.16552 13.0886 57.8394
    endloop
  endfacet
  facet normal -0.789166 -0.61418 2.45406e-06
    outer loop
      vertex -1.01592 12.8964 48
      vertex -1.11971 13.0298 57.8387
      vertex -1.31921 13.2861 48
    endloop
  endfacet
  facet normal -0.789253 -0.614068 0
    outer loop
      vertex -1.11971 13.0298 57.8387
      vertex -1.01592 12.8964 48
      vertex -1.01592 12.8964 57.8483
    endloop
  endfacet
  facet normal 0.401688 -0.915777 -2.12613e-06
    outer loop
      vertex 0.368228 12.5459 48
      vertex 0.54679 12.6242 57.8398
      vertex 0.42026 12.5687 57.8433
    endloop
  endfacet
  facet normal 0.401865 -0.915699 -5.94863e-06
    outer loop
      vertex 0.54679 12.6242 57.8398
      vertex 0.368228 12.5459 48
      vertex 0.614693 12.654 57.8379
    endloop
  endfacet
  facet normal 0.401351 -0.915924 0
    outer loop
      vertex 0.368228 12.5459 48
      vertex 0.42026 12.5687 57.8433
      vertex 0.368228 12.5459 57.8485
    endloop
  endfacet
  facet normal 0.402233 -0.915537 7.92294e-06
    outer loop
      vertex 0.820422 12.7443 48
      vertex 0.681839 12.6835 57.8408
      vertex 0.614693 12.654 57.8379
    endloop
  endfacet
  facet normal 0.401779 -0.915737 -3.3933e-06
    outer loop
      vertex 0.820422 12.7443 48
      vertex 0.614693 12.654 57.8379
      vertex 0.368228 12.5459 48
    endloop
  endfacet
  facet normal 0.40168 -0.91578 -1.36359e-06
    outer loop
      vertex 0.681839 12.6835 57.8408
      vertex 0.820422 12.7443 48
      vertex 0.809968 12.7397 57.8463
    endloop
  endfacet
  facet normal 0.402756 -0.915307 0
    outer loop
      vertex 0.809968 12.7397 57.8463
      vertex 0.820422 12.7443 48
      vertex 0.820422 12.7443 57.8475
    endloop
  endfacet
  facet normal 0.677256 -0.735748 0
    outer loop
      vertex 0.820422 12.7443 48
      vertex 0.915805 12.8321 57.8415
      vertex 0.820422 12.7443 57.8475
    endloop
  endfacet
  facet normal 0.676723 -0.736238 9.53557e-06
    outer loop
      vertex 0.915805 12.8321 57.8415
      vertex 0.820422 12.7443 48
      vertex 0.969332 12.8813 57.8381
    endloop
  endfacet
  facet normal 0.638403 -0.724776 0.259117
    outer loop
      vertex 1.12531 13.0249 57.8421
      vertex 1.18371 13.0787 57.8487
      vertex 1.17522 13.0709 57.8478
    endloop
  endfacet
  facet normal 0.677249 -0.735754 -5.15636e-06
    outer loop
      vertex 1.18371 13.0787 48
      vertex 0.969332 12.8813 57.8381
      vertex 0.820422 12.7443 48
    endloop
  endfacet
  facet normal 0.677313 -0.735695 -2.57616e-06
    outer loop
      vertex 0.969332 12.8813 57.8381
      vertex 1.18371 13.0787 48
      vertex 1.12531 13.0249 57.8421
    endloop
  endfacet
  facet normal 0.677547 -0.735479 0
    outer loop
      vertex 1.12531 13.0249 57.8421
      vertex 1.18371 13.0787 48
      vertex 1.18371 13.0787 57.8487
    endloop
  endfacet
  facet normal 0.986371 -0.164537 0
    outer loop
      vertex 1.47688 13.8614 57.8411
      vertex 1.5 14 48
      vertex 1.5 14 57.8471
    endloop
  endfacet
  facet normal 0.986327 -0.164799 -3.78114e-06
    outer loop
      vertex 1.46485 13.7894 57.8379
      vertex 1.5 14 48
      vertex 1.47688 13.8614 57.8411
    endloop
  endfacet
  facet normal 0.986387 -0.164443 -4.0845e-06
    outer loop
      vertex 1.41873 13.513 48
      vertex 1.46485 13.7894 57.8379
      vertex 1.45263 13.7161 57.8396
    endloop
  endfacet
  facet normal 0.986366 -0.164564 -1.51843e-06
    outer loop
      vertex 1.41873 13.513 48
      vertex 1.45263 13.7161 57.8396
      vertex 1.42994 13.5801 57.8427
    endloop
  endfacet
  facet normal 0.98633 -0.16478 0
    outer loop
      vertex 1.41873 13.513 48
      vertex 1.42994 13.5801 57.8427
      vertex 1.41873 13.513 57.8486
    endloop
  endfacet
  facet normal 0.98636 -0.164603 5.32805e-07
    outer loop
      vertex 1.46485 13.7894 57.8379
      vertex 1.41873 13.513 48
      vertex 1.5 14 48
    endloop
  endfacet
  facet normal 0.0824405 -0.996596 5.39784e-06
    outer loop
      vertex -0.123869 12.5051 48
      vertex 0.136602 12.5267 57.8394
      vertex 0 12.5154 57.8401
    endloop
  endfacet
  facet normal 0.0831131 -0.99654 -1.25294e-05
    outer loop
      vertex 0.136602 12.5267 57.8394
      vertex -0.123869 12.5051 48
      vertex 0.210941 12.5329 57.839
    endloop
  endfacet
  facet normal 0.0828664 -0.996561 0
    outer loop
      vertex -0.123869 12.5051 48
      vertex 0 12.5154 57.8401
      vertex -0.123869 12.5051 57.8488
    endloop
  endfacet
  facet normal 0.082726 -0.996572 5.72089e-06
    outer loop
      vertex 0.368228 12.5459 48
      vertex 0.282016 12.5388 57.8433
      vertex 0.210941 12.5329 57.839
    endloop
  endfacet
  facet normal 0.082627 -0.996581 4.12662e-06
    outer loop
      vertex 0.368228 12.5459 48
      vertex 0.210941 12.5329 57.839
      vertex -0.123869 12.5051 48
    endloop
  endfacet
  facet normal 0.0820773 -0.996626 0
    outer loop
      vertex 0.282016 12.5388 57.8433
      vertex 0.368228 12.5459 48
      vertex 0.368228 12.5459 57.8485
    endloop
  endfacet
  facet normal -0.245094 -0.969499 -2.6086e-06
    outer loop
      vertex -0.556367 12.6146 57.8454
      vertex -0.602543 12.6263 48
      vertex -0.417129 12.5794 57.8383
    endloop
  endfacet
  facet normal -0.245617 -0.969367 0
    outer loop
      vertex -0.602543 12.6263 48
      vertex -0.556367 12.6146 57.8454
      vertex -0.602543 12.6263 57.8478
    endloop
  endfacet
  facet normal -0.245886 -0.969299 -9.10754e-06
    outer loop
      vertex -0.123869 12.5051 48
      vertex -0.283493 12.5455 57.8404
      vertex -0.417129 12.5794 57.8383
    endloop
  endfacet
  facet normal -0.245454 -0.969408 4.60404e-06
    outer loop
      vertex -0.123869 12.5051 48
      vertex -0.417129 12.5794 57.8383
      vertex -0.602543 12.6263 48
    endloop
  endfacet
  facet normal -0.244564 -0.969633 1.37143e-05
    outer loop
      vertex -0.283493 12.5455 57.8404
      vertex -0.123869 12.5051 48
      vertex -0.211731 12.5274 57.8415
    endloop
  endfacet
  facet normal -0.245554 -0.969383 4.30232e-06
    outer loop
      vertex -0.211731 12.5274 57.8415
      vertex -0.123869 12.5051 48
      vertex -0.145409 12.5106 57.847
    endloop
  endfacet
  facet normal -0.247401 -0.968913 0
    outer loop
      vertex -0.145409 12.5106 57.847
      vertex -0.123869 12.5051 48
      vertex -0.123869 12.5051 57.8488
    endloop
  endfacet
  facet normal -0.547039 -0.837107 4.38191e-06
    outer loop
      vertex -0.916681 12.8316 57.8419
      vertex -1.01592 12.8964 48
      vertex -0.799923 12.7553 57.8378
    endloop
  endfacet
  facet normal -0.546481 -0.837472 -3.65134e-06
    outer loop
      vertex -0.977827 12.8715 57.844
      vertex -1.01592 12.8964 48
      vertex -0.916681 12.8316 57.8419
    endloop
  endfacet
  facet normal -0.547142 -0.83704 0
    outer loop
      vertex -1.01592 12.8964 48
      vertex -0.977827 12.8715 57.844
      vertex -1.01592 12.8964 57.8483
    endloop
  endfacet
  facet normal -0.546894 -0.837202 5.40765e-06
    outer loop
      vertex -0.602543 12.6263 48
      vertex -0.682202 12.6784 57.8429
      vertex -0.799923 12.7553 57.8378
    endloop
  endfacet
  facet normal -0.546987 -0.837141 2.7368e-06
    outer loop
      vertex -0.602543 12.6263 48
      vertex -0.799923 12.7553 57.8378
      vertex -1.01592 12.8964 48
    endloop
  endfacet
  facet normal -0.547222 -0.836987 1.61185e-06
    outer loop
      vertex -0.682202 12.6784 57.8429
      vertex -0.602543 12.6263 48
      vertex -0.621633 12.6388 57.8455
    endloop
  endfacet
  facet normal -0.547804 -0.836607 0
    outer loop
      vertex -0.621633 12.6388 57.8455
      vertex -0.602543 12.6263 48
      vertex -0.602543 12.6263 57.8478
    endloop
  endfacet
  facet normal 0.0467981 0.654079 -0.754977
    outer loop
      vertex 0.298501 16.0761 58.1981
      vertex 0 16.4749 58.5251
      vertex 0.352211 16.4497 58.5251
    endloop
  endfacet
  facet normal -0.525012 -0.393007 -0.754922
    outer loop
      vertex -1.87038 12.3793 58.5251
      vertex -2.082 12.662 58.5251
      vertex -1.76451 12.866 58.1981
    endloop
  endfacet
  facet normal -0.139375 -0.640825 -0.754929
    outer loop
      vertex -0.298501 11.9239 58.1981
      vertex -0.697252 11.6254 58.5251
      vertex -0.590925 11.9875 58.1981
    endloop
  endfacet
  facet normal -0.318012 0.852678 -0.414498
    outer loop
      vertex -1.2761 16.7943 59.3226
      vertex -1.36228 16.983 59.7769
      vertex -0.923892 17.1465 59.7769
    endloop
  endfacet
  facet normal 0.957234 0.0684638 0.281097
    outer loop
      vertex 3.3852 14.4867 61.744
      vertex 3.24594 14.4667 62.2231
      vertex 3.42001 14 61.744
    endloop
  endfacet
  facet normal 0.540263 -0.0386419 0.840609
    outer loop
      vertex 2.09747 14 63.8019
      vertex 1.67737 14 64.0719
      vertex 2.07612 13.7015 63.8019
    endloop
  endfacet
  facet normal -0.436219 0.79869 -0.414497
    outer loop
      vertex -1.2761 16.7943 59.3226
      vertex -1.66078 16.5842 59.3226
      vertex -1.36228 16.983 59.7769
    endloop
  endfacet
  facet normal -0.36532 0.199439 0.909266
    outer loop
      vertex -1.41109 14.9069 64.0719
      vertex -1.52579 14.6968 64.0719
      vertex -1.02896 14.6613 64.2793
    endloop
  endfacet
  facet normal 0.392982 -0.524991 0.75495
    outer loop
      vertex 1.6207 12.1296 63.4749
      vertex 1.13398 12.2355 63.8019
      vertex 1.33802 11.918 63.4749
    endloop
  endfacet
  facet normal -0.199402 0.365332 0.90927
    outer loop
      vertex -0.508104 15.1126 64.2793
      vertex -0.696805 15.5258 64.0719
      vertex -0.661271 15.029 64.2793
    endloop
  endfacet
  facet normal 0.453437 0.605649 -0.653899
    outer loop
      vertex 1.83485 16.1175 58.9025
      vertex 1.33802 16.082 58.5251
      vertex 1.51482 16.3571 58.9025
    endloop
  endfacet
  facet normal 0.52927 -0.115109 0.840609
    outer loop
      vertex 1.6603 13.7613 64.0719
      vertex 1.60943 13.5274 64.0719
      vertex 2.07612 13.7015 63.8019
    endloop
  endfacet
  facet normal -0.822648 -0.178996 0.539639
    outer loop
      vertex -2.6884 13.2106 63.0975
      vertex -3.04061 13.5628 62.6774
      vertex -2.94744 13.1346 62.6774
    endloop
  endfacet
  facet normal 0.345977 0.927439 0.141975
    outer loop
      vertex 0.983551 17.3497 61.2497
      vertex 0.963529 17.2815 61.744
      vertex 1.45025 17.1756 61.2497
    endloop
  endfacet
  facet normal -0.595252 0.59529 -0.539727
    outer loop
      vertex -1.83485 16.1175 58.9025
      vertex -2.32157 16.0117 59.3226
      vertex -2.01165 16.3216 59.3226
    endloop
  endfacet
  facet normal -0.595216 0.595385 -0.539662
    outer loop
      vertex -2.32157 16.0117 59.3226
      vertex -1.83485 16.1175 58.9025
      vertex -2.11753 15.8349 58.9025
    endloop
  endfacet
  facet normal -0.1152 0.529275 -0.840593
    outer loop
      vertex -0.238714 15.6603 57.9281
      vertex -0.472569 15.6094 57.9281
      vertex -0.298501 16.0761 58.1981
    endloop
  endfacet
  facet normal -0.0685057 0.957226 -0.281114
    outer loop
      vertex 0 17.2793 59.7769
      vertex -0.466696 17.2459 59.7769
      vertex 0 17.42 60.256
    endloop
  endfacet
  facet normal 0.92746 0.345931 0.141949
    outer loop
      vertex 3.1756 15.4502 61.2497
      vertex 3.11095 15.4207 61.744
      vertex 3.28148 14.9635 61.744
    endloop
  endfacet
  facet normal -0.839731 0.060053 0.539671
    outer loop
      vertex -2.77337 14.3988 63.0975
      vertex -3.04061 14.4372 62.6774
      vertex -2.80189 14 63.0975
    endloop
  endfacet
  facet normal 0.738888 -0.40344 0.539704
    outer loop
      vertex 2.79428 12.7239 62.6774
      vertex 2.54869 12.8361 63.0975
      vertex 2.58423 12.3392 62.6774
    endloop
  endfacet
  facet normal -0.88923 0.193483 0.414528
    outer loop
      vertex -2.94744 14.8654 62.6774
      vertex -3.14649 14.9239 62.2231
      vertex -3.04061 14.4372 62.6774
    endloop
  endfacet
  facet normal -0.92746 -0.345931 0.141949
    outer loop
      vertex -3.11095 12.5793 61.744
      vertex -3.28148 13.0365 61.744
      vertex -3.1756 12.5498 61.2497
    endloop
  endfacet
  facet normal -0.474374 -0.868799 0.141978
    outer loop
      vertex -1.849 11.1229 61.744
      vertex -1.88742 11.0631 61.2497
      vertex -1.45025 10.8244 61.2497
    endloop
  endfacet
  facet normal 0.362606 -0.664026 -0.653901
    outer loop
      vertex 1.51482 11.6429 58.9025
      vertex 1.16395 11.4513 58.9025
      vertex 1.33802 11.918 58.5251
    endloop
  endfacet
  facet normal 0.842319 -0.459903 -0.281048
    outer loop
      vertex 3.11095 12.5793 60.256
      vertex 2.8771 12.151 60.256
      vertex 2.98298 12.6377 59.7769
    endloop
  endfacet
  facet normal 0.0705944 -0.987343 -0.142019
    outer loop
      vertex 0.486718 10.6148 60.256
      vertex 0 10.5089 60.7503
      vertex 0 10.58 60.256
    endloop
  endfacet
  facet normal 0.84225 -0.459976 0.281137
    outer loop
      vertex 2.98298 12.6377 62.2231
      vertex 2.75874 12.2271 62.2231
      vertex 2.8771 12.151 61.744
    endloop
  endfacet
  facet normal 0.868802 -0.474384 0.141925
    outer loop
      vertex 3.1756 12.5498 61.2497
      vertex 2.8771 12.151 61.744
      vertex 2.93688 12.1126 61.2497
    endloop
  endfacet
  facet normal 0.460014 0.842218 0.281167
    outer loop
      vertex 1.849 16.8771 61.744
      vertex 1.36228 16.983 62.2231
      vertex 1.77294 16.7587 62.2231
    endloop
  endfacet
  facet normal -0.259592 0.475391 -0.840604
    outer loop
      vertex -0.906855 15.4111 57.9281
      vertex -1.13398 15.7645 58.1981
      vertex -0.696805 15.5258 57.9281
    endloop
  endfacet
  facet normal -0.179026 0.822665 0.539603
    outer loop
      vertex -0.437173 17.0406 62.6774
      vertex -0.865447 16.9474 62.6774
      vertex -0.789385 16.6884 63.0975
    endloop
  endfacet
  facet normal -0.822639 0.178955 0.539667
    outer loop
      vertex -2.6884 14.7894 63.0975
      vertex -3.04061 14.4372 62.6774
      vertex -2.77337 14.3988 63.0975
    endloop
  endfacet
  facet normal 0.98735 -0.070613 0.141965
    outer loop
      vertex 3.49108 14 61.2497
      vertex 3.3852 13.5133 61.744
      vertex 3.45555 13.5032 61.2497
    endloop
  endfacet
  facet normal 0.605721 0.453335 0.653904
    outer loop
      vertex 2.11753 15.8349 63.0975
      vertex 2.082 15.338 63.4749
      vertex 2.3571 15.5148 63.0975
    endloop
  endfacet
  facet normal -0.0707478 0.987354 -0.14187
    outer loop
      vertex -0.486718 17.3852 60.256
      vertex -0.496832 17.4555 60.7503
      vertex 0 17.4911 60.7503
    endloop
  endfacet
  facet normal 0.654122 0.0467856 -0.754941
    outer loop
      vertex 2.09747 14 58.1981
      vertex 2.07612 14.2985 58.1981
      vertex 2.47487 14 58.5251
    endloop
  endfacet
  facet normal -0.29421 -0.78884 0.539604
    outer loop
      vertex -0.789385 11.3116 63.0975
      vertex -1.16395 11.4513 63.0975
      vertex -0.865447 11.0526 62.6774
    endloop
  endfacet
  facet normal -0.403496 -0.738908 0.539634
    outer loop
      vertex -1.51482 11.6429 63.0975
      vertex -1.66078 11.4158 62.6774
      vertex -1.16395 11.4513 63.0975
    endloop
  endfacet
  facet normal 0.392955 0.525043 0.754927
    outer loop
      vertex 1.6207 15.8704 63.4749
      vertex 1.13398 15.7645 63.8019
      vertex 1.37355 15.5852 63.8019
    endloop
  endfacet
  facet normal -0.957234 -0.0684647 0.281096
    outer loop
      vertex -3.27932 14 62.2231
      vertex -3.42001 14 61.744
      vertex -3.24594 13.5333 62.2231
    endloop
  endfacet
  facet normal -0.264385 0.708844 0.653942
    outer loop
      vertex -0.697252 16.3746 63.4749
      vertex -1.16395 16.5487 63.0975
      vertex -1.0281 16.2512 63.4749
    endloop
  endfacet
  facet normal 0.738888 0.40344 0.539704
    outer loop
      vertex 2.58423 15.6608 62.6774
      vertex 2.54869 15.1639 63.0975
      vertex 2.79428 15.2761 62.6774
    endloop
  endfacet
  facet normal -0.977154 -0.212533 0
    outer loop
      vertex -3.34967 13.0164 60.7503
      vertex -3.45555 13.5032 61.2497
      vertex -3.45555 13.5032 60.7503
    endloop
  endfacet
  facet normal -0.977154 -0.212533 0
    outer loop
      vertex -3.45555 13.5032 61.2497
      vertex -3.34967 13.0164 60.7503
      vertex -3.34967 13.0164 61.2497
    endloop
  endfacet
  facet normal -0.738896 0.403434 -0.539697
    outer loop
      vertex -2.54869 15.1639 58.9025
      vertex -2.58423 15.6608 59.3226
      vertex -2.3571 15.5148 58.9025
    endloop
  endfacet
  facet normal -0.800578 -0.599229 0
    outer loop
      vertex -2.63838 11.7138 60.7503
      vertex -2.93688 12.1126 61.2497
      vertex -2.93688 12.1126 60.7503
    endloop
  endfacet
  facet normal -0.800578 -0.599229 0
    outer loop
      vertex -2.93688 12.1126 61.2497
      vertex -2.63838 11.7138 60.7503
      vertex -2.63838 11.7138 61.2497
    endloop
  endfacet
  facet normal -0.967247 -0.210409 0.14199
    outer loop
      vertex -3.28148 13.0365 61.744
      vertex -3.3852 13.5133 61.744
      vertex -3.34967 13.0164 61.2497
    endloop
  endfacet
  facet normal -0.0714708 -0.997443 0
    outer loop
      vertex -0.496832 10.5445 60.7503
      vertex 0 10.5089 61.2497
      vertex -0.496832 10.5445 61.2497
    endloop
  endfacet
  facet normal -0.0714708 -0.997443 -0
    outer loop
      vertex 0 10.5089 61.2497
      vertex -0.496832 10.5445 60.7503
      vertex 0 10.5089 60.7503
    endloop
  endfacet
  facet normal -0.0707478 -0.987354 0.14187
    outer loop
      vertex -0.486718 10.6148 61.744
      vertex -0.496832 10.5445 61.2497
      vertex 0 10.5089 61.2497
    endloop
  endfacet
  facet normal 0.605651 0.45337 -0.653944
    outer loop
      vertex 2.082 15.338 58.5251
      vertex 1.87038 15.6207 58.5251
      vertex 2.11753 15.8349 58.9025
    endloop
  endfacet
  facet normal 0.365133 -0.199337 -0.909364
    outer loop
      vertex 1.41109 13.0931 57.9281
      vertex 1.31343 13.3184 57.8395
      vertex 1.52579 13.3032 57.9281
    endloop
  endfacet
  facet normal 0.365415 -0.199184 -0.909284
    outer loop
      vertex 1.31343 13.3184 57.8395
      vertex 1.41109 13.0931 57.9281
      vertex 1.24819 13.1978 57.8397
    endloop
  endfacet
  facet normal 0.22918 0.614456 -0.754931
    outer loop
      vertex 1.0281 16.2512 58.5251
      vertex 0.590925 16.0125 58.1981
      vertex 0.697252 16.3746 58.5251
    endloop
  endfacet
  facet normal 0.937756 -0.20398 -0.28108
    outer loop
      vertex 3.28148 13.0365 60.256
      vertex 3.14649 13.0761 59.7769
      vertex 3.24594 13.5333 59.7769
    endloop
  endfacet
  facet normal -0.114274 -0.0855228 0.989761
    outer loop
      vertex -0.188701 13.8365 64.4911
      vertex -0.625875 13.5978 64.42
      vertex -0.562261 13.5128 64.42
    endloop
  endfacet
  facet normal 0.967247 -0.210409 0.14199
    outer loop
      vertex 3.3852 13.5133 61.744
      vertex 3.28148 13.0365 61.744
      vertex 3.34967 13.0164 61.2497
    endloop
  endfacet
  facet normal -0.169259 0.226065 0.959294
    outer loop
      vertex -0.661271 15.029 64.2793
      vertex -0.800976 14.9244 64.2793
      vertex -0.402225 14.6259 64.42
    endloop
  endfacet
  facet normal 0.822648 0.178996 0.539639
    outer loop
      vertex 2.94744 14.8654 62.6774
      vertex 2.6884 14.7894 63.0975
      vertex 3.04061 14.4372 62.6774
    endloop
  endfacet
  facet normal -0.365759 0.198974 -0.909192
    outer loop
      vertex -1.31921 14.7139 57.8489
      vertex -1.41109 14.9069 57.9281
      vertex -1.24975 14.8032 57.8405
    endloop
  endfacet
  facet normal -0.365134 0.201492 -0.908888
    outer loop
      vertex -1.52579 14.6968 57.9281
      vertex -1.31921 14.7139 57.8489
      vertex -1.3299 14.6828 57.8463
    endloop
  endfacet
  facet normal -0.365138 0.19934 -0.909361
    outer loop
      vertex -1.31921 14.7139 57.8489
      vertex -1.52579 14.6968 57.9281
      vertex -1.41109 14.9069 57.9281
    endloop
  endfacet
  facet normal 0.314247 0.575591 -0.754947
    outer loop
      vertex 1.13398 15.7645 58.1981
      vertex 0.871321 15.9079 58.1981
      vertex 1.0281 16.2512 58.5251
    endloop
  endfacet
  facet normal -0.798735 0.436117 0.414516
    outer loop
      vertex -2.58423 15.6608 62.6774
      vertex -2.98298 15.3623 62.2231
      vertex -2.79428 15.2761 62.6774
    endloop
  endfacet
  facet normal -0.0539387 0.754668 -0.653886
    outer loop
      vertex 0 16.4749 58.5251
      vertex -0.39875 16.7734 58.9025
      vertex 0 16.8019 58.9025
    endloop
  endfacet
  facet normal 0.199241 0.365252 -0.909337
    outer loop
      vertex 0.681839 15.3165 57.8408
      vertex 0.906855 15.4111 57.9281
      vertex 0.809968 15.2603 57.8463
    endloop
  endfacet
  facet normal 0.199344 0.365058 -0.909393
    outer loop
      vertex 0.906855 15.4111 57.9281
      vertex 0.681839 15.3165 57.8408
      vertex 0.696805 15.5258 57.9281
    endloop
  endfacet
  facet normal 0.504459 0.674027 -0.539639
    outer loop
      vertex 2.01165 16.3216 59.3226
      vertex 1.51482 16.3571 58.9025
      vertex 1.66078 16.5842 59.3226
    endloop
  endfacet
  facet normal 0.133737 0.0498589 0.989762
    outer loop
      vertex 0.676746 14.3091 64.42
      vertex 0.227123 14.1037 64.4911
      vertex 0.713841 14.2096 64.42
    endloop
  endfacet
  facet normal -0.0601206 0.839715 0.539689
    outer loop
      vertex 0 17.0719 62.6774
      vertex -0.437173 17.0406 62.6774
      vertex 0 16.8019 63.0975
    endloop
  endfacet
  facet normal 0.345887 0.927487 0.141877
    outer loop
      vertex 1.45025 17.1756 61.2497
      vertex 0.963529 17.2815 61.744
      vertex 1.42072 17.111 61.744
    endloop
  endfacet
  facet normal 0.868809 0.474366 0.141943
    outer loop
      vertex 3.1756 15.4502 61.2497
      vertex 2.8771 15.849 61.744
      vertex 3.11095 15.4207 61.744
    endloop
  endfacet
  facet normal 0.674015 0.504448 0.539663
    outer loop
      vertex 2.32157 16.0117 62.6774
      vertex 2.11753 15.8349 63.0975
      vertex 2.3571 15.5148 63.0975
    endloop
  endfacet
  facet normal 0.365322 0.199425 0.909269
    outer loop
      vertex 1.52579 14.6968 64.0719
      vertex 1.02896 14.6613 64.2793
      vertex 1.11259 14.5081 64.2793
    endloop
  endfacet
  facet normal 0.0601206 0.839715 -0.539689
    outer loop
      vertex 0.437173 17.0406 59.3226
      vertex 0 16.8019 58.9025
      vertex 0 17.0719 59.3226
    endloop
  endfacet
  facet normal 0.0685057 0.957226 -0.281114
    outer loop
      vertex 0.466696 17.2459 59.7769
      vertex 0 17.2793 59.7769
      vertex 0 17.42 60.256
    endloop
  endfacet
  facet normal -0.345887 -0.927487 -0.141877
    outer loop
      vertex -0.963529 10.7185 60.256
      vertex -1.45025 10.8244 60.7503
      vertex -1.42072 10.889 60.256
    endloop
  endfacet
  facet normal 0.754644 -0.0539735 0.653911
    outer loop
      vertex 2.47487 14 63.4749
      vertex 2.44968 13.6478 63.4749
      vertex 2.77337 13.6012 63.0975
    endloop
  endfacet
  facet normal 0.0600346 -0.275942 0.959297
    outer loop
      vertex 0.344594 12.8264 64.2793
      vertex 0.105879 13.2636 64.42
      vertex 0.174068 12.7893 64.2793
    endloop
  endfacet
  facet normal -0.98735 -0.0706178 0.14196
    outer loop
      vertex -3.42001 14 61.744
      vertex -3.49108 14 61.2497
      vertex -3.3852 13.5133 61.744
    endloop
  endfacet
  facet normal -0.614413 -0.229198 0.75496
    outer loop
      vertex -2.01251 13.4091 63.8019
      vertex -2.37462 13.3027 63.4749
      vertex -2.25122 12.9719 63.4749
    endloop
  endfacet
  facet normal -0.614413 0.229198 0.75496
    outer loop
      vertex -2.25122 15.0281 63.4749
      vertex -2.37462 14.6973 63.4749
      vertex -2.01251 14.5909 63.8019
    endloop
  endfacet
  facet normal -0.212413 0.97718 0
    outer loop
      vertex -0.496832 17.4555 60.7503
      vertex -0.983551 17.3497 61.2497
      vertex -0.496832 17.4555 61.2497
    endloop
  endfacet
  facet normal -0.212413 0.97718 0
    outer loop
      vertex -0.983551 17.3497 61.2497
      vertex -0.496832 17.4555 60.7503
      vertex -0.983551 17.3497 60.7503
    endloop
  endfacet
  facet normal -0.459984 0.842248 -0.28113
    outer loop
      vertex -1.36228 16.983 59.7769
      vertex -1.849 16.8771 60.256
      vertex -1.42072 17.111 60.256
    endloop
  endfacet
  facet normal -0.114274 0.0855228 0.989761
    outer loop
      vertex -0.562261 14.4872 64.42
      vertex -0.625875 14.4022 64.42
      vertex -0.188701 14.1635 64.4911
    endloop
  endfacet
  facet normal -0.281696 -0.020147 0.959292
    outer loop
      vertex -0.743979 14 64.42
      vertex -1.21067 13.8259 64.2793
      vertex -0.736405 13.8941 64.42
    endloop
  endfacet
  facet normal -0.98735 0.0706178 0.14196
    outer loop
      vertex -3.3852 14.4867 61.744
      vertex -3.49108 14 61.2497
      vertex -3.42001 14 61.744
    endloop
  endfacet
  facet normal -0.92743 -0.345987 0.14201
    outer loop
      vertex -3.28148 13.0365 61.744
      vertex -3.34967 13.0164 61.2497
      vertex -3.1756 12.5498 61.2497
    endloop
  endfacet
  facet normal 0.193345 -0.8893 -0.414443
    outer loop
      vertex 0.466696 10.7541 59.7769
      vertex 0.437173 10.9594 59.3226
      vertex 0.923892 10.8535 59.7769
    endloop
  endfacet
  facet normal -0.967258 -0.21038 0.141961
    outer loop
      vertex -3.3852 13.5133 61.744
      vertex -3.45555 13.5032 61.2497
      vertex -3.34967 13.0164 61.2497
    endloop
  endfacet
  facet normal 0.335329 -0.899176 -0.281134
    outer loop
      vertex 1.42072 10.889 60.256
      vertex 0.963529 10.7185 60.256
      vertex 1.36228 11.017 59.7769
    endloop
  endfacet
  facet normal -0.728575 -0.545362 -0.414437
    outer loop
      vertex -2.32157 11.9883 59.3226
      vertex -2.75874 12.2271 59.7769
      vertex -2.58423 12.3392 59.3226
    endloop
  endfacet
  facet normal 0.114274 0.0855228 0.989761
    outer loop
      vertex 0.562261 14.4872 64.42
      vertex 0.188701 14.1635 64.4911
      vertex 0.625875 14.4022 64.42
    endloop
  endfacet
  facet normal 0.0387321 -0.540261 0.840606
    outer loop
      vertex 0 12.3226 64.0719
      vertex 0 11.9025 63.8019
      vertex 0.298501 11.9239 63.8019
    endloop
  endfacet
  facet normal 0.0649918 -0.907753 0.414441
    outer loop
      vertex 0.437173 10.9594 62.6774
      vertex 0 10.9281 62.6774
      vertex 0.466696 10.7541 62.2231
    endloop
  endfacet
  facet normal -0.179026 -0.822665 0.539603
    outer loop
      vertex -0.789385 11.3116 63.0975
      vertex -0.865447 11.0526 62.6774
      vertex -0.437173 10.9594 62.6774
    endloop
  endfacet
  facet normal 0.640792 -0.139401 -0.754952
    outer loop
      vertex 2.37462 13.3027 58.5251
      vertex 2.01251 13.4091 58.1981
      vertex 2.07612 13.7015 58.1981
    endloop
  endfacet
  facet normal 0.463755 0.463718 -0.754915
    outer loop
      vertex 1.58516 15.3736 58.1981
      vertex 1.6207 15.8704 58.5251
      vertex 1.87038 15.6207 58.5251
    endloop
  endfacet
  facet normal 0.463711 0.463733 -0.754933
    outer loop
      vertex 1.6207 15.8704 58.5251
      vertex 1.58516 15.3736 58.1981
      vertex 1.37355 15.5852 58.1981
    endloop
  endfacet
  facet normal 0.88923 0.193483 0.414528
    outer loop
      vertex 3.14649 14.9239 62.2231
      vertex 2.94744 14.8654 62.6774
      vertex 3.04061 14.4372 62.6774
    endloop
  endfacet
  facet normal 0.792409 -0.593252 0.14192
    outer loop
      vertex 2.8771 12.151 61.744
      vertex 2.58467 11.7604 61.744
      vertex 2.93688 12.1126 61.2497
    endloop
  endfacet
  facet normal 0.314242 -0.575591 0.754948
    outer loop
      vertex 1.13398 12.2355 63.8019
      vertex 1.0281 11.7488 63.4749
      vertex 1.33802 11.918 63.4749
    endloop
  endfacet
  facet normal 0.654122 0.0467856 0.754941
    outer loop
      vertex 2.47487 14 63.4749
      vertex 2.07612 14.2985 63.8019
      vertex 2.09747 14 63.8019
    endloop
  endfacet
  facet normal 0.540266 0.0386357 0.840607
    outer loop
      vertex 2.07612 14.2985 63.8019
      vertex 1.6603 14.2387 64.0719
      vertex 1.67737 14 64.0719
    endloop
  endfacet
  facet normal -0.248937 0.333636 -0.90924
    outer loop
      vertex -0.977827 15.1285 57.844
      vertex -1.09844 15.2677 57.9281
      vertex -0.916681 15.1684 57.8419
    endloop
  endfacet
  facet normal -0.529277 -0.115141 -0.8406
    outer loop
      vertex -2.01251 13.4091 58.1981
      vertex -2.07612 13.7015 58.1981
      vertex -1.60943 13.5274 57.9281
    endloop
  endfacet
  facet normal -0.179026 0.822665 -0.539603
    outer loop
      vertex -0.789385 16.6884 58.9025
      vertex -0.865447 16.9474 59.3226
      vertex -0.437173 17.0406 59.3226
    endloop
  endfacet
  facet normal -0.115109 0.529256 -0.840618
    outer loop
      vertex -0.472569 15.6094 57.9281
      vertex -0.590925 16.0125 58.1981
      vertex -0.298501 16.0761 58.1981
    endloop
  endfacet
  facet normal -0.193505 0.889197 -0.41459
    outer loop
      vertex -0.865447 16.9474 59.3226
      vertex -0.923892 17.1465 59.7769
      vertex -0.437173 17.0406 59.3226
    endloop
  endfacet
  facet normal 0.0649659 0.907765 0.414419
    outer loop
      vertex 0 17.2793 62.2231
      vertex 0 17.0719 62.6774
      vertex 0.466696 17.2459 62.2231
    endloop
  endfacet
  facet normal 0.0539927 0.754636 -0.653918
    outer loop
      vertex 0.352211 16.4497 58.5251
      vertex 0 16.4749 58.5251
      vertex 0.39875 16.7734 58.9025
    endloop
  endfacet
  facet normal -0.314247 0.575591 -0.754947
    outer loop
      vertex -0.871321 15.9079 58.1981
      vertex -1.13398 15.7645 58.1981
      vertex -1.0281 16.2512 58.5251
    endloop
  endfacet
  facet normal 0.868809 0.474366 -0.141943
    outer loop
      vertex 3.11095 15.4207 60.256
      vertex 2.8771 15.849 60.256
      vertex 3.1756 15.4502 60.7503
    endloop
  endfacet
  facet normal 0.664047 -0.362601 -0.653882
    outer loop
      vertex 2.54869 12.8361 58.9025
      vertex 2.082 12.662 58.5251
      vertex 2.25122 12.9719 58.5251
    endloop
  endfacet
  facet normal 0.768305 0.57508 0.28105
    outer loop
      vertex 2.58467 16.2396 61.744
      vertex 2.47835 16.1475 62.2231
      vertex 2.75874 15.7729 62.2231
    endloop
  endfacet
  facet normal 0.249454 0.333174 0.909268
    outer loop
      vertex 1.09844 15.2677 64.0719
      vertex 0.661271 15.029 64.2793
      vertex 0.800976 14.9244 64.2793
    endloop
  endfacet
  facet normal 0.599277 0.800542 -0
    outer loop
      vertex 2.28617 16.6384 60.7503
      vertex 1.88742 16.9369 61.2497
      vertex 2.28617 16.6384 61.2497
    endloop
  endfacet
  facet normal 0.599277 0.800542 0
    outer loop
      vertex 1.88742 16.9369 61.2497
      vertex 2.28617 16.6384 60.7503
      vertex 1.88742 16.9369 60.7503
    endloop
  endfacet
  facet normal 0.907737 0.0649244 -0.414486
    outer loop
      vertex 3.07188 14 59.3226
      vertex 3.04061 14.4372 59.3226
      vertex 3.24594 14.4667 59.7769
    endloop
  endfacet
  facet normal 0.673958 0.504479 0.539705
    outer loop
      vertex 2.58423 15.6608 62.6774
      vertex 2.32157 16.0117 62.6774
      vertex 2.3571 15.5148 63.0975
    endloop
  endfacet
  facet normal 0.654122 -0.0467856 0.754941
    outer loop
      vertex 2.09747 14 63.8019
      vertex 2.07612 13.7015 63.8019
      vertex 2.47487 14 63.4749
    endloop
  endfacet
  facet normal 0.754644 0.0539735 0.653911
    outer loop
      vertex 2.77337 14.3988 63.0975
      vertex 2.44968 14.3522 63.4749
      vertex 2.47487 14 63.4749
    endloop
  endfacet
  facet normal 0.210366 0.967258 0.141976
    outer loop
      vertex 0.983551 17.3497 61.2497
      vertex 0.486718 17.3852 61.744
      vertex 0.963529 17.2815 61.744
    endloop
  endfacet
  facet normal 0.203882 0.937768 0.28111
    outer loop
      vertex 0.963529 17.2815 61.744
      vertex 0.466696 17.2459 62.2231
      vertex 0.923892 17.1465 62.2231
    endloop
  endfacet
  facet normal 0.575076 0.768269 0.281159
    outer loop
      vertex 1.849 16.8771 61.744
      vertex 1.77294 16.7587 62.2231
      vertex 2.23963 16.5847 61.744
    endloop
  endfacet
  facet normal -0.0601206 0.839715 -0.539689
    outer loop
      vertex 0 16.8019 58.9025
      vertex -0.437173 17.0406 59.3226
      vertex 0 17.0719 59.3226
    endloop
  endfacet
  facet normal 0.474374 0.868799 -0.141978
    outer loop
      vertex 1.849 16.8771 60.256
      vertex 1.45025 17.1756 60.7503
      vertex 1.88742 16.9369 60.7503
    endloop
  endfacet
  facet normal 0.436219 0.79869 -0.414497
    outer loop
      vertex 1.66078 16.5842 59.3226
      vertex 1.2761 16.7943 59.3226
      vertex 1.36228 16.983 59.7769
    endloop
  endfacet
  facet normal 0.229208 0.614426 -0.754946
    outer loop
      vertex 0.871321 15.9079 58.1981
      vertex 0.590925 16.0125 58.1981
      vertex 1.0281 16.2512 58.5251
    endloop
  endfacet
  facet normal -0.936925 0.34953 0
    outer loop
      vertex -3.34967 14.9836 60.7503
      vertex -3.1756 15.4502 61.2497
      vertex -3.1756 15.4502 60.7503
    endloop
  endfacet
  facet normal -0.936925 0.34953 0
    outer loop
      vertex -3.1756 15.4502 61.2497
      vertex -3.34967 14.9836 60.7503
      vertex -3.34967 14.9836 61.2497
    endloop
  endfacet
  facet normal -0.88923 -0.193483 0.414528
    outer loop
      vertex -3.04061 13.5628 62.6774
      vertex -3.14649 13.0761 62.2231
      vertex -2.94744 13.1346 62.6774
    endloop
  endfacet
  facet normal -0.868809 -0.474366 0.141943
    outer loop
      vertex -3.11095 12.5793 61.744
      vertex -3.1756 12.5498 61.2497
      vertex -2.8771 12.151 61.744
    endloop
  endfacet
  facet normal -0.899182 -0.335368 0.281071
    outer loop
      vertex -3.14649 13.0761 62.2231
      vertex -3.28148 13.0365 61.744
      vertex -2.98298 12.6377 62.2231
    endloop
  endfacet
  facet normal -0.98735 -0.070613 0.141965
    outer loop
      vertex -3.3852 13.5133 61.744
      vertex -3.49108 14 61.2497
      vertex -3.45555 13.5032 61.2497
    endloop
  endfacet
  facet normal 0.0297361 0.415112 0.909284
    outer loop
      vertex 0 15.6774 64.0719
      vertex 0 15.2231 64.2793
      vertex 0.238714 15.6603 64.0719
    endloop
  endfacet
  facet normal -0.507496 0.18928 0.840607
    outer loop
      vertex -1.90793 14.8713 63.8019
      vertex -2.01251 14.5909 63.8019
      vertex -1.52579 14.6968 64.0719
    endloop
  endfacet
  facet normal -0.957234 0.0684647 0.281096
    outer loop
      vertex -3.24594 14.4667 62.2231
      vertex -3.42001 14 61.744
      vertex -3.27932 14 62.2231
    endloop
  endfacet
  facet normal -0.907737 0.0649244 0.414486
    outer loop
      vertex -3.04061 14.4372 62.6774
      vertex -3.24594 14.4667 62.2231
      vertex -3.07188 14 62.6774
    endloop
  endfacet
  facet normal -0.98735 0.070613 0.141965
    outer loop
      vertex -3.45555 14.4968 61.2497
      vertex -3.49108 14 61.2497
      vertex -3.3852 14.4867 61.744
    endloop
  endfacet
  facet normal -0.93775 0.203992 0.281091
    outer loop
      vertex -3.28148 14.9635 61.744
      vertex -3.3852 14.4867 61.744
      vertex -3.24594 14.4667 62.2231
    endloop
  endfacet
  facet normal -0.345887 0.927487 -0.141877
    outer loop
      vertex -1.42072 17.111 60.256
      vertex -1.45025 17.1756 60.7503
      vertex -0.963529 17.2815 60.256
    endloop
  endfacet
  facet normal 0.247873 0.135311 0.959297
    outer loop
      vertex 1.02896 14.6613 64.2793
      vertex 0.625875 14.4022 64.42
      vertex 1.11259 14.5081 64.2793
    endloop
  endfacet
  facet normal -0.907737 0.0649245 0.414486
    outer loop
      vertex -3.24594 14.4667 62.2231
      vertex -3.27932 14 62.2231
      vertex -3.07188 14 62.6774
    endloop
  endfacet
  facet normal -0.889263 0.193432 0.414481
    outer loop
      vertex -3.14649 14.9239 62.2231
      vertex -3.24594 14.4667 62.2231
      vertex -3.04061 14.4372 62.6774
    endloop
  endfacet
  facet normal 0.754644 -0.0539735 -0.653911
    outer loop
      vertex 2.77337 13.6012 58.9025
      vertex 2.44968 13.6478 58.5251
      vertex 2.47487 14 58.5251
    endloop
  endfacet
  facet normal -0.203882 -0.937768 -0.28111
    outer loop
      vertex -0.466696 10.7541 59.7769
      vertex -0.963529 10.7185 60.256
      vertex -0.923892 10.8535 59.7769
    endloop
  endfacet
  facet normal 0.436219 -0.79869 -0.414497
    outer loop
      vertex 1.36228 11.017 59.7769
      vertex 1.2761 11.2057 59.3226
      vertex 1.66078 11.4158 59.3226
    endloop
  endfacet
  facet normal -0.453437 -0.605649 0.653899
    outer loop
      vertex -1.33802 11.918 63.4749
      vertex -1.83485 11.8825 63.0975
      vertex -1.51482 11.6429 63.0975
    endloop
  endfacet
  facet normal -0.0684401 -0.957213 0.281173
    outer loop
      vertex -0.466696 10.7541 62.2231
      vertex -0.486718 10.6148 61.744
      vertex 0 10.58 61.744
    endloop
  endfacet
  facet normal -0.460014 -0.842218 -0.281167
    outer loop
      vertex -1.36228 11.017 59.7769
      vertex -1.849 11.1229 60.256
      vertex -1.77294 11.2413 59.7769
    endloop
  endfacet
  facet normal -0.937756 -0.20398 -0.28108
    outer loop
      vertex -3.14649 13.0761 59.7769
      vertex -3.28148 13.0365 60.256
      vertex -3.24594 13.5333 59.7769
    endloop
  endfacet
  facet normal -0.822648 -0.178996 -0.539639
    outer loop
      vertex -2.94744 13.1346 59.3226
      vertex -3.04061 13.5628 59.3226
      vertex -2.6884 13.2106 58.9025
    endloop
  endfacet
  facet normal -0.899182 0.335368 -0.281071
    outer loop
      vertex -3.14649 14.9239 59.7769
      vertex -3.28148 14.9635 60.256
      vertex -2.98298 15.3623 59.7769
    endloop
  endfacet
  facet normal -0.605651 -0.45337 0.653944
    outer loop
      vertex -2.082 12.662 63.4749
      vertex -2.11753 12.1651 63.0975
      vertex -1.87038 12.3793 63.4749
    endloop
  endfacet
  facet normal -0.317896 -0.852677 0.414588
    outer loop
      vertex -0.865447 11.0526 62.6774
      vertex -1.2761 11.2057 62.6774
      vertex -0.923892 10.8535 62.2231
    endloop
  endfacet
  facet normal -0.654121 -0.046784 0.754941
    outer loop
      vertex -2.07612 13.7015 63.8019
      vertex -2.47487 14 63.4749
      vertex -2.44968 13.6478 63.4749
    endloop
  endfacet
  facet normal -0.475409 -0.259548 0.840607
    outer loop
      vertex -1.52579 13.3032 64.0719
      vertex -1.90793 13.1287 63.8019
      vertex -1.76451 12.866 63.8019
    endloop
  endfacet
  facet normal -0.525012 -0.393007 0.754922
    outer loop
      vertex -1.76451 12.866 63.8019
      vertex -2.082 12.662 63.4749
      vertex -1.87038 12.3793 63.4749
    endloop
  endfacet
  facet normal 0.545411 -0.728563 0.414395
    outer loop
      vertex 2.01165 11.6784 62.6774
      vertex 1.77294 11.2413 62.2231
      vertex 2.1475 11.5217 62.2231
    endloop
  endfacet
  facet normal 0.459984 -0.842248 -0.28113
    outer loop
      vertex 1.42072 10.889 60.256
      vertex 1.36228 11.017 59.7769
      vertex 1.849 11.1229 60.256
    endloop
  endfacet
  facet normal 0.673958 -0.504479 0.539705
    outer loop
      vertex 2.3571 12.4852 63.0975
      vertex 2.32157 11.9883 62.6774
      vertex 2.58423 12.3392 62.6774
    endloop
  endfacet
  facet normal 0.768223 -0.575145 -0.281143
    outer loop
      vertex 2.8771 12.151 60.256
      vertex 2.58467 11.7604 60.256
      vertex 2.75874 12.2271 59.7769
    endloop
  endfacet
  facet normal 0.678555 -0.678658 -0.281044
    outer loop
      vertex 2.58467 11.7604 60.256
      vertex 2.1475 11.5217 59.7769
      vertex 2.47835 11.8525 59.7769
    endloop
  endfacet
  facet normal 0.678636 -0.678518 -0.281188
    outer loop
      vertex 2.1475 11.5217 59.7769
      vertex 2.58467 11.7604 60.256
      vertex 2.23963 11.4153 60.256
    endloop
  endfacet
  facet normal 0.674015 -0.504448 -0.539663
    outer loop
      vertex 2.32157 11.9883 59.3226
      vertex 2.11753 12.1651 58.9025
      vertex 2.3571 12.4852 58.9025
    endloop
  endfacet
  facet normal 0.673958 -0.504479 -0.539705
    outer loop
      vertex 2.58423 12.3392 59.3226
      vertex 2.32157 11.9883 59.3226
      vertex 2.3571 12.4852 58.9025
    endloop
  endfacet
  facet normal 0.575589 -0.314299 -0.754926
    outer loop
      vertex 2.082 12.662 58.5251
      vertex 1.76451 12.866 58.1981
      vertex 2.25122 12.9719 58.5251
    endloop
  endfacet
  facet normal 0.936925 0.34953 0
    outer loop
      vertex 3.34967 14.9836 61.2497
      vertex 3.1756 15.4502 60.7503
      vertex 3.1756 15.4502 61.2497
    endloop
  endfacet
  facet normal 0.936925 0.34953 0
    outer loop
      vertex 3.1756 15.4502 60.7503
      vertex 3.34967 14.9836 61.2497
      vertex 3.34967 14.9836 60.7503
    endloop
  endfacet
  facet normal 0.614413 -0.229198 -0.75496
    outer loop
      vertex 2.25122 12.9719 58.5251
      vertex 2.01251 13.4091 58.1981
      vertex 2.37462 13.3027 58.5251
    endloop
  endfacet
  facet normal 0.98735 0.0706178 0.14196
    outer loop
      vertex 3.49108 14 61.2497
      vertex 3.3852 14.4867 61.744
      vertex 3.42001 14 61.744
    endloop
  endfacet
  facet normal 0.957234 0.0684647 0.281096
    outer loop
      vertex 3.42001 14 61.744
      vertex 3.24594 14.4667 62.2231
      vertex 3.27932 14 62.2231
    endloop
  endfacet
  facet normal 0.453405 -0.605712 0.653863
    outer loop
      vertex 1.6207 12.1296 63.4749
      vertex 1.33802 11.918 63.4749
      vertex 1.83485 11.8825 63.0975
    endloop
  endfacet
  facet normal 0.907737 0.0649245 0.414486
    outer loop
      vertex 3.24594 14.4667 62.2231
      vertex 3.07188 14 62.6774
      vertex 3.27932 14 62.2231
    endloop
  endfacet
  facet normal 0.392955 -0.525043 0.754927
    outer loop
      vertex 1.37355 12.4148 63.8019
      vertex 1.13398 12.2355 63.8019
      vertex 1.6207 12.1296 63.4749
    endloop
  endfacet
  facet normal -0.229208 -0.614426 0.754946
    outer loop
      vertex -0.871321 12.0921 63.8019
      vertex -1.0281 11.7488 63.4749
      vertex -0.590925 11.9875 63.8019
    endloop
  endfacet
  facet normal 0.739278 -0.160795 0.653921
    outer loop
      vertex 2.44968 13.6478 63.4749
      vertex 2.37462 13.3027 63.4749
      vertex 2.77337 13.6012 63.0975
    endloop
  endfacet
  facet normal 0.839731 -0.060053 0.539671
    outer loop
      vertex 2.80189 14 63.0975
      vertex 2.77337 13.6012 63.0975
      vertex 3.04061 13.5628 62.6774
    endloop
  endfacet
  facet normal -0.0297361 -0.415112 0.909284
    outer loop
      vertex 0 12.7769 64.2793
      vertex -0.238714 12.3397 64.0719
      vertex 0 12.3226 64.0719
    endloop
  endfacet
  facet normal 0.788796 0.294161 0.539694
    outer loop
      vertex 2.79428 15.2761 62.6774
      vertex 2.54869 15.1639 63.0975
      vertex 2.94744 14.8654 62.6774
    endloop
  endfacet
  facet normal 0.145408 0.39002 0.909253
    outer loop
      vertex 0.472569 15.6094 64.0719
      vertex 0.344594 15.1736 64.2793
      vertex 0.696805 15.5258 64.0719
    endloop
  endfacet
  facet normal 0.529277 0.115141 0.8406
    outer loop
      vertex 2.01251 14.5909 63.8019
      vertex 1.60943 14.4726 64.0719
      vertex 2.07612 14.2985 63.8019
    endloop
  endfacet
  facet normal 0.540263 0.0386419 0.840609
    outer loop
      vertex 2.07612 14.2985 63.8019
      vertex 1.67737 14 64.0719
      vertex 2.09747 14 63.8019
    endloop
  endfacet
  facet normal 0.575589 0.314299 0.754926
    outer loop
      vertex 2.082 15.338 63.4749
      vertex 1.76451 15.134 63.8019
      vertex 2.25122 15.0281 63.4749
    endloop
  endfacet
  facet normal -0.453405 0.605712 -0.653863
    outer loop
      vertex -1.6207 15.8704 58.5251
      vertex -1.83485 16.1175 58.9025
      vertex -1.33802 16.082 58.5251
    endloop
  endfacet
  facet normal -0.199284 0.365373 -0.909279
    outer loop
      vertex -0.906855 15.4111 57.9281
      vertex -0.682202 15.3216 57.8429
      vertex -0.799923 15.2447 57.8378
    endloop
  endfacet
  facet normal -0.199396 0.365153 -0.909343
    outer loop
      vertex -0.682202 15.3216 57.8429
      vertex -0.906855 15.4111 57.9281
      vertex -0.696805 15.5258 57.9281
    endloop
  endfacet
  facet normal 0.0539387 0.754668 -0.653886
    outer loop
      vertex 0.39875 16.7734 58.9025
      vertex 0 16.4749 58.5251
      vertex 0 16.8019 58.9025
    endloop
  endfacet
  facet normal -0.264378 0.708852 -0.653937
    outer loop
      vertex -0.697252 16.3746 58.5251
      vertex -1.16395 16.5487 58.9025
      vertex -0.789385 16.6884 58.9025
    endloop
  endfacet
  facet normal 0.0468948 0.654119 -0.754937
    outer loop
      vertex 0.298501 16.0761 58.1981
      vertex 0 16.0975 58.1981
      vertex 0 16.4749 58.5251
    endloop
  endfacet
  facet normal -0.210366 0.967258 0.141976
    outer loop
      vertex -0.486718 17.3852 61.744
      vertex -0.983551 17.3497 61.2497
      vertex -0.963529 17.2815 61.744
    endloop
  endfacet
  facet normal -0.868802 0.474384 -0.141925
    outer loop
      vertex -2.8771 15.849 60.256
      vertex -3.1756 15.4502 60.7503
      vertex -2.93688 15.8874 60.7503
    endloop
  endfacet
  facet normal -0.22918 0.614456 -0.754931
    outer loop
      vertex -0.590925 16.0125 58.1981
      vertex -1.0281 16.2512 58.5251
      vertex -0.697252 16.3746 58.5251
    endloop
  endfacet
  facet normal 0.115109 0.529256 -0.840618
    outer loop
      vertex 0.472569 15.6094 57.9281
      vertex 0.298501 16.0761 58.1981
      vertex 0.590925 16.0125 58.1981
    endloop
  endfacet
  facet normal 0.0296734 0.415042 -0.909318
    outer loop
      vertex 0 15.6774 57.9281
      vertex 0.136602 15.4733 57.8394
      vertex 0 15.4846 57.8401
    endloop
  endfacet
  facet normal 0.0297334 0.415074 -0.909301
    outer loop
      vertex 0.136602 15.4733 57.8394
      vertex 0 15.6774 57.9281
      vertex 0.238714 15.6603 57.9281
    endloop
  endfacet
  facet normal -0.0468948 0.654119 0.754937
    outer loop
      vertex 0 16.4749 63.4749
      vertex -0.298501 16.0761 63.8019
      vertex 0 16.0975 63.8019
    endloop
  endfacet
  facet normal -0.193345 0.8893 0.414443
    outer loop
      vertex -0.466696 17.2459 62.2231
      vertex -0.923892 17.1465 62.2231
      vertex -0.437173 17.0406 62.6774
    endloop
  endfacet
  facet normal 0.545411 0.728563 0.414395
    outer loop
      vertex 2.1475 16.4783 62.2231
      vertex 1.77294 16.7587 62.2231
      vertex 2.01165 16.3216 62.6774
    endloop
  endfacet
  facet normal 0.474465 0.868764 0.141884
    outer loop
      vertex 1.45025 17.1756 61.2497
      vertex 1.42072 17.111 61.744
      vertex 1.849 16.8771 61.744
    endloop
  endfacet
  facet normal 0.0685057 0.957226 0.281114
    outer loop
      vertex 0 17.42 61.744
      vertex 0 17.2793 62.2231
      vertex 0.466696 17.2459 62.2231
    endloop
  endfacet
  facet normal 0.403538 0.738853 0.539679
    outer loop
      vertex 1.2761 16.7943 62.6774
      vertex 1.16395 16.5487 63.0975
      vertex 1.66078 16.5842 62.6774
    endloop
  endfacet
  facet normal 0.93775 0.203992 0.281091
    outer loop
      vertex 3.28148 14.9635 61.744
      vertex 3.24594 14.4667 62.2231
      vertex 3.3852 14.4867 61.744
    endloop
  endfacet
  facet normal 0.877687 0.479235 0
    outer loop
      vertex 3.1756 15.4502 61.2497
      vertex 2.93688 15.8874 60.7503
      vertex 2.93688 15.8874 61.2497
    endloop
  endfacet
  facet normal 0.877687 0.479235 0
    outer loop
      vertex 2.93688 15.8874 60.7503
      vertex 3.1756 15.4502 61.2497
      vertex 3.1756 15.4502 60.7503
    endloop
  endfacet
  facet normal 0.798735 0.436117 0.414516
    outer loop
      vertex 2.98298 15.3623 62.2231
      vertex 2.58423 15.6608 62.6774
      vertex 2.79428 15.2761 62.6774
    endloop
  endfacet
  facet normal 0.754647 0.0539682 0.653908
    outer loop
      vertex 2.77337 14.3988 63.0975
      vertex 2.47487 14 63.4749
      vertex 2.80189 14 63.0975
    endloop
  endfacet
  facet normal 0.899182 -0.335368 0.281071
    outer loop
      vertex 3.14649 13.0761 62.2231
      vertex 2.98298 12.6377 62.2231
      vertex 3.28148 13.0365 61.744
    endloop
  endfacet
  facet normal 0.738896 0.403434 0.539697
    outer loop
      vertex 2.58423 15.6608 62.6774
      vertex 2.3571 15.5148 63.0975
      vertex 2.54869 15.1639 63.0975
    endloop
  endfacet
  facet normal 0.708861 0.264446 0.6539
    outer loop
      vertex 2.54869 15.1639 63.0975
      vertex 2.37462 14.6973 63.4749
      vertex 2.6884 14.7894 63.0975
    endloop
  endfacet
  facet normal 0.0649659 0.907765 -0.414419
    outer loop
      vertex 0.466696 17.2459 59.7769
      vertex 0 17.0719 59.3226
      vertex 0 17.2793 59.7769
    endloop
  endfacet
  facet normal 0.0707478 0.987354 0.14187
    outer loop
      vertex 0.496832 17.4555 61.2497
      vertex 0 17.4911 61.2497
      vertex 0.486718 17.3852 61.744
    endloop
  endfacet
  facet normal 0.792409 0.593252 0.14192
    outer loop
      vertex 2.93688 15.8874 61.2497
      vertex 2.58467 16.2396 61.744
      vertex 2.8771 15.849 61.744
    endloop
  endfacet
  facet normal 0.868802 0.474384 -0.141925
    outer loop
      vertex 3.1756 15.4502 60.7503
      vertex 2.8771 15.849 60.256
      vertex 2.93688 15.8874 60.7503
    endloop
  endfacet
  facet normal -0.210265 0.967296 -0.141872
    outer loop
      vertex -0.486718 17.3852 60.256
      vertex -0.983551 17.3497 60.7503
      vertex -0.496832 17.4555 60.7503
    endloop
  endfacet
  facet normal -0.792462 0.593154 0.142027
    outer loop
      vertex -2.63838 16.2862 61.2497
      vertex -2.93688 15.8874 61.2497
      vertex -2.58467 16.2396 61.744
    endloop
  endfacet
  facet normal 0.345887 0.927487 -0.141877
    outer loop
      vertex 1.42072 17.111 60.256
      vertex 0.963529 17.2815 60.256
      vertex 1.45025 17.1756 60.7503
    endloop
  endfacet
  facet normal 0.474465 0.868764 -0.141884
    outer loop
      vertex 1.849 16.8771 60.256
      vertex 1.42072 17.111 60.256
      vertex 1.45025 17.1756 60.7503
    endloop
  endfacet
  facet normal -0.335354 0.899174 -0.281112
    outer loop
      vertex -0.923892 17.1465 59.7769
      vertex -1.36228 16.983 59.7769
      vertex -0.963529 17.2815 60.256
    endloop
  endfacet
  facet normal 0.335329 0.899176 -0.281134
    outer loop
      vertex 1.36228 16.983 59.7769
      vertex 0.963529 17.2815 60.256
      vertex 1.42072 17.111 60.256
    endloop
  endfacet
  facet normal 0.595252 0.59529 -0.539727
    outer loop
      vertex 2.32157 16.0117 59.3226
      vertex 1.83485 16.1175 58.9025
      vertex 2.01165 16.3216 59.3226
    endloop
  endfacet
  facet normal 0.595216 0.595385 -0.539662
    outer loop
      vertex 1.83485 16.1175 58.9025
      vertex 2.32157 16.0117 59.3226
      vertex 2.11753 15.8349 58.9025
    endloop
  endfacet
  facet normal 0.674015 0.504448 -0.539663
    outer loop
      vertex 2.3571 15.5148 58.9025
      vertex 2.11753 15.8349 58.9025
      vertex 2.32157 16.0117 59.3226
    endloop
  endfacet
  facet normal -0.93775 -0.203992 0.281091
    outer loop
      vertex -3.24594 13.5333 62.2231
      vertex -3.3852 13.5133 61.744
      vertex -3.28148 13.0365 61.744
    endloop
  endfacet
  facet normal -0.957234 -0.0684638 0.281097
    outer loop
      vertex -3.24594 13.5333 62.2231
      vertex -3.42001 14 61.744
      vertex -3.3852 13.5133 61.744
    endloop
  endfacet
  facet normal -0.936925 -0.34953 0
    outer loop
      vertex -3.1756 12.5498 60.7503
      vertex -3.34967 13.0164 61.2497
      vertex -3.34967 13.0164 60.7503
    endloop
  endfacet
  facet normal -0.936925 -0.34953 0
    outer loop
      vertex -3.34967 13.0164 61.2497
      vertex -3.1756 12.5498 60.7503
      vertex -3.1756 12.5498 61.2497
    endloop
  endfacet
  facet normal -0.877687 -0.479235 0
    outer loop
      vertex -2.93688 12.1126 60.7503
      vertex -3.1756 12.5498 61.2497
      vertex -3.1756 12.5498 60.7503
    endloop
  endfacet
  facet normal -0.877687 -0.479235 0
    outer loop
      vertex -3.1756 12.5498 61.2497
      vertex -2.93688 12.1126 60.7503
      vertex -2.93688 12.1126 61.2497
    endloop
  endfacet
  facet normal -0.415151 -0.0296877 0.909268
    outer loop
      vertex -1.22312 14 64.2793
      vertex -1.6603 13.7613 64.0719
      vertex -1.21067 13.8259 64.2793
    endloop
  endfacet
  facet normal -0.614445 0.229168 0.754943
    outer loop
      vertex -1.90793 14.8713 63.8019
      vertex -2.25122 15.0281 63.4749
      vertex -2.01251 14.5909 63.8019
    endloop
  endfacet
  facet normal -0.226099 0.169213 0.959295
    outer loop
      vertex -0.562261 14.4872 64.42
      vertex -0.924376 14.801 64.2793
      vertex -0.625875 14.4022 64.42
    endloop
  endfacet
  facet normal -0.22918 0.614456 0.754931
    outer loop
      vertex -0.697252 16.3746 63.4749
      vertex -1.0281 16.2512 63.4749
      vertex -0.590925 16.0125 63.8019
    endloop
  endfacet
  facet normal -0.822648 0.178996 0.539639
    outer loop
      vertex -2.94744 14.8654 62.6774
      vertex -3.04061 14.4372 62.6774
      vertex -2.6884 14.7894 63.0975
    endloop
  endfacet
  facet normal -0.475409 0.259548 0.840607
    outer loop
      vertex -1.76451 15.134 63.8019
      vertex -1.90793 14.8713 63.8019
      vertex -1.52579 14.6968 64.0719
    endloop
  endfacet
  facet normal -0.84225 0.459976 -0.281137
    outer loop
      vertex -2.75874 15.7729 59.7769
      vertex -2.98298 15.3623 59.7769
      vertex -2.8771 15.849 60.256
    endloop
  endfacet
  facet normal -0.540263 -0.0386419 -0.840609
    outer loop
      vertex -2.07612 13.7015 58.1981
      vertex -2.09747 14 58.1981
      vertex -1.67737 14 57.9281
    endloop
  endfacet
  facet normal -0.281697 0.0201443 0.959292
    outer loop
      vertex -1.21067 14.1741 64.2793
      vertex -1.22312 14 64.2793
      vertex -0.743979 14 64.42
    endloop
  endfacet
  facet normal -0.907737 -0.0649245 0.414486
    outer loop
      vertex -3.07188 14 62.6774
      vertex -3.27932 14 62.2231
      vertex -3.24594 13.5333 62.2231
    endloop
  endfacet
  facet normal -0.907737 -0.0649244 0.414486
    outer loop
      vertex -3.07188 14 62.6774
      vertex -3.24594 13.5333 62.2231
      vertex -3.04061 13.5628 62.6774
    endloop
  endfacet
  facet normal -0.937756 0.20398 0.28108
    outer loop
      vertex -3.14649 14.9239 62.2231
      vertex -3.28148 14.9635 61.744
      vertex -3.24594 14.4667 62.2231
    endloop
  endfacet
  facet normal -0.957234 0.0684638 0.281097
    outer loop
      vertex -3.3852 14.4867 61.744
      vertex -3.42001 14 61.744
      vertex -3.24594 14.4667 62.2231
    endloop
  endfacet
  facet normal 0.0539387 -0.754668 -0.653886
    outer loop
      vertex 0.39875 11.2266 58.9025
      vertex 0 11.1981 58.9025
      vertex 0 11.5251 58.5251
    endloop
  endfacet
  facet normal 0.525012 -0.393007 -0.754922
    outer loop
      vertex 1.87038 12.3793 58.5251
      vertex 1.76451 12.866 58.1981
      vertex 2.082 12.662 58.5251
    endloop
  endfacet
  facet normal 0.318012 -0.852678 -0.414498
    outer loop
      vertex 1.36228 11.017 59.7769
      vertex 0.923892 10.8535 59.7769
      vertex 1.2761 11.2057 59.3226
    endloop
  endfacet
  facet normal 0.212413 -0.97718 0
    outer loop
      vertex 0.496832 10.5445 60.7503
      vertex 0.983551 10.6503 61.2497
      vertex 0.496832 10.5445 61.2497
    endloop
  endfacet
  facet normal 0.212413 -0.97718 0
    outer loop
      vertex 0.983551 10.6503 61.2497
      vertex 0.496832 10.5445 60.7503
      vertex 0.983551 10.6503 60.7503
    endloop
  endfacet
  facet normal 0.160856 -0.739249 -0.653939
    outer loop
      vertex 0.789385 11.3116 58.9025
      vertex 0.39875 11.2266 58.9025
      vertex 0.697252 11.6254 58.5251
    endloop
  endfacet
  facet normal 0.0887627 -0.406587 -0.90929
    outer loop
      vertex 0.238714 12.3397 57.9281
      vertex 0.210941 12.5329 57.839
      vertex 0.282016 12.5388 57.8433
    endloop
  endfacet
  facet normal -0.852669 -0.317981 -0.41454
    outer loop
      vertex -2.79428 12.7239 59.3226
      vertex -3.14649 13.0761 59.7769
      vertex -2.94744 13.1346 59.3226
    endloop
  endfacet
  facet normal -0.345977 -0.927439 0.141975
    outer loop
      vertex -0.963529 10.7185 61.744
      vertex -1.45025 10.8244 61.2497
      vertex -0.983551 10.6503 61.2497
    endloop
  endfacet
  facet normal 0.210265 -0.967296 0.141872
    outer loop
      vertex 0.983551 10.6503 61.2497
      vertex 0.486718 10.6148 61.744
      vertex 0.496832 10.5445 61.2497
    endloop
  endfacet
  facet normal -0.678555 -0.678658 -0.281044
    outer loop
      vertex -2.1475 11.5217 59.7769
      vertex -2.58467 11.7604 60.256
      vertex -2.47835 11.8525 59.7769
    endloop
  endfacet
  facet normal -0.678636 -0.678518 -0.281188
    outer loop
      vertex -2.58467 11.7604 60.256
      vertex -2.1475 11.5217 59.7769
      vertex -2.23963 11.4153 60.256
    endloop
  endfacet
  facet normal -0.345977 -0.927439 -0.141975
    outer loop
      vertex -0.983551 10.6503 60.7503
      vertex -1.45025 10.8244 60.7503
      vertex -0.963529 10.7185 60.256
    endloop
  endfacet
  facet normal -0.768223 -0.575145 -0.281143
    outer loop
      vertex -2.58467 11.7604 60.256
      vertex -2.8771 12.151 60.256
      vertex -2.75874 12.2271 59.7769
    endloop
  endfacet
  facet normal -0.390032 0.145501 -0.909233
    outer loop
      vertex -1.37638 14.5474 57.8401
      vertex -1.52579 14.6968 57.9281
      vertex -1.35229 14.6176 57.841
    endloop
  endfacet
  facet normal -0.575106 -0.76823 -0.281203
    outer loop
      vertex -1.77294 11.2413 59.7769
      vertex -2.23963 11.4153 60.256
      vertex -2.1475 11.5217 59.7769
    endloop
  endfacet
  facet normal -0.997452 -0.0713355 0
    outer loop
      vertex -3.45555 13.5032 60.7503
      vertex -3.49108 14 61.2497
      vertex -3.49108 14 60.7503
    endloop
  endfacet
  facet normal -0.997452 -0.0713355 0
    outer loop
      vertex -3.49108 14 61.2497
      vertex -3.45555 13.5032 60.7503
      vertex -3.45555 13.5032 61.2497
    endloop
  endfacet
  facet normal -0.997452 0.0713355 0
    outer loop
      vertex -3.49108 14 60.7503
      vertex -3.45555 14.4968 61.2497
      vertex -3.45555 14.4968 60.7503
    endloop
  endfacet
  facet normal -0.997452 0.0713355 0
    outer loop
      vertex -3.45555 14.4968 61.2497
      vertex -3.49108 14 60.7503
      vertex -3.49108 14 61.2497
    endloop
  endfacet
  facet normal -0.392982 -0.524991 -0.75495
    outer loop
      vertex -1.33802 11.918 58.5251
      vertex -1.6207 12.1296 58.5251
      vertex -1.13398 12.2355 58.1981
    endloop
  endfacet
  facet normal -0.792462 -0.593154 0.142027
    outer loop
      vertex -2.58467 11.7604 61.744
      vertex -2.93688 12.1126 61.2497
      vertex -2.63838 11.7138 61.2497
    endloop
  endfacet
  facet normal -0.664048 -0.362568 0.653899
    outer loop
      vertex -2.082 12.662 63.4749
      vertex -2.54869 12.8361 63.0975
      vertex -2.3571 12.4852 63.0975
    endloop
  endfacet
  facet normal -0.459984 -0.842248 0.28113
    outer loop
      vertex -1.36228 11.017 62.2231
      vertex -1.849 11.1229 61.744
      vertex -1.42072 10.889 61.744
    endloop
  endfacet
  facet normal -0.210265 -0.967296 0.141872
    outer loop
      vertex -0.486718 10.6148 61.744
      vertex -0.983551 10.6503 61.2497
      vertex -0.496832 10.5445 61.2497
    endloop
  endfacet
  facet normal -0.436219 -0.79869 0.414497
    outer loop
      vertex -1.2761 11.2057 62.6774
      vertex -1.66078 11.4158 62.6774
      vertex -1.36228 11.017 62.2231
    endloop
  endfacet
  facet normal -0.139467 -0.0303466 0.989762
    outer loop
      vertex -0.247146 13.9645 64.4911
      vertex -0.736405 13.8941 64.42
      vertex -0.713841 13.7904 64.42
    endloop
  endfacet
  facet normal -0.14548 -0.389957 0.909269
    outer loop
      vertex -0.508104 12.8874 64.2793
      vertex -0.696805 12.4742 64.0719
      vertex -0.344594 12.8264 64.2793
    endloop
  endfacet
  facet normal -0.27596 -0.0600315 0.959293
    outer loop
      vertex -0.736405 13.8941 64.42
      vertex -1.21067 13.8259 64.2793
      vertex -1.17358 13.6554 64.2793
    endloop
  endfacet
  facet normal -0.507496 -0.18928 0.840607
    outer loop
      vertex -1.52579 13.3032 64.0719
      vertex -2.01251 13.4091 63.8019
      vertex -1.90793 13.1287 63.8019
    endloop
  endfacet
  facet normal -0.654122 -0.0467856 0.754941
    outer loop
      vertex -2.09747 14 63.8019
      vertex -2.47487 14 63.4749
      vertex -2.07612 13.7015 63.8019
    endloop
  endfacet
  facet normal -0.754647 -0.0539682 0.653908
    outer loop
      vertex -2.47487 14 63.4749
      vertex -2.80189 14 63.0975
      vertex -2.77337 13.6012 63.0975
    endloop
  endfacet
  facet normal -0.889263 -0.193432 0.414481
    outer loop
      vertex -3.04061 13.5628 62.6774
      vertex -3.24594 13.5333 62.2231
      vertex -3.14649 13.0761 62.2231
    endloop
  endfacet
  facet normal -0.614445 -0.229168 0.754943
    outer loop
      vertex -2.01251 13.4091 63.8019
      vertex -2.25122 12.9719 63.4749
      vertex -1.90793 13.1287 63.8019
    endloop
  endfacet
  facet normal 0.345977 -0.927439 0.141975
    outer loop
      vertex 1.45025 10.8244 61.2497
      vertex 0.963529 10.7185 61.744
      vertex 0.983551 10.6503 61.2497
    endloop
  endfacet
  facet normal 0.599277 -0.800542 0
    outer loop
      vertex 1.88742 11.0631 60.7503
      vertex 2.28617 11.3616 61.2497
      vertex 1.88742 11.0631 61.2497
    endloop
  endfacet
  facet normal 0.599277 -0.800542 0
    outer loop
      vertex 2.28617 11.3616 61.2497
      vertex 1.88742 11.0631 60.7503
      vertex 2.28617 11.3616 60.7503
    endloop
  endfacet
  facet normal 0.595216 -0.595385 -0.539662
    outer loop
      vertex 2.32157 11.9883 59.3226
      vertex 1.83485 11.8825 58.9025
      vertex 2.11753 12.1651 58.9025
    endloop
  endfacet
  facet normal 0.595252 -0.59529 -0.539727
    outer loop
      vertex 1.83485 11.8825 58.9025
      vertex 2.32157 11.9883 59.3226
      vertex 2.01165 11.6784 59.3226
    endloop
  endfacet
  facet normal 0.728575 -0.545362 -0.414437
    outer loop
      vertex 2.75874 12.2271 59.7769
      vertex 2.32157 11.9883 59.3226
      vertex 2.58423 12.3392 59.3226
    endloop
  endfacet
  facet normal 0.98735 -0.070613 -0.141965
    outer loop
      vertex 3.45555 13.5032 60.7503
      vertex 3.3852 13.5133 60.256
      vertex 3.49108 14 60.7503
    endloop
  endfacet
  facet normal 0.264378 -0.708852 -0.653937
    outer loop
      vertex 0.789385 11.3116 58.9025
      vertex 0.697252 11.6254 58.5251
      vertex 1.16395 11.4513 58.9025
    endloop
  endfacet
  facet normal 0.605721 -0.453335 -0.653904
    outer loop
      vertex 2.11753 12.1651 58.9025
      vertex 2.082 12.662 58.5251
      vertex 2.3571 12.4852 58.9025
    endloop
  endfacet
  facet normal 0.852669 -0.317981 -0.41454
    outer loop
      vertex 3.14649 13.0761 59.7769
      vertex 2.79428 12.7239 59.3226
      vertex 2.94744 13.1346 59.3226
    endloop
  endfacet
  facet normal 0.664048 -0.362568 -0.653899
    outer loop
      vertex 2.3571 12.4852 58.9025
      vertex 2.082 12.662 58.5251
      vertex 2.54869 12.8361 58.9025
    endloop
  endfacet
  facet normal 0.529277 -0.115141 -0.8406
    outer loop
      vertex 2.01251 13.4091 58.1981
      vertex 1.60943 13.5274 57.9281
      vertex 2.07612 13.7015 58.1981
    endloop
  endfacet
  facet normal 0.842319 0.459903 -0.281048
    outer loop
      vertex 2.98298 15.3623 59.7769
      vertex 2.8771 15.849 60.256
      vertex 3.11095 15.4207 60.256
    endloop
  endfacet
  facet normal 0.333303 0.249161 -0.909301
    outer loop
      vertex 1.18371 14.9213 57.8487
      vertex 1.41109 14.9069 57.9281
      vertex 1.24819 14.8022 57.8397
    endloop
  endfacet
  facet normal 0.33329 0.249611 -0.909182
    outer loop
      vertex 1.41109 14.9069 57.9281
      vertex 1.18371 14.9213 57.8487
      vertex 1.26767 15.0984 57.9281
    endloop
  endfacet
  facet normal 0.328373 0.252398 -0.910201
    outer loop
      vertex 1.26767 15.0984 57.9281
      vertex 1.18371 14.9213 57.8487
      vertex 1.17522 14.9291 57.8478
    endloop
  endfacet
  facet normal 0.798735 0.436117 -0.414516
    outer loop
      vertex 2.79428 15.2761 59.3226
      vertex 2.58423 15.6608 59.3226
      vertex 2.98298 15.3623 59.7769
    endloop
  endfacet
  facet normal 0.664048 0.362568 -0.653899
    outer loop
      vertex 2.54869 15.1639 58.9025
      vertex 2.082 15.338 58.5251
      vertex 2.3571 15.5148 58.9025
    endloop
  endfacet
  facet normal 0.89918 0.335383 -0.281057
    outer loop
      vertex 3.28148 14.9635 60.256
      vertex 2.98298 15.3623 59.7769
      vertex 3.11095 15.4207 60.256
    endloop
  endfacet
  facet normal 0.822639 -0.178955 0.539667
    outer loop
      vertex 2.77337 13.6012 63.0975
      vertex 2.6884 13.2106 63.0975
      vertex 3.04061 13.5628 62.6774
    endloop
  endfacet
  facet normal 0.700008 -0.699886 0.141943
    outer loop
      vertex 2.28617 11.3616 61.2497
      vertex 2.58467 11.7604 61.744
      vertex 2.23963 11.4153 61.744
    endloop
  endfacet
  facet normal 0.699927 -0.699947 0.142041
    outer loop
      vertex 2.58467 11.7604 61.744
      vertex 2.28617 11.3616 61.2497
      vertex 2.63838 11.7138 61.2497
    endloop
  endfacet
  facet normal 0.889263 0.193432 0.414481
    outer loop
      vertex 3.14649 14.9239 62.2231
      vertex 3.04061 14.4372 62.6774
      vertex 3.24594 14.4667 62.2231
    endloop
  endfacet
  facet normal 0.839727 0.0600601 0.539676
    outer loop
      vertex 3.04061 14.4372 62.6774
      vertex 2.80189 14 63.0975
      vertex 3.07188 14 62.6774
    endloop
  endfacet
  facet normal -0.0685057 -0.957226 0.281114
    outer loop
      vertex 0 10.7207 62.2231
      vertex -0.466696 10.7541 62.2231
      vertex 0 10.58 61.744
    endloop
  endfacet
  facet normal 0.575076 -0.768269 0.281159
    outer loop
      vertex 2.23963 11.4153 61.744
      vertex 1.77294 11.2413 62.2231
      vertex 1.849 11.1229 61.744
    endloop
  endfacet
  facet normal 0.53488 -0.535031 0.653946
    outer loop
      vertex 1.87038 12.3793 63.4749
      vertex 1.83485 11.8825 63.0975
      vertex 2.11753 12.1651 63.0975
    endloop
  endfacet
  facet normal 0.535025 -0.534982 0.653868
    outer loop
      vertex 1.83485 11.8825 63.0975
      vertex 1.87038 12.3793 63.4749
      vertex 1.6207 12.1296 63.4749
    endloop
  endfacet
  facet normal 0.453437 -0.605649 0.653899
    outer loop
      vertex 1.83485 11.8825 63.0975
      vertex 1.33802 11.918 63.4749
      vertex 1.51482 11.6429 63.0975
    endloop
  endfacet
  facet normal 0.739285 -0.160822 0.653907
    outer loop
      vertex 2.77337 13.6012 63.0975
      vertex 2.37462 13.3027 63.4749
      vertex 2.6884 13.2106 63.0975
    endloop
  endfacet
  facet normal 0.708861 -0.264446 0.6539
    outer loop
      vertex 2.6884 13.2106 63.0975
      vertex 2.37462 13.3027 63.4749
      vertex 2.54869 12.8361 63.0975
    endloop
  endfacet
  facet normal 0.507496 -0.18928 0.840607
    outer loop
      vertex 2.01251 13.4091 63.8019
      vertex 1.52579 13.3032 64.0719
      vertex 1.90793 13.1287 63.8019
    endloop
  endfacet
  facet normal -0.0200687 -0.281719 0.959287
    outer loop
      vertex 0 13.256 64.42
      vertex -0.174068 12.7893 64.2793
      vertex 0 12.7769 64.2793
    endloop
  endfacet
  facet normal 0.406701 -0.0884518 0.909269
    outer loop
      vertex 1.6603 13.7613 64.0719
      vertex 1.17358 13.6554 64.2793
      vertex 1.60943 13.5274 64.0719
    endloop
  endfacet
  facet normal 0.540266 -0.0386357 0.840607
    outer loop
      vertex 1.67737 14 64.0719
      vertex 1.6603 13.7613 64.0719
      vertex 2.07612 13.7015 63.8019
    endloop
  endfacet
  facet normal 0.525012 0.393007 0.754922
    outer loop
      vertex 1.87038 15.6207 63.4749
      vertex 1.76451 15.134 63.8019
      vertex 2.082 15.338 63.4749
    endloop
  endfacet
  facet normal 0.199487 0.36532 0.909256
    outer loop
      vertex 0.696805 15.5258 64.0719
      vertex 0.661271 15.029 64.2793
      vertex 0.906855 15.4111 64.0719
    endloop
  endfacet
  facet normal 0.453405 0.605712 0.653863
    outer loop
      vertex 1.83485 16.1175 63.0975
      vertex 1.33802 16.082 63.4749
      vertex 1.6207 15.8704 63.4749
    endloop
  endfacet
  facet normal 0.53488 0.535031 0.653946
    outer loop
      vertex 1.83485 16.1175 63.0975
      vertex 1.87038 15.6207 63.4749
      vertex 2.11753 15.8349 63.0975
    endloop
  endfacet
  facet normal 0.535025 0.534982 0.653868
    outer loop
      vertex 1.87038 15.6207 63.4749
      vertex 1.83485 16.1175 63.0975
      vertex 1.6207 15.8704 63.4749
    endloop
  endfacet
  facet normal 0.169259 0.226065 0.959294
    outer loop
      vertex 0.661271 15.029 64.2793
      vertex 0.402225 14.6259 64.42
      vertex 0.800976 14.9244 64.2793
    endloop
  endfacet
  facet normal 0.36532 0.199439 0.909266
    outer loop
      vertex 1.41109 14.9069 64.0719
      vertex 1.02896 14.6613 64.2793
      vertex 1.52579 14.6968 64.0719
    endloop
  endfacet
  facet normal -0.535025 0.534982 -0.653868
    outer loop
      vertex -1.87038 15.6207 58.5251
      vertex -1.83485 16.1175 58.9025
      vertex -1.6207 15.8704 58.5251
    endloop
  endfacet
  facet normal -0.53488 0.535031 -0.653946
    outer loop
      vertex -1.83485 16.1175 58.9025
      vertex -1.87038 15.6207 58.5251
      vertex -2.11753 15.8349 58.9025
    endloop
  endfacet
  facet normal -0.798723 0.436205 -0.414448
    outer loop
      vertex -2.58423 15.6608 59.3226
      vertex -2.98298 15.3623 59.7769
      vertex -2.75874 15.7729 59.7769
    endloop
  endfacet
  facet normal -0.614445 0.229168 -0.754943
    outer loop
      vertex -2.01251 14.5909 58.1981
      vertex -2.25122 15.0281 58.5251
      vertex -1.90793 14.8713 58.1981
    endloop
  endfacet
  facet normal -0.392955 0.525043 -0.754927
    outer loop
      vertex -1.37355 15.5852 58.1981
      vertex -1.6207 15.8704 58.5251
      vertex -1.13398 15.7645 58.1981
    endloop
  endfacet
  facet normal -0.0649918 0.907753 -0.414441
    outer loop
      vertex -0.437173 17.0406 59.3226
      vertex -0.466696 17.2459 59.7769
      vertex 0 17.0719 59.3226
    endloop
  endfacet
  facet normal -0.264385 0.708844 -0.653942
    outer loop
      vertex -1.0281 16.2512 58.5251
      vertex -1.16395 16.5487 58.9025
      vertex -0.697252 16.3746 58.5251
    endloop
  endfacet
  facet normal -0.335329 0.899176 0.281134
    outer loop
      vertex -0.963529 17.2815 61.744
      vertex -1.42072 17.111 61.744
      vertex -1.36228 16.983 62.2231
    endloop
  endfacet
  facet normal -0.0685057 0.957226 0.281114
    outer loop
      vertex 0 17.42 61.744
      vertex -0.466696 17.2459 62.2231
      vertex 0 17.2793 62.2231
    endloop
  endfacet
  facet normal 0.335354 0.899174 0.281112
    outer loop
      vertex 0.963529 17.2815 61.744
      vertex 0.923892 17.1465 62.2231
      vertex 1.36228 16.983 62.2231
    endloop
  endfacet
  facet normal 0.0705944 0.987343 0.142019
    outer loop
      vertex 0 17.4911 61.2497
      vertex 0 17.42 61.744
      vertex 0.486718 17.3852 61.744
    endloop
  endfacet
  facet normal -0.324545 0.433637 -0.840612
    outer loop
      vertex -1.09844 15.2677 57.9281
      vertex -1.37355 15.5852 58.1981
      vertex -1.13398 15.7645 58.1981
    endloop
  endfacet
  facet normal 0.392982 0.524991 -0.75495
    outer loop
      vertex 1.6207 15.8704 58.5251
      vertex 1.13398 15.7645 58.1981
      vertex 1.33802 16.082 58.5251
    endloop
  endfacet
  facet normal 0.52927 0.115109 -0.840609
    outer loop
      vertex 1.6603 14.2387 57.9281
      vertex 1.60943 14.4726 57.9281
      vertex 2.07612 14.2985 58.1981
    endloop
  endfacet
  facet normal 0.2944 0.294278 -0.909247
    outer loop
      vertex 1.12531 14.9751 57.8421
      vertex 1.09844 15.2677 57.9281
      vertex 1.26767 15.0984 57.9281
    endloop
  endfacet
  facet normal 0.294244 0.294278 -0.909297
    outer loop
      vertex 1.09844 15.2677 57.9281
      vertex 1.12531 14.9751 57.8421
      vertex 0.969332 15.1187 57.8381
    endloop
  endfacet
  facet normal 0.382948 -0.382966 -0.840647
    outer loop
      vertex 1.37355 12.4148 58.1981
      vertex 1.26767 12.9016 57.9281
      vertex 1.58516 12.6264 58.1981
    endloop
  endfacet
  facet normal 0.383077 -0.382918 -0.84061
    outer loop
      vertex 1.26767 12.9016 57.9281
      vertex 1.37355 12.4148 58.1981
      vertex 1.09844 12.7323 57.9281
    endloop
  endfacet
  facet normal -0.525024 -0.393001 -0.754917
    outer loop
      vertex -1.58516 12.6264 58.1981
      vertex -1.87038 12.3793 58.5251
      vertex -1.76451 12.866 58.1981
    endloop
  endfacet
  facet normal 0.1152 0.529275 -0.840593
    outer loop
      vertex 0.472569 15.6094 57.9281
      vertex 0.238714 15.6603 57.9281
      vertex 0.298501 16.0761 58.1981
    endloop
  endfacet
  facet normal -0.189207 0.507501 -0.840621
    outer loop
      vertex -0.472569 15.6094 57.9281
      vertex -0.696805 15.5258 57.9281
      vertex -0.590925 16.0125 58.1981
    endloop
  endfacet
  facet normal -0.229208 0.614426 -0.754946
    outer loop
      vertex -0.871321 15.9079 58.1981
      vertex -1.0281 16.2512 58.5251
      vertex -0.590925 16.0125 58.1981
    endloop
  endfacet
  facet normal 0.139375 0.640825 -0.754929
    outer loop
      vertex 0.590925 16.0125 58.1981
      vertex 0.298501 16.0761 58.1981
      vertex 0.697252 16.3746 58.5251
    endloop
  endfacet
  facet normal 0.29421 0.78884 -0.539604
    outer loop
      vertex 1.16395 16.5487 58.9025
      vertex 0.789385 16.6884 58.9025
      vertex 0.865447 16.9474 59.3226
    endloop
  endfacet
  facet normal 0.139463 0.640754 -0.754973
    outer loop
      vertex 0.697252 16.3746 58.5251
      vertex 0.298501 16.0761 58.1981
      vertex 0.352211 16.4497 58.5251
    endloop
  endfacet
  facet normal 0.1152 0.529275 0.840593
    outer loop
      vertex 0.298501 16.0761 63.8019
      vertex 0.238714 15.6603 64.0719
      vertex 0.472569 15.6094 64.0719
    endloop
  endfacet
  facet normal 0.324545 0.433637 0.840612
    outer loop
      vertex 1.13398 15.7645 63.8019
      vertex 1.09844 15.2677 64.0719
      vertex 1.37355 15.5852 63.8019
    endloop
  endfacet
  facet normal 0.160856 0.739249 0.653939
    outer loop
      vertex 0.789385 16.6884 63.0975
      vertex 0.39875 16.7734 63.0975
      vertex 0.697252 16.3746 63.4749
    endloop
  endfacet
  facet normal 0.314247 0.575591 0.754947
    outer loop
      vertex 1.0281 16.2512 63.4749
      vertex 0.871321 15.9079 63.8019
      vertex 1.13398 15.7645 63.8019
    endloop
  endfacet
  facet normal -0.475415 0.259544 0.840606
    outer loop
      vertex -1.41109 14.9069 64.0719
      vertex -1.76451 15.134 63.8019
      vertex -1.52579 14.6968 64.0719
    endloop
  endfacet
  facet normal 0.664047 0.362601 0.653882
    outer loop
      vertex 2.54869 15.1639 63.0975
      vertex 2.082 15.338 63.4749
      vertex 2.25122 15.0281 63.4749
    endloop
  endfacet
  facet normal 0.317896 0.852677 0.414588
    outer loop
      vertex 0.923892 17.1465 62.2231
      vertex 0.865447 16.9474 62.6774
      vertex 1.2761 16.7943 62.6774
    endloop
  endfacet
  facet normal 0.575106 0.76823 0.281203
    outer loop
      vertex 2.23963 16.5847 61.744
      vertex 1.77294 16.7587 62.2231
      vertex 2.1475 16.4783 62.2231
    endloop
  endfacet
  facet normal 0.754647 -0.0539682 0.653908
    outer loop
      vertex 2.80189 14 63.0975
      vertex 2.47487 14 63.4749
      vertex 2.77337 13.6012 63.0975
    endloop
  endfacet
  facet normal 0.822639 0.178955 0.539667
    outer loop
      vertex 3.04061 14.4372 62.6774
      vertex 2.6884 14.7894 63.0975
      vertex 2.77337 14.3988 63.0975
    endloop
  endfacet
  facet normal 0.822648 -0.178996 0.539639
    outer loop
      vertex 3.04061 13.5628 62.6774
      vertex 2.6884 13.2106 63.0975
      vertex 2.94744 13.1346 62.6774
    endloop
  endfacet
  facet normal 0.957234 -0.0684647 0.281096
    outer loop
      vertex 3.27932 14 62.2231
      vertex 3.24594 13.5333 62.2231
      vertex 3.42001 14 61.744
    endloop
  endfacet
  facet normal 0.852669 0.317981 0.41454
    outer loop
      vertex 3.14649 14.9239 62.2231
      vertex 2.79428 15.2761 62.6774
      vertex 2.94744 14.8654 62.6774
    endloop
  endfacet
  facet normal 0.788804 0.294269 0.539624
    outer loop
      vertex 2.94744 14.8654 62.6774
      vertex 2.54869 15.1639 63.0975
      vertex 2.6884 14.7894 63.0975
    endloop
  endfacet
  facet normal 0.852669 0.31802 0.41451
    outer loop
      vertex 2.98298 15.3623 62.2231
      vertex 2.79428 15.2761 62.6774
      vertex 3.14649 14.9239 62.2231
    endloop
  endfacet
  facet normal 0.92743 0.345987 0.14201
    outer loop
      vertex 3.34967 14.9836 61.2497
      vertex 3.1756 15.4502 61.2497
      vertex 3.28148 14.9635 61.744
    endloop
  endfacet
  facet normal 0.475415 0.259544 0.840606
    outer loop
      vertex 1.76451 15.134 63.8019
      vertex 1.41109 14.9069 64.0719
      vertex 1.52579 14.6968 64.0719
    endloop
  endfacet
  facet normal 0.739278 0.160795 0.653921
    outer loop
      vertex 2.77337 14.3988 63.0975
      vertex 2.37462 14.6973 63.4749
      vertex 2.44968 14.3522 63.4749
    endloop
  endfacet
  facet normal -0.0705944 0.987343 -0.142019
    outer loop
      vertex 0 17.42 60.256
      vertex -0.486718 17.3852 60.256
      vertex 0 17.4911 60.7503
    endloop
  endfacet
  facet normal 0.210265 0.967296 0.141872
    outer loop
      vertex 0.496832 17.4555 61.2497
      vertex 0.486718 17.3852 61.744
      vertex 0.983551 17.3497 61.2497
    endloop
  endfacet
  facet normal 0.403538 0.738853 -0.539679
    outer loop
      vertex 1.66078 16.5842 59.3226
      vertex 1.16395 16.5487 58.9025
      vertex 1.2761 16.7943 59.3226
    endloop
  endfacet
  facet normal 0.842319 0.459903 0.281048
    outer loop
      vertex 3.11095 15.4207 61.744
      vertex 2.8771 15.849 61.744
      vertex 2.98298 15.3623 62.2231
    endloop
  endfacet
  facet normal 0.474374 0.868799 0.141978
    outer loop
      vertex 1.88742 16.9369 61.2497
      vertex 1.45025 17.1756 61.2497
      vertex 1.849 16.8771 61.744
    endloop
  endfacet
  facet normal 0.868802 0.474384 0.141925
    outer loop
      vertex 2.93688 15.8874 61.2497
      vertex 2.8771 15.849 61.744
      vertex 3.1756 15.4502 61.2497
    endloop
  endfacet
  facet normal 0.678636 0.678518 0.281188
    outer loop
      vertex 2.1475 16.4783 62.2231
      vertex 2.58467 16.2396 61.744
      vertex 2.23963 16.5847 61.744
    endloop
  endfacet
  facet normal 0.678555 0.678658 0.281044
    outer loop
      vertex 2.58467 16.2396 61.744
      vertex 2.1475 16.4783 62.2231
      vertex 2.47835 16.1475 62.2231
    endloop
  endfacet
  facet normal 0.0714708 0.997443 -0
    outer loop
      vertex 0.496832 17.4555 60.7503
      vertex 0 17.4911 61.2497
      vertex 0.496832 17.4555 61.2497
    endloop
  endfacet
  facet normal 0.0714708 0.997443 0
    outer loop
      vertex 0 17.4911 61.2497
      vertex 0.496832 17.4555 60.7503
      vertex 0 17.4911 60.7503
    endloop
  endfacet
  facet normal 0.0684401 0.957213 -0.281173
    outer loop
      vertex 0.466696 17.2459 59.7769
      vertex 0 17.42 60.256
      vertex 0.486718 17.3852 60.256
    endloop
  endfacet
  facet normal -0.29421 0.78884 -0.539604
    outer loop
      vertex -0.789385 16.6884 58.9025
      vertex -1.16395 16.5487 58.9025
      vertex -0.865447 16.9474 59.3226
    endloop
  endfacet
  facet normal -0.203882 0.937768 -0.28111
    outer loop
      vertex -0.923892 17.1465 59.7769
      vertex -0.963529 17.2815 60.256
      vertex -0.466696 17.2459 59.7769
    endloop
  endfacet
  facet normal 0.800578 0.599229 0
    outer loop
      vertex 2.93688 15.8874 61.2497
      vertex 2.63838 16.2862 60.7503
      vertex 2.63838 16.2862 61.2497
    endloop
  endfacet
  facet normal 0.800578 0.599229 0
    outer loop
      vertex 2.63838 16.2862 60.7503
      vertex 2.93688 15.8874 61.2497
      vertex 2.93688 15.8874 60.7503
    endloop
  endfacet
  facet normal 0.294093 0.788831 -0.53968
    outer loop
      vertex 1.16395 16.5487 58.9025
      vertex 0.865447 16.9474 59.3226
      vertex 1.2761 16.7943 59.3226
    endloop
  endfacet
  facet normal 0.403496 0.738908 -0.539634
    outer loop
      vertex 1.51482 16.3571 58.9025
      vertex 1.16395 16.5487 58.9025
      vertex 1.66078 16.5842 59.3226
    endloop
  endfacet
  facet normal -0.345977 0.927439 -0.141975
    outer loop
      vertex -0.963529 17.2815 60.256
      vertex -1.45025 17.1756 60.7503
      vertex -0.983551 17.3497 60.7503
    endloop
  endfacet
  facet normal -0.403496 0.738908 -0.539634
    outer loop
      vertex -1.51482 16.3571 58.9025
      vertex -1.66078 16.5842 59.3226
      vertex -1.16395 16.5487 58.9025
    endloop
  endfacet
  facet normal 0.362606 0.664026 -0.653901
    outer loop
      vertex 1.33802 16.082 58.5251
      vertex 1.16395 16.5487 58.9025
      vertex 1.51482 16.3571 58.9025
    endloop
  endfacet
  facet normal 0.504531 0.673894 -0.539736
    outer loop
      vertex 1.83485 16.1175 58.9025
      vertex 1.51482 16.3571 58.9025
      vertex 2.01165 16.3216 59.3226
    endloop
  endfacet
  facet normal 0.53488 0.535031 -0.653946
    outer loop
      vertex 1.87038 15.6207 58.5251
      vertex 1.83485 16.1175 58.9025
      vertex 2.11753 15.8349 58.9025
    endloop
  endfacet
  facet normal 0.535025 0.534982 -0.653868
    outer loop
      vertex 1.83485 16.1175 58.9025
      vertex 1.87038 15.6207 58.5251
      vertex 1.6207 15.8704 58.5251
    endloop
  endfacet
  facet normal 0.525012 0.393007 -0.754922
    outer loop
      vertex 2.082 15.338 58.5251
      vertex 1.76451 15.134 58.1981
      vertex 1.87038 15.6207 58.5251
    endloop
  endfacet
  facet normal -0.52927 -0.115109 0.840609
    outer loop
      vertex -1.6603 13.7613 64.0719
      vertex -2.07612 13.7015 63.8019
      vertex -1.60943 13.5274 64.0719
    endloop
  endfacet
  facet normal -0.0387321 0.540261 0.840606
    outer loop
      vertex 0 16.0975 63.8019
      vertex -0.298501 16.0761 63.8019
      vertex 0 15.6774 64.0719
    endloop
  endfacet
  facet normal -0.142369 -0.0101864 0.989761
    outer loop
      vertex -0.249686 14 64.4911
      vertex -0.743979 14 64.42
      vertex -0.247146 13.9645 64.4911
    endloop
  endfacet
  facet normal -0.0202181 0.281667 0.959299
    outer loop
      vertex 0 14.744 64.42
      vertex -0.174068 15.2107 64.2793
      vertex -0.105879 14.7364 64.42
    endloop
  endfacet
  facet normal -0.275954 0.0600445 0.959294
    outer loop
      vertex -0.713841 14.2096 64.42
      vertex -1.17358 14.3446 64.2793
      vertex -0.736405 14.1059 64.42
    endloop
  endfacet
  facet normal -0.0986928 0.264574 0.959302
    outer loop
      vertex -0.209602 14.7138 64.42
      vertex -0.344594 15.1736 64.2793
      vertex -0.309059 14.6767 64.42
    endloop
  endfacet
  facet normal -0.664048 0.362568 0.653899
    outer loop
      vertex -2.3571 15.5148 63.0975
      vertex -2.54869 15.1639 63.0975
      vertex -2.082 15.338 63.4749
    endloop
  endfacet
  facet normal -0.798723 0.436205 0.414448
    outer loop
      vertex -2.75874 15.7729 62.2231
      vertex -2.98298 15.3623 62.2231
      vertex -2.58423 15.6608 62.6774
    endloop
  endfacet
  facet normal -0.754647 0.0539682 0.653908
    outer loop
      vertex -2.77337 14.3988 63.0975
      vertex -2.80189 14 63.0975
      vertex -2.47487 14 63.4749
    endloop
  endfacet
  facet normal -0.575076 0.768269 0.281159
    outer loop
      vertex -1.849 16.8771 61.744
      vertex -2.23963 16.5847 61.744
      vertex -1.77294 16.7587 62.2231
    endloop
  endfacet
  facet normal -0.593209 0.792436 -0.141942
    outer loop
      vertex -2.23963 16.5847 60.256
      vertex -2.28617 16.6384 60.7503
      vertex -1.88742 16.9369 60.7503
    endloop
  endfacet
  facet normal -0.967247 0.210409 0.14199
    outer loop
      vertex -3.34967 14.9836 61.2497
      vertex -3.3852 14.4867 61.744
      vertex -3.28148 14.9635 61.744
    endloop
  endfacet
  facet normal -0.768223 0.575145 -0.281143
    outer loop
      vertex -2.75874 15.7729 59.7769
      vertex -2.8771 15.849 60.256
      vertex -2.58467 16.2396 60.256
    endloop
  endfacet
  facet normal -0.868809 0.474366 0.141943
    outer loop
      vertex -2.8771 15.849 61.744
      vertex -3.1756 15.4502 61.2497
      vertex -3.11095 15.4207 61.744
    endloop
  endfacet
  facet normal -0.92743 0.345987 0.14201
    outer loop
      vertex -3.1756 15.4502 61.2497
      vertex -3.34967 14.9836 61.2497
      vertex -3.28148 14.9635 61.744
    endloop
  endfacet
  facet normal -0.707097 0.707117 0
    outer loop
      vertex -2.63838 16.2862 60.7503
      vertex -2.28617 16.6384 61.2497
      vertex -2.28617 16.6384 60.7503
    endloop
  endfacet
  facet normal -0.707097 0.707117 0
    outer loop
      vertex -2.28617 16.6384 61.2497
      vertex -2.63838 16.2862 60.7503
      vertex -2.63838 16.2862 61.2497
    endloop
  endfacet
  facet normal -0.575076 0.768269 -0.281159
    outer loop
      vertex -1.77294 16.7587 59.7769
      vertex -2.23963 16.5847 60.256
      vertex -1.849 16.8771 60.256
    endloop
  endfacet
  facet normal -0.839727 0.0600601 0.539676
    outer loop
      vertex -3.04061 14.4372 62.6774
      vertex -3.07188 14 62.6774
      vertex -2.80189 14 63.0975
    endloop
  endfacet
  facet normal -0.839727 -0.0600601 0.539676
    outer loop
      vertex -2.80189 14 63.0975
      vertex -3.07188 14 62.6774
      vertex -3.04061 13.5628 62.6774
    endloop
  endfacet
  facet normal 0.199641 -0.365016 -0.909344
    outer loop
      vertex 0.696805 12.4742 57.9281
      vertex 0.614693 12.654 57.8379
      vertex 0.681839 12.6835 57.8408
    endloop
  endfacet
  facet normal 0.193505 -0.889197 -0.41459
    outer loop
      vertex 0.923892 10.8535 59.7769
      vertex 0.437173 10.9594 59.3226
      vertex 0.865447 11.0526 59.3226
    endloop
  endfacet
  facet normal -0.314242 -0.575591 -0.754948
    outer loop
      vertex -1.0281 11.7488 58.5251
      vertex -1.33802 11.918 58.5251
      vertex -1.13398 12.2355 58.1981
    endloop
  endfacet
  facet normal -0.29421 -0.78884 -0.539604
    outer loop
      vertex -0.865447 11.0526 59.3226
      vertex -1.16395 11.4513 58.9025
      vertex -0.789385 11.3116 58.9025
    endloop
  endfacet
  facet normal -0.264378 -0.708852 -0.653937
    outer loop
      vertex -0.789385 11.3116 58.9025
      vertex -1.16395 11.4513 58.9025
      vertex -0.697252 11.6254 58.5251
    endloop
  endfacet
  facet normal 0.210265 -0.967296 -0.141872
    outer loop
      vertex 0.496832 10.5445 60.7503
      vertex 0.486718 10.6148 60.256
      vertex 0.983551 10.6503 60.7503
    endloop
  endfacet
  facet normal 0.474465 -0.868764 0.141884
    outer loop
      vertex 1.849 11.1229 61.744
      vertex 1.42072 10.889 61.744
      vertex 1.45025 10.8244 61.2497
    endloop
  endfacet
  facet normal -0.839731 -0.060053 -0.539671
    outer loop
      vertex -2.77337 13.6012 58.9025
      vertex -3.04061 13.5628 59.3226
      vertex -2.80189 14 58.9025
    endloop
  endfacet
  facet normal 0.210366 -0.967258 0.141976
    outer loop
      vertex 0.963529 10.7185 61.744
      vertex 0.486718 10.6148 61.744
      vertex 0.983551 10.6503 61.2497
    endloop
  endfacet
  facet normal 0.0707478 -0.987354 0.14187
    outer loop
      vertex 0.486718 10.6148 61.744
      vertex 0 10.5089 61.2497
      vertex 0.496832 10.5445 61.2497
    endloop
  endfacet
  facet normal 0.294093 -0.788831 0.53968
    outer loop
      vertex 1.16395 11.4513 63.0975
      vertex 0.865447 11.0526 62.6774
      vertex 1.2761 11.2057 62.6774
    endloop
  endfacet
  facet normal -0.0600211 -0.839769 0.539616
    outer loop
      vertex -0.39875 11.2266 63.0975
      vertex -0.437173 10.9594 62.6774
      vertex 0 11.1981 63.0975
    endloop
  endfacet
  facet normal 0.0707478 -0.987354 -0.14187
    outer loop
      vertex 0.496832 10.5445 60.7503
      vertex 0 10.5089 60.7503
      vertex 0.486718 10.6148 60.256
    endloop
  endfacet
  facet normal -0.504459 -0.674027 -0.539639
    outer loop
      vertex -1.66078 11.4158 59.3226
      vertex -2.01165 11.6784 59.3226
      vertex -1.51482 11.6429 58.9025
    endloop
  endfacet
  facet normal -0.98735 -0.070613 -0.141965
    outer loop
      vertex -3.45555 13.5032 60.7503
      vertex -3.49108 14 60.7503
      vertex -3.3852 13.5133 60.256
    endloop
  endfacet
  facet normal -0.768305 -0.57508 -0.28105
    outer loop
      vertex -2.58467 11.7604 60.256
      vertex -2.75874 12.2271 59.7769
      vertex -2.47835 11.8525 59.7769
    endloop
  endfacet
  facet normal -0.599277 -0.800542 0
    outer loop
      vertex -2.28617 11.3616 60.7503
      vertex -1.88742 11.0631 61.2497
      vertex -2.28617 11.3616 61.2497
    endloop
  endfacet
  facet normal -0.599277 -0.800542 -0
    outer loop
      vertex -1.88742 11.0631 61.2497
      vertex -2.28617 11.3616 60.7503
      vertex -1.88742 11.0631 60.7503
    endloop
  endfacet
  facet normal -0.84225 -0.459976 -0.281137
    outer loop
      vertex -2.8771 12.151 60.256
      vertex -2.98298 12.6377 59.7769
      vertex -2.75874 12.2271 59.7769
    endloop
  endfacet
  facet normal -0.699927 -0.699947 0.142041
    outer loop
      vertex -2.28617 11.3616 61.2497
      vertex -2.58467 11.7604 61.744
      vertex -2.63838 11.7138 61.2497
    endloop
  endfacet
  facet normal -0.700008 -0.699886 0.141943
    outer loop
      vertex -2.58467 11.7604 61.744
      vertex -2.28617 11.3616 61.2497
      vertex -2.23963 11.4153 61.744
    endloop
  endfacet
  facet normal -0.868802 -0.474384 0.141925
    outer loop
      vertex -2.8771 12.151 61.744
      vertex -3.1756 12.5498 61.2497
      vertex -2.93688 12.1126 61.2497
    endloop
  endfacet
  facet normal -0.674015 -0.504448 -0.539663
    outer loop
      vertex -2.32157 11.9883 59.3226
      vertex -2.3571 12.4852 58.9025
      vertex -2.11753 12.1651 58.9025
    endloop
  endfacet
  facet normal -0.798735 -0.436117 -0.414516
    outer loop
      vertex -2.58423 12.3392 59.3226
      vertex -2.98298 12.6377 59.7769
      vertex -2.79428 12.7239 59.3226
    endloop
  endfacet
  facet normal -0.5075 -0.189328 -0.840594
    outer loop
      vertex -1.52579 13.3032 57.9281
      vertex -2.01251 13.4091 58.1981
      vertex -1.60943 13.5274 57.9281
    endloop
  endfacet
  facet normal -0.92743 0.345987 -0.14201
    outer loop
      vertex -3.28148 14.9635 60.256
      vertex -3.34967 14.9836 60.7503
      vertex -3.1756 15.4502 60.7503
    endloop
  endfacet
  facet normal -0.967258 0.21038 0.141961
    outer loop
      vertex -3.34967 14.9836 61.2497
      vertex -3.45555 14.4968 61.2497
      vertex -3.3852 14.4867 61.744
    endloop
  endfacet
  facet normal -0.32457 -0.433632 -0.840606
    outer loop
      vertex -0.906855 12.5889 57.9281
      vertex -1.13398 12.2355 58.1981
      vertex -1.09844 12.7323 57.9281
    endloop
  endfacet
  facet normal -0.52927 -0.115109 -0.840609
    outer loop
      vertex -1.60943 13.5274 57.9281
      vertex -2.07612 13.7015 58.1981
      vertex -1.6603 13.7613 57.9281
    endloop
  endfacet
  facet normal -0.957234 -0.0684647 -0.281096
    outer loop
      vertex -3.24594 13.5333 59.7769
      vertex -3.42001 14 60.256
      vertex -3.27932 14 59.7769
    endloop
  endfacet
  facet normal -0.98735 0.0706178 -0.14196
    outer loop
      vertex -3.42001 14 60.256
      vertex -3.49108 14 60.7503
      vertex -3.3852 14.4867 60.256
    endloop
  endfacet
  facet normal -0.605721 0.453335 -0.653904
    outer loop
      vertex -2.082 15.338 58.5251
      vertex -2.3571 15.5148 58.9025
      vertex -2.11753 15.8349 58.9025
    endloop
  endfacet
  facet normal -0.463711 0.463733 -0.754933
    outer loop
      vertex -1.58516 15.3736 58.1981
      vertex -1.6207 15.8704 58.5251
      vertex -1.37355 15.5852 58.1981
    endloop
  endfacet
  facet normal -0.463755 0.463718 -0.754915
    outer loop
      vertex -1.6207 15.8704 58.5251
      vertex -1.58516 15.3736 58.1981
      vertex -1.87038 15.6207 58.5251
    endloop
  endfacet
  facet normal -0.88923 0.193483 -0.414528
    outer loop
      vertex -3.04061 14.4372 59.3226
      vertex -3.14649 14.9239 59.7769
      vertex -2.94744 14.8654 59.3226
    endloop
  endfacet
  facet normal -0.708861 -0.264446 -0.6539
    outer loop
      vertex -2.54869 12.8361 58.9025
      vertex -2.6884 13.2106 58.9025
      vertex -2.37462 13.3027 58.5251
    endloop
  endfacet
  facet normal -0.89918 -0.335383 0.281057
    outer loop
      vertex -2.98298 12.6377 62.2231
      vertex -3.28148 13.0365 61.744
      vertex -3.11095 12.5793 61.744
    endloop
  endfacet
  facet normal -0.792409 -0.593252 0.14192
    outer loop
      vertex -2.8771 12.151 61.744
      vertex -2.93688 12.1126 61.2497
      vertex -2.58467 11.7604 61.744
    endloop
  endfacet
  facet normal -0.479229 -0.87769 0
    outer loop
      vertex -1.88742 11.0631 60.7503
      vertex -1.45025 10.8244 61.2497
      vertex -1.88742 11.0631 61.2497
    endloop
  endfacet
  facet normal -0.479229 -0.87769 -0
    outer loop
      vertex -1.45025 10.8244 61.2497
      vertex -1.88742 11.0631 60.7503
      vertex -1.45025 10.8244 60.7503
    endloop
  endfacet
  facet normal -0.593209 -0.792436 -0.141942
    outer loop
      vertex -1.88742 11.0631 60.7503
      vertex -2.28617 11.3616 60.7503
      vertex -2.23963 11.4153 60.256
    endloop
  endfacet
  facet normal -0.160856 -0.739249 0.653939
    outer loop
      vertex -0.697252 11.6254 63.4749
      vertex -0.789385 11.3116 63.0975
      vertex -0.39875 11.2266 63.0975
    endloop
  endfacet
  facet normal -0.575106 -0.76823 0.281203
    outer loop
      vertex -2.1475 11.5217 62.2231
      vertex -2.23963 11.4153 61.744
      vertex -1.77294 11.2413 62.2231
    endloop
  endfacet
  facet normal -0.699998 -0.699876 -0.142042
    outer loop
      vertex -2.23963 11.4153 60.256
      vertex -2.63838 11.7138 60.7503
      vertex -2.58467 11.7604 60.256
    endloop
  endfacet
  facet normal -0.699937 -0.699957 -0.141944
    outer loop
      vertex -2.63838 11.7138 60.7503
      vertex -2.23963 11.4153 60.256
      vertex -2.28617 11.3616 60.7503
    endloop
  endfacet
  facet normal -0.707097 -0.707117 0
    outer loop
      vertex -2.28617 11.3616 60.7503
      vertex -2.63838 11.7138 61.2497
      vertex -2.63838 11.7138 60.7503
    endloop
  endfacet
  facet normal -0.707097 -0.707117 0
    outer loop
      vertex -2.63838 11.7138 61.2497
      vertex -2.28617 11.3616 60.7503
      vertex -2.28617 11.3616 61.2497
    endloop
  endfacet
  facet normal -0.264378 -0.708852 0.653937
    outer loop
      vertex -0.697252 11.6254 63.4749
      vertex -1.16395 11.4513 63.0975
      vertex -0.789385 11.3116 63.0975
    endloop
  endfacet
  facet normal -0.264385 -0.708844 0.653942
    outer loop
      vertex -1.0281 11.7488 63.4749
      vertex -1.16395 11.4513 63.0975
      vertex -0.697252 11.6254 63.4749
    endloop
  endfacet
  facet normal 0.22918 -0.614456 0.754931
    outer loop
      vertex 1.0281 11.7488 63.4749
      vertex 0.590925 11.9875 63.8019
      vertex 0.697252 11.6254 63.4749
    endloop
  endfacet
  facet normal -0.0467981 -0.654079 0.754977
    outer loop
      vertex -0.298501 11.9239 63.8019
      vertex -0.352211 11.5503 63.4749
      vertex 0 11.5251 63.4749
    endloop
  endfacet
  facet normal -0.0295764 -0.415186 0.909256
    outer loop
      vertex -0.174068 12.7893 64.2793
      vertex -0.238714 12.3397 64.0719
      vertex 0 12.7769 64.2793
    endloop
  endfacet
  facet normal -0.0539927 -0.754636 0.653918
    outer loop
      vertex -0.352211 11.5503 63.4749
      vertex -0.39875 11.2266 63.0975
      vertex 0 11.5251 63.4749
    endloop
  endfacet
  facet normal -0.463711 -0.463733 0.754933
    outer loop
      vertex -1.58516 12.6264 63.8019
      vertex -1.6207 12.1296 63.4749
      vertex -1.37355 12.4148 63.8019
    endloop
  endfacet
  facet normal -0.463755 -0.463718 0.754915
    outer loop
      vertex -1.6207 12.1296 63.4749
      vertex -1.58516 12.6264 63.8019
      vertex -1.87038 12.3793 63.4749
    endloop
  endfacet
  facet normal -0.314242 -0.575591 0.754948
    outer loop
      vertex -1.13398 12.2355 63.8019
      vertex -1.33802 11.918 63.4749
      vertex -1.0281 11.7488 63.4749
    endloop
  endfacet
  facet normal -0.768223 -0.575145 0.281143
    outer loop
      vertex -2.75874 12.2271 62.2231
      vertex -2.8771 12.151 61.744
      vertex -2.58467 11.7604 61.744
    endloop
  endfacet
  facet normal -0.575592 -0.314242 0.754948
    outer loop
      vertex -1.90793 13.1287 63.8019
      vertex -2.25122 12.9719 63.4749
      vertex -1.76451 12.866 63.8019
    endloop
  endfacet
  facet normal -0.640792 -0.139401 0.754952
    outer loop
      vertex -2.07612 13.7015 63.8019
      vertex -2.37462 13.3027 63.4749
      vertex -2.01251 13.4091 63.8019
    endloop
  endfacet
  facet normal -0.839731 -0.060053 0.539671
    outer loop
      vertex -2.80189 14 63.0975
      vertex -3.04061 13.5628 62.6774
      vertex -2.77337 13.6012 63.0975
    endloop
  endfacet
  facet normal -0.842319 -0.459903 0.281048
    outer loop
      vertex -2.98298 12.6377 62.2231
      vertex -3.11095 12.5793 61.744
      vertex -2.8771 12.151 61.744
    endloop
  endfacet
  facet normal -0.84225 -0.459976 0.281137
    outer loop
      vertex -2.75874 12.2271 62.2231
      vertex -2.98298 12.6377 62.2231
      vertex -2.8771 12.151 61.744
    endloop
  endfacet
  facet normal 0.459984 -0.842248 0.28113
    outer loop
      vertex 1.849 11.1229 61.744
      vertex 1.36228 11.017 62.2231
      vertex 1.42072 10.889 61.744
    endloop
  endfacet
  facet normal 0.460014 -0.842218 0.281167
    outer loop
      vertex 1.77294 11.2413 62.2231
      vertex 1.36228 11.017 62.2231
      vertex 1.849 11.1229 61.744
    endloop
  endfacet
  facet normal 0.345887 -0.927487 0.141877
    outer loop
      vertex 1.42072 10.889 61.744
      vertex 0.963529 10.7185 61.744
      vertex 1.45025 10.8244 61.2497
    endloop
  endfacet
  facet normal 0.349518 -0.93693 0
    outer loop
      vertex 0.983551 10.6503 60.7503
      vertex 1.45025 10.8244 61.2497
      vertex 0.983551 10.6503 61.2497
    endloop
  endfacet
  facet normal 0.349518 -0.93693 0
    outer loop
      vertex 1.45025 10.8244 61.2497
      vertex 0.983551 10.6503 60.7503
      vertex 1.45025 10.8244 60.7503
    endloop
  endfacet
  facet normal 0.72858 -0.545346 -0.41445
    outer loop
      vertex 2.47835 11.8525 59.7769
      vertex 2.32157 11.9883 59.3226
      vertex 2.75874 12.2271 59.7769
    endloop
  endfacet
  facet normal 0.788796 -0.294161 0.539694
    outer loop
      vertex 2.94744 13.1346 62.6774
      vertex 2.54869 12.8361 63.0975
      vertex 2.79428 12.7239 62.6774
    endloop
  endfacet
  facet normal 0.798735 -0.436117 0.414516
    outer loop
      vertex 2.79428 12.7239 62.6774
      vertex 2.58423 12.3392 62.6774
      vertex 2.98298 12.6377 62.2231
    endloop
  endfacet
  facet normal 0.877687 -0.479235 0
    outer loop
      vertex 2.93688 12.1126 61.2497
      vertex 3.1756 12.5498 60.7503
      vertex 3.1756 12.5498 61.2497
    endloop
  endfacet
  facet normal 0.877687 -0.479235 0
    outer loop
      vertex 3.1756 12.5498 60.7503
      vertex 2.93688 12.1126 61.2497
      vertex 2.93688 12.1126 60.7503
    endloop
  endfacet
  facet normal 0.768223 -0.575145 0.281143
    outer loop
      vertex 2.75874 12.2271 62.2231
      vertex 2.58467 11.7604 61.744
      vertex 2.8771 12.151 61.744
    endloop
  endfacet
  facet normal 0.788804 -0.294269 -0.539624
    outer loop
      vertex 2.94744 13.1346 59.3226
      vertex 2.54869 12.8361 58.9025
      vertex 2.6884 13.2106 58.9025
    endloop
  endfacet
  facet normal 0.84225 -0.459976 -0.281137
    outer loop
      vertex 2.8771 12.151 60.256
      vertex 2.75874 12.2271 59.7769
      vertex 2.98298 12.6377 59.7769
    endloop
  endfacet
  facet normal 0.708873 -0.264434 -0.653891
    outer loop
      vertex 2.54869 12.8361 58.9025
      vertex 2.25122 12.9719 58.5251
      vertex 2.37462 13.3027 58.5251
    endloop
  endfacet
  facet normal 0.739278 -0.160795 -0.653921
    outer loop
      vertex 2.77337 13.6012 58.9025
      vertex 2.37462 13.3027 58.5251
      vertex 2.44968 13.6478 58.5251
    endloop
  endfacet
  facet normal 0.967258 0.21038 -0.141961
    outer loop
      vertex 3.3852 14.4867 60.256
      vertex 3.34967 14.9836 60.7503
      vertex 3.45555 14.4968 60.7503
    endloop
  endfacet
  facet normal 0.788796 -0.294161 -0.539694
    outer loop
      vertex 2.79428 12.7239 59.3226
      vertex 2.54869 12.8361 58.9025
      vertex 2.94744 13.1346 59.3226
    endloop
  endfacet
  facet normal 0.839727 -0.0600601 -0.539676
    outer loop
      vertex 3.04061 13.5628 59.3226
      vertex 2.80189 14 58.9025
      vertex 3.07188 14 59.3226
    endloop
  endfacet
  facet normal 0.540266 -0.0386357 -0.840607
    outer loop
      vertex 2.07612 13.7015 58.1981
      vertex 1.6603 13.7613 57.9281
      vertex 1.67737 14 57.9281
    endloop
  endfacet
  facet normal 0.739285 0.160822 -0.653907
    outer loop
      vertex 2.77337 14.3988 58.9025
      vertex 2.37462 14.6973 58.5251
      vertex 2.6884 14.7894 58.9025
    endloop
  endfacet
  facet normal 0.937756 0.20398 -0.28108
    outer loop
      vertex 3.24594 14.4667 59.7769
      vertex 3.14649 14.9239 59.7769
      vertex 3.28148 14.9635 60.256
    endloop
  endfacet
  facet normal 0.899182 0.335368 -0.281071
    outer loop
      vertex 3.14649 14.9239 59.7769
      vertex 2.98298 15.3623 59.7769
      vertex 3.28148 14.9635 60.256
    endloop
  endfacet
  facet normal 0.852669 0.317981 -0.41454
    outer loop
      vertex 2.94744 14.8654 59.3226
      vertex 2.79428 15.2761 59.3226
      vertex 3.14649 14.9239 59.7769
    endloop
  endfacet
  facet normal 0.89918 0.335383 0.281057
    outer loop
      vertex 3.11095 15.4207 61.744
      vertex 2.98298 15.3623 62.2231
      vertex 3.28148 14.9635 61.744
    endloop
  endfacet
  facet normal 0.907737 0.0649244 0.414486
    outer loop
      vertex 3.24594 14.4667 62.2231
      vertex 3.04061 14.4372 62.6774
      vertex 3.07188 14 62.6774
    endloop
  endfacet
  facet normal 0.957234 0.0684638 -0.281097
    outer loop
      vertex 3.42001 14 60.256
      vertex 3.24594 14.4667 59.7769
      vertex 3.3852 14.4867 60.256
    endloop
  endfacet
  facet normal 0.98735 -0.0706178 0.14196
    outer loop
      vertex 3.42001 14 61.744
      vertex 3.3852 13.5133 61.744
      vertex 3.49108 14 61.2497
    endloop
  endfacet
  facet normal 0.93775 -0.203992 0.281091
    outer loop
      vertex 3.3852 13.5133 61.744
      vertex 3.24594 13.5333 62.2231
      vertex 3.28148 13.0365 61.744
    endloop
  endfacet
  facet normal 0.957234 -0.0684638 0.281097
    outer loop
      vertex 3.42001 14 61.744
      vertex 3.24594 13.5333 62.2231
      vertex 3.3852 13.5133 61.744
    endloop
  endfacet
  facet normal 0.475415 -0.259544 0.840606
    outer loop
      vertex 1.52579 13.3032 64.0719
      vertex 1.41109 13.0931 64.0719
      vertex 1.76451 12.866 63.8019
    endloop
  endfacet
  facet normal 0.463755 -0.463718 0.754915
    outer loop
      vertex 1.58516 12.6264 63.8019
      vertex 1.6207 12.1296 63.4749
      vertex 1.87038 12.3793 63.4749
    endloop
  endfacet
  facet normal 0.463711 -0.463733 0.754933
    outer loop
      vertex 1.6207 12.1296 63.4749
      vertex 1.58516 12.6264 63.8019
      vertex 1.37355 12.4148 63.8019
    endloop
  endfacet
  facet normal 0.674015 -0.504448 0.539663
    outer loop
      vertex 2.3571 12.4852 63.0975
      vertex 2.11753 12.1651 63.0975
      vertex 2.32157 11.9883 62.6774
    endloop
  endfacet
  facet normal 0.605721 -0.453335 0.653904
    outer loop
      vertex 2.3571 12.4852 63.0975
      vertex 2.082 12.662 63.4749
      vertex 2.11753 12.1651 63.0975
    endloop
  endfacet
  facet normal 0.415151 -0.0296877 0.909268
    outer loop
      vertex 1.22312 14 64.2793
      vertex 1.21067 13.8259 64.2793
      vertex 1.6603 13.7613 64.0719
    endloop
  endfacet
  facet normal 0.605651 -0.45337 0.653944
    outer loop
      vertex 2.082 12.662 63.4749
      vertex 1.87038 12.3793 63.4749
      vertex 2.11753 12.1651 63.0975
    endloop
  endfacet
  facet normal 0.389954 0.145476 0.90927
    outer loop
      vertex 1.52579 14.6968 64.0719
      vertex 1.17358 14.3446 64.2793
      vertex 1.60943 14.4726 64.0719
    endloop
  endfacet
  facet normal 0.247873 -0.135311 0.959297
    outer loop
      vertex 1.11259 13.4919 64.2793
      vertex 0.625875 13.5978 64.42
      vertex 1.02896 13.3387 64.2793
    endloop
  endfacet
  facet normal 0.389954 -0.145476 0.90927
    outer loop
      vertex 1.60943 13.5274 64.0719
      vertex 1.17358 13.6554 64.2793
      vertex 1.52579 13.3032 64.0719
    endloop
  endfacet
  facet normal 0.406704 0.0884731 0.909266
    outer loop
      vertex 1.6603 14.2387 64.0719
      vertex 1.17358 14.3446 64.2793
      vertex 1.21067 14.1741 64.2793
    endloop
  endfacet
  facet normal 0.389963 0.145467 0.909268
    outer loop
      vertex 1.52579 14.6968 64.0719
      vertex 1.11259 14.5081 64.2793
      vertex 1.17358 14.3446 64.2793
    endloop
  endfacet
  facet normal 0.264612 0.0987074 0.95929
    outer loop
      vertex 1.11259 14.5081 64.2793
      vertex 0.676746 14.3091 64.42
      vertex 1.17358 14.3446 64.2793
    endloop
  endfacet
  facet normal 0.64081 0.139378 0.754941
    outer loop
      vertex 2.37462 14.6973 63.4749
      vertex 2.07612 14.2985 63.8019
      vertex 2.44968 14.3522 63.4749
    endloop
  endfacet
  facet normal 0.739285 0.160822 0.653907
    outer loop
      vertex 2.6884 14.7894 63.0975
      vertex 2.37462 14.6973 63.4749
      vertex 2.77337 14.3988 63.0975
    endloop
  endfacet
  facet normal 0.281697 -0.0201443 0.959292
    outer loop
      vertex 1.22312 14 64.2793
      vertex 0.743979 14 64.42
      vertex 1.21067 13.8259 64.2793
    endloop
  endfacet
  facet normal 0.5075 0.189328 0.840594
    outer loop
      vertex 2.01251 14.5909 63.8019
      vertex 1.52579 14.6968 64.0719
      vertex 1.60943 14.4726 64.0719
    endloop
  endfacet
  facet normal -0.317896 0.852677 -0.414588
    outer loop
      vertex -0.865447 16.9474 59.3226
      vertex -1.2761 16.7943 59.3226
      vertex -0.923892 17.1465 59.7769
    endloop
  endfacet
  facet normal -0.504459 0.674027 -0.539639
    outer loop
      vertex -1.51482 16.3571 58.9025
      vertex -2.01165 16.3216 59.3226
      vertex -1.66078 16.5842 59.3226
    endloop
  endfacet
  facet normal -0.314242 0.575591 -0.754948
    outer loop
      vertex -1.13398 15.7645 58.1981
      vertex -1.33802 16.082 58.5251
      vertex -1.0281 16.2512 58.5251
    endloop
  endfacet
  facet normal -0.392982 0.524991 -0.75495
    outer loop
      vertex -1.13398 15.7645 58.1981
      vertex -1.6207 15.8704 58.5251
      vertex -1.33802 16.082 58.5251
    endloop
  endfacet
  facet normal -0.139463 0.640754 -0.754973
    outer loop
      vertex -0.298501 16.0761 58.1981
      vertex -0.697252 16.3746 58.5251
      vertex -0.352211 16.4497 58.5251
    endloop
  endfacet
  facet normal -0.160856 0.739249 -0.653939
    outer loop
      vertex -0.697252 16.3746 58.5251
      vertex -0.789385 16.6884 58.9025
      vertex -0.39875 16.7734 58.9025
    endloop
  endfacet
  facet normal -0.0714708 0.997443 0
    outer loop
      vertex 0 17.4911 60.7503
      vertex -0.496832 17.4555 61.2497
      vertex 0 17.4911 61.2497
    endloop
  endfacet
  facet normal -0.0714708 0.997443 0
    outer loop
      vertex -0.496832 17.4555 61.2497
      vertex 0 17.4911 60.7503
      vertex -0.496832 17.4555 60.7503
    endloop
  endfacet
  facet normal 0.22918 0.614456 0.754931
    outer loop
      vertex 0.697252 16.3746 63.4749
      vertex 0.590925 16.0125 63.8019
      vertex 1.0281 16.2512 63.4749
    endloop
  endfacet
  facet normal 0.0649918 0.907753 0.414441
    outer loop
      vertex 0.466696 17.2459 62.2231
      vertex 0 17.0719 62.6774
      vertex 0.437173 17.0406 62.6774
    endloop
  endfacet
  facet normal -0.249576 0.333054 -0.909278
    outer loop
      vertex -0.916681 15.1684 57.8419
      vertex -0.906855 15.4111 57.9281
      vertex -0.799923 15.2447 57.8378
    endloop
  endfacet
  facet normal -0.249299 0.333068 -0.909349
    outer loop
      vertex -0.906855 15.4111 57.9281
      vertex -0.916681 15.1684 57.8419
      vertex -1.09844 15.2677 57.9281
    endloop
  endfacet
  facet normal -0.32457 0.433632 -0.840606
    outer loop
      vertex -1.09844 15.2677 57.9281
      vertex -1.13398 15.7645 58.1981
      vertex -0.906855 15.4111 57.9281
    endloop
  endfacet
  facet normal -0.332983 0.249972 -0.909196
    outer loop
      vertex -1.41109 14.9069 57.9281
      vertex -1.16552 14.9114 57.8394
      vertex -1.24975 14.8032 57.8405
    endloop
  endfacet
  facet normal -0.333023 0.24941 -0.909335
    outer loop
      vertex -1.16552 14.9114 57.8394
      vertex -1.41109 14.9069 57.9281
      vertex -1.26767 15.0984 57.9281
    endloop
  endfacet
  facet normal -0.433578 0.32455 -0.840641
    outer loop
      vertex -1.26767 15.0984 57.9281
      vertex -1.76451 15.134 58.1981
      vertex -1.58516 15.3736 58.1981
    endloop
  endfacet
  facet normal -0.029355 0.415045 -0.909327
    outer loop
      vertex -0.123869 15.4949 57.8488
      vertex 0 15.6774 57.9281
      vertex 0 15.4846 57.8401
    endloop
  endfacet
  facet normal -0.0300096 0.41511 -0.909276
    outer loop
      vertex -0.238714 15.6603 57.9281
      vertex -0.123869 15.4949 57.8488
      vertex -0.145409 15.4894 57.847
    endloop
  endfacet
  facet normal -0.0297469 0.415263 -0.909215
    outer loop
      vertex -0.123869 15.4949 57.8488
      vertex -0.238714 15.6603 57.9281
      vertex 0 15.6774 57.9281
    endloop
  endfacet
  facet normal -0.0297768 0.415217 -0.909235
    outer loop
      vertex -0.211731 15.4726 57.8415
      vertex -0.238714 15.6603 57.9281
      vertex -0.145409 15.4894 57.847
    endloop
  endfacet
  facet normal 0.525024 0.393001 -0.754917
    outer loop
      vertex 1.76451 15.134 58.1981
      vertex 1.58516 15.3736 58.1981
      vertex 1.87038 15.6207 58.5251
    endloop
  endfacet
  facet normal 0.415412 -0.0290008 -0.909171
    outer loop
      vertex 1.6603 13.7613 57.9281
      vertex 1.46485 13.7894 57.8379
      vertex 1.47688 13.8614 57.8411
    endloop
  endfacet
  facet normal 0.654121 -0.046784 -0.754941
    outer loop
      vertex 2.44968 13.6478 58.5251
      vertex 2.07612 13.7015 58.1981
      vertex 2.47487 14 58.5251
    endloop
  endfacet
  facet normal -0.365427 0.1994 -0.909232
    outer loop
      vertex -1.35229 14.6176 57.841
      vertex -1.52579 14.6968 57.9281
      vertex -1.3299 14.6828 57.8463
    endloop
  endfacet
  facet normal -0.0888135 0.40644 -0.909351
    outer loop
      vertex -0.472569 15.6094 57.9281
      vertex -0.283493 15.4545 57.8404
      vertex -0.417129 15.4206 57.8383
    endloop
  endfacet
  facet normal -0.0885276 0.406731 -0.909248
    outer loop
      vertex -0.283493 15.4545 57.8404
      vertex -0.472569 15.6094 57.9281
      vertex -0.238714 15.6603 57.9281
    endloop
  endfacet
  facet normal -0.0468948 0.654119 -0.754937
    outer loop
      vertex 0 16.0975 58.1981
      vertex -0.298501 16.0761 58.1981
      vertex 0 16.4749 58.5251
    endloop
  endfacet
  facet normal -0.189323 0.507509 -0.84059
    outer loop
      vertex -0.696805 15.5258 57.9281
      vertex -0.871321 15.9079 58.1981
      vertex -0.590925 16.0125 58.1981
    endloop
  endfacet
  facet normal -0.259563 0.47543 -0.840591
    outer loop
      vertex -0.696805 15.5258 57.9281
      vertex -1.13398 15.7645 58.1981
      vertex -0.871321 15.9079 58.1981
    endloop
  endfacet
  facet normal 0.0387321 0.540261 -0.840606
    outer loop
      vertex 0.298501 16.0761 58.1981
      vertex 0 15.6774 57.9281
      vertex 0 16.0975 58.1981
    endloop
  endfacet
  facet normal -0.139375 0.640825 -0.754929
    outer loop
      vertex -0.590925 16.0125 58.1981
      vertex -0.697252 16.3746 58.5251
      vertex -0.298501 16.0761 58.1981
    endloop
  endfacet
  facet normal 0.189207 0.507501 -0.840621
    outer loop
      vertex 0.696805 15.5258 57.9281
      vertex 0.472569 15.6094 57.9281
      vertex 0.590925 16.0125 58.1981
    endloop
  endfacet
  facet normal 0.189323 0.507509 -0.84059
    outer loop
      vertex 0.696805 15.5258 57.9281
      vertex 0.590925 16.0125 58.1981
      vertex 0.871321 15.9079 58.1981
    endloop
  endfacet
  facet normal 0.264378 0.708852 -0.653937
    outer loop
      vertex 1.16395 16.5487 58.9025
      vertex 0.697252 16.3746 58.5251
      vertex 0.789385 16.6884 58.9025
    endloop
  endfacet
  facet normal 0.160904 0.739261 -0.653914
    outer loop
      vertex 0.697252 16.3746 58.5251
      vertex 0.352211 16.4497 58.5251
      vertex 0.39875 16.7734 58.9025
    endloop
  endfacet
  facet normal -0.605651 0.45337 0.653944
    outer loop
      vertex -1.87038 15.6207 63.4749
      vertex -2.11753 15.8349 63.0975
      vertex -2.082 15.338 63.4749
    endloop
  endfacet
  facet normal 0.0601154 0.2759 0.959304
    outer loop
      vertex 0.344594 15.1736 64.2793
      vertex 0.105879 14.7364 64.42
      vertex 0.209602 14.7138 64.42
    endloop
  endfacet
  facet normal 0.382948 0.382966 0.840647
    outer loop
      vertex 1.37355 15.5852 63.8019
      vertex 1.26767 15.0984 64.0719
      vertex 1.58516 15.3736 63.8019
    endloop
  endfacet
  facet normal 0.383077 0.382918 0.84061
    outer loop
      vertex 1.26767 15.0984 64.0719
      vertex 1.37355 15.5852 63.8019
      vertex 1.09844 15.2677 64.0719
    endloop
  endfacet
  facet normal 0.294392 0.29427 0.909252
    outer loop
      vertex 1.09844 15.2677 64.0719
      vertex 0.924376 14.801 64.2793
      vertex 1.26767 15.0984 64.0719
    endloop
  endfacet
  facet normal 0.294308 0.294308 0.909267
    outer loop
      vertex 0.924376 14.801 64.2793
      vertex 1.09844 15.2677 64.0719
      vertex 0.800976 14.9244 64.2793
    endloop
  endfacet
  facet normal -0.0303853 0.139454 0.989762
    outer loop
      vertex -0.105879 14.7364 64.42
      vertex -0.209602 14.7138 64.42
      vertex -0.0355339 14.2471 64.4911
    endloop
  endfacet
  facet normal 0.0387021 0.540277 0.840597
    outer loop
      vertex 0.298501 16.0761 63.8019
      vertex 0 15.6774 64.0719
      vertex 0.238714 15.6603 64.0719
    endloop
  endfacet
  facet normal 0.504459 0.674027 0.539639
    outer loop
      vertex 1.66078 16.5842 62.6774
      vertex 1.51482 16.3571 63.0975
      vertex 2.01165 16.3216 62.6774
    endloop
  endfacet
  facet normal 0.362525 0.664029 0.653942
    outer loop
      vertex 1.16395 16.5487 63.0975
      vertex 1.0281 16.2512 63.4749
      vertex 1.33802 16.082 63.4749
    endloop
  endfacet
  facet normal -0.14548 0.389957 0.909269
    outer loop
      vertex -0.344594 15.1736 64.2793
      vertex -0.696805 15.5258 64.0719
      vertex -0.508104 15.1126 64.2793
    endloop
  endfacet
  facet normal 0.0467981 0.654079 0.754977
    outer loop
      vertex 0.352211 16.4497 63.4749
      vertex 0 16.4749 63.4749
      vertex 0.298501 16.0761 63.8019
    endloop
  endfacet
  facet normal -0.575106 0.76823 0.281203
    outer loop
      vertex -1.77294 16.7587 62.2231
      vertex -2.23963 16.5847 61.744
      vertex -2.1475 16.4783 62.2231
    endloop
  endfacet
  facet normal -0.259563 0.47543 0.840591
    outer loop
      vertex -0.871321 15.9079 63.8019
      vertex -1.13398 15.7645 63.8019
      vertex -0.696805 15.5258 64.0719
    endloop
  endfacet
  facet normal -0.739278 0.160795 0.653921
    outer loop
      vertex -2.37462 14.6973 63.4749
      vertex -2.77337 14.3988 63.0975
      vertex -2.44968 14.3522 63.4749
    endloop
  endfacet
  facet normal -0.739285 0.160822 0.653907
    outer loop
      vertex -2.6884 14.7894 63.0975
      vertex -2.77337 14.3988 63.0975
      vertex -2.37462 14.6973 63.4749
    endloop
  endfacet
  facet normal 0.595252 0.59529 0.539727
    outer loop
      vertex 1.83485 16.1175 63.0975
      vertex 2.32157 16.0117 62.6774
      vertex 2.01165 16.3216 62.6774
    endloop
  endfacet
  facet normal 0.595216 0.595385 0.539662
    outer loop
      vertex 2.32157 16.0117 62.6774
      vertex 1.83485 16.1175 63.0975
      vertex 2.11753 15.8349 63.0975
    endloop
  endfacet
  facet normal 0.403496 0.738908 0.539634
    outer loop
      vertex 1.66078 16.5842 62.6774
      vertex 1.16395 16.5487 63.0975
      vertex 1.51482 16.3571 63.0975
    endloop
  endfacet
  facet normal 0.362606 0.664026 0.653901
    outer loop
      vertex 1.51482 16.3571 63.0975
      vertex 1.16395 16.5487 63.0975
      vertex 1.33802 16.082 63.4749
    endloop
  endfacet
  facet normal 0.907737 -0.0649245 0.414486
    outer loop
      vertex 3.27932 14 62.2231
      vertex 3.07188 14 62.6774
      vertex 3.24594 13.5333 62.2231
    endloop
  endfacet
  facet normal 0.839731 0.060053 0.539671
    outer loop
      vertex 3.04061 14.4372 62.6774
      vertex 2.77337 14.3988 63.0975
      vertex 2.80189 14 63.0975
    endloop
  endfacet
  facet normal 0.664048 0.362568 0.653899
    outer loop
      vertex 2.3571 15.5148 63.0975
      vertex 2.082 15.338 63.4749
      vertex 2.54869 15.1639 63.0975
    endloop
  endfacet
  facet normal 0.605651 0.45337 0.653944
    outer loop
      vertex 2.11753 15.8349 63.0975
      vertex 1.87038 15.6207 63.4749
      vertex 2.082 15.338 63.4749
    endloop
  endfacet
  facet normal 0.212413 0.97718 -0
    outer loop
      vertex 0.983551 17.3497 60.7503
      vertex 0.496832 17.4555 61.2497
      vertex 0.983551 17.3497 61.2497
    endloop
  endfacet
  facet normal 0.212413 0.97718 0
    outer loop
      vertex 0.496832 17.4555 61.2497
      vertex 0.983551 17.3497 60.7503
      vertex 0.496832 17.4555 60.7503
    endloop
  endfacet
  facet normal 0.699937 0.699957 0.141944
    outer loop
      vertex 2.23963 16.5847 61.744
      vertex 2.63838 16.2862 61.2497
      vertex 2.28617 16.6384 61.2497
    endloop
  endfacet
  facet normal 0.699998 0.699876 0.142042
    outer loop
      vertex 2.63838 16.2862 61.2497
      vertex 2.23963 16.5847 61.744
      vertex 2.58467 16.2396 61.744
    endloop
  endfacet
  facet normal 0.335329 0.899176 0.281134
    outer loop
      vertex 1.42072 17.111 61.744
      vertex 0.963529 17.2815 61.744
      vertex 1.36228 16.983 62.2231
    endloop
  endfacet
  facet normal 0.459984 0.842248 0.28113
    outer loop
      vertex 1.42072 17.111 61.744
      vertex 1.36228 16.983 62.2231
      vertex 1.849 16.8771 61.744
    endloop
  endfacet
  facet normal 0.593209 0.792436 0.141942
    outer loop
      vertex 2.28617 16.6384 61.2497
      vertex 1.88742 16.9369 61.2497
      vertex 2.23963 16.5847 61.744
    endloop
  endfacet
  facet normal 0.593179 0.792453 0.141976
    outer loop
      vertex 1.88742 16.9369 61.2497
      vertex 1.849 16.8771 61.744
      vertex 2.23963 16.5847 61.744
    endloop
  endfacet
  facet normal 0.768223 0.575145 0.281143
    outer loop
      vertex 2.8771 15.849 61.744
      vertex 2.58467 16.2396 61.744
      vertex 2.75874 15.7729 62.2231
    endloop
  endfacet
  facet normal 0.84225 0.459976 0.281137
    outer loop
      vertex 2.8771 15.849 61.744
      vertex 2.75874 15.7729 62.2231
      vertex 2.98298 15.3623 62.2231
    endloop
  endfacet
  facet normal 0.792409 0.593252 -0.14192
    outer loop
      vertex 2.8771 15.849 60.256
      vertex 2.58467 16.2396 60.256
      vertex 2.93688 15.8874 60.7503
    endloop
  endfacet
  facet normal -0.0649659 0.907765 -0.414419
    outer loop
      vertex 0 17.0719 59.3226
      vertex -0.466696 17.2459 59.7769
      vertex 0 17.2793 59.7769
    endloop
  endfacet
  facet normal -0.193345 0.8893 -0.414443
    outer loop
      vertex -0.437173 17.0406 59.3226
      vertex -0.923892 17.1465 59.7769
      vertex -0.466696 17.2459 59.7769
    endloop
  endfacet
  facet normal -0.436238 0.798687 0.414482
    outer loop
      vertex -1.36228 16.983 62.2231
      vertex -1.77294 16.7587 62.2231
      vertex -1.66078 16.5842 62.6774
    endloop
  endfacet
  facet normal -0.349518 0.93693 0
    outer loop
      vertex -0.983551 17.3497 60.7503
      vertex -1.45025 17.1756 61.2497
      vertex -0.983551 17.3497 61.2497
    endloop
  endfacet
  facet normal -0.349518 0.93693 0
    outer loop
      vertex -1.45025 17.1756 61.2497
      vertex -0.983551 17.3497 60.7503
      vertex -1.45025 17.1756 60.7503
    endloop
  endfacet
  facet normal 0.459984 0.842248 -0.28113
    outer loop
      vertex 1.849 16.8771 60.256
      vertex 1.36228 16.983 59.7769
      vertex 1.42072 17.111 60.256
    endloop
  endfacet
  facet normal 0.210265 0.967296 -0.141872
    outer loop
      vertex 0.983551 17.3497 60.7503
      vertex 0.486718 17.3852 60.256
      vertex 0.496832 17.4555 60.7503
    endloop
  endfacet
  facet normal 0.460014 0.842218 -0.281167
    outer loop
      vertex 1.77294 16.7587 59.7769
      vertex 1.36228 16.983 59.7769
      vertex 1.849 16.8771 60.256
    endloop
  endfacet
  facet normal 0.575106 0.76823 -0.281203
    outer loop
      vertex 2.1475 16.4783 59.7769
      vertex 1.77294 16.7587 59.7769
      vertex 2.23963 16.5847 60.256
    endloop
  endfacet
  facet normal 0.203882 0.937768 -0.28111
    outer loop
      vertex 0.923892 17.1465 59.7769
      vertex 0.466696 17.2459 59.7769
      vertex 0.963529 17.2815 60.256
    endloop
  endfacet
  facet normal 0.318012 0.852678 -0.414498
    outer loop
      vertex 1.2761 16.7943 59.3226
      vertex 0.923892 17.1465 59.7769
      vertex 1.36228 16.983 59.7769
    endloop
  endfacet
  facet normal -0.545411 0.728563 -0.414395
    outer loop
      vertex -2.01165 16.3216 59.3226
      vertex -2.1475 16.4783 59.7769
      vertex -1.77294 16.7587 59.7769
    endloop
  endfacet
  facet normal -0.474465 0.868764 -0.141884
    outer loop
      vertex -1.42072 17.111 60.256
      vertex -1.849 16.8771 60.256
      vertex -1.45025 17.1756 60.7503
    endloop
  endfacet
  facet normal 0.264385 0.708844 -0.653942
    outer loop
      vertex 1.0281 16.2512 58.5251
      vertex 0.697252 16.3746 58.5251
      vertex 1.16395 16.5487 58.9025
    endloop
  endfacet
  facet normal 0.145364 0.389902 -0.90931
    outer loop
      vertex 0.54679 15.3758 57.8398
      vertex 0.472569 15.6094 57.9281
      vertex 0.696805 15.5258 57.9281
    endloop
  endfacet
  facet normal 0.145929 0.390027 -0.909166
    outer loop
      vertex 0.472569 15.6094 57.9281
      vertex 0.54679 15.3758 57.8398
      vertex 0.42026 15.4313 57.8433
    endloop
  endfacet
  facet normal 0.453405 0.605712 -0.653863
    outer loop
      vertex 1.6207 15.8704 58.5251
      vertex 1.33802 16.082 58.5251
      vertex 1.83485 16.1175 58.9025
    endloop
  endfacet
  facet normal 0.32457 0.433632 -0.840606
    outer loop
      vertex 1.09844 15.2677 57.9281
      vertex 0.906855 15.4111 57.9281
      vertex 1.13398 15.7645 58.1981
    endloop
  endfacet
  facet normal 0.392955 0.525043 -0.754927
    outer loop
      vertex 1.37355 15.5852 58.1981
      vertex 1.13398 15.7645 58.1981
      vertex 1.6207 15.8704 58.5251
    endloop
  endfacet
  facet normal 0.436238 0.798687 -0.414482
    outer loop
      vertex 1.66078 16.5842 59.3226
      vertex 1.36228 16.983 59.7769
      vertex 1.77294 16.7587 59.7769
    endloop
  endfacet
  facet normal 0.545299 0.728595 -0.414485
    outer loop
      vertex 2.01165 16.3216 59.3226
      vertex 1.66078 16.5842 59.3226
      vertex 1.77294 16.7587 59.7769
    endloop
  endfacet
  facet normal 0.605721 0.453335 -0.653904
    outer loop
      vertex 2.3571 15.5148 58.9025
      vertex 2.082 15.338 58.5251
      vertex 2.11753 15.8349 58.9025
    endloop
  endfacet
  facet normal 0.822648 0.178996 -0.539639
    outer loop
      vertex 3.04061 14.4372 59.3226
      vertex 2.6884 14.7894 58.9025
      vertex 2.94744 14.8654 59.3226
    endloop
  endfacet
  facet normal -0.504459 -0.674027 0.539639
    outer loop
      vertex -1.51482 11.6429 63.0975
      vertex -2.01165 11.6784 62.6774
      vertex -1.66078 11.4158 62.6774
    endloop
  endfacet
  facet normal -0.142369 -0.0101823 0.989761
    outer loop
      vertex -0.247146 13.9645 64.4911
      vertex -0.743979 14 64.42
      vertex -0.736405 13.8941 64.42
    endloop
  endfacet
  facet normal -0.139467 0.0303466 0.989762
    outer loop
      vertex -0.713841 14.2096 64.42
      vertex -0.736405 14.1059 64.42
      vertex -0.247146 14.0355 64.4911
    endloop
  endfacet
  facet normal -0.281697 -0.0201443 0.959292
    outer loop
      vertex -0.743979 14 64.42
      vertex -1.22312 14 64.2793
      vertex -1.21067 13.8259 64.2793
    endloop
  endfacet
  facet normal -0.0855207 0.114266 0.989762
    outer loop
      vertex -0.402225 14.6259 64.42
      vertex -0.487202 14.5623 64.42
      vertex -0.163509 14.1887 64.4911
    endloop
  endfacet
  facet normal -0.294308 0.294308 0.909267
    outer loop
      vertex -1.09844 15.2677 64.0719
      vertex -0.924376 14.801 64.2793
      vertex -0.800976 14.9244 64.2793
    endloop
  endfacet
  facet normal -0.294392 0.29427 0.909252
    outer loop
      vertex -0.924376 14.801 64.2793
      vertex -1.09844 15.2677 64.0719
      vertex -1.26767 15.0984 64.0719
    endloop
  endfacet
  facet normal -0.362606 0.664026 0.653901
    outer loop
      vertex -1.16395 16.5487 63.0975
      vertex -1.51482 16.3571 63.0975
      vertex -1.33802 16.082 63.4749
    endloop
  endfacet
  facet normal -0.415151 0.0296877 0.909268
    outer loop
      vertex -1.21067 14.1741 64.2793
      vertex -1.6603 14.2387 64.0719
      vertex -1.22312 14 64.2793
    endloop
  endfacet
  facet normal -0.142369 0.0101823 0.989761
    outer loop
      vertex -0.736405 14.1059 64.42
      vertex -0.743979 14 64.42
      vertex -0.247146 14.0355 64.4911
    endloop
  endfacet
  facet normal -0.226065 0.169239 0.959298
    outer loop
      vertex -0.924376 14.801 64.2793
      vertex -1.02896 14.6613 64.2793
      vertex -0.625875 14.4022 64.42
    endloop
  endfacet
  facet normal -0.333144 0.249501 0.909266
    outer loop
      vertex -1.26767 15.0984 64.0719
      vertex -1.41109 14.9069 64.0719
      vertex -1.02896 14.6613 64.2793
    endloop
  endfacet
  facet normal -0.84225 0.459976 0.281137
    outer loop
      vertex -2.8771 15.849 61.744
      vertex -2.98298 15.3623 62.2231
      vertex -2.75874 15.7729 62.2231
    endloop
  endfacet
  facet normal -0.92746 0.345931 0.141949
    outer loop
      vertex -3.1756 15.4502 61.2497
      vertex -3.28148 14.9635 61.744
      vertex -3.11095 15.4207 61.744
    endloop
  endfacet
  facet normal -0.674015 0.504448 0.539663
    outer loop
      vertex -2.32157 16.0117 62.6774
      vertex -2.3571 15.5148 63.0975
      vertex -2.11753 15.8349 63.0975
    endloop
  endfacet
  facet normal -0.545299 0.728595 0.414485
    outer loop
      vertex -1.77294 16.7587 62.2231
      vertex -2.01165 16.3216 62.6774
      vertex -1.66078 16.5842 62.6774
    endloop
  endfacet
  facet normal -0.317896 0.852677 0.414588
    outer loop
      vertex -0.923892 17.1465 62.2231
      vertex -1.2761 16.7943 62.6774
      vertex -0.865447 16.9474 62.6774
    endloop
  endfacet
  facet normal -0.643483 0.64358 0.414409
    outer loop
      vertex -2.47835 16.1475 62.2231
      vertex -2.01165 16.3216 62.6774
      vertex -2.1475 16.4783 62.2231
    endloop
  endfacet
  facet normal -0.6435 0.643542 0.414442
    outer loop
      vertex -2.01165 16.3216 62.6774
      vertex -2.47835 16.1475 62.2231
      vertex -2.32157 16.0117 62.6774
    endloop
  endfacet
  facet normal -0.678636 0.678518 0.281188
    outer loop
      vertex -2.58467 16.2396 61.744
      vertex -2.1475 16.4783 62.2231
      vertex -2.23963 16.5847 61.744
    endloop
  endfacet
  facet normal -0.678555 0.678658 0.281044
    outer loop
      vertex -2.1475 16.4783 62.2231
      vertex -2.58467 16.2396 61.744
      vertex -2.47835 16.1475 62.2231
    endloop
  endfacet
  facet normal -0.89918 0.335383 0.281057
    outer loop
      vertex -3.11095 15.4207 61.744
      vertex -3.28148 14.9635 61.744
      vertex -2.98298 15.3623 62.2231
    endloop
  endfacet
  facet normal -0.868802 0.474384 0.141925
    outer loop
      vertex -2.93688 15.8874 61.2497
      vertex -3.1756 15.4502 61.2497
      vertex -2.8771 15.849 61.744
    endloop
  endfacet
  facet normal -0.852669 0.31802 -0.41451
    outer loop
      vertex -2.79428 15.2761 59.3226
      vertex -3.14649 14.9239 59.7769
      vertex -2.98298 15.3623 59.7769
    endloop
  endfacet
  facet normal -0.792409 0.593252 -0.14192
    outer loop
      vertex -2.8771 15.849 60.256
      vertex -2.93688 15.8874 60.7503
      vertex -2.58467 16.2396 60.256
    endloop
  endfacet
  facet normal -0.699937 0.699957 -0.141944
    outer loop
      vertex -2.23963 16.5847 60.256
      vertex -2.63838 16.2862 60.7503
      vertex -2.28617 16.6384 60.7503
    endloop
  endfacet
  facet normal -0.699998 0.699876 -0.142042
    outer loop
      vertex -2.63838 16.2862 60.7503
      vertex -2.23963 16.5847 60.256
      vertex -2.58467 16.2396 60.256
    endloop
  endfacet
  facet normal -0.822639 -0.178955 0.539667
    outer loop
      vertex -2.77337 13.6012 63.0975
      vertex -3.04061 13.5628 62.6774
      vertex -2.6884 13.2106 63.0975
    endloop
  endfacet
  facet normal -0.64081 -0.139378 0.754941
    outer loop
      vertex -2.07612 13.7015 63.8019
      vertex -2.44968 13.6478 63.4749
      vertex -2.37462 13.3027 63.4749
    endloop
  endfacet
  facet normal -0.0886545 -0.40675 -0.909228
    outer loop
      vertex -0.238714 12.3397 57.9281
      vertex -0.283493 12.5455 57.8404
      vertex -0.211731 12.5274 57.8415
    endloop
  endfacet
  facet normal -0.415055 0.0298772 -0.909306
    outer loop
      vertex -1.67737 14 57.9281
      vertex -1.47954 14.14 57.8424
      vertex -1.47954 14 57.8378
    endloop
  endfacet
  facet normal -0.414937 0.0296731 -0.909366
    outer loop
      vertex -1.47954 14.14 57.8424
      vertex -1.67737 14 57.9281
      vertex -1.6603 14.2387 57.9281
    endloop
  endfacet
  facet normal 0.314247 -0.575591 -0.754947
    outer loop
      vertex 1.0281 11.7488 58.5251
      vertex 0.871321 12.0921 58.1981
      vertex 1.13398 12.2355 58.1981
    endloop
  endfacet
  facet normal 0.189207 -0.507501 -0.840621
    outer loop
      vertex 0.590925 11.9875 58.1981
      vertex 0.472569 12.3906 57.9281
      vertex 0.696805 12.4742 57.9281
    endloop
  endfacet
  facet normal 0.389984 -0.145592 -0.909239
    outer loop
      vertex 1.52579 13.3032 57.9281
      vertex 1.34892 13.384 57.8393
      vertex 1.38267 13.4463 57.8438
    endloop
  endfacet
  facet normal 0.2944 -0.294278 -0.909247
    outer loop
      vertex 1.09844 12.7323 57.9281
      vertex 1.12531 13.0249 57.8421
      vertex 1.26767 12.9016 57.9281
    endloop
  endfacet
  facet normal 0.294244 -0.294278 -0.909297
    outer loop
      vertex 1.12531 13.0249 57.8421
      vertex 1.09844 12.7323 57.9281
      vertex 0.969332 12.8813 57.8381
    endloop
  endfacet
  facet normal 0.5075 -0.189328 -0.840594
    outer loop
      vertex 2.01251 13.4091 58.1981
      vertex 1.52579 13.3032 57.9281
      vertex 1.60943 13.5274 57.9281
    endloop
  endfacet
  facet normal 0.314242 -0.575591 -0.754948
    outer loop
      vertex 1.33802 11.918 58.5251
      vertex 1.0281 11.7488 58.5251
      vertex 1.13398 12.2355 58.1981
    endloop
  endfacet
  facet normal 0.259563 -0.47543 -0.840591
    outer loop
      vertex 0.871321 12.0921 58.1981
      vertex 0.696805 12.4742 57.9281
      vertex 1.13398 12.2355 58.1981
    endloop
  endfacet
  facet normal 0.593179 -0.792453 -0.141976
    outer loop
      vertex 1.88742 11.0631 60.7503
      vertex 1.849 11.1229 60.256
      vertex 2.23963 11.4153 60.256
    endloop
  endfacet
  facet normal 0.210366 -0.967258 -0.141976
    outer loop
      vertex 0.983551 10.6503 60.7503
      vertex 0.486718 10.6148 60.256
      vertex 0.963529 10.7185 60.256
    endloop
  endfacet
  facet normal 0.362525 -0.664029 -0.653942
    outer loop
      vertex 1.16395 11.4513 58.9025
      vertex 1.0281 11.7488 58.5251
      vertex 1.33802 11.918 58.5251
    endloop
  endfacet
  facet normal 0.22918 -0.614456 -0.754931
    outer loop
      vertex 0.697252 11.6254 58.5251
      vertex 0.590925 11.9875 58.1981
      vertex 1.0281 11.7488 58.5251
    endloop
  endfacet
  facet normal 0.264385 -0.708844 -0.653942
    outer loop
      vertex 1.16395 11.4513 58.9025
      vertex 0.697252 11.6254 58.5251
      vertex 1.0281 11.7488 58.5251
    endloop
  endfacet
  facet normal 0.0875568 -0.407163 -0.909149
    outer loop
      vertex 0.472569 12.3906 57.9281
      vertex 0.368228 12.5459 57.8485
      vertex 0.42026 12.5687 57.8433
    endloop
  endfacet
  facet normal 0.0885011 -0.406609 -0.909305
    outer loop
      vertex 0.238714 12.3397 57.9281
      vertex 0.368228 12.5459 57.8485
      vertex 0.472569 12.3906 57.9281
    endloop
  endfacet
  facet normal 0.0883286 -0.406522 -0.909361
    outer loop
      vertex 0.368228 12.5459 57.8485
      vertex 0.238714 12.3397 57.9281
      vertex 0.282016 12.5388 57.8433
    endloop
  endfacet
  facet normal 0.145364 -0.389902 -0.90931
    outer loop
      vertex 0.472569 12.3906 57.9281
      vertex 0.54679 12.6242 57.8398
      vertex 0.696805 12.4742 57.9281
    endloop
  endfacet
  facet normal 0.145929 -0.390027 -0.909166
    outer loop
      vertex 0.54679 12.6242 57.8398
      vertex 0.472569 12.3906 57.9281
      vertex 0.42026 12.5687 57.8433
    endloop
  endfacet
  facet normal 0.203882 -0.937768 -0.28111
    outer loop
      vertex 0.963529 10.7185 60.256
      vertex 0.466696 10.7541 59.7769
      vertex 0.923892 10.8535 59.7769
    endloop
  endfacet
  facet normal 0.179006 -0.822661 -0.539617
    outer loop
      vertex 0.437173 10.9594 59.3226
      vertex 0.39875 11.2266 58.9025
      vertex 0.789385 11.3116 58.9025
    endloop
  endfacet
  facet normal -0.335329 -0.899176 -0.281134
    outer loop
      vertex -0.963529 10.7185 60.256
      vertex -1.42072 10.889 60.256
      vertex -1.36228 11.017 59.7769
    endloop
  endfacet
  facet normal -0.459984 -0.842248 -0.28113
    outer loop
      vertex -1.42072 10.889 60.256
      vertex -1.849 11.1229 60.256
      vertex -1.36228 11.017 59.7769
    endloop
  endfacet
  facet normal 0.335354 -0.899174 -0.281112
    outer loop
      vertex 0.963529 10.7185 60.256
      vertex 0.923892 10.8535 59.7769
      vertex 1.36228 11.017 59.7769
    endloop
  endfacet
  facet normal 0.678555 -0.678658 0.281044
    outer loop
      vertex 2.1475 11.5217 62.2231
      vertex 2.58467 11.7604 61.744
      vertex 2.47835 11.8525 62.2231
    endloop
  endfacet
  facet normal 0.678636 -0.678518 0.281188
    outer loop
      vertex 2.58467 11.7604 61.744
      vertex 2.1475 11.5217 62.2231
      vertex 2.23963 11.4153 61.744
    endloop
  endfacet
  facet normal -0.0539387 -0.754668 -0.653886
    outer loop
      vertex 0 11.1981 58.9025
      vertex -0.39875 11.2266 58.9025
      vertex 0 11.5251 58.5251
    endloop
  endfacet
  facet normal -0.535025 -0.534982 -0.653868
    outer loop
      vertex -1.83485 11.8825 58.9025
      vertex -1.87038 12.3793 58.5251
      vertex -1.6207 12.1296 58.5251
    endloop
  endfacet
  facet normal -0.53488 -0.535031 -0.653946
    outer loop
      vertex -1.87038 12.3793 58.5251
      vertex -1.83485 11.8825 58.9025
      vertex -2.11753 12.1651 58.9025
    endloop
  endfacet
  facet normal -0.212413 -0.97718 0
    outer loop
      vertex -0.983551 10.6503 60.7503
      vertex -0.496832 10.5445 61.2497
      vertex -0.983551 10.6503 61.2497
    endloop
  endfacet
  facet normal -0.212413 -0.97718 -0
    outer loop
      vertex -0.496832 10.5445 61.2497
      vertex -0.983551 10.6503 60.7503
      vertex -0.496832 10.5445 60.7503
    endloop
  endfacet
  facet normal -0.318012 -0.852678 0.414498
    outer loop
      vertex -1.2761 11.2057 62.6774
      vertex -1.36228 11.017 62.2231
      vertex -0.923892 10.8535 62.2231
    endloop
  endfacet
  facet normal -0.203945 -0.937736 0.281173
    outer loop
      vertex -0.466696 10.7541 62.2231
      vertex -0.963529 10.7185 61.744
      vertex -0.486718 10.6148 61.744
    endloop
  endfacet
  facet normal -0.210366 -0.967258 0.141976
    outer loop
      vertex -0.963529 10.7185 61.744
      vertex -0.983551 10.6503 61.2497
      vertex -0.486718 10.6148 61.744
    endloop
  endfacet
  facet normal 0.0684401 -0.957213 0.281173
    outer loop
      vertex 0.466696 10.7541 62.2231
      vertex 0 10.58 61.744
      vertex 0.486718 10.6148 61.744
    endloop
  endfacet
  facet normal 0.0714708 -0.997443 0
    outer loop
      vertex 0 10.5089 60.7503
      vertex 0.496832 10.5445 61.2497
      vertex 0 10.5089 61.2497
    endloop
  endfacet
  facet normal 0.0714708 -0.997443 0
    outer loop
      vertex 0.496832 10.5445 61.2497
      vertex 0 10.5089 60.7503
      vertex 0.496832 10.5445 60.7503
    endloop
  endfacet
  facet normal 0.0705944 -0.987343 0.142019
    outer loop
      vertex 0 10.58 61.744
      vertex 0 10.5089 61.2497
      vertex 0.486718 10.6148 61.744
    endloop
  endfacet
  facet normal -0.0705944 -0.987343 0.142019
    outer loop
      vertex 0 10.58 61.744
      vertex -0.486718 10.6148 61.744
      vertex 0 10.5089 61.2497
    endloop
  endfacet
  facet normal -0.193345 -0.8893 -0.414443
    outer loop
      vertex -0.466696 10.7541 59.7769
      vertex -0.923892 10.8535 59.7769
      vertex -0.437173 10.9594 59.3226
    endloop
  endfacet
  facet normal -0.6435 -0.643542 -0.414442
    outer loop
      vertex -2.01165 11.6784 59.3226
      vertex -2.47835 11.8525 59.7769
      vertex -2.32157 11.9883 59.3226
    endloop
  endfacet
  facet normal -0.643483 -0.64358 -0.414409
    outer loop
      vertex -2.47835 11.8525 59.7769
      vertex -2.01165 11.6784 59.3226
      vertex -2.1475 11.5217 59.7769
    endloop
  endfacet
  facet normal -0.72858 -0.545346 -0.41445
    outer loop
      vertex -2.47835 11.8525 59.7769
      vertex -2.75874 12.2271 59.7769
      vertex -2.32157 11.9883 59.3226
    endloop
  endfacet
  facet normal -0.362525 -0.664029 -0.653942
    outer loop
      vertex -1.16395 11.4513 58.9025
      vertex -1.33802 11.918 58.5251
      vertex -1.0281 11.7488 58.5251
    endloop
  endfacet
  facet normal -0.264385 -0.708844 -0.653942
    outer loop
      vertex -0.697252 11.6254 58.5251
      vertex -1.16395 11.4513 58.9025
      vertex -1.0281 11.7488 58.5251
    endloop
  endfacet
  facet normal -0.907737 -0.0649245 -0.414486
    outer loop
      vertex -3.24594 13.5333 59.7769
      vertex -3.27932 14 59.7769
      vertex -3.07188 14 59.3226
    endloop
  endfacet
  facet normal -0.822639 -0.178955 -0.539667
    outer loop
      vertex -2.6884 13.2106 58.9025
      vertex -3.04061 13.5628 59.3226
      vertex -2.77337 13.6012 58.9025
    endloop
  endfacet
  facet normal -0.798723 -0.436205 -0.414448
    outer loop
      vertex -2.75874 12.2271 59.7769
      vertex -2.98298 12.6377 59.7769
      vertex -2.58423 12.3392 59.3226
    endloop
  endfacet
  facet normal -0.92743 -0.345987 -0.14201
    outer loop
      vertex -3.1756 12.5498 60.7503
      vertex -3.34967 13.0164 60.7503
      vertex -3.28148 13.0365 60.256
    endloop
  endfacet
  facet normal -0.967247 -0.210409 -0.14199
    outer loop
      vertex -3.34967 13.0164 60.7503
      vertex -3.3852 13.5133 60.256
      vertex -3.28148 13.0365 60.256
    endloop
  endfacet
  facet normal -0.868809 0.474366 -0.141943
    outer loop
      vertex -3.11095 15.4207 60.256
      vertex -3.1756 15.4502 60.7503
      vertex -2.8771 15.849 60.256
    endloop
  endfacet
  facet normal -0.907737 0.0649245 -0.414486
    outer loop
      vertex -3.07188 14 59.3226
      vertex -3.27932 14 59.7769
      vertex -3.24594 14.4667 59.7769
    endloop
  endfacet
  facet normal -0.738888 -0.40344 -0.539704
    outer loop
      vertex -2.58423 12.3392 59.3226
      vertex -2.79428 12.7239 59.3226
      vertex -2.54869 12.8361 58.9025
    endloop
  endfacet
  facet normal -0.788796 -0.294161 -0.539694
    outer loop
      vertex -2.79428 12.7239 59.3226
      vertex -2.94744 13.1346 59.3226
      vertex -2.54869 12.8361 58.9025
    endloop
  endfacet
  facet normal -0.664048 0.362568 -0.653899
    outer loop
      vertex -2.082 15.338 58.5251
      vertex -2.54869 15.1639 58.9025
      vertex -2.3571 15.5148 58.9025
    endloop
  endfacet
  facet normal -0.708873 -0.264434 -0.653891
    outer loop
      vertex -2.25122 12.9719 58.5251
      vertex -2.54869 12.8361 58.9025
      vertex -2.37462 13.3027 58.5251
    endloop
  endfacet
  facet normal -0.605651 0.45337 -0.653944
    outer loop
      vertex -2.082 15.338 58.5251
      vertex -2.11753 15.8349 58.9025
      vertex -1.87038 15.6207 58.5251
    endloop
  endfacet
  facet normal -0.475409 0.259548 -0.840607
    outer loop
      vertex -1.52579 14.6968 57.9281
      vertex -1.90793 14.8713 58.1981
      vertex -1.76451 15.134 58.1981
    endloop
  endfacet
  facet normal -0.433578 -0.32455 -0.840641
    outer loop
      vertex -1.58516 12.6264 58.1981
      vertex -1.76451 12.866 58.1981
      vertex -1.26767 12.9016 57.9281
    endloop
  endfacet
  facet normal -0.406582 -0.0883266 -0.909335
    outer loop
      vertex -1.60943 13.5274 57.9281
      vertex -1.46799 13.7195 57.8462
      vertex -1.42105 13.5827 57.8385
    endloop
  endfacet
  facet normal -0.406492 -0.0884064 -0.909367
    outer loop
      vertex -1.46799 13.7195 57.8462
      vertex -1.60943 13.5274 57.9281
      vertex -1.6603 13.7613 57.9281
    endloop
  endfacet
  facet normal -0.593209 -0.792436 0.141942
    outer loop
      vertex -2.23963 11.4153 61.744
      vertex -2.28617 11.3616 61.2497
      vertex -1.88742 11.0631 61.2497
    endloop
  endfacet
  facet normal -0.593179 -0.792453 0.141976
    outer loop
      vertex -1.849 11.1229 61.744
      vertex -2.23963 11.4153 61.744
      vertex -1.88742 11.0631 61.2497
    endloop
  endfacet
  facet normal -0.474465 -0.868764 0.141884
    outer loop
      vertex -1.42072 10.889 61.744
      vertex -1.849 11.1229 61.744
      vertex -1.45025 10.8244 61.2497
    endloop
  endfacet
  facet normal -0.335354 -0.899174 0.281112
    outer loop
      vertex -0.923892 10.8535 62.2231
      vertex -1.36228 11.017 62.2231
      vertex -0.963529 10.7185 61.744
    endloop
  endfacet
  facet normal -0.593179 -0.792453 -0.141976
    outer loop
      vertex -1.88742 11.0631 60.7503
      vertex -2.23963 11.4153 60.256
      vertex -1.849 11.1229 60.256
    endloop
  endfacet
  facet normal -0.575076 -0.768269 -0.281159
    outer loop
      vertex -1.849 11.1229 60.256
      vertex -2.23963 11.4153 60.256
      vertex -1.77294 11.2413 59.7769
    endloop
  endfacet
  facet normal -0.792462 -0.593154 -0.142027
    outer loop
      vertex -2.63838 11.7138 60.7503
      vertex -2.93688 12.1126 60.7503
      vertex -2.58467 11.7604 60.256
    endloop
  endfacet
  facet normal -0.605721 -0.453335 0.653904
    outer loop
      vertex -2.082 12.662 63.4749
      vertex -2.3571 12.4852 63.0975
      vertex -2.11753 12.1651 63.0975
    endloop
  endfacet
  facet normal -0.436238 -0.798687 0.414482
    outer loop
      vertex -1.66078 11.4158 62.6774
      vertex -1.77294 11.2413 62.2231
      vertex -1.36228 11.017 62.2231
    endloop
  endfacet
  facet normal -0.403538 -0.738853 0.539679
    outer loop
      vertex -1.16395 11.4513 63.0975
      vertex -1.66078 11.4158 62.6774
      vertex -1.2761 11.2057 62.6774
    endloop
  endfacet
  facet normal -0.294093 -0.788831 0.53968
    outer loop
      vertex -1.16395 11.4513 63.0975
      vertex -1.2761 11.2057 62.6774
      vertex -0.865447 11.0526 62.6774
    endloop
  endfacet
  facet normal -0.249419 -0.333229 0.909257
    outer loop
      vertex -0.661271 12.971 64.2793
      vertex -1.09844 12.7323 64.0719
      vertex -0.906855 12.5889 64.0719
    endloop
  endfacet
  facet normal -0.0468948 -0.654119 0.754937
    outer loop
      vertex 0 11.9025 63.8019
      vertex -0.298501 11.9239 63.8019
      vertex 0 11.5251 63.4749
    endloop
  endfacet
  facet normal -0.160904 -0.739261 0.653914
    outer loop
      vertex -0.352211 11.5503 63.4749
      vertex -0.697252 11.6254 63.4749
      vertex -0.39875 11.2266 63.0975
    endloop
  endfacet
  facet normal -0.179006 -0.822661 0.539617
    outer loop
      vertex -0.39875 11.2266 63.0975
      vertex -0.789385 11.3116 63.0975
      vertex -0.437173 10.9594 62.6774
    endloop
  endfacet
  facet normal 0.362525 -0.664029 0.653942
    outer loop
      vertex 1.33802 11.918 63.4749
      vertex 1.0281 11.7488 63.4749
      vertex 1.16395 11.4513 63.0975
    endloop
  endfacet
  facet normal 0.32457 -0.433632 0.840606
    outer loop
      vertex 1.09844 12.7323 64.0719
      vertex 0.906855 12.5889 64.0719
      vertex 1.13398 12.2355 63.8019
    endloop
  endfacet
  facet normal 0.382948 -0.382966 0.840647
    outer loop
      vertex 1.26767 12.9016 64.0719
      vertex 1.37355 12.4148 63.8019
      vertex 1.58516 12.6264 63.8019
    endloop
  endfacet
  facet normal 0.383077 -0.382918 0.84061
    outer loop
      vertex 1.37355 12.4148 63.8019
      vertex 1.26767 12.9016 64.0719
      vertex 1.09844 12.7323 64.0719
    endloop
  endfacet
  facet normal 0.169259 -0.226065 0.959294
    outer loop
      vertex 0.800976 13.0756 64.2793
      vertex 0.402225 13.3741 64.42
      vertex 0.661271 12.971 64.2793
    endloop
  endfacet
  facet normal -0.475415 -0.259544 0.840606
    outer loop
      vertex -1.52579 13.3032 64.0719
      vertex -1.76451 12.866 63.8019
      vertex -1.41109 13.0931 64.0719
    endloop
  endfacet
  facet normal 0.1152 -0.529275 0.840593
    outer loop
      vertex 0.472569 12.3906 64.0719
      vertex 0.238714 12.3397 64.0719
      vertex 0.298501 11.9239 63.8019
    endloop
  endfacet
  facet normal 0.0202181 -0.281667 0.959299
    outer loop
      vertex 0.105879 13.2636 64.42
      vertex 0 13.256 64.42
      vertex 0.174068 12.7893 64.2793
    endloop
  endfacet
  facet normal 0.0387021 -0.540277 0.840597
    outer loop
      vertex 0.238714 12.3397 64.0719
      vertex 0 12.3226 64.0719
      vertex 0.298501 11.9239 63.8019
    endloop
  endfacet
  facet normal -0.226065 -0.169239 0.959298
    outer loop
      vertex -0.625875 13.5978 64.42
      vertex -1.02896 13.3387 64.2793
      vertex -0.924376 13.199 64.2793
    endloop
  endfacet
  facet normal -0.189323 -0.507509 0.84059
    outer loop
      vertex -0.696805 12.4742 64.0719
      vertex -0.871321 12.0921 63.8019
      vertex -0.590925 11.9875 63.8019
    endloop
  endfacet
  facet normal -0.406704 -0.0884731 0.909266
    outer loop
      vertex -1.21067 13.8259 64.2793
      vertex -1.6603 13.7613 64.0719
      vertex -1.17358 13.6554 64.2793
    endloop
  endfacet
  facet normal -0.389954 -0.145476 0.90927
    outer loop
      vertex -1.17358 13.6554 64.2793
      vertex -1.60943 13.5274 64.0719
      vertex -1.52579 13.3032 64.0719
    endloop
  endfacet
  facet normal -0.59528 -0.595318 0.539665
    outer loop
      vertex -2.01165 11.6784 62.6774
      vertex -2.11753 12.1651 63.0975
      vertex -2.32157 11.9883 62.6774
    endloop
  endfacet
  facet normal -0.595185 -0.595354 0.53973
    outer loop
      vertex -2.11753 12.1651 63.0975
      vertex -2.01165 11.6784 62.6774
      vertex -1.83485 11.8825 63.0975
    endloop
  endfacet
  facet normal -0.575589 -0.314299 0.754926
    outer loop
      vertex -1.76451 12.866 63.8019
      vertex -2.25122 12.9719 63.4749
      vertex -2.082 12.662 63.4749
    endloop
  endfacet
  facet normal -0.739278 -0.160795 0.653921
    outer loop
      vertex -2.44968 13.6478 63.4749
      vertex -2.77337 13.6012 63.0975
      vertex -2.37462 13.3027 63.4749
    endloop
  endfacet
  facet normal -0.664047 -0.362601 0.653882
    outer loop
      vertex -2.25122 12.9719 63.4749
      vertex -2.54869 12.8361 63.0975
      vertex -2.082 12.662 63.4749
    endloop
  endfacet
  facet normal -0.739285 -0.160822 0.653907
    outer loop
      vertex -2.37462 13.3027 63.4749
      vertex -2.77337 13.6012 63.0975
      vertex -2.6884 13.2106 63.0975
    endloop
  endfacet
  facet normal -0.754644 -0.0539735 0.653911
    outer loop
      vertex -2.47487 14 63.4749
      vertex -2.77337 13.6012 63.0975
      vertex -2.44968 13.6478 63.4749
    endloop
  endfacet
  facet normal -0.678555 -0.678658 0.281044
    outer loop
      vertex -2.58467 11.7604 61.744
      vertex -2.1475 11.5217 62.2231
      vertex -2.47835 11.8525 62.2231
    endloop
  endfacet
  facet normal -0.678636 -0.678518 0.281188
    outer loop
      vertex -2.1475 11.5217 62.2231
      vertex -2.58467 11.7604 61.744
      vertex -2.23963 11.4153 61.744
    endloop
  endfacet
  facet normal -0.535025 -0.534982 0.653868
    outer loop
      vertex -1.87038 12.3793 63.4749
      vertex -1.83485 11.8825 63.0975
      vertex -1.6207 12.1296 63.4749
    endloop
  endfacet
  facet normal -0.53488 -0.535031 0.653946
    outer loop
      vertex -1.83485 11.8825 63.0975
      vertex -1.87038 12.3793 63.4749
      vertex -2.11753 12.1651 63.0975
    endloop
  endfacet
  facet normal -0.788796 -0.294161 0.539694
    outer loop
      vertex -2.54869 12.8361 63.0975
      vertex -2.94744 13.1346 62.6774
      vertex -2.79428 12.7239 62.6774
    endloop
  endfacet
  facet normal -0.788804 -0.294269 0.539624
    outer loop
      vertex -2.6884 13.2106 63.0975
      vertex -2.94744 13.1346 62.6774
      vertex -2.54869 12.8361 63.0975
    endloop
  endfacet
  facet normal 0.193345 -0.8893 0.414443
    outer loop
      vertex 0.923892 10.8535 62.2231
      vertex 0.437173 10.9594 62.6774
      vertex 0.466696 10.7541 62.2231
    endloop
  endfacet
  facet normal 0.335329 -0.899176 0.281134
    outer loop
      vertex 1.36228 11.017 62.2231
      vertex 0.963529 10.7185 61.744
      vertex 1.42072 10.889 61.744
    endloop
  endfacet
  facet normal 0.479229 -0.87769 0
    outer loop
      vertex 1.45025 10.8244 60.7503
      vertex 1.88742 11.0631 61.2497
      vertex 1.45025 10.8244 61.2497
    endloop
  endfacet
  facet normal 0.479229 -0.87769 0
    outer loop
      vertex 1.88742 11.0631 61.2497
      vertex 1.45025 10.8244 60.7503
      vertex 1.88742 11.0631 60.7503
    endloop
  endfacet
  facet normal 0.474374 -0.868799 -0.141978
    outer loop
      vertex 1.88742 11.0631 60.7503
      vertex 1.45025 10.8244 60.7503
      vertex 1.849 11.1229 60.256
    endloop
  endfacet
  facet normal 0.575076 -0.768269 -0.281159
    outer loop
      vertex 1.849 11.1229 60.256
      vertex 1.77294 11.2413 59.7769
      vertex 2.23963 11.4153 60.256
    endloop
  endfacet
  facet normal 0.768305 -0.57508 -0.28105
    outer loop
      vertex 2.58467 11.7604 60.256
      vertex 2.47835 11.8525 59.7769
      vertex 2.75874 12.2271 59.7769
    endloop
  endfacet
  facet normal 0.88923 -0.193483 0.414528
    outer loop
      vertex 3.04061 13.5628 62.6774
      vertex 2.94744 13.1346 62.6774
      vertex 3.14649 13.0761 62.2231
    endloop
  endfacet
  facet normal 0.788804 -0.294269 0.539624
    outer loop
      vertex 2.6884 13.2106 63.0975
      vertex 2.54869 12.8361 63.0975
      vertex 2.94744 13.1346 62.6774
    endloop
  endfacet
  facet normal 0.6435 -0.643542 0.414442
    outer loop
      vertex 2.01165 11.6784 62.6774
      vertex 2.47835 11.8525 62.2231
      vertex 2.32157 11.9883 62.6774
    endloop
  endfacet
  facet normal 0.643483 -0.64358 0.414409
    outer loop
      vertex 2.47835 11.8525 62.2231
      vertex 2.01165 11.6784 62.6774
      vertex 2.1475 11.5217 62.2231
    endloop
  endfacet
  facet normal 0.798723 -0.436205 0.414448
    outer loop
      vertex 2.98298 12.6377 62.2231
      vertex 2.58423 12.3392 62.6774
      vertex 2.75874 12.2271 62.2231
    endloop
  endfacet
  facet normal 0.575106 -0.76823 0.281203
    outer loop
      vertex 2.1475 11.5217 62.2231
      vertex 1.77294 11.2413 62.2231
      vertex 2.23963 11.4153 61.744
    endloop
  endfacet
  facet normal 0.800578 -0.599229 0
    outer loop
      vertex 2.63838 11.7138 61.2497
      vertex 2.93688 12.1126 60.7503
      vertex 2.93688 12.1126 61.2497
    endloop
  endfacet
  facet normal 0.800578 -0.599229 0
    outer loop
      vertex 2.93688 12.1126 60.7503
      vertex 2.63838 11.7138 61.2497
      vertex 2.63838 11.7138 60.7503
    endloop
  endfacet
  facet normal 0.540266 0.0386357 -0.840607
    outer loop
      vertex 1.67737 14 57.9281
      vertex 1.6603 14.2387 57.9281
      vertex 2.07612 14.2985 58.1981
    endloop
  endfacet
  facet normal 0.92746 0.345931 -0.141949
    outer loop
      vertex 3.28148 14.9635 60.256
      vertex 3.11095 15.4207 60.256
      vertex 3.1756 15.4502 60.7503
    endloop
  endfacet
  facet normal 0.967258 -0.21038 -0.141961
    outer loop
      vertex 3.45555 13.5032 60.7503
      vertex 3.34967 13.0164 60.7503
      vertex 3.3852 13.5133 60.256
    endloop
  endfacet
  facet normal 0.798723 -0.436205 -0.414448
    outer loop
      vertex 2.75874 12.2271 59.7769
      vertex 2.58423 12.3392 59.3226
      vertex 2.98298 12.6377 59.7769
    endloop
  endfacet
  facet normal 0.822639 -0.178955 -0.539667
    outer loop
      vertex 3.04061 13.5628 59.3226
      vertex 2.6884 13.2106 58.9025
      vertex 2.77337 13.6012 58.9025
    endloop
  endfacet
  facet normal 0.754647 0.0539682 -0.653908
    outer loop
      vertex 2.80189 14 58.9025
      vertex 2.47487 14 58.5251
      vertex 2.77337 14.3988 58.9025
    endloop
  endfacet
  facet normal 0.997452 0.0713355 0
    outer loop
      vertex 3.49108 14 61.2497
      vertex 3.45555 14.4968 60.7503
      vertex 3.45555 14.4968 61.2497
    endloop
  endfacet
  facet normal 0.997452 0.0713355 0
    outer loop
      vertex 3.45555 14.4968 60.7503
      vertex 3.49108 14 61.2497
      vertex 3.49108 14 60.7503
    endloop
  endfacet
  facet normal 0.98735 -0.0706178 -0.14196
    outer loop
      vertex 3.49108 14 60.7503
      vertex 3.3852 13.5133 60.256
      vertex 3.42001 14 60.256
    endloop
  endfacet
  facet normal 0.738888 -0.40344 -0.539704
    outer loop
      vertex 2.58423 12.3392 59.3226
      vertex 2.54869 12.8361 58.9025
      vertex 2.79428 12.7239 59.3226
    endloop
  endfacet
  facet normal 0.738896 -0.403434 -0.539697
    outer loop
      vertex 2.58423 12.3392 59.3226
      vertex 2.3571 12.4852 58.9025
      vertex 2.54869 12.8361 58.9025
    endloop
  endfacet
  facet normal 0.739285 -0.160822 -0.653907
    outer loop
      vertex 2.6884 13.2106 58.9025
      vertex 2.37462 13.3027 58.5251
      vertex 2.77337 13.6012 58.9025
    endloop
  endfacet
  facet normal 0.708861 -0.264446 -0.6539
    outer loop
      vertex 2.54869 12.8361 58.9025
      vertex 2.37462 13.3027 58.5251
      vertex 2.6884 13.2106 58.9025
    endloop
  endfacet
  facet normal 0.907737 -0.0649244 -0.414486
    outer loop
      vertex 3.24594 13.5333 59.7769
      vertex 3.04061 13.5628 59.3226
      vertex 3.07188 14 59.3226
    endloop
  endfacet
  facet normal 0.889263 -0.193432 -0.414481
    outer loop
      vertex 3.14649 13.0761 59.7769
      vertex 3.04061 13.5628 59.3226
      vertex 3.24594 13.5333 59.7769
    endloop
  endfacet
  facet normal 0.84225 0.459976 -0.281137
    outer loop
      vertex 2.98298 15.3623 59.7769
      vertex 2.75874 15.7729 59.7769
      vertex 2.8771 15.849 60.256
    endloop
  endfacet
  facet normal 0.92743 0.345987 -0.14201
    outer loop
      vertex 3.28148 14.9635 60.256
      vertex 3.1756 15.4502 60.7503
      vertex 3.34967 14.9836 60.7503
    endloop
  endfacet
  facet normal 0.738896 0.403434 -0.539697
    outer loop
      vertex 2.54869 15.1639 58.9025
      vertex 2.3571 15.5148 58.9025
      vertex 2.58423 15.6608 59.3226
    endloop
  endfacet
  facet normal 0.977154 0.212533 0
    outer loop
      vertex 3.45555 14.4968 61.2497
      vertex 3.34967 14.9836 60.7503
      vertex 3.34967 14.9836 61.2497
    endloop
  endfacet
  facet normal 0.977154 0.212533 0
    outer loop
      vertex 3.34967 14.9836 60.7503
      vertex 3.45555 14.4968 61.2497
      vertex 3.45555 14.4968 60.7503
    endloop
  endfacet
  facet normal 0.852669 0.31802 -0.41451
    outer loop
      vertex 3.14649 14.9239 59.7769
      vertex 2.79428 15.2761 59.3226
      vertex 2.98298 15.3623 59.7769
    endloop
  endfacet
  facet normal 0.899182 0.335368 0.281071
    outer loop
      vertex 3.28148 14.9635 61.744
      vertex 2.98298 15.3623 62.2231
      vertex 3.14649 14.9239 62.2231
    endloop
  endfacet
  facet normal 0.937756 0.20398 0.28108
    outer loop
      vertex 3.28148 14.9635 61.744
      vertex 3.14649 14.9239 62.2231
      vertex 3.24594 14.4667 62.2231
    endloop
  endfacet
  facet normal 0.936925 -0.34953 0
    outer loop
      vertex 3.1756 12.5498 61.2497
      vertex 3.34967 13.0164 60.7503
      vertex 3.34967 13.0164 61.2497
    endloop
  endfacet
  facet normal 0.936925 -0.34953 0
    outer loop
      vertex 3.34967 13.0164 60.7503
      vertex 3.1756 12.5498 61.2497
      vertex 3.1756 12.5498 60.7503
    endloop
  endfacet
  facet normal 0.868809 -0.474366 0.141943
    outer loop
      vertex 3.11095 12.5793 61.744
      vertex 2.8771 12.151 61.744
      vertex 3.1756 12.5498 61.2497
    endloop
  endfacet
  facet normal 0.92743 -0.345987 0.14201
    outer loop
      vertex 3.28148 13.0365 61.744
      vertex 3.1756 12.5498 61.2497
      vertex 3.34967 13.0164 61.2497
    endloop
  endfacet
  facet normal 0.842319 -0.459903 0.281048
    outer loop
      vertex 2.98298 12.6377 62.2231
      vertex 2.8771 12.151 61.744
      vertex 3.11095 12.5793 61.744
    endloop
  endfacet
  facet normal 0.889263 -0.193432 0.414481
    outer loop
      vertex 3.24594 13.5333 62.2231
      vertex 3.04061 13.5628 62.6774
      vertex 3.14649 13.0761 62.2231
    endloop
  endfacet
  facet normal 0.937756 -0.20398 0.28108
    outer loop
      vertex 3.24594 13.5333 62.2231
      vertex 3.14649 13.0761 62.2231
      vertex 3.28148 13.0365 61.744
    endloop
  endfacet
  facet normal 0.362606 -0.664026 0.653901
    outer loop
      vertex 1.33802 11.918 63.4749
      vertex 1.16395 11.4513 63.0975
      vertex 1.51482 11.6429 63.0975
    endloop
  endfacet
  facet normal 0.504459 -0.674027 0.539639
    outer loop
      vertex 2.01165 11.6784 62.6774
      vertex 1.51482 11.6429 63.0975
      vertex 1.66078 11.4158 62.6774
    endloop
  endfacet
  facet normal 0.72858 -0.545346 0.41445
    outer loop
      vertex 2.75874 12.2271 62.2231
      vertex 2.32157 11.9883 62.6774
      vertex 2.47835 11.8525 62.2231
    endloop
  endfacet
  facet normal 0.728575 -0.545362 0.414437
    outer loop
      vertex 2.58423 12.3392 62.6774
      vertex 2.32157 11.9883 62.6774
      vertex 2.75874 12.2271 62.2231
    endloop
  endfacet
  facet normal 0.433546 -0.324696 0.840601
    outer loop
      vertex 1.41109 13.0931 64.0719
      vertex 1.26767 12.9016 64.0719
      vertex 1.76451 12.866 63.8019
    endloop
  endfacet
  facet normal 0.664048 -0.362568 0.653899
    outer loop
      vertex 2.54869 12.8361 63.0975
      vertex 2.082 12.662 63.4749
      vertex 2.3571 12.4852 63.0975
    endloop
  endfacet
  facet normal 0.738896 -0.403434 0.539697
    outer loop
      vertex 2.54869 12.8361 63.0975
      vertex 2.3571 12.4852 63.0975
      vertex 2.58423 12.3392 62.6774
    endloop
  endfacet
  facet normal 0.36532 -0.199439 0.909266
    outer loop
      vertex 1.52579 13.3032 64.0719
      vertex 1.02896 13.3387 64.2793
      vertex 1.41109 13.0931 64.0719
    endloop
  endfacet
  facet normal 0.575592 -0.314242 0.754948
    outer loop
      vertex 1.90793 13.1287 63.8019
      vertex 1.76451 12.866 63.8019
      vertex 2.25122 12.9719 63.4749
    endloop
  endfacet
  facet normal 0.525012 -0.393007 0.754922
    outer loop
      vertex 2.082 12.662 63.4749
      vertex 1.76451 12.866 63.8019
      vertex 1.87038 12.3793 63.4749
    endloop
  endfacet
  facet normal 0.5075 -0.189328 0.840594
    outer loop
      vertex 1.60943 13.5274 64.0719
      vertex 1.52579 13.3032 64.0719
      vertex 2.01251 13.4091 63.8019
    endloop
  endfacet
  facet normal 0.226099 0.169213 0.959295
    outer loop
      vertex 0.924376 14.801 64.2793
      vertex 0.562261 14.4872 64.42
      vertex 0.625875 14.4022 64.42
    endloop
  endfacet
  facet normal 0.275954 -0.0600445 0.959294
    outer loop
      vertex 0.736405 13.8941 64.42
      vertex 0.713841 13.7904 64.42
      vertex 1.17358 13.6554 64.2793
    endloop
  endfacet
  facet normal 0.333215 0.249456 0.909252
    outer loop
      vertex 1.26767 15.0984 64.0719
      vertex 0.924376 14.801 64.2793
      vertex 1.02896 14.6613 64.2793
    endloop
  endfacet
  facet normal 0.0884862 -0.406717 0.909259
    outer loop
      vertex 0.344594 12.8264 64.2793
      vertex 0.174068 12.7893 64.2793
      vertex 0.238714 12.3397 64.0719
    endloop
  endfacet
  facet normal 0.125249 -0.0684378 0.989762
    outer loop
      vertex 0.676746 13.6909 64.42
      vertex 0.227123 13.8963 64.4911
      vertex 0.625875 13.5978 64.42
    endloop
  endfacet
  facet normal 0.389963 -0.145467 0.909268
    outer loop
      vertex 1.17358 13.6554 64.2793
      vertex 1.11259 13.4919 64.2793
      vertex 1.52579 13.3032 64.0719
    endloop
  endfacet
  facet normal 0.654121 0.046784 0.754941
    outer loop
      vertex 2.44968 14.3522 63.4749
      vertex 2.07612 14.2985 63.8019
      vertex 2.47487 14 63.4749
    endloop
  endfacet
  facet normal 0.708873 0.264434 0.653891
    outer loop
      vertex 2.54869 15.1639 63.0975
      vertex 2.25122 15.0281 63.4749
      vertex 2.37462 14.6973 63.4749
    endloop
  endfacet
  facet normal 0.0855207 0.114266 0.989762
    outer loop
      vertex 0.402225 14.6259 64.42
      vertex 0.163509 14.1887 64.4911
      vertex 0.487202 14.5623 64.42
    endloop
  endfacet
  facet normal 0.614413 0.229198 0.75496
    outer loop
      vertex 2.25122 15.0281 63.4749
      vertex 2.01251 14.5909 63.8019
      vertex 2.37462 14.6973 63.4749
    endloop
  endfacet
  facet normal 0.640792 0.139401 0.754952
    outer loop
      vertex 2.37462 14.6973 63.4749
      vertex 2.01251 14.5909 63.8019
      vertex 2.07612 14.2985 63.8019
    endloop
  endfacet
  facet normal 0.525024 0.393001 0.754917
    outer loop
      vertex 1.87038 15.6207 63.4749
      vertex 1.58516 15.3736 63.8019
      vertex 1.76451 15.134 63.8019
    endloop
  endfacet
  facet normal 0.333144 0.249501 0.909266
    outer loop
      vertex 1.26767 15.0984 64.0719
      vertex 1.02896 14.6613 64.2793
      vertex 1.41109 14.9069 64.0719
    endloop
  endfacet
  facet normal -0.643483 0.64358 -0.414409
    outer loop
      vertex -2.01165 16.3216 59.3226
      vertex -2.47835 16.1475 59.7769
      vertex -2.1475 16.4783 59.7769
    endloop
  endfacet
  facet normal -0.6435 0.643542 -0.414442
    outer loop
      vertex -2.47835 16.1475 59.7769
      vertex -2.01165 16.3216 59.3226
      vertex -2.32157 16.0117 59.3226
    endloop
  endfacet
  facet normal -0.453437 0.605649 -0.653899
    outer loop
      vertex -1.33802 16.082 58.5251
      vertex -1.83485 16.1175 58.9025
      vertex -1.51482 16.3571 58.9025
    endloop
  endfacet
  facet normal -0.504531 0.673894 -0.539736
    outer loop
      vertex -1.83485 16.1175 58.9025
      vertex -2.01165 16.3216 59.3226
      vertex -1.51482 16.3571 58.9025
    endloop
  endfacet
  facet normal -0.193505 0.889197 0.41459
    outer loop
      vertex -0.437173 17.0406 62.6774
      vertex -0.923892 17.1465 62.2231
      vertex -0.865447 16.9474 62.6774
    endloop
  endfacet
  facet normal -0.0649659 0.907765 0.414419
    outer loop
      vertex 0 17.2793 62.2231
      vertex -0.466696 17.2459 62.2231
      vertex 0 17.0719 62.6774
    endloop
  endfacet
  facet normal -0.0684401 0.957213 0.281173
    outer loop
      vertex 0 17.42 61.744
      vertex -0.486718 17.3852 61.744
      vertex -0.466696 17.2459 62.2231
    endloop
  endfacet
  facet normal 0.203945 0.937736 0.281173
    outer loop
      vertex 0.486718 17.3852 61.744
      vertex 0.466696 17.2459 62.2231
      vertex 0.963529 17.2815 61.744
    endloop
  endfacet
  facet normal 0.0684401 0.957213 0.281173
    outer loop
      vertex 0.486718 17.3852 61.744
      vertex 0 17.42 61.744
      vertex 0.466696 17.2459 62.2231
    endloop
  endfacet
  facet normal -0.383077 0.382918 -0.84061
    outer loop
      vertex -1.26767 15.0984 57.9281
      vertex -1.37355 15.5852 58.1981
      vertex -1.09844 15.2677 57.9281
    endloop
  endfacet
  facet normal -0.382948 0.382966 -0.840647
    outer loop
      vertex -1.37355 15.5852 58.1981
      vertex -1.26767 15.0984 57.9281
      vertex -1.58516 15.3736 58.1981
    endloop
  endfacet
  facet normal 0.333476 0.249155 -0.909239
    outer loop
      vertex 1.17522 14.9291 57.8478
      vertex 1.12531 14.9751 57.8421
      vertex 1.26767 15.0984 57.9281
    endloop
  endfacet
  facet normal 0.39003 0.145113 -0.909296
    outer loop
      vertex 1.41873 14.487 57.8486
      vertex 1.60943 14.4726 57.9281
      vertex 1.42994 14.4199 57.8427
    endloop
  endfacet
  facet normal 0.390033 0.145505 -0.909232
    outer loop
      vertex 1.60943 14.4726 57.9281
      vertex 1.41873 14.487 57.8486
      vertex 1.52579 14.6968 57.9281
    endloop
  endfacet
  facet normal 0.390095 0.145466 -0.909212
    outer loop
      vertex 1.52579 14.6968 57.9281
      vertex 1.41873 14.487 57.8486
      vertex 1.38267 14.5537 57.8438
    endloop
  endfacet
  facet normal 0.259592 0.475391 -0.840604
    outer loop
      vertex 0.906855 15.4111 57.9281
      vertex 0.696805 15.5258 57.9281
      vertex 1.13398 15.7645 58.1981
    endloop
  endfacet
  facet normal 0.259563 0.47543 -0.840591
    outer loop
      vertex 1.13398 15.7645 58.1981
      vertex 0.696805 15.5258 57.9281
      vertex 0.871321 15.9079 58.1981
    endloop
  endfacet
  facet normal 0.614413 0.229198 -0.75496
    outer loop
      vertex 2.37462 14.6973 58.5251
      vertex 2.01251 14.5909 58.1981
      vertex 2.25122 15.0281 58.5251
    endloop
  endfacet
  facet normal 0.540263 0.0386419 -0.840609
    outer loop
      vertex 2.09747 14 58.1981
      vertex 1.67737 14 57.9281
      vertex 2.07612 14.2985 58.1981
    endloop
  endfacet
  facet normal 0.64081 -0.139378 -0.754941
    outer loop
      vertex 2.37462 13.3027 58.5251
      vertex 2.07612 13.7015 58.1981
      vertex 2.44968 13.6478 58.5251
    endloop
  endfacet
  facet normal 0.5075 0.189328 -0.840594
    outer loop
      vertex 1.60943 14.4726 57.9281
      vertex 1.52579 14.6968 57.9281
      vertex 2.01251 14.5909 58.1981
    endloop
  endfacet
  facet normal 0.475415 -0.259544 -0.840606
    outer loop
      vertex 1.76451 12.866 58.1981
      vertex 1.41109 13.0931 57.9281
      vertex 1.52579 13.3032 57.9281
    endloop
  endfacet
  facet normal 0.529277 0.115141 -0.8406
    outer loop
      vertex 2.07612 14.2985 58.1981
      vertex 1.60943 14.4726 57.9281
      vertex 2.01251 14.5909 58.1981
    endloop
  endfacet
  facet normal -0.144952 0.389956 -0.909353
    outer loop
      vertex -0.556367 15.3854 57.8454
      vertex -0.472569 15.6094 57.9281
      vertex -0.417129 15.4206 57.8383
    endloop
  endfacet
  facet normal -0.145433 0.390087 -0.90922
    outer loop
      vertex -0.472569 15.6094 57.9281
      vertex -0.556367 15.3854 57.8454
      vertex -0.696805 15.5258 57.9281
    endloop
  endfacet
  facet normal -0.0467981 0.654079 -0.754977
    outer loop
      vertex -0.298501 16.0761 58.1981
      vertex -0.352211 16.4497 58.5251
      vertex 0 16.4749 58.5251
    endloop
  endfacet
  facet normal 0.0387021 0.540277 -0.840597
    outer loop
      vertex 0.238714 15.6603 57.9281
      vertex 0 15.6774 57.9281
      vertex 0.298501 16.0761 58.1981
    endloop
  endfacet
  facet normal -0.0886545 0.40675 -0.909228
    outer loop
      vertex -0.211731 15.4726 57.8415
      vertex -0.283493 15.4545 57.8404
      vertex -0.238714 15.6603 57.9281
    endloop
  endfacet
  facet normal -0.0387321 0.540261 -0.840606
    outer loop
      vertex 0 15.6774 57.9281
      vertex -0.298501 16.0761 58.1981
      vertex 0 16.0975 58.1981
    endloop
  endfacet
  facet normal -0.0387021 0.540277 -0.840597
    outer loop
      vertex -0.238714 15.6603 57.9281
      vertex -0.298501 16.0761 58.1981
      vertex 0 15.6774 57.9281
    endloop
  endfacet
  facet normal 0.249243 0.332994 -0.909392
    outer loop
      vertex 0.915805 15.1679 57.8415
      vertex 0.906855 15.4111 57.9281
      vertex 1.09844 15.2677 57.9281
    endloop
  endfacet
  facet normal 0.249313 0.33299 -0.909374
    outer loop
      vertex 0.820422 15.2557 57.8475
      vertex 0.906855 15.4111 57.9281
      vertex 0.915805 15.1679 57.8415
    endloop
  endfacet
  facet normal 0.250574 0.332249 -0.909298
    outer loop
      vertex 0.906855 15.4111 57.9281
      vertex 0.820422 15.2557 57.8475
      vertex 0.809968 15.2603 57.8463
    endloop
  endfacet
  facet normal 0.248865 0.333588 -0.909278
    outer loop
      vertex 0.969332 15.1187 57.8381
      vertex 0.915805 15.1679 57.8415
      vertex 1.09844 15.2677 57.9281
    endloop
  endfacet
  facet normal 0.0887627 0.406587 -0.90929
    outer loop
      vertex 0.282016 15.4612 57.8433
      vertex 0.210941 15.4671 57.839
      vertex 0.238714 15.6603 57.9281
    endloop
  endfacet
  facet normal 0.0875568 0.407163 -0.909149
    outer loop
      vertex 0.368228 15.4541 57.8485
      vertex 0.472569 15.6094 57.9281
      vertex 0.42026 15.4313 57.8433
    endloop
  endfacet
  facet normal 0.0883286 0.406522 -0.909361
    outer loop
      vertex 0.238714 15.6603 57.9281
      vertex 0.368228 15.4541 57.8485
      vertex 0.282016 15.4612 57.8433
    endloop
  endfacet
  facet normal 0.0885011 0.406609 -0.909305
    outer loop
      vertex 0.368228 15.4541 57.8485
      vertex 0.238714 15.6603 57.9281
      vertex 0.472569 15.6094 57.9281
    endloop
  endfacet
  facet normal 0.0297255 0.415078 -0.9093
    outer loop
      vertex 0.210941 15.4671 57.839
      vertex 0.136602 15.4733 57.8394
      vertex 0.238714 15.6603 57.9281
    endloop
  endfacet
  facet normal -0.160904 0.739261 -0.653914
    outer loop
      vertex -0.352211 16.4497 58.5251
      vertex -0.697252 16.3746 58.5251
      vertex -0.39875 16.7734 58.9025
    endloop
  endfacet
  facet normal -0.0539927 0.754636 -0.653918
    outer loop
      vertex -0.352211 16.4497 58.5251
      vertex -0.39875 16.7734 58.9025
      vertex 0 16.4749 58.5251
    endloop
  endfacet
  facet normal 0.392982 0.524991 0.75495
    outer loop
      vertex 1.33802 16.082 63.4749
      vertex 1.13398 15.7645 63.8019
      vertex 1.6207 15.8704 63.4749
    endloop
  endfacet
  facet normal 0.115109 0.529256 0.840618
    outer loop
      vertex 0.590925 16.0125 63.8019
      vertex 0.298501 16.0761 63.8019
      vertex 0.472569 15.6094 64.0719
    endloop
  endfacet
  facet normal 0.314242 0.575591 0.754948
    outer loop
      vertex 1.33802 16.082 63.4749
      vertex 1.0281 16.2512 63.4749
      vertex 1.13398 15.7645 63.8019
    endloop
  endfacet
  facet normal 0.249419 0.333229 0.909257
    outer loop
      vertex 0.906855 15.4111 64.0719
      vertex 0.661271 15.029 64.2793
      vertex 1.09844 15.2677 64.0719
    endloop
  endfacet
  facet normal 0.229208 0.614426 0.754946
    outer loop
      vertex 1.0281 16.2512 63.4749
      vertex 0.590925 16.0125 63.8019
      vertex 0.871321 15.9079 63.8019
    endloop
  endfacet
  facet normal 0.139375 0.640825 0.754929
    outer loop
      vertex 0.697252 16.3746 63.4749
      vertex 0.298501 16.0761 63.8019
      vertex 0.590925 16.0125 63.8019
    endloop
  endfacet
  facet normal 0.0885258 0.406723 0.909252
    outer loop
      vertex 0.472569 15.6094 64.0719
      vertex 0.238714 15.6603 64.0719
      vertex 0.344594 15.1736 64.2793
    endloop
  endfacet
  facet normal 0.0387321 0.540261 0.840606
    outer loop
      vertex 0 16.0975 63.8019
      vertex 0 15.6774 64.0719
      vertex 0.298501 16.0761 63.8019
    endloop
  endfacet
  facet normal 0.0600211 0.839769 0.539616
    outer loop
      vertex 0.437173 17.0406 62.6774
      vertex 0 16.8019 63.0975
      vertex 0.39875 16.7734 63.0975
    endloop
  endfacet
  facet normal -0.0884862 0.406717 0.909259
    outer loop
      vertex -0.238714 15.6603 64.0719
      vertex -0.344594 15.1736 64.2793
      vertex -0.174068 15.2107 64.2793
    endloop
  endfacet
  facet normal 0.0300702 0.13957 0.989756
    outer loop
      vertex 0.209602 14.7138 64.42
      vertex 0.0355339 14.2471 64.4911
      vertex 0.0703449 14.2396 64.4911
    endloop
  endfacet
  facet normal 0.259563 0.47543 0.840591
    outer loop
      vertex 0.871321 15.9079 63.8019
      vertex 0.696805 15.5258 64.0719
      vertex 1.13398 15.7645 63.8019
    endloop
  endfacet
  facet normal 0.463755 0.463718 0.754915
    outer loop
      vertex 1.6207 15.8704 63.4749
      vertex 1.58516 15.3736 63.8019
      vertex 1.87038 15.6207 63.4749
    endloop
  endfacet
  facet normal 0.463711 0.463733 0.754933
    outer loop
      vertex 1.58516 15.3736 63.8019
      vertex 1.6207 15.8704 63.4749
      vertex 1.37355 15.5852 63.8019
    endloop
  endfacet
  facet normal 0.453437 0.605649 0.653899
    outer loop
      vertex 1.51482 16.3571 63.0975
      vertex 1.33802 16.082 63.4749
      vertex 1.83485 16.1175 63.0975
    endloop
  endfacet
  facet normal 0.504531 0.673894 0.539736
    outer loop
      vertex 2.01165 16.3216 62.6774
      vertex 1.51482 16.3571 63.0975
      vertex 1.83485 16.1175 63.0975
    endloop
  endfacet
  facet normal 0.436219 0.79869 0.414497
    outer loop
      vertex 1.36228 16.983 62.2231
      vertex 1.2761 16.7943 62.6774
      vertex 1.66078 16.5842 62.6774
    endloop
  endfacet
  facet normal 0.179006 0.822661 0.539617
    outer loop
      vertex 0.437173 17.0406 62.6774
      vertex 0.39875 16.7734 63.0975
      vertex 0.789385 16.6884 63.0975
    endloop
  endfacet
  facet normal 0.0539387 0.754668 0.653886
    outer loop
      vertex 0 16.8019 63.0975
      vertex 0 16.4749 63.4749
      vertex 0.39875 16.7734 63.0975
    endloop
  endfacet
  facet normal -0.179006 0.822661 0.539617
    outer loop
      vertex -0.437173 17.0406 62.6774
      vertex -0.789385 16.6884 63.0975
      vertex -0.39875 16.7734 63.0975
    endloop
  endfacet
  facet normal -0.535025 0.534982 0.653868
    outer loop
      vertex -1.83485 16.1175 63.0975
      vertex -1.87038 15.6207 63.4749
      vertex -1.6207 15.8704 63.4749
    endloop
  endfacet
  facet normal -0.53488 0.535031 0.653946
    outer loop
      vertex -1.87038 15.6207 63.4749
      vertex -1.83485 16.1175 63.0975
      vertex -2.11753 15.8349 63.0975
    endloop
  endfacet
  facet normal -0.595252 0.59529 0.539727
    outer loop
      vertex -2.32157 16.0117 62.6774
      vertex -1.83485 16.1175 63.0975
      vertex -2.01165 16.3216 62.6774
    endloop
  endfacet
  facet normal -0.595216 0.595385 0.539662
    outer loop
      vertex -1.83485 16.1175 63.0975
      vertex -2.32157 16.0117 62.6774
      vertex -2.11753 15.8349 63.0975
    endloop
  endfacet
  facet normal -0.605721 0.453335 0.653904
    outer loop
      vertex -2.11753 15.8349 63.0975
      vertex -2.3571 15.5148 63.0975
      vertex -2.082 15.338 63.4749
    endloop
  endfacet
  facet normal -0.575592 0.314242 0.754948
    outer loop
      vertex -1.76451 15.134 63.8019
      vertex -2.25122 15.0281 63.4749
      vertex -1.90793 14.8713 63.8019
    endloop
  endfacet
  facet normal 0.436238 0.798687 0.414482
    outer loop
      vertex 1.77294 16.7587 62.2231
      vertex 1.36228 16.983 62.2231
      vertex 1.66078 16.5842 62.6774
    endloop
  endfacet
  facet normal 0.545299 0.728595 0.414485
    outer loop
      vertex 1.77294 16.7587 62.2231
      vertex 1.66078 16.5842 62.6774
      vertex 2.01165 16.3216 62.6774
    endloop
  endfacet
  facet normal 0.318012 0.852678 0.414498
    outer loop
      vertex 1.36228 16.983 62.2231
      vertex 0.923892 17.1465 62.2231
      vertex 1.2761 16.7943 62.6774
    endloop
  endfacet
  facet normal 0.29421 0.78884 0.539604
    outer loop
      vertex 0.865447 16.9474 62.6774
      vertex 0.789385 16.6884 63.0975
      vertex 1.16395 16.5487 63.0975
    endloop
  endfacet
  facet normal 0.839727 -0.0600601 0.539676
    outer loop
      vertex 3.07188 14 62.6774
      vertex 2.80189 14 63.0975
      vertex 3.04061 13.5628 62.6774
    endloop
  endfacet
  facet normal 0.907737 -0.0649244 0.414486
    outer loop
      vertex 3.07188 14 62.6774
      vertex 3.04061 13.5628 62.6774
      vertex 3.24594 13.5333 62.2231
    endloop
  endfacet
  facet normal 0.507496 0.18928 0.840607
    outer loop
      vertex 1.90793 14.8713 63.8019
      vertex 1.52579 14.6968 64.0719
      vertex 2.01251 14.5909 63.8019
    endloop
  endfacet
  facet normal 0.475409 0.259548 0.840607
    outer loop
      vertex 1.76451 15.134 63.8019
      vertex 1.52579 14.6968 64.0719
      vertex 1.90793 14.8713 63.8019
    endloop
  endfacet
  facet normal 0.349518 0.93693 -0
    outer loop
      vertex 1.45025 17.1756 60.7503
      vertex 0.983551 17.3497 61.2497
      vertex 1.45025 17.1756 61.2497
    endloop
  endfacet
  facet normal 0.349518 0.93693 0
    outer loop
      vertex 0.983551 17.3497 61.2497
      vertex 1.45025 17.1756 60.7503
      vertex 0.983551 17.3497 60.7503
    endloop
  endfacet
  facet normal 0.479229 0.87769 -0
    outer loop
      vertex 1.88742 16.9369 60.7503
      vertex 1.45025 17.1756 61.2497
      vertex 1.88742 16.9369 61.2497
    endloop
  endfacet
  facet normal 0.479229 0.87769 0
    outer loop
      vertex 1.45025 17.1756 61.2497
      vertex 1.88742 16.9369 60.7503
      vertex 1.45025 17.1756 60.7503
    endloop
  endfacet
  facet normal 0.335354 0.899174 -0.281112
    outer loop
      vertex 1.36228 16.983 59.7769
      vertex 0.923892 17.1465 59.7769
      vertex 0.963529 17.2815 60.256
    endloop
  endfacet
  facet normal 0.210366 0.967258 -0.141976
    outer loop
      vertex 0.963529 17.2815 60.256
      vertex 0.486718 17.3852 60.256
      vertex 0.983551 17.3497 60.7503
    endloop
  endfacet
  facet normal 0.72858 0.545346 0.41445
    outer loop
      vertex 2.47835 16.1475 62.2231
      vertex 2.32157 16.0117 62.6774
      vertex 2.75874 15.7729 62.2231
    endloop
  endfacet
  facet normal 0.643483 0.64358 0.414409
    outer loop
      vertex 2.01165 16.3216 62.6774
      vertex 2.47835 16.1475 62.2231
      vertex 2.1475 16.4783 62.2231
    endloop
  endfacet
  facet normal 0.6435 0.643542 0.414442
    outer loop
      vertex 2.47835 16.1475 62.2231
      vertex 2.01165 16.3216 62.6774
      vertex 2.32157 16.0117 62.6774
    endloop
  endfacet
  facet normal 0.707097 0.707117 0
    outer loop
      vertex 2.63838 16.2862 61.2497
      vertex 2.28617 16.6384 60.7503
      vertex 2.28617 16.6384 61.2497
    endloop
  endfacet
  facet normal 0.707097 0.707117 0
    outer loop
      vertex 2.28617 16.6384 60.7503
      vertex 2.63838 16.2862 61.2497
      vertex 2.63838 16.2862 60.7503
    endloop
  endfacet
  facet normal -0.335329 0.899176 -0.281134
    outer loop
      vertex -1.36228 16.983 59.7769
      vertex -1.42072 17.111 60.256
      vertex -0.963529 17.2815 60.256
    endloop
  endfacet
  facet normal -0.0684401 0.957213 -0.281173
    outer loop
      vertex -0.466696 17.2459 59.7769
      vertex -0.486718 17.3852 60.256
      vertex 0 17.42 60.256
    endloop
  endfacet
  facet normal -0.210366 0.967258 -0.141976
    outer loop
      vertex -0.963529 17.2815 60.256
      vertex -0.983551 17.3497 60.7503
      vertex -0.486718 17.3852 60.256
    endloop
  endfacet
  facet normal -0.203945 0.937736 -0.281173
    outer loop
      vertex -0.466696 17.2459 59.7769
      vertex -0.963529 17.2815 60.256
      vertex -0.486718 17.3852 60.256
    endloop
  endfacet
  facet normal -0.460014 0.842218 -0.281167
    outer loop
      vertex -1.77294 16.7587 59.7769
      vertex -1.849 16.8771 60.256
      vertex -1.36228 16.983 59.7769
    endloop
  endfacet
  facet normal 0.768223 0.575145 -0.281143
    outer loop
      vertex 2.75874 15.7729 59.7769
      vertex 2.58467 16.2396 60.256
      vertex 2.8771 15.849 60.256
    endloop
  endfacet
  facet normal 0.575076 0.768269 -0.281159
    outer loop
      vertex 2.23963 16.5847 60.256
      vertex 1.77294 16.7587 59.7769
      vertex 1.849 16.8771 60.256
    endloop
  endfacet
  facet normal 0.193345 0.8893 -0.414443
    outer loop
      vertex 0.923892 17.1465 59.7769
      vertex 0.437173 17.0406 59.3226
      vertex 0.466696 17.2459 59.7769
    endloop
  endfacet
  facet normal 0.317896 0.852677 -0.414588
    outer loop
      vertex 1.2761 16.7943 59.3226
      vertex 0.865447 16.9474 59.3226
      vertex 0.923892 17.1465 59.7769
    endloop
  endfacet
  facet normal 0.203945 0.937736 -0.281173
    outer loop
      vertex 0.963529 17.2815 60.256
      vertex 0.466696 17.2459 59.7769
      vertex 0.486718 17.3852 60.256
    endloop
  endfacet
  facet normal 0.345977 0.927439 -0.141975
    outer loop
      vertex 1.45025 17.1756 60.7503
      vertex 0.963529 17.2815 60.256
      vertex 0.983551 17.3497 60.7503
    endloop
  endfacet
  facet normal -0.294093 0.788831 -0.53968
    outer loop
      vertex -1.16395 16.5487 58.9025
      vertex -1.2761 16.7943 59.3226
      vertex -0.865447 16.9474 59.3226
    endloop
  endfacet
  facet normal -0.403538 0.738853 -0.539679
    outer loop
      vertex -1.16395 16.5487 58.9025
      vertex -1.66078 16.5842 59.3226
      vertex -1.2761 16.7943 59.3226
    endloop
  endfacet
  facet normal -0.436238 0.798687 -0.414482
    outer loop
      vertex -1.66078 16.5842 59.3226
      vertex -1.77294 16.7587 59.7769
      vertex -1.36228 16.983 59.7769
    endloop
  endfacet
  facet normal -0.545299 0.728595 -0.414485
    outer loop
      vertex -1.66078 16.5842 59.3226
      vertex -2.01165 16.3216 59.3226
      vertex -1.77294 16.7587 59.7769
    endloop
  endfacet
  facet normal 0.362525 0.664029 -0.653942
    outer loop
      vertex 1.33802 16.082 58.5251
      vertex 1.0281 16.2512 58.5251
      vertex 1.16395 16.5487 58.9025
    endloop
  endfacet
  facet normal 0.314242 0.575591 -0.754948
    outer loop
      vertex 1.13398 15.7645 58.1981
      vertex 1.0281 16.2512 58.5251
      vertex 1.33802 16.082 58.5251
    endloop
  endfacet
  facet normal 0.365133 0.199337 -0.909364
    outer loop
      vertex 1.31343 14.6816 57.8395
      vertex 1.41109 14.9069 57.9281
      vertex 1.52579 14.6968 57.9281
    endloop
  endfacet
  facet normal 0.365415 0.199184 -0.909284
    outer loop
      vertex 1.41109 14.9069 57.9281
      vertex 1.31343 14.6816 57.8395
      vertex 1.24819 14.8022 57.8397
    endloop
  endfacet
  facet normal 0.575589 0.314299 -0.754926
    outer loop
      vertex 2.25122 15.0281 58.5251
      vertex 1.76451 15.134 58.1981
      vertex 2.082 15.338 58.5251
    endloop
  endfacet
  facet normal 0.822639 0.178955 -0.539667
    outer loop
      vertex 2.77337 14.3988 58.9025
      vertex 2.6884 14.7894 58.9025
      vertex 3.04061 14.4372 59.3226
    endloop
  endfacet
  facet normal 0.788796 0.294161 -0.539694
    outer loop
      vertex 2.94744 14.8654 59.3226
      vertex 2.54869 15.1639 58.9025
      vertex 2.79428 15.2761 59.3226
    endloop
  endfacet
  facet normal -0.575589 0.314299 0.754926
    outer loop
      vertex -2.082 15.338 63.4749
      vertex -2.25122 15.0281 63.4749
      vertex -1.76451 15.134 63.8019
    endloop
  endfacet
  facet normal -0.529277 0.115141 0.8406
    outer loop
      vertex -2.01251 14.5909 63.8019
      vertex -2.07612 14.2985 63.8019
      vertex -1.60943 14.4726 64.0719
    endloop
  endfacet
  facet normal -0.389954 0.145476 0.90927
    outer loop
      vertex -1.52579 14.6968 64.0719
      vertex -1.60943 14.4726 64.0719
      vertex -1.17358 14.3446 64.2793
    endloop
  endfacet
  facet normal -0.406704 0.0884731 0.909266
    outer loop
      vertex -1.17358 14.3446 64.2793
      vertex -1.6603 14.2387 64.0719
      vertex -1.21067 14.1741 64.2793
    endloop
  endfacet
  facet normal -0.406701 -0.0884518 0.909269
    outer loop
      vertex -1.17358 13.6554 64.2793
      vertex -1.6603 13.7613 64.0719
      vertex -1.60943 13.5274 64.0719
    endloop
  endfacet
  facet normal -0.540263 -0.0386419 0.840609
    outer loop
      vertex -1.67737 14 64.0719
      vertex -2.09747 14 63.8019
      vertex -2.07612 13.7015 63.8019
    endloop
  endfacet
  facet normal -0.365322 0.199425 0.909269
    outer loop
      vertex -1.02896 14.6613 64.2793
      vertex -1.52579 14.6968 64.0719
      vertex -1.11259 14.5081 64.2793
    endloop
  endfacet
  facet normal -0.389963 0.145467 0.909268
    outer loop
      vertex -1.11259 14.5081 64.2793
      vertex -1.52579 14.6968 64.0719
      vertex -1.17358 14.3446 64.2793
    endloop
  endfacet
  facet normal -0.525012 0.393007 0.754922
    outer loop
      vertex -1.87038 15.6207 63.4749
      vertex -2.082 15.338 63.4749
      vertex -1.76451 15.134 63.8019
    endloop
  endfacet
  facet normal -0.114244 0.0855785 0.98976
    outer loop
      vertex -0.188701 14.1635 64.4911
      vertex -0.625875 14.4022 64.42
      vertex -0.21005 14.135 64.4911
    endloop
  endfacet
  facet normal -0.100939 0.100907 0.989762
    outer loop
      vertex -0.487202 14.5623 64.42
      vertex -0.188701 14.1635 64.4911
      vertex -0.163509 14.1887 64.4911
    endloop
  endfacet
  facet normal -0.100952 0.100897 0.989762
    outer loop
      vertex -0.188701 14.1635 64.4911
      vertex -0.487202 14.5623 64.42
      vertex -0.562261 14.4872 64.42
    endloop
  endfacet
  facet normal 0.0200687 0.281719 0.959287
    outer loop
      vertex 0 15.2231 64.2793
      vertex 0 14.744 64.42
      vertex 0.174068 15.2107 64.2793
    endloop
  endfacet
  facet normal 0.0295764 0.415186 0.909256
    outer loop
      vertex 0.238714 15.6603 64.0719
      vertex 0 15.2231 64.2793
      vertex 0.174068 15.2107 64.2793
    endloop
  endfacet
  facet normal -0.199758 0.199649 0.95929
    outer loop
      vertex -0.800976 14.9244 64.2793
      vertex -0.562261 14.4872 64.42
      vertex -0.487202 14.5623 64.42
    endloop
  endfacet
  facet normal -0.199689 0.199689 0.959296
    outer loop
      vertex -0.562261 14.4872 64.42
      vertex -0.800976 14.9244 64.2793
      vertex -0.924376 14.801 64.2793
    endloop
  endfacet
  facet normal -0.0297361 0.415112 0.909284
    outer loop
      vertex 0 15.6774 64.0719
      vertex -0.238714 15.6603 64.0719
      vertex 0 15.2231 64.2793
    endloop
  endfacet
  facet normal 0 0 1
    outer loop
      vertex 0.247146 14.0355 64.4911
      vertex 0.247146 13.9645 64.4911
      vertex 0.249686 14 64.4911
    endloop
  endfacet
  facet normal 0 0 1
    outer loop
      vertex 0.239573 14.0703 64.4911
      vertex 0.247146 13.9645 64.4911
      vertex 0.247146 14.0355 64.4911
    endloop
  endfacet
  facet normal 0 0 1
    outer loop
      vertex 0.239573 14.0703 64.4911
      vertex 0.239573 13.9297 64.4911
      vertex 0.247146 13.9645 64.4911
    endloop
  endfacet
  facet normal 0 0 1
    outer loop
      vertex 0.227123 14.1037 64.4911
      vertex 0.239573 13.9297 64.4911
      vertex 0.239573 14.0703 64.4911
    endloop
  endfacet
  facet normal 0 0 1
    outer loop
      vertex 0.227123 14.1037 64.4911
      vertex 0.227123 13.8963 64.4911
      vertex 0.239573 13.9297 64.4911
    endloop
  endfacet
  facet normal 0 0 1
    outer loop
      vertex 0.21005 14.135 64.4911
      vertex 0.227123 13.8963 64.4911
      vertex 0.227123 14.1037 64.4911
    endloop
  endfacet
  facet normal 0 0 1
    outer loop
      vertex 0.21005 14.135 64.4911
      vertex 0.21005 13.865 64.4911
      vertex 0.227123 13.8963 64.4911
    endloop
  endfacet
  facet normal 0 0 1
    outer loop
      vertex 0.188701 14.1635 64.4911
      vertex 0.21005 13.865 64.4911
      vertex 0.21005 14.135 64.4911
    endloop
  endfacet
  facet normal 0 0 1
    outer loop
      vertex 0.188701 14.1635 64.4911
      vertex 0.188701 13.8365 64.4911
      vertex 0.21005 13.865 64.4911
    endloop
  endfacet
  facet normal 0 0 1
    outer loop
      vertex 0.163509 14.1887 64.4911
      vertex 0.188701 13.8365 64.4911
      vertex 0.188701 14.1635 64.4911
    endloop
  endfacet
  facet normal 0 0 1
    outer loop
      vertex 0.163509 14.1887 64.4911
      vertex 0.163509 13.8113 64.4911
      vertex 0.188701 13.8365 64.4911
    endloop
  endfacet
  facet normal 0 0 1
    outer loop
      vertex 0.134991 14.21 64.4911
      vertex 0.163509 13.8113 64.4911
      vertex 0.163509 14.1887 64.4911
    endloop
  endfacet
  facet normal 0 0 1
    outer loop
      vertex 0.134991 14.21 64.4911
      vertex 0.134991 13.79 64.4911
      vertex 0.163509 13.8113 64.4911
    endloop
  endfacet
  facet normal 0 0 1
    outer loop
      vertex 0.103724 14.2271 64.4911
      vertex 0.134991 13.79 64.4911
      vertex 0.134991 14.21 64.4911
    endloop
  endfacet
  facet normal 0 0 1
    outer loop
      vertex 0.103724 14.2271 64.4911
      vertex 0.103724 13.7729 64.4911
      vertex 0.134991 13.79 64.4911
    endloop
  endfacet
  facet normal 0 0 1
    outer loop
      vertex 0.0703449 14.2396 64.4911
      vertex 0.103724 13.7729 64.4911
      vertex 0.103724 14.2271 64.4911
    endloop
  endfacet
  facet normal 0 0 1
    outer loop
      vertex 0.0703449 14.2396 64.4911
      vertex 0.0703449 13.7604 64.4911
      vertex 0.103724 13.7729 64.4911
    endloop
  endfacet
  facet normal 0 0 1
    outer loop
      vertex 0.0355339 14.2471 64.4911
      vertex 0.0703449 13.7604 64.4911
      vertex 0.0703449 14.2396 64.4911
    endloop
  endfacet
  facet normal 0 0 1
    outer loop
      vertex 0.0355339 14.2471 64.4911
      vertex 0.0355339 13.7529 64.4911
      vertex 0.0703449 13.7604 64.4911
    endloop
  endfacet
  facet normal 0 0 1
    outer loop
      vertex 0 14.2497 64.4911
      vertex 0.0355339 13.7529 64.4911
      vertex 0.0355339 14.2471 64.4911
    endloop
  endfacet
  facet normal 0 0 1
    outer loop
      vertex 0 14.2497 64.4911
      vertex 0 13.7503 64.4911
      vertex 0.0355339 13.7529 64.4911
    endloop
  endfacet
  facet normal -0 0 1
    outer loop
      vertex -0.0355339 14.2471 64.4911
      vertex 0 13.7503 64.4911
      vertex 0 14.2497 64.4911
    endloop
  endfacet
  facet normal 0 0 1
    outer loop
      vertex -0.0355339 14.2471 64.4911
      vertex -0.0355339 13.7529 64.4911
      vertex 0 13.7503 64.4911
    endloop
  endfacet
  facet normal -0 0 1
    outer loop
      vertex -0.0703449 14.2396 64.4911
      vertex -0.0355339 13.7529 64.4911
      vertex -0.0355339 14.2471 64.4911
    endloop
  endfacet
  facet normal 0 0 1
    outer loop
      vertex -0.0703449 14.2396 64.4911
      vertex -0.0703449 13.7604 64.4911
      vertex -0.0355339 13.7529 64.4911
    endloop
  endfacet
  facet normal -0 0 1
    outer loop
      vertex -0.103724 14.2271 64.4911
      vertex -0.0703449 13.7604 64.4911
      vertex -0.0703449 14.2396 64.4911
    endloop
  endfacet
  facet normal 0 0 1
    outer loop
      vertex -0.103724 14.2271 64.4911
      vertex -0.103724 13.7729 64.4911
      vertex -0.0703449 13.7604 64.4911
    endloop
  endfacet
  facet normal -0 0 1
    outer loop
      vertex -0.134991 14.21 64.4911
      vertex -0.103724 13.7729 64.4911
      vertex -0.103724 14.2271 64.4911
    endloop
  endfacet
  facet normal 0 0 1
    outer loop
      vertex -0.134991 14.21 64.4911
      vertex -0.134991 13.79 64.4911
      vertex -0.103724 13.7729 64.4911
    endloop
  endfacet
  facet normal -0 0 1
    outer loop
      vertex -0.163509 14.1887 64.4911
      vertex -0.134991 13.79 64.4911
      vertex -0.134991 14.21 64.4911
    endloop
  endfacet
  facet normal 0 0 1
    outer loop
      vertex -0.163509 14.1887 64.4911
      vertex -0.163509 13.8113 64.4911
      vertex -0.134991 13.79 64.4911
    endloop
  endfacet
  facet normal -0 0 1
    outer loop
      vertex -0.188701 14.1635 64.4911
      vertex -0.163509 13.8113 64.4911
      vertex -0.163509 14.1887 64.4911
    endloop
  endfacet
  facet normal 0 0 1
    outer loop
      vertex -0.188701 14.1635 64.4911
      vertex -0.188701 13.8365 64.4911
      vertex -0.163509 13.8113 64.4911
    endloop
  endfacet
  facet normal -0 0 1
    outer loop
      vertex -0.21005 14.135 64.4911
      vertex -0.188701 13.8365 64.4911
      vertex -0.188701 14.1635 64.4911
    endloop
  endfacet
  facet normal 0 0 1
    outer loop
      vertex -0.21005 14.135 64.4911
      vertex -0.21005 13.865 64.4911
      vertex -0.188701 13.8365 64.4911
    endloop
  endfacet
  facet normal -0 0 1
    outer loop
      vertex -0.227123 14.1037 64.4911
      vertex -0.21005 13.865 64.4911
      vertex -0.21005 14.135 64.4911
    endloop
  endfacet
  facet normal 0 0 1
    outer loop
      vertex -0.227123 14.1037 64.4911
      vertex -0.227123 13.8963 64.4911
      vertex -0.21005 13.865 64.4911
    endloop
  endfacet
  facet normal -0 0 1
    outer loop
      vertex -0.239573 14.0703 64.4911
      vertex -0.227123 13.8963 64.4911
      vertex -0.227123 14.1037 64.4911
    endloop
  endfacet
  facet normal 0 0 1
    outer loop
      vertex -0.239573 14.0703 64.4911
      vertex -0.239573 13.9297 64.4911
      vertex -0.227123 13.8963 64.4911
    endloop
  endfacet
  facet normal -0 0 1
    outer loop
      vertex -0.247146 14.0355 64.4911
      vertex -0.239573 13.9297 64.4911
      vertex -0.239573 14.0703 64.4911
    endloop
  endfacet
  facet normal 0 0 1
    outer loop
      vertex -0.247146 14.0355 64.4911
      vertex -0.247146 13.9645 64.4911
      vertex -0.239573 13.9297 64.4911
    endloop
  endfacet
  facet normal 0 -0 1
    outer loop
      vertex -0.247146 13.9645 64.4911
      vertex -0.247146 14.0355 64.4911
      vertex -0.249686 14 64.4911
    endloop
  endfacet
  facet normal -0.142369 0.0101864 0.989761
    outer loop
      vertex -0.247146 14.0355 64.4911
      vertex -0.743979 14 64.42
      vertex -0.249686 14 64.4911
    endloop
  endfacet
  facet normal -0.125249 0.0684378 0.989762
    outer loop
      vertex -0.625875 14.4022 64.42
      vertex -0.676746 14.3091 64.42
      vertex -0.227123 14.1037 64.4911
    endloop
  endfacet
  facet normal -0.133738 0.0498515 0.989762
    outer loop
      vertex -0.227123 14.1037 64.4911
      vertex -0.713841 14.2096 64.42
      vertex -0.239573 14.0703 64.4911
    endloop
  endfacet
  facet normal -0.754644 0.0539735 0.653911
    outer loop
      vertex -2.44968 14.3522 63.4749
      vertex -2.77337 14.3988 63.0975
      vertex -2.47487 14 63.4749
    endloop
  endfacet
  facet normal -0.640792 0.139401 0.754952
    outer loop
      vertex -2.01251 14.5909 63.8019
      vertex -2.37462 14.6973 63.4749
      vertex -2.07612 14.2985 63.8019
    endloop
  endfacet
  facet normal -0.852669 0.317981 0.41454
    outer loop
      vertex -2.79428 15.2761 62.6774
      vertex -3.14649 14.9239 62.2231
      vertex -2.94744 14.8654 62.6774
    endloop
  endfacet
  facet normal -0.738896 0.403434 0.539697
    outer loop
      vertex -2.3571 15.5148 63.0975
      vertex -2.58423 15.6608 62.6774
      vertex -2.54869 15.1639 63.0975
    endloop
  endfacet
  facet normal -0.72858 0.545346 0.41445
    outer loop
      vertex -2.47835 16.1475 62.2231
      vertex -2.75874 15.7729 62.2231
      vertex -2.32157 16.0117 62.6774
    endloop
  endfacet
  facet normal -0.460014 0.842218 0.281167
    outer loop
      vertex -1.36228 16.983 62.2231
      vertex -1.849 16.8771 61.744
      vertex -1.77294 16.7587 62.2231
    endloop
  endfacet
  facet normal -0.203945 0.937736 0.281173
    outer loop
      vertex -0.486718 17.3852 61.744
      vertex -0.963529 17.2815 61.744
      vertex -0.466696 17.2459 62.2231
    endloop
  endfacet
  facet normal -0.474465 0.868764 0.141884
    outer loop
      vertex -1.45025 17.1756 61.2497
      vertex -1.849 16.8771 61.744
      vertex -1.42072 17.111 61.744
    endloop
  endfacet
  facet normal -0.345887 0.927487 0.141877
    outer loop
      vertex -0.963529 17.2815 61.744
      vertex -1.45025 17.1756 61.2497
      vertex -1.42072 17.111 61.744
    endloop
  endfacet
  facet normal -0.792409 0.593252 0.14192
    outer loop
      vertex -2.58467 16.2396 61.744
      vertex -2.93688 15.8874 61.2497
      vertex -2.8771 15.849 61.744
    endloop
  endfacet
  facet normal -0.768223 0.575145 0.281143
    outer loop
      vertex -2.58467 16.2396 61.744
      vertex -2.8771 15.849 61.744
      vertex -2.75874 15.7729 62.2231
    endloop
  endfacet
  facet normal -0.899182 0.335368 0.281071
    outer loop
      vertex -2.98298 15.3623 62.2231
      vertex -3.28148 14.9635 61.744
      vertex -3.14649 14.9239 62.2231
    endloop
  endfacet
  facet normal -0.842319 0.459903 0.281048
    outer loop
      vertex -2.8771 15.849 61.744
      vertex -3.11095 15.4207 61.744
      vertex -2.98298 15.3623 62.2231
    endloop
  endfacet
  facet normal -0.614413 0.229198 -0.75496
    outer loop
      vertex -2.01251 14.5909 58.1981
      vertex -2.37462 14.6973 58.5251
      vertex -2.25122 15.0281 58.5251
    endloop
  endfacet
  facet normal -0.708861 0.264446 -0.6539
    outer loop
      vertex -2.37462 14.6973 58.5251
      vertex -2.6884 14.7894 58.9025
      vertex -2.54869 15.1639 58.9025
    endloop
  endfacet
  facet normal -0.877687 0.479235 0
    outer loop
      vertex -3.1756 15.4502 60.7503
      vertex -2.93688 15.8874 61.2497
      vertex -2.93688 15.8874 60.7503
    endloop
  endfacet
  facet normal -0.877687 0.479235 0
    outer loop
      vertex -2.93688 15.8874 61.2497
      vertex -3.1756 15.4502 60.7503
      vertex -3.1756 15.4502 61.2497
    endloop
  endfacet
  facet normal -0.575106 0.76823 -0.281203
    outer loop
      vertex -2.1475 16.4783 59.7769
      vertex -2.23963 16.5847 60.256
      vertex -1.77294 16.7587 59.7769
    endloop
  endfacet
  facet normal -0.365427 -0.1994 -0.909232
    outer loop
      vertex -1.3299 13.3172 57.8463
      vertex -1.52579 13.3032 57.9281
      vertex -1.35229 13.3824 57.841
    endloop
  endfacet
  facet normal 0.145584 -0.38971 -0.909358
    outer loop
      vertex 0.696805 12.4742 57.9281
      vertex 0.54679 12.6242 57.8398
      vertex 0.614693 12.654 57.8379
    endloop
  endfacet
  facet normal 0.249243 -0.332994 -0.909392
    outer loop
      vertex 0.906855 12.5889 57.9281
      vertex 0.915805 12.8321 57.8415
      vertex 1.09844 12.7323 57.9281
    endloop
  endfacet
  facet normal 0.249313 -0.33299 -0.909374
    outer loop
      vertex 0.906855 12.5889 57.9281
      vertex 0.820422 12.7443 57.8475
      vertex 0.915805 12.8321 57.8415
    endloop
  endfacet
  facet normal 0.250574 -0.332249 -0.909298
    outer loop
      vertex 0.820422 12.7443 57.8475
      vertex 0.906855 12.5889 57.9281
      vertex 0.809968 12.7397 57.8463
    endloop
  endfacet
  facet normal 0.32457 -0.433632 -0.840606
    outer loop
      vertex 1.13398 12.2355 58.1981
      vertex 0.906855 12.5889 57.9281
      vertex 1.09844 12.7323 57.9281
    endloop
  endfacet
  facet normal 0.614445 -0.229168 -0.754943
    outer loop
      vertex 2.25122 12.9719 58.5251
      vertex 1.90793 13.1287 58.1981
      vertex 2.01251 13.4091 58.1981
    endloop
  endfacet
  facet normal 0.575592 -0.314242 -0.754948
    outer loop
      vertex 2.25122 12.9719 58.5251
      vertex 1.76451 12.866 58.1981
      vertex 1.90793 13.1287 58.1981
    endloop
  endfacet
  facet normal 0.605651 -0.45337 -0.653944
    outer loop
      vertex 2.11753 12.1651 58.9025
      vertex 1.87038 12.3793 58.5251
      vertex 2.082 12.662 58.5251
    endloop
  endfacet
  facet normal 0.392982 -0.524991 -0.75495
    outer loop
      vertex 1.33802 11.918 58.5251
      vertex 1.13398 12.2355 58.1981
      vertex 1.6207 12.1296 58.5251
    endloop
  endfacet
  facet normal 0.504531 -0.673894 -0.539736
    outer loop
      vertex 2.01165 11.6784 59.3226
      vertex 1.51482 11.6429 58.9025
      vertex 1.83485 11.8825 58.9025
    endloop
  endfacet
  facet normal 0.453437 -0.605649 -0.653899
    outer loop
      vertex 1.51482 11.6429 58.9025
      vertex 1.33802 11.918 58.5251
      vertex 1.83485 11.8825 58.9025
    endloop
  endfacet
  facet normal 0.324545 -0.433637 -0.840612
    outer loop
      vertex 1.13398 12.2355 58.1981
      vertex 1.09844 12.7323 57.9281
      vertex 1.37355 12.4148 58.1981
    endloop
  endfacet
  facet normal 0.463755 -0.463718 -0.754915
    outer loop
      vertex 1.6207 12.1296 58.5251
      vertex 1.58516 12.6264 58.1981
      vertex 1.87038 12.3793 58.5251
    endloop
  endfacet
  facet normal 0.463711 -0.463733 -0.754933
    outer loop
      vertex 1.58516 12.6264 58.1981
      vertex 1.6207 12.1296 58.5251
      vertex 1.37355 12.4148 58.1981
    endloop
  endfacet
  facet normal 0.403538 -0.738853 -0.539679
    outer loop
      vertex 1.2761 11.2057 59.3226
      vertex 1.16395 11.4513 58.9025
      vertex 1.66078 11.4158 59.3226
    endloop
  endfacet
  facet normal 0.545411 -0.728563 -0.414395
    outer loop
      vertex 2.1475 11.5217 59.7769
      vertex 1.77294 11.2413 59.7769
      vertex 2.01165 11.6784 59.3226
    endloop
  endfacet
  facet normal -0.22918 -0.614456 -0.754931
    outer loop
      vertex -0.697252 11.6254 58.5251
      vertex -1.0281 11.7488 58.5251
      vertex -0.590925 11.9875 58.1981
    endloop
  endfacet
  facet normal -0.0468948 -0.654119 -0.754937
    outer loop
      vertex 0 11.5251 58.5251
      vertex -0.298501 11.9239 58.1981
      vertex 0 11.9025 58.1981
    endloop
  endfacet
  facet normal -0.259563 -0.47543 -0.840591
    outer loop
      vertex -0.871321 12.0921 58.1981
      vertex -1.13398 12.2355 58.1981
      vertex -0.696805 12.4742 57.9281
    endloop
  endfacet
  facet normal 0.0387021 -0.540277 -0.840597
    outer loop
      vertex 0.298501 11.9239 58.1981
      vertex 0 12.3226 57.9281
      vertex 0.238714 12.3397 57.9281
    endloop
  endfacet
  facet normal 0.179026 -0.822665 -0.539603
    outer loop
      vertex 0.865447 11.0526 59.3226
      vertex 0.437173 10.9594 59.3226
      vertex 0.789385 11.3116 58.9025
    endloop
  endfacet
  facet normal 0.29421 -0.78884 -0.539604
    outer loop
      vertex 0.865447 11.0526 59.3226
      vertex 0.789385 11.3116 58.9025
      vertex 1.16395 11.4513 58.9025
    endloop
  endfacet
  facet normal -0.335354 -0.899174 -0.281112
    outer loop
      vertex -0.963529 10.7185 60.256
      vertex -1.36228 11.017 59.7769
      vertex -0.923892 10.8535 59.7769
    endloop
  endfacet
  facet normal -0.0649659 -0.907765 -0.414419
    outer loop
      vertex 0 10.7207 59.7769
      vertex -0.466696 10.7541 59.7769
      vertex 0 10.9281 59.3226
    endloop
  endfacet
  facet normal -0.0705944 -0.987343 -0.142019
    outer loop
      vertex 0 10.5089 60.7503
      vertex -0.486718 10.6148 60.256
      vertex 0 10.58 60.256
    endloop
  endfacet
  facet normal -0.0600211 -0.839769 -0.539616
    outer loop
      vertex 0 11.1981 58.9025
      vertex -0.437173 10.9594 59.3226
      vertex -0.39875 11.2266 58.9025
    endloop
  endfacet
  facet normal -0.179026 -0.822665 -0.539603
    outer loop
      vertex -0.437173 10.9594 59.3226
      vertex -0.865447 11.0526 59.3226
      vertex -0.789385 11.3116 58.9025
    endloop
  endfacet
  facet normal 0.1152 -0.529275 -0.840593
    outer loop
      vertex 0.298501 11.9239 58.1981
      vertex 0.238714 12.3397 57.9281
      vertex 0.472569 12.3906 57.9281
    endloop
  endfacet
  facet normal -0.0387321 -0.540261 -0.840606
    outer loop
      vertex 0 11.9025 58.1981
      vertex -0.298501 11.9239 58.1981
      vertex 0 12.3226 57.9281
    endloop
  endfacet
  facet normal -0.463711 -0.463733 -0.754933
    outer loop
      vertex -1.6207 12.1296 58.5251
      vertex -1.58516 12.6264 58.1981
      vertex -1.37355 12.4148 58.1981
    endloop
  endfacet
  facet normal -0.463755 -0.463718 -0.754915
    outer loop
      vertex -1.58516 12.6264 58.1981
      vertex -1.6207 12.1296 58.5251
      vertex -1.87038 12.3793 58.5251
    endloop
  endfacet
  facet normal -0.392955 -0.525043 -0.754927
    outer loop
      vertex -1.13398 12.2355 58.1981
      vertex -1.6207 12.1296 58.5251
      vertex -1.37355 12.4148 58.1981
    endloop
  endfacet
  facet normal -0.199678 -0.365114 -0.909297
    outer loop
      vertex -0.621633 12.6388 57.8455
      vertex -0.696805 12.4742 57.9281
      vertex -0.682202 12.6784 57.8429
    endloop
  endfacet
  facet normal -0.349518 -0.93693 0
    outer loop
      vertex -1.45025 10.8244 60.7503
      vertex -0.983551 10.6503 61.2497
      vertex -1.45025 10.8244 61.2497
    endloop
  endfacet
  facet normal -0.349518 -0.93693 -0
    outer loop
      vertex -0.983551 10.6503 61.2497
      vertex -1.45025 10.8244 60.7503
      vertex -0.983551 10.6503 60.7503
    endloop
  endfacet
  facet normal 0.0685057 -0.957226 0.281114
    outer loop
      vertex 0 10.7207 62.2231
      vertex 0 10.58 61.744
      vertex 0.466696 10.7541 62.2231
    endloop
  endfacet
  facet normal -0.203882 -0.937768 0.28111
    outer loop
      vertex -0.923892 10.8535 62.2231
      vertex -0.963529 10.7185 61.744
      vertex -0.466696 10.7541 62.2231
    endloop
  endfacet
  facet normal 0.403496 -0.738908 0.539634
    outer loop
      vertex 1.51482 11.6429 63.0975
      vertex 1.16395 11.4513 63.0975
      vertex 1.66078 11.4158 62.6774
    endloop
  endfacet
  facet normal 0.203945 -0.937736 0.281173
    outer loop
      vertex 0.963529 10.7185 61.744
      vertex 0.466696 10.7541 62.2231
      vertex 0.486718 10.6148 61.744
    endloop
  endfacet
  facet normal -0.193505 -0.889197 -0.41459
    outer loop
      vertex -0.437173 10.9594 59.3226
      vertex -0.923892 10.8535 59.7769
      vertex -0.865447 11.0526 59.3226
    endloop
  endfacet
  facet normal -0.436219 -0.79869 -0.414497
    outer loop
      vertex -1.36228 11.017 59.7769
      vertex -1.66078 11.4158 59.3226
      vertex -1.2761 11.2057 59.3226
    endloop
  endfacet
  facet normal -0.93775 -0.203992 -0.281091
    outer loop
      vertex -3.28148 13.0365 60.256
      vertex -3.3852 13.5133 60.256
      vertex -3.24594 13.5333 59.7769
    endloop
  endfacet
  facet normal -0.957234 -0.0684638 -0.281097
    outer loop
      vertex -3.3852 13.5133 60.256
      vertex -3.42001 14 60.256
      vertex -3.24594 13.5333 59.7769
    endloop
  endfacet
  facet normal -0.852669 -0.31802 -0.41451
    outer loop
      vertex -2.98298 12.6377 59.7769
      vertex -3.14649 13.0761 59.7769
      vertex -2.79428 12.7239 59.3226
    endloop
  endfacet
  facet normal -0.967258 -0.21038 -0.141961
    outer loop
      vertex -3.34967 13.0164 60.7503
      vertex -3.45555 13.5032 60.7503
      vertex -3.3852 13.5133 60.256
    endloop
  endfacet
  facet normal -0.654122 -0.0467856 -0.754941
    outer loop
      vertex -2.07612 13.7015 58.1981
      vertex -2.47487 14 58.5251
      vertex -2.09747 14 58.1981
    endloop
  endfacet
  facet normal -0.868809 -0.474366 -0.141943
    outer loop
      vertex -2.8771 12.151 60.256
      vertex -3.1756 12.5498 60.7503
      vertex -3.11095 12.5793 60.256
    endloop
  endfacet
  facet normal -0.842319 -0.459903 -0.281048
    outer loop
      vertex -2.8771 12.151 60.256
      vertex -3.11095 12.5793 60.256
      vertex -2.98298 12.6377 59.7769
    endloop
  endfacet
  facet normal -0.92746 0.345931 -0.141949
    outer loop
      vertex -3.11095 15.4207 60.256
      vertex -3.28148 14.9635 60.256
      vertex -3.1756 15.4502 60.7503
    endloop
  endfacet
  facet normal -0.678636 0.678518 -0.281188
    outer loop
      vertex -2.1475 16.4783 59.7769
      vertex -2.58467 16.2396 60.256
      vertex -2.23963 16.5847 60.256
    endloop
  endfacet
  facet normal -0.678555 0.678658 -0.281044
    outer loop
      vertex -2.58467 16.2396 60.256
      vertex -2.1475 16.4783 59.7769
      vertex -2.47835 16.1475 59.7769
    endloop
  endfacet
  facet normal -0.93775 0.203992 -0.281091
    outer loop
      vertex -3.24594 14.4667 59.7769
      vertex -3.3852 14.4867 60.256
      vertex -3.28148 14.9635 60.256
    endloop
  endfacet
  facet normal -0.957234 0.0684647 -0.281096
    outer loop
      vertex -3.27932 14 59.7769
      vertex -3.42001 14 60.256
      vertex -3.24594 14.4667 59.7769
    endloop
  endfacet
  facet normal -0.788804 -0.294269 -0.539624
    outer loop
      vertex -2.54869 12.8361 58.9025
      vertex -2.94744 13.1346 59.3226
      vertex -2.6884 13.2106 58.9025
    endloop
  endfacet
  facet normal -0.673958 -0.504479 -0.539705
    outer loop
      vertex -2.32157 11.9883 59.3226
      vertex -2.58423 12.3392 59.3226
      vertex -2.3571 12.4852 58.9025
    endloop
  endfacet
  facet normal -0.738896 -0.403434 -0.539697
    outer loop
      vertex -2.3571 12.4852 58.9025
      vertex -2.58423 12.3392 59.3226
      vertex -2.54869 12.8361 58.9025
    endloop
  endfacet
  facet normal -0.664047 0.362601 -0.653882
    outer loop
      vertex -2.25122 15.0281 58.5251
      vertex -2.54869 15.1639 58.9025
      vertex -2.082 15.338 58.5251
    endloop
  endfacet
  facet normal -0.525012 0.393007 -0.754922
    outer loop
      vertex -1.76451 15.134 58.1981
      vertex -2.082 15.338 58.5251
      vertex -1.87038 15.6207 58.5251
    endloop
  endfacet
  facet normal -0.507496 0.18928 -0.840607
    outer loop
      vertex -1.52579 14.6968 57.9281
      vertex -2.01251 14.5909 58.1981
      vertex -1.90793 14.8713 58.1981
    endloop
  endfacet
  facet normal -0.414937 -0.0296731 -0.909366
    outer loop
      vertex -1.67737 14 57.9281
      vertex -1.47954 13.86 57.8424
      vertex -1.6603 13.7613 57.9281
    endloop
  endfacet
  facet normal -0.415055 -0.0298772 -0.909306
    outer loop
      vertex -1.47954 13.86 57.8424
      vertex -1.67737 14 57.9281
      vertex -1.47954 14 57.8378
    endloop
  endfacet
  facet normal -0.739285 -0.160822 -0.653907
    outer loop
      vertex -2.6884 13.2106 58.9025
      vertex -2.77337 13.6012 58.9025
      vertex -2.37462 13.3027 58.5251
    endloop
  endfacet
  facet normal -0.739278 0.160795 -0.653921
    outer loop
      vertex -2.44968 14.3522 58.5251
      vertex -2.77337 14.3988 58.9025
      vertex -2.37462 14.6973 58.5251
    endloop
  endfacet
  facet normal -0.249576 -0.333054 -0.909278
    outer loop
      vertex -0.906855 12.5889 57.9281
      vertex -0.916681 12.8316 57.8419
      vertex -0.799923 12.7553 57.8378
    endloop
  endfacet
  facet normal -0.249299 -0.333068 -0.909349
    outer loop
      vertex -0.916681 12.8316 57.8419
      vertex -0.906855 12.5889 57.9281
      vertex -1.09844 12.7323 57.9281
    endloop
  endfacet
  facet normal -0.294766 -0.293927 -0.909241
    outer loop
      vertex -1.09844 12.7323 57.9281
      vertex -1.01592 12.8964 57.8483
      vertex -0.977827 12.8715 57.844
    endloop
  endfacet
  facet normal -0.294309 -0.294187 -0.909305
    outer loop
      vertex -1.26767 12.9016 57.9281
      vertex -1.01592 12.8964 57.8483
      vertex -1.09844 12.7323 57.9281
    endloop
  endfacet
  facet normal -0.294293 -0.294403 -0.909241
    outer loop
      vertex -1.01592 12.8964 57.8483
      vertex -1.26767 12.9016 57.9281
      vertex -1.11971 13.0298 57.8387
    endloop
  endfacet
  facet normal -0.654121 0.046784 -0.754941
    outer loop
      vertex -2.07612 14.2985 58.1981
      vertex -2.47487 14 58.5251
      vertex -2.44968 14.3522 58.5251
    endloop
  endfacet
  facet normal -0.193345 -0.8893 0.414443
    outer loop
      vertex -0.437173 10.9594 62.6774
      vertex -0.923892 10.8535 62.2231
      vertex -0.466696 10.7541 62.2231
    endloop
  endfacet
  facet normal -0.193505 -0.889197 0.41459
    outer loop
      vertex -0.865447 11.0526 62.6774
      vertex -0.923892 10.8535 62.2231
      vertex -0.437173 10.9594 62.6774
    endloop
  endfacet
  facet normal -0.474465 -0.868764 -0.141884
    outer loop
      vertex -1.45025 10.8244 60.7503
      vertex -1.849 11.1229 60.256
      vertex -1.42072 10.889 60.256
    endloop
  endfacet
  facet normal -0.474374 -0.868799 -0.141978
    outer loop
      vertex -1.45025 10.8244 60.7503
      vertex -1.88742 11.0631 60.7503
      vertex -1.849 11.1229 60.256
    endloop
  endfacet
  facet normal -0.575076 -0.768269 0.281159
    outer loop
      vertex -1.77294 11.2413 62.2231
      vertex -2.23963 11.4153 61.744
      vertex -1.849 11.1229 61.744
    endloop
  endfacet
  facet normal -0.460014 -0.842218 0.281167
    outer loop
      vertex -1.77294 11.2413 62.2231
      vertex -1.849 11.1229 61.744
      vertex -1.36228 11.017 62.2231
    endloop
  endfacet
  facet normal -0.22918 -0.614456 0.754931
    outer loop
      vertex -0.590925 11.9875 63.8019
      vertex -1.0281 11.7488 63.4749
      vertex -0.697252 11.6254 63.4749
    endloop
  endfacet
  facet normal -0.139375 -0.640825 0.754929
    outer loop
      vertex -0.590925 11.9875 63.8019
      vertex -0.697252 11.6254 63.4749
      vertex -0.298501 11.9239 63.8019
    endloop
  endfacet
  facet normal -0.115109 -0.529256 0.840618
    outer loop
      vertex -0.472569 12.3906 64.0719
      vertex -0.590925 11.9875 63.8019
      vertex -0.298501 11.9239 63.8019
    endloop
  endfacet
  facet normal 0.139375 -0.640825 0.754929
    outer loop
      vertex 0.590925 11.9875 63.8019
      vertex 0.298501 11.9239 63.8019
      vertex 0.697252 11.6254 63.4749
    endloop
  endfacet
  facet normal -0.0601206 -0.839715 0.539689
    outer loop
      vertex 0 11.1981 63.0975
      vertex -0.437173 10.9594 62.6774
      vertex 0 10.9281 62.6774
    endloop
  endfacet
  facet normal 0.139463 -0.640754 0.754973
    outer loop
      vertex 0.697252 11.6254 63.4749
      vertex 0.298501 11.9239 63.8019
      vertex 0.352211 11.5503 63.4749
    endloop
  endfacet
  facet normal 0.179006 -0.822661 0.539617
    outer loop
      vertex 0.789385 11.3116 63.0975
      vertex 0.39875 11.2266 63.0975
      vertex 0.437173 10.9594 62.6774
    endloop
  endfacet
  facet normal 0.115109 -0.529256 0.840618
    outer loop
      vertex 0.472569 12.3906 64.0719
      vertex 0.298501 11.9239 63.8019
      vertex 0.590925 11.9875 63.8019
    endloop
  endfacet
  facet normal 0.259563 -0.47543 0.840591
    outer loop
      vertex 1.13398 12.2355 63.8019
      vertex 0.696805 12.4742 64.0719
      vertex 0.871321 12.0921 63.8019
    endloop
  endfacet
  facet normal 0.333144 -0.249501 0.909266
    outer loop
      vertex 1.41109 13.0931 64.0719
      vertex 1.02896 13.3387 64.2793
      vertex 1.26767 12.9016 64.0719
    endloop
  endfacet
  facet normal 0.365322 -0.199425 0.909269
    outer loop
      vertex 1.11259 13.4919 64.2793
      vertex 1.02896 13.3387 64.2793
      vertex 1.52579 13.3032 64.0719
    endloop
  endfacet
  facet normal 0.0498875 -0.133737 0.98976
    outer loop
      vertex 0.309059 13.3233 64.42
      vertex 0.103724 13.7729 64.4911
      vertex 0.209602 13.2862 64.42
    endloop
  endfacet
  facet normal 0.0986928 -0.264574 0.959302
    outer loop
      vertex 0.309059 13.3233 64.42
      vertex 0.209602 13.2862 64.42
      vertex 0.344594 12.8264 64.2793
    endloop
  endfacet
  facet normal -0.1353 -0.247888 0.959294
    outer loop
      vertex -0.402225 13.3741 64.42
      vertex -0.661271 12.971 64.2793
      vertex -0.508104 12.8874 64.2793
    endloop
  endfacet
  facet normal -0.0498875 -0.133737 0.98976
    outer loop
      vertex -0.103724 13.7729 64.4911
      vertex -0.309059 13.3233 64.42
      vertex -0.209602 13.2862 64.42
    endloop
  endfacet
  facet normal 0.189207 -0.507501 0.840621
    outer loop
      vertex 0.696805 12.4742 64.0719
      vertex 0.472569 12.3906 64.0719
      vertex 0.590925 11.9875 63.8019
    endloop
  endfacet
  facet normal 0.0297361 -0.415112 0.909284
    outer loop
      vertex 0 12.7769 64.2793
      vertex 0 12.3226 64.0719
      vertex 0.238714 12.3397 64.0719
    endloop
  endfacet
  facet normal 0.314247 -0.575591 0.754947
    outer loop
      vertex 1.13398 12.2355 63.8019
      vertex 0.871321 12.0921 63.8019
      vertex 1.0281 11.7488 63.4749
    endloop
  endfacet
  facet normal 0.259592 -0.475391 0.840604
    outer loop
      vertex 0.906855 12.5889 64.0719
      vertex 0.696805 12.4742 64.0719
      vertex 1.13398 12.2355 63.8019
    endloop
  endfacet
  facet normal -0.125249 -0.0684378 0.989762
    outer loop
      vertex -0.227123 13.8963 64.4911
      vertex -0.676746 13.6909 64.42
      vertex -0.625875 13.5978 64.42
    endloop
  endfacet
  facet normal -0.133738 -0.0498515 0.989762
    outer loop
      vertex -0.239573 13.9297 64.4911
      vertex -0.713841 13.7904 64.42
      vertex -0.227123 13.8963 64.4911
    endloop
  endfacet
  facet normal -0.133737 -0.0498589 0.989762
    outer loop
      vertex -0.227123 13.8963 64.4911
      vertex -0.713841 13.7904 64.42
      vertex -0.676746 13.6909 64.42
    endloop
  endfacet
  facet normal -0.264617 -0.0986528 0.959294
    outer loop
      vertex -0.713841 13.7904 64.42
      vertex -1.17358 13.6554 64.2793
      vertex -0.676746 13.6909 64.42
    endloop
  endfacet
  facet normal -0.0855207 -0.114266 0.989762
    outer loop
      vertex -0.163509 13.8113 64.4911
      vertex -0.487202 13.4377 64.42
      vertex -0.402225 13.3741 64.42
    endloop
  endfacet
  facet normal -0.100939 -0.100907 0.989762
    outer loop
      vertex -0.188701 13.8365 64.4911
      vertex -0.487202 13.4377 64.42
      vertex -0.163509 13.8113 64.4911
    endloop
  endfacet
  facet normal -0.100952 -0.100897 0.989762
    outer loop
      vertex -0.487202 13.4377 64.42
      vertex -0.188701 13.8365 64.4911
      vertex -0.562261 13.5128 64.42
    endloop
  endfacet
  facet normal -0.433578 -0.32455 0.840641
    outer loop
      vertex -1.26767 12.9016 64.0719
      vertex -1.76451 12.866 63.8019
      vertex -1.58516 12.6264 63.8019
    endloop
  endfacet
  facet normal -0.249454 -0.333174 0.909268
    outer loop
      vertex -0.800976 13.0756 64.2793
      vertex -1.09844 12.7323 64.0719
      vertex -0.661271 12.971 64.2793
    endloop
  endfacet
  facet normal -0.768305 -0.57508 0.28105
    outer loop
      vertex -2.47835 11.8525 62.2231
      vertex -2.75874 12.2271 62.2231
      vertex -2.58467 11.7604 61.744
    endloop
  endfacet
  facet normal -0.504531 -0.673894 0.539736
    outer loop
      vertex -1.83485 11.8825 63.0975
      vertex -2.01165 11.6784 62.6774
      vertex -1.51482 11.6429 63.0975
    endloop
  endfacet
  facet normal -0.708861 -0.264446 0.6539
    outer loop
      vertex -2.37462 13.3027 63.4749
      vertex -2.6884 13.2106 63.0975
      vertex -2.54869 12.8361 63.0975
    endloop
  endfacet
  facet normal -0.708873 -0.264434 0.653891
    outer loop
      vertex -2.37462 13.3027 63.4749
      vertex -2.54869 12.8361 63.0975
      vertex -2.25122 12.9719 63.4749
    endloop
  endfacet
  facet normal -0.937756 -0.20398 0.28108
    outer loop
      vertex -3.24594 13.5333 62.2231
      vertex -3.28148 13.0365 61.744
      vertex -3.14649 13.0761 62.2231
    endloop
  endfacet
  facet normal -0.738888 -0.40344 0.539704
    outer loop
      vertex -2.54869 12.8361 63.0975
      vertex -2.79428 12.7239 62.6774
      vertex -2.58423 12.3392 62.6774
    endloop
  endfacet
  facet normal -0.852669 -0.31802 0.41451
    outer loop
      vertex -2.79428 12.7239 62.6774
      vertex -3.14649 13.0761 62.2231
      vertex -2.98298 12.6377 62.2231
    endloop
  endfacet
  facet normal -0.852669 -0.317981 0.41454
    outer loop
      vertex -2.94744 13.1346 62.6774
      vertex -3.14649 13.0761 62.2231
      vertex -2.79428 12.7239 62.6774
    endloop
  endfacet
  facet normal 0.545299 -0.728595 0.414485
    outer loop
      vertex 2.01165 11.6784 62.6774
      vertex 1.66078 11.4158 62.6774
      vertex 1.77294 11.2413 62.2231
    endloop
  endfacet
  facet normal 0.436238 -0.798687 0.414482
    outer loop
      vertex 1.66078 11.4158 62.6774
      vertex 1.36228 11.017 62.2231
      vertex 1.77294 11.2413 62.2231
    endloop
  endfacet
  facet normal 0.345977 -0.927439 -0.141975
    outer loop
      vertex 0.983551 10.6503 60.7503
      vertex 0.963529 10.7185 60.256
      vertex 1.45025 10.8244 60.7503
    endloop
  endfacet
  facet normal 0.6435 -0.643542 -0.414442
    outer loop
      vertex 2.47835 11.8525 59.7769
      vertex 2.01165 11.6784 59.3226
      vertex 2.32157 11.9883 59.3226
    endloop
  endfacet
  facet normal 0.643483 -0.64358 -0.414409
    outer loop
      vertex 2.01165 11.6784 59.3226
      vertex 2.47835 11.8525 59.7769
      vertex 2.1475 11.5217 59.7769
    endloop
  endfacet
  facet normal 0.792409 -0.593252 -0.14192
    outer loop
      vertex 2.93688 12.1126 60.7503
      vertex 2.58467 11.7604 60.256
      vertex 2.8771 12.151 60.256
    endloop
  endfacet
  facet normal 0.868802 -0.474384 -0.141925
    outer loop
      vertex 2.93688 12.1126 60.7503
      vertex 2.8771 12.151 60.256
      vertex 3.1756 12.5498 60.7503
    endloop
  endfacet
  facet normal 0.707097 -0.707117 0
    outer loop
      vertex 2.28617 11.3616 61.2497
      vertex 2.63838 11.7138 60.7503
      vertex 2.63838 11.7138 61.2497
    endloop
  endfacet
  facet normal 0.707097 -0.707117 0
    outer loop
      vertex 2.63838 11.7138 60.7503
      vertex 2.28617 11.3616 61.2497
      vertex 2.28617 11.3616 60.7503
    endloop
  endfacet
  facet normal 0.768305 -0.57508 0.28105
    outer loop
      vertex 2.75874 12.2271 62.2231
      vertex 2.47835 11.8525 62.2231
      vertex 2.58467 11.7604 61.744
    endloop
  endfacet
  facet normal 0.839731 0.060053 -0.539671
    outer loop
      vertex 2.80189 14 58.9025
      vertex 2.77337 14.3988 58.9025
      vertex 3.04061 14.4372 59.3226
    endloop
  endfacet
  facet normal 0.839727 0.0600601 -0.539676
    outer loop
      vertex 3.07188 14 59.3226
      vertex 2.80189 14 58.9025
      vertex 3.04061 14.4372 59.3226
    endloop
  endfacet
  facet normal 0.798735 -0.436117 -0.414516
    outer loop
      vertex 2.98298 12.6377 59.7769
      vertex 2.58423 12.3392 59.3226
      vertex 2.79428 12.7239 59.3226
    endloop
  endfacet
  facet normal 0.852669 -0.31802 -0.41451
    outer loop
      vertex 2.98298 12.6377 59.7769
      vertex 2.79428 12.7239 59.3226
      vertex 3.14649 13.0761 59.7769
    endloop
  endfacet
  facet normal 0.89918 -0.335383 -0.281057
    outer loop
      vertex 3.11095 12.5793 60.256
      vertex 2.98298 12.6377 59.7769
      vertex 3.28148 13.0365 60.256
    endloop
  endfacet
  facet normal 0.899182 -0.335368 -0.281071
    outer loop
      vertex 3.28148 13.0365 60.256
      vertex 2.98298 12.6377 59.7769
      vertex 3.14649 13.0761 59.7769
    endloop
  endfacet
  facet normal 0.957234 -0.0684647 -0.281096
    outer loop
      vertex 3.42001 14 60.256
      vertex 3.24594 13.5333 59.7769
      vertex 3.27932 14 59.7769
    endloop
  endfacet
  facet normal 0.907737 -0.0649245 -0.414486
    outer loop
      vertex 3.24594 13.5333 59.7769
      vertex 3.07188 14 59.3226
      vertex 3.27932 14 59.7769
    endloop
  endfacet
  facet normal 0.997452 -0.0713355 0
    outer loop
      vertex 3.45555 13.5032 61.2497
      vertex 3.49108 14 60.7503
      vertex 3.49108 14 61.2497
    endloop
  endfacet
  facet normal 0.997452 -0.0713355 0
    outer loop
      vertex 3.49108 14 60.7503
      vertex 3.45555 13.5032 61.2497
      vertex 3.45555 13.5032 60.7503
    endloop
  endfacet
  facet normal 0.822648 -0.178996 -0.539639
    outer loop
      vertex 2.94744 13.1346 59.3226
      vertex 2.6884 13.2106 58.9025
      vertex 3.04061 13.5628 59.3226
    endloop
  endfacet
  facet normal 0.88923 -0.193483 -0.414528
    outer loop
      vertex 3.14649 13.0761 59.7769
      vertex 2.94744 13.1346 59.3226
      vertex 3.04061 13.5628 59.3226
    endloop
  endfacet
  facet normal 0.728575 0.545362 -0.414437
    outer loop
      vertex 2.58423 15.6608 59.3226
      vertex 2.32157 16.0117 59.3226
      vertex 2.75874 15.7729 59.7769
    endloop
  endfacet
  facet normal 0.798723 0.436205 -0.414448
    outer loop
      vertex 2.98298 15.3623 59.7769
      vertex 2.58423 15.6608 59.3226
      vertex 2.75874 15.7729 59.7769
    endloop
  endfacet
  facet normal 0.545411 0.728563 -0.414395
    outer loop
      vertex 2.01165 16.3216 59.3226
      vertex 1.77294 16.7587 59.7769
      vertex 2.1475 16.4783 59.7769
    endloop
  endfacet
  facet normal 0.643483 0.64358 -0.414409
    outer loop
      vertex 2.47835 16.1475 59.7769
      vertex 2.01165 16.3216 59.3226
      vertex 2.1475 16.4783 59.7769
    endloop
  endfacet
  facet normal 0.6435 0.643542 -0.414442
    outer loop
      vertex 2.01165 16.3216 59.3226
      vertex 2.47835 16.1475 59.7769
      vertex 2.32157 16.0117 59.3226
    endloop
  endfacet
  facet normal 0.967247 0.210409 -0.14199
    outer loop
      vertex 3.3852 14.4867 60.256
      vertex 3.28148 14.9635 60.256
      vertex 3.34967 14.9836 60.7503
    endloop
  endfacet
  facet normal 0.93775 0.203992 -0.281091
    outer loop
      vertex 3.3852 14.4867 60.256
      vertex 3.24594 14.4667 59.7769
      vertex 3.28148 14.9635 60.256
    endloop
  endfacet
  facet normal 0.98735 0.070613 0.141965
    outer loop
      vertex 3.45555 14.4968 61.2497
      vertex 3.3852 14.4867 61.744
      vertex 3.49108 14 61.2497
    endloop
  endfacet
  facet normal 0.967247 0.210409 0.14199
    outer loop
      vertex 3.34967 14.9836 61.2497
      vertex 3.28148 14.9635 61.744
      vertex 3.3852 14.4867 61.744
    endloop
  endfacet
  facet normal 0.92746 -0.345931 0.141949
    outer loop
      vertex 3.28148 13.0365 61.744
      vertex 3.11095 12.5793 61.744
      vertex 3.1756 12.5498 61.2497
    endloop
  endfacet
  facet normal 0.89918 -0.335383 0.281057
    outer loop
      vertex 3.28148 13.0365 61.744
      vertex 2.98298 12.6377 62.2231
      vertex 3.11095 12.5793 61.744
    endloop
  endfacet
  facet normal 0.852669 -0.317981 0.41454
    outer loop
      vertex 2.94744 13.1346 62.6774
      vertex 2.79428 12.7239 62.6774
      vertex 3.14649 13.0761 62.2231
    endloop
  endfacet
  facet normal 0.852669 -0.31802 0.41451
    outer loop
      vertex 3.14649 13.0761 62.2231
      vertex 2.79428 12.7239 62.6774
      vertex 2.98298 12.6377 62.2231
    endloop
  endfacet
  facet normal 0.595216 -0.595385 0.539662
    outer loop
      vertex 1.83485 11.8825 63.0975
      vertex 2.32157 11.9883 62.6774
      vertex 2.11753 12.1651 63.0975
    endloop
  endfacet
  facet normal 0.595252 -0.59529 0.539727
    outer loop
      vertex 2.32157 11.9883 62.6774
      vertex 1.83485 11.8825 63.0975
      vertex 2.01165 11.6784 62.6774
    endloop
  endfacet
  facet normal 0.64081 -0.139378 0.754941
    outer loop
      vertex 2.44968 13.6478 63.4749
      vertex 2.07612 13.7015 63.8019
      vertex 2.37462 13.3027 63.4749
    endloop
  endfacet
  facet normal 0.654121 -0.046784 0.754941
    outer loop
      vertex 2.47487 14 63.4749
      vertex 2.07612 13.7015 63.8019
      vertex 2.44968 13.6478 63.4749
    endloop
  endfacet
  facet normal 0.475409 -0.259548 0.840607
    outer loop
      vertex 1.90793 13.1287 63.8019
      vertex 1.52579 13.3032 64.0719
      vertex 1.76451 12.866 63.8019
    endloop
  endfacet
  facet normal 0.708873 -0.264434 0.653891
    outer loop
      vertex 2.37462 13.3027 63.4749
      vertex 2.25122 12.9719 63.4749
      vertex 2.54869 12.8361 63.0975
    endloop
  endfacet
  facet normal 0.415151 0.0296877 0.909268
    outer loop
      vertex 1.6603 14.2387 64.0719
      vertex 1.21067 14.1741 64.2793
      vertex 1.22312 14 64.2793
    endloop
  endfacet
  facet normal 0.415151 0.0296884 0.909268
    outer loop
      vertex 1.6603 14.2387 64.0719
      vertex 1.22312 14 64.2793
      vertex 1.67737 14 64.0719
    endloop
  endfacet
  facet normal 0.281696 -0.020147 0.959292
    outer loop
      vertex 0.743979 14 64.42
      vertex 0.736405 13.8941 64.42
      vertex 1.21067 13.8259 64.2793
    endloop
  endfacet
  facet normal 0.264617 0.0986528 0.959294
    outer loop
      vertex 1.17358 14.3446 64.2793
      vertex 0.676746 14.3091 64.42
      vertex 0.713841 14.2096 64.42
    endloop
  endfacet
  facet normal 0.226065 0.169239 0.959298
    outer loop
      vertex 0.924376 14.801 64.2793
      vertex 0.625875 14.4022 64.42
      vertex 1.02896 14.6613 64.2793
    endloop
  endfacet
  facet normal 0.139467 -0.0303466 0.989762
    outer loop
      vertex 0.736405 13.8941 64.42
      vertex 0.247146 13.9645 64.4911
      vertex 0.713841 13.7904 64.42
    endloop
  endfacet
  facet normal -0.0202181 -0.281667 0.959299
    outer loop
      vertex -0.105879 13.2636 64.42
      vertex -0.174068 12.7893 64.2793
      vertex 0 13.256 64.42
    endloop
  endfacet
  facet normal 0.415151 -0.0296884 0.909268
    outer loop
      vertex 1.67737 14 64.0719
      vertex 1.22312 14 64.2793
      vertex 1.6603 13.7613 64.0719
    endloop
  endfacet
  facet normal 0.406704 -0.0884731 0.909266
    outer loop
      vertex 1.21067 13.8259 64.2793
      vertex 1.17358 13.6554 64.2793
      vertex 1.6603 13.7613 64.0719
    endloop
  endfacet
  facet normal 0.52927 0.115109 0.840609
    outer loop
      vertex 2.07612 14.2985 63.8019
      vertex 1.60943 14.4726 64.0719
      vertex 1.6603 14.2387 64.0719
    endloop
  endfacet
  facet normal 0.406701 0.0884518 0.909269
    outer loop
      vertex 1.60943 14.4726 64.0719
      vertex 1.17358 14.3446 64.2793
      vertex 1.6603 14.2387 64.0719
    endloop
  endfacet
  facet normal 0.133738 0.0498515 0.989762
    outer loop
      vertex 0.713841 14.2096 64.42
      vertex 0.227123 14.1037 64.4911
      vertex 0.239573 14.0703 64.4911
    endloop
  endfacet
  facet normal 0.247846 0.135426 0.959287
    outer loop
      vertex 1.11259 14.5081 64.2793
      vertex 0.625875 14.4022 64.42
      vertex 0.676746 14.3091 64.42
    endloop
  endfacet
  facet normal 0.0987031 0.264573 0.959301
    outer loop
      vertex 0.344594 15.1736 64.2793
      vertex 0.309059 14.6767 64.42
      vertex 0.508104 15.1126 64.2793
    endloop
  endfacet
  facet normal -0.728575 0.545362 -0.414437
    outer loop
      vertex -2.58423 15.6608 59.3226
      vertex -2.75874 15.7729 59.7769
      vertex -2.32157 16.0117 59.3226
    endloop
  endfacet
  facet normal -0.0705944 0.987343 0.142019
    outer loop
      vertex 0 17.4911 61.2497
      vertex -0.486718 17.3852 61.744
      vertex 0 17.42 61.744
    endloop
  endfacet
  facet normal 0.294093 0.788831 0.53968
    outer loop
      vertex 1.2761 16.7943 62.6774
      vertex 0.865447 16.9474 62.6774
      vertex 1.16395 16.5487 63.0975
    endloop
  endfacet
  facet normal 0.193345 0.8893 0.414443
    outer loop
      vertex 0.466696 17.2459 62.2231
      vertex 0.437173 17.0406 62.6774
      vertex 0.923892 17.1465 62.2231
    endloop
  endfacet
  facet normal 0.52927 -0.115109 -0.840609
    outer loop
      vertex 2.07612 13.7015 58.1981
      vertex 1.60943 13.5274 57.9281
      vertex 1.6603 13.7613 57.9281
    endloop
  endfacet
  facet normal 0.382948 0.382966 -0.840647
    outer loop
      vertex 1.26767 15.0984 57.9281
      vertex 1.37355 15.5852 58.1981
      vertex 1.58516 15.3736 58.1981
    endloop
  endfacet
  facet normal 0.383077 0.382918 -0.84061
    outer loop
      vertex 1.37355 15.5852 58.1981
      vertex 1.26767 15.0984 57.9281
      vertex 1.09844 15.2677 57.9281
    endloop
  endfacet
  facet normal 0.324545 0.433637 -0.840612
    outer loop
      vertex 1.37355 15.5852 58.1981
      vertex 1.09844 15.2677 57.9281
      vertex 1.13398 15.7645 58.1981
    endloop
  endfacet
  facet normal 0.739278 0.160795 -0.653921
    outer loop
      vertex 2.44968 14.3522 58.5251
      vertex 2.37462 14.6973 58.5251
      vertex 2.77337 14.3988 58.9025
    endloop
  endfacet
  facet normal 0.754644 0.0539735 -0.653911
    outer loop
      vertex 2.47487 14 58.5251
      vertex 2.44968 14.3522 58.5251
      vertex 2.77337 14.3988 58.9025
    endloop
  endfacet
  facet normal 0.575592 0.314242 -0.754948
    outer loop
      vertex 1.90793 14.8713 58.1981
      vertex 1.76451 15.134 58.1981
      vertex 2.25122 15.0281 58.5251
    endloop
  endfacet
  facet normal 0.614445 0.229168 -0.754943
    outer loop
      vertex 2.01251 14.5909 58.1981
      vertex 1.90793 14.8713 58.1981
      vertex 2.25122 15.0281 58.5251
    endloop
  endfacet
  facet normal 0.365007 0.200243 -0.909216
    outer loop
      vertex 1.34892 14.616 57.8393
      vertex 1.31343 14.6816 57.8395
      vertex 1.52579 14.6968 57.9281
    endloop
  endfacet
  facet normal 0.406738 0.0884598 -0.909252
    outer loop
      vertex 1.45263 14.2839 57.8396
      vertex 1.60943 14.4726 57.9281
      vertex 1.6603 14.2387 57.9281
    endloop
  endfacet
  facet normal 0.406629 0.0885677 -0.90929
    outer loop
      vertex 1.60943 14.4726 57.9281
      vertex 1.45263 14.2839 57.8396
      vertex 1.42994 14.4199 57.8427
    endloop
  endfacet
  facet normal 0.640792 0.139401 -0.754952
    outer loop
      vertex 2.07612 14.2985 58.1981
      vertex 2.01251 14.5909 58.1981
      vertex 2.37462 14.6973 58.5251
    endloop
  endfacet
  facet normal 0.540263 -0.0386419 -0.840609
    outer loop
      vertex 2.07612 13.7015 58.1981
      vertex 1.67737 14 57.9281
      vertex 2.09747 14 58.1981
    endloop
  endfacet
  facet normal 0.654122 -0.0467856 -0.754941
    outer loop
      vertex 2.47487 14 58.5251
      vertex 2.07612 13.7015 58.1981
      vertex 2.09747 14 58.1981
    endloop
  endfacet
  facet normal 0.406738 -0.0884598 -0.909252
    outer loop
      vertex 1.60943 13.5274 57.9281
      vertex 1.45263 13.7161 57.8396
      vertex 1.6603 13.7613 57.9281
    endloop
  endfacet
  facet normal 0.406629 -0.0885677 -0.90929
    outer loop
      vertex 1.45263 13.7161 57.8396
      vertex 1.60943 13.5274 57.9281
      vertex 1.42994 13.5801 57.8427
    endloop
  endfacet
  facet normal -0.199678 0.365114 -0.909297
    outer loop
      vertex -0.682202 15.3216 57.8429
      vertex -0.696805 15.5258 57.9281
      vertex -0.621633 15.3612 57.8455
    endloop
  endfacet
  facet normal -0.145981 0.389608 -0.909338
    outer loop
      vertex -0.602543 15.3737 57.8478
      vertex -0.696805 15.5258 57.9281
      vertex -0.556367 15.3854 57.8454
    endloop
  endfacet
  facet normal -0.145673 0.389785 -0.909311
    outer loop
      vertex -0.696805 15.5258 57.9281
      vertex -0.602543 15.3737 57.8478
      vertex -0.621633 15.3612 57.8455
    endloop
  endfacet
  facet normal -0.40648 0.0903861 -0.909178
    outer loop
      vertex -1.47954 14.2127 57.8447
      vertex -1.6603 14.2387 57.9281
      vertex -1.47954 14.2469 57.8481
    endloop
  endfacet
  facet normal -0.406477 0.088303 -0.909384
    outer loop
      vertex -1.46799 14.2805 57.8462
      vertex -1.47954 14.2469 57.8481
      vertex -1.6603 14.2387 57.9281
    endloop
  endfacet
  facet normal 0.145584 0.38971 -0.909358
    outer loop
      vertex 0.614693 15.346 57.8379
      vertex 0.54679 15.3758 57.8398
      vertex 0.696805 15.5258 57.9281
    endloop
  endfacet
  facet normal 0.199641 0.365016 -0.909344
    outer loop
      vertex 0.681839 15.3165 57.8408
      vertex 0.614693 15.346 57.8379
      vertex 0.696805 15.5258 57.9281
    endloop
  endfacet
  facet normal -0.179006 0.822661 -0.539617
    outer loop
      vertex -0.39875 16.7734 58.9025
      vertex -0.789385 16.6884 58.9025
      vertex -0.437173 17.0406 59.3226
    endloop
  endfacet
  facet normal -0.0600211 0.839769 -0.539616
    outer loop
      vertex -0.39875 16.7734 58.9025
      vertex -0.437173 17.0406 59.3226
      vertex 0 16.8019 58.9025
    endloop
  endfacet
  facet normal 0.0649918 0.907753 -0.414441
    outer loop
      vertex 0.437173 17.0406 59.3226
      vertex 0 17.0719 59.3226
      vertex 0.466696 17.2459 59.7769
    endloop
  endfacet
  facet normal 0.193505 0.889197 -0.41459
    outer loop
      vertex 0.865447 16.9474 59.3226
      vertex 0.437173 17.0406 59.3226
      vertex 0.923892 17.1465 59.7769
    endloop
  endfacet
  facet normal 0.0986928 0.264574 0.959302
    outer loop
      vertex 0.344594 15.1736 64.2793
      vertex 0.209602 14.7138 64.42
      vertex 0.309059 14.6767 64.42
    endloop
  endfacet
  facet normal 0.13518 0.247917 0.959304
    outer loop
      vertex 0.508104 15.1126 64.2793
      vertex 0.309059 14.6767 64.42
      vertex 0.402225 14.6259 64.42
    endloop
  endfacet
  facet normal 0.14548 0.389957 0.909269
    outer loop
      vertex 0.696805 15.5258 64.0719
      vertex 0.344594 15.1736 64.2793
      vertex 0.508104 15.1126 64.2793
    endloop
  endfacet
  facet normal 0.199402 0.365332 0.90927
    outer loop
      vertex 0.696805 15.5258 64.0719
      vertex 0.508104 15.1126 64.2793
      vertex 0.661271 15.029 64.2793
    endloop
  endfacet
  facet normal 0.259592 0.475391 0.840604
    outer loop
      vertex 1.13398 15.7645 63.8019
      vertex 0.696805 15.5258 64.0719
      vertex 0.906855 15.4111 64.0719
    endloop
  endfacet
  facet normal 0.32457 0.433632 0.840606
    outer loop
      vertex 1.13398 15.7645 63.8019
      vertex 0.906855 15.4111 64.0719
      vertex 1.09844 15.2677 64.0719
    endloop
  endfacet
  facet normal 0.189207 0.507501 0.840621
    outer loop
      vertex 0.590925 16.0125 63.8019
      vertex 0.472569 15.6094 64.0719
      vertex 0.696805 15.5258 64.0719
    endloop
  endfacet
  facet normal 0.189323 0.507509 0.84059
    outer loop
      vertex 0.871321 15.9079 63.8019
      vertex 0.590925 16.0125 63.8019
      vertex 0.696805 15.5258 64.0719
    endloop
  endfacet
  facet normal 0.0468948 0.654119 0.754937
    outer loop
      vertex 0 16.4749 63.4749
      vertex 0 16.0975 63.8019
      vertex 0.298501 16.0761 63.8019
    endloop
  endfacet
  facet normal 0.139463 0.640754 0.754973
    outer loop
      vertex 0.352211 16.4497 63.4749
      vertex 0.298501 16.0761 63.8019
      vertex 0.697252 16.3746 63.4749
    endloop
  endfacet
  facet normal -0.0200687 0.281719 0.959287
    outer loop
      vertex 0 15.2231 64.2793
      vertex -0.174068 15.2107 64.2793
      vertex 0 14.744 64.42
    endloop
  endfacet
  facet normal -0.0102181 0.142353 0.989763
    outer loop
      vertex 0 14.744 64.42
      vertex -0.105879 14.7364 64.42
      vertex -0.0355339 14.2471 64.4911
    endloop
  endfacet
  facet normal 0.264385 0.708844 0.653942
    outer loop
      vertex 1.16395 16.5487 63.0975
      vertex 0.697252 16.3746 63.4749
      vertex 1.0281 16.2512 63.4749
    endloop
  endfacet
  facet normal 0.264378 0.708852 0.653937
    outer loop
      vertex 0.789385 16.6884 63.0975
      vertex 0.697252 16.3746 63.4749
      vertex 1.16395 16.5487 63.0975
    endloop
  endfacet
  facet normal 0.0601206 0.839715 0.539689
    outer loop
      vertex 0 17.0719 62.6774
      vertex 0 16.8019 63.0975
      vertex 0.437173 17.0406 62.6774
    endloop
  endfacet
  facet normal -0.0649918 0.907753 0.414441
    outer loop
      vertex 0 17.0719 62.6774
      vertex -0.466696 17.2459 62.2231
      vertex -0.437173 17.0406 62.6774
    endloop
  endfacet
  facet normal -0.545411 0.728563 0.414395
    outer loop
      vertex -1.77294 16.7587 62.2231
      vertex -2.1475 16.4783 62.2231
      vertex -2.01165 16.3216 62.6774
    endloop
  endfacet
  facet normal -0.139463 0.640754 0.754973
    outer loop
      vertex -0.352211 16.4497 63.4749
      vertex -0.697252 16.3746 63.4749
      vertex -0.298501 16.0761 63.8019
    endloop
  endfacet
  facet normal -0.403538 0.738853 0.539679
    outer loop
      vertex -1.2761 16.7943 62.6774
      vertex -1.66078 16.5842 62.6774
      vertex -1.16395 16.5487 63.0975
    endloop
  endfacet
  facet normal -0.403496 0.738908 0.539634
    outer loop
      vertex -1.16395 16.5487 63.0975
      vertex -1.66078 16.5842 62.6774
      vertex -1.51482 16.3571 63.0975
    endloop
  endfacet
  facet normal -0.333215 0.249456 0.909252
    outer loop
      vertex -0.924376 14.801 64.2793
      vertex -1.26767 15.0984 64.0719
      vertex -1.02896 14.6613 64.2793
    endloop
  endfacet
  facet normal -0.249454 0.333174 0.909268
    outer loop
      vertex -0.661271 15.029 64.2793
      vertex -1.09844 15.2677 64.0719
      vertex -0.800976 14.9244 64.2793
    endloop
  endfacet
  facet normal -0.788796 0.294161 0.539694
    outer loop
      vertex -2.79428 15.2761 62.6774
      vertex -2.94744 14.8654 62.6774
      vertex -2.54869 15.1639 63.0975
    endloop
  endfacet
  facet normal -0.788804 0.294269 0.539624
    outer loop
      vertex -2.54869 15.1639 63.0975
      vertex -2.94744 14.8654 62.6774
      vertex -2.6884 14.7894 63.0975
    endloop
  endfacet
  facet normal 0.433578 0.32455 0.840641
    outer loop
      vertex 1.58516 15.3736 63.8019
      vertex 1.26767 15.0984 64.0719
      vertex 1.76451 15.134 63.8019
    endloop
  endfacet
  facet normal 0.433546 0.324696 0.840601
    outer loop
      vertex 1.76451 15.134 63.8019
      vertex 1.26767 15.0984 64.0719
      vertex 1.41109 14.9069 64.0719
    endloop
  endfacet
  facet normal 0.798723 0.436205 0.414448
    outer loop
      vertex 2.75874 15.7729 62.2231
      vertex 2.58423 15.6608 62.6774
      vertex 2.98298 15.3623 62.2231
    endloop
  endfacet
  facet normal 0.728575 0.545362 0.414437
    outer loop
      vertex 2.75874 15.7729 62.2231
      vertex 2.32157 16.0117 62.6774
      vertex 2.58423 15.6608 62.6774
    endloop
  endfacet
  facet normal 0.792462 0.593154 0.142027
    outer loop
      vertex 2.63838 16.2862 61.2497
      vertex 2.58467 16.2396 61.744
      vertex 2.93688 15.8874 61.2497
    endloop
  endfacet
  facet normal -0.699937 0.699957 0.141944
    outer loop
      vertex -2.63838 16.2862 61.2497
      vertex -2.23963 16.5847 61.744
      vertex -2.28617 16.6384 61.2497
    endloop
  endfacet
  facet normal -0.699998 0.699876 0.142042
    outer loop
      vertex -2.23963 16.5847 61.744
      vertex -2.63838 16.2862 61.2497
      vertex -2.58467 16.2396 61.744
    endloop
  endfacet
  facet normal 0.699937 0.699957 -0.141944
    outer loop
      vertex 2.63838 16.2862 60.7503
      vertex 2.23963 16.5847 60.256
      vertex 2.28617 16.6384 60.7503
    endloop
  endfacet
  facet normal 0.699998 0.699876 -0.142042
    outer loop
      vertex 2.23963 16.5847 60.256
      vertex 2.63838 16.2862 60.7503
      vertex 2.58467 16.2396 60.256
    endloop
  endfacet
  facet normal 0.678636 0.678518 -0.281188
    outer loop
      vertex 2.58467 16.2396 60.256
      vertex 2.1475 16.4783 59.7769
      vertex 2.23963 16.5847 60.256
    endloop
  endfacet
  facet normal 0.678555 0.678658 -0.281044
    outer loop
      vertex 2.1475 16.4783 59.7769
      vertex 2.58467 16.2396 60.256
      vertex 2.47835 16.1475 59.7769
    endloop
  endfacet
  facet normal 0.160856 0.739249 -0.653939
    outer loop
      vertex 0.697252 16.3746 58.5251
      vertex 0.39875 16.7734 58.9025
      vertex 0.789385 16.6884 58.9025
    endloop
  endfacet
  facet normal 0.179026 0.822665 -0.539603
    outer loop
      vertex 0.789385 16.6884 58.9025
      vertex 0.437173 17.0406 59.3226
      vertex 0.865447 16.9474 59.3226
    endloop
  endfacet
  facet normal 0.0705944 0.987343 -0.142019
    outer loop
      vertex 0.486718 17.3852 60.256
      vertex 0 17.42 60.256
      vertex 0 17.4911 60.7503
    endloop
  endfacet
  facet normal 0.0707478 0.987354 -0.14187
    outer loop
      vertex 0.486718 17.3852 60.256
      vertex 0 17.4911 60.7503
      vertex 0.496832 17.4555 60.7503
    endloop
  endfacet
  facet normal -0.362525 0.664029 -0.653942
    outer loop
      vertex -1.0281 16.2512 58.5251
      vertex -1.33802 16.082 58.5251
      vertex -1.16395 16.5487 58.9025
    endloop
  endfacet
  facet normal -0.362606 0.664026 -0.653901
    outer loop
      vertex -1.33802 16.082 58.5251
      vertex -1.51482 16.3571 58.9025
      vertex -1.16395 16.5487 58.9025
    endloop
  endfacet
  facet normal 0.738888 0.40344 -0.539704
    outer loop
      vertex 2.79428 15.2761 59.3226
      vertex 2.54869 15.1639 58.9025
      vertex 2.58423 15.6608 59.3226
    endloop
  endfacet
  facet normal 0.788804 0.294269 -0.539624
    outer loop
      vertex 2.6884 14.7894 58.9025
      vertex 2.54869 15.1639 58.9025
      vertex 2.94744 14.8654 59.3226
    endloop
  endfacet
  facet normal -0.5075 0.189328 0.840594
    outer loop
      vertex -1.52579 14.6968 64.0719
      vertex -2.01251 14.5909 63.8019
      vertex -1.60943 14.4726 64.0719
    endloop
  endfacet
  facet normal -0.415151 0.0296884 0.909268
    outer loop
      vertex -1.6603 14.2387 64.0719
      vertex -1.67737 14 64.0719
      vertex -1.22312 14 64.2793
    endloop
  endfacet
  facet normal -0.664047 0.362601 0.653882
    outer loop
      vertex -2.082 15.338 63.4749
      vertex -2.54869 15.1639 63.0975
      vertex -2.25122 15.0281 63.4749
    endloop
  endfacet
  facet normal -0.64081 0.139378 0.754941
    outer loop
      vertex -2.37462 14.6973 63.4749
      vertex -2.44968 14.3522 63.4749
      vertex -2.07612 14.2985 63.8019
    endloop
  endfacet
  facet normal -0.529277 -0.115141 0.8406
    outer loop
      vertex -1.60943 13.5274 64.0719
      vertex -2.07612 13.7015 63.8019
      vertex -2.01251 13.4091 63.8019
    endloop
  endfacet
  facet normal -0.5075 -0.189328 0.840594
    outer loop
      vertex -1.60943 13.5274 64.0719
      vertex -2.01251 13.4091 63.8019
      vertex -1.52579 13.3032 64.0719
    endloop
  endfacet
  facet normal -0.281696 0.020147 0.959292
    outer loop
      vertex -0.736405 14.1059 64.42
      vertex -1.21067 14.1741 64.2793
      vertex -0.743979 14 64.42
    endloop
  endfacet
  facet normal -0.27596 0.0600315 0.959293
    outer loop
      vertex -1.17358 14.3446 64.2793
      vertex -1.21067 14.1741 64.2793
      vertex -0.736405 14.1059 64.42
    endloop
  endfacet
  facet normal -0.0295764 0.415186 0.909256
    outer loop
      vertex 0 15.2231 64.2793
      vertex -0.238714 15.6603 64.0719
      vertex -0.174068 15.2107 64.2793
    endloop
  endfacet
  facet normal -0.13518 0.247917 0.959304
    outer loop
      vertex -0.309059 14.6767 64.42
      vertex -0.508104 15.1126 64.2793
      vertex -0.402225 14.6259 64.42
    endloop
  endfacet
  facet normal -0.0498875 0.133737 0.98976
    outer loop
      vertex -0.209602 14.7138 64.42
      vertex -0.309059 14.6767 64.42
      vertex -0.103724 14.2271 64.4911
    endloop
  endfacet
  facet normal -0.0987031 0.264573 0.959301
    outer loop
      vertex -0.344594 15.1736 64.2793
      vertex -0.508104 15.1126 64.2793
      vertex -0.309059 14.6767 64.42
    endloop
  endfacet
  facet normal -0.247873 0.135311 0.959297
    outer loop
      vertex -1.02896 14.6613 64.2793
      vertex -1.11259 14.5081 64.2793
      vertex -0.625875 14.4022 64.42
    endloop
  endfacet
  facet normal -0.139466 0.0303499 0.989762
    outer loop
      vertex -0.239573 14.0703 64.4911
      vertex -0.713841 14.2096 64.42
      vertex -0.247146 14.0355 64.4911
    endloop
  endfacet
  facet normal -0.852669 0.31802 0.41451
    outer loop
      vertex -2.98298 15.3623 62.2231
      vertex -3.14649 14.9239 62.2231
      vertex -2.79428 15.2761 62.6774
    endloop
  endfacet
  facet normal -0.738888 0.40344 0.539704
    outer loop
      vertex -2.58423 15.6608 62.6774
      vertex -2.79428 15.2761 62.6774
      vertex -2.54869 15.1639 63.0975
    endloop
  endfacet
  facet normal -0.673958 0.504479 0.539705
    outer loop
      vertex -2.32157 16.0117 62.6774
      vertex -2.58423 15.6608 62.6774
      vertex -2.3571 15.5148 63.0975
    endloop
  endfacet
  facet normal -0.728575 0.545362 0.414437
    outer loop
      vertex -2.32157 16.0117 62.6774
      vertex -2.75874 15.7729 62.2231
      vertex -2.58423 15.6608 62.6774
    endloop
  endfacet
  facet normal -0.768305 0.57508 0.28105
    outer loop
      vertex -2.58467 16.2396 61.744
      vertex -2.75874 15.7729 62.2231
      vertex -2.47835 16.1475 62.2231
    endloop
  endfacet
  facet normal -0.345977 0.927439 0.141975
    outer loop
      vertex -0.983551 17.3497 61.2497
      vertex -1.45025 17.1756 61.2497
      vertex -0.963529 17.2815 61.744
    endloop
  endfacet
  facet normal -0.459984 0.842248 0.28113
    outer loop
      vertex -1.42072 17.111 61.744
      vertex -1.849 16.8771 61.744
      vertex -1.36228 16.983 62.2231
    endloop
  endfacet
  facet normal -0.335354 0.899174 0.281112
    outer loop
      vertex -0.963529 17.2815 61.744
      vertex -1.36228 16.983 62.2231
      vertex -0.923892 17.1465 62.2231
    endloop
  endfacet
  facet normal -0.203882 0.937768 0.28111
    outer loop
      vertex -0.466696 17.2459 62.2231
      vertex -0.963529 17.2815 61.744
      vertex -0.923892 17.1465 62.2231
    endloop
  endfacet
  facet normal -0.599277 0.800542 0
    outer loop
      vertex -1.88742 16.9369 60.7503
      vertex -2.28617 16.6384 61.2497
      vertex -1.88742 16.9369 61.2497
    endloop
  endfacet
  facet normal -0.599277 0.800542 0
    outer loop
      vertex -2.28617 16.6384 61.2497
      vertex -1.88742 16.9369 60.7503
      vertex -2.28617 16.6384 60.7503
    endloop
  endfacet
  facet normal -0.852669 0.317981 -0.41454
    outer loop
      vertex -2.94744 14.8654 59.3226
      vertex -3.14649 14.9239 59.7769
      vertex -2.79428 15.2761 59.3226
    endloop
  endfacet
  facet normal -0.798735 0.436117 -0.414516
    outer loop
      vertex -2.79428 15.2761 59.3226
      vertex -2.98298 15.3623 59.7769
      vertex -2.58423 15.6608 59.3226
    endloop
  endfacet
  facet normal -0.800578 0.599229 0
    outer loop
      vertex -2.93688 15.8874 60.7503
      vertex -2.63838 16.2862 61.2497
      vertex -2.63838 16.2862 60.7503
    endloop
  endfacet
  facet normal -0.800578 0.599229 0
    outer loop
      vertex -2.63838 16.2862 61.2497
      vertex -2.93688 15.8874 60.7503
      vertex -2.93688 15.8874 61.2497
    endloop
  endfacet
  facet normal -0.792462 0.593154 -0.142027
    outer loop
      vertex -2.58467 16.2396 60.256
      vertex -2.93688 15.8874 60.7503
      vertex -2.63838 16.2862 60.7503
    endloop
  endfacet
  facet normal -0.474374 0.868799 0.141978
    outer loop
      vertex -1.45025 17.1756 61.2497
      vertex -1.88742 16.9369 61.2497
      vertex -1.849 16.8771 61.744
    endloop
  endfacet
  facet normal -0.479229 0.87769 0
    outer loop
      vertex -1.45025 17.1756 60.7503
      vertex -1.88742 16.9369 61.2497
      vertex -1.45025 17.1756 61.2497
    endloop
  endfacet
  facet normal -0.479229 0.87769 0
    outer loop
      vertex -1.88742 16.9369 61.2497
      vertex -1.45025 17.1756 60.7503
      vertex -1.88742 16.9369 60.7503
    endloop
  endfacet
  facet normal -0.144952 -0.389956 -0.909353
    outer loop
      vertex -0.472569 12.3906 57.9281
      vertex -0.556367 12.6146 57.8454
      vertex -0.417129 12.5794 57.8383
    endloop
  endfacet
  facet normal -0.145433 -0.390087 -0.90922
    outer loop
      vertex -0.556367 12.6146 57.8454
      vertex -0.472569 12.3906 57.9281
      vertex -0.696805 12.4742 57.9281
    endloop
  endfacet
  facet normal 0.365007 -0.200243 -0.909216
    outer loop
      vertex 1.52579 13.3032 57.9281
      vertex 1.31343 13.3184 57.8395
      vertex 1.34892 13.384 57.8393
    endloop
  endfacet
  facet normal 0.390033 -0.145505 -0.909232
    outer loop
      vertex 1.41873 13.513 57.8486
      vertex 1.60943 13.5274 57.9281
      vertex 1.52579 13.3032 57.9281
    endloop
  endfacet
  facet normal 0.39003 -0.145113 -0.909296
    outer loop
      vertex 1.60943 13.5274 57.9281
      vertex 1.41873 13.513 57.8486
      vertex 1.42994 13.5801 57.8427
    endloop
  endfacet
  facet normal 0.390095 -0.145466 -0.909212
    outer loop
      vertex 1.41873 13.513 57.8486
      vertex 1.52579 13.3032 57.9281
      vertex 1.38267 13.4463 57.8438
    endloop
  endfacet
  facet normal 0.248865 -0.333588 -0.909278
    outer loop
      vertex 1.09844 12.7323 57.9281
      vertex 0.915805 12.8321 57.8415
      vertex 0.969332 12.8813 57.8381
    endloop
  endfacet
  facet normal 0.392955 -0.525043 -0.754927
    outer loop
      vertex 1.6207 12.1296 58.5251
      vertex 1.13398 12.2355 58.1981
      vertex 1.37355 12.4148 58.1981
    endloop
  endfacet
  facet normal 0.525024 -0.393001 -0.754917
    outer loop
      vertex 1.87038 12.3793 58.5251
      vertex 1.58516 12.6264 58.1981
      vertex 1.76451 12.866 58.1981
    endloop
  endfacet
  facet normal 0.229208 -0.614426 -0.754946
    outer loop
      vertex 1.0281 11.7488 58.5251
      vertex 0.590925 11.9875 58.1981
      vertex 0.871321 12.0921 58.1981
    endloop
  endfacet
  facet normal 0.189323 -0.507509 -0.84059
    outer loop
      vertex 0.871321 12.0921 58.1981
      vertex 0.590925 11.9875 58.1981
      vertex 0.696805 12.4742 57.9281
    endloop
  endfacet
  facet normal 0.259592 -0.475391 -0.840604
    outer loop
      vertex 1.13398 12.2355 58.1981
      vertex 0.696805 12.4742 57.9281
      vertex 0.906855 12.5889 57.9281
    endloop
  endfacet
  facet normal 0.199344 -0.365058 -0.909393
    outer loop
      vertex 0.681839 12.6835 57.8408
      vertex 0.906855 12.5889 57.9281
      vertex 0.696805 12.4742 57.9281
    endloop
  endfacet
  facet normal 0.199241 -0.365252 -0.909337
    outer loop
      vertex 0.906855 12.5889 57.9281
      vertex 0.681839 12.6835 57.8408
      vertex 0.809968 12.7397 57.8463
    endloop
  endfacet
  facet normal 0.403496 -0.738908 -0.539634
    outer loop
      vertex 1.66078 11.4158 59.3226
      vertex 1.16395 11.4513 58.9025
      vertex 1.51482 11.6429 58.9025
    endloop
  endfacet
  facet normal 0.504459 -0.674027 -0.539639
    outer loop
      vertex 1.66078 11.4158 59.3226
      vertex 1.51482 11.6429 58.9025
      vertex 2.01165 11.6784 59.3226
    endloop
  endfacet
  facet normal 0.474465 -0.868764 -0.141884
    outer loop
      vertex 1.45025 10.8244 60.7503
      vertex 1.42072 10.889 60.256
      vertex 1.849 11.1229 60.256
    endloop
  endfacet
  facet normal 0.345887 -0.927487 -0.141877
    outer loop
      vertex 1.45025 10.8244 60.7503
      vertex 0.963529 10.7185 60.256
      vertex 1.42072 10.889 60.256
    endloop
  endfacet
  facet normal -0.318012 -0.852678 -0.414498
    outer loop
      vertex -0.923892 10.8535 59.7769
      vertex -1.36228 11.017 59.7769
      vertex -1.2761 11.2057 59.3226
    endloop
  endfacet
  facet normal -0.403538 -0.738853 -0.539679
    outer loop
      vertex -1.2761 11.2057 59.3226
      vertex -1.66078 11.4158 59.3226
      vertex -1.16395 11.4513 58.9025
    endloop
  endfacet
  facet normal -0.189323 -0.507509 -0.84059
    outer loop
      vertex -0.590925 11.9875 58.1981
      vertex -0.871321 12.0921 58.1981
      vertex -0.696805 12.4742 57.9281
    endloop
  endfacet
  facet normal -0.115109 -0.529256 -0.840618
    outer loop
      vertex -0.298501 11.9239 58.1981
      vertex -0.590925 11.9875 58.1981
      vertex -0.472569 12.3906 57.9281
    endloop
  endfacet
  facet normal 0.0600211 -0.839769 -0.539616
    outer loop
      vertex 0.437173 10.9594 59.3226
      vertex 0 11.1981 58.9025
      vertex 0.39875 11.2266 58.9025
    endloop
  endfacet
  facet normal 0.160904 -0.739261 -0.653914
    outer loop
      vertex 0.39875 11.2266 58.9025
      vertex 0.352211 11.5503 58.5251
      vertex 0.697252 11.6254 58.5251
    endloop
  endfacet
  facet normal -0.0601206 -0.839715 -0.539689
    outer loop
      vertex 0 10.9281 59.3226
      vertex -0.437173 10.9594 59.3226
      vertex 0 11.1981 58.9025
    endloop
  endfacet
  facet normal 0.0601206 -0.839715 -0.539689
    outer loop
      vertex 0.437173 10.9594 59.3226
      vertex 0 10.9281 59.3226
      vertex 0 11.1981 58.9025
    endloop
  endfacet
  facet normal 0.0649659 -0.907765 -0.414419
    outer loop
      vertex 0.466696 10.7541 59.7769
      vertex 0 10.7207 59.7769
      vertex 0 10.9281 59.3226
    endloop
  endfacet
  facet normal 0.0649918 -0.907753 -0.414441
    outer loop
      vertex 0.466696 10.7541 59.7769
      vertex 0 10.9281 59.3226
      vertex 0.437173 10.9594 59.3226
    endloop
  endfacet
  facet normal -0.0649918 -0.907753 -0.414441
    outer loop
      vertex 0 10.9281 59.3226
      vertex -0.466696 10.7541 59.7769
      vertex -0.437173 10.9594 59.3226
    endloop
  endfacet
  facet normal -0.0707478 -0.987354 -0.14187
    outer loop
      vertex 0 10.5089 60.7503
      vertex -0.496832 10.5445 60.7503
      vertex -0.486718 10.6148 60.256
    endloop
  endfacet
  facet normal -0.210265 -0.967296 -0.141872
    outer loop
      vertex -0.496832 10.5445 60.7503
      vertex -0.983551 10.6503 60.7503
      vertex -0.486718 10.6148 60.256
    endloop
  endfacet
  facet normal -0.210366 -0.967258 -0.141976
    outer loop
      vertex -0.486718 10.6148 60.256
      vertex -0.983551 10.6503 60.7503
      vertex -0.963529 10.7185 60.256
    endloop
  endfacet
  facet normal -0.59528 -0.595318 -0.539665
    outer loop
      vertex -2.11753 12.1651 58.9025
      vertex -2.01165 11.6784 59.3226
      vertex -2.32157 11.9883 59.3226
    endloop
  endfacet
  facet normal -0.595185 -0.595354 -0.53973
    outer loop
      vertex -2.01165 11.6784 59.3226
      vertex -2.11753 12.1651 58.9025
      vertex -1.83485 11.8825 58.9025
    endloop
  endfacet
  facet normal -0.383077 -0.382918 -0.84061
    outer loop
      vertex -1.37355 12.4148 58.1981
      vertex -1.26767 12.9016 57.9281
      vertex -1.09844 12.7323 57.9281
    endloop
  endfacet
  facet normal -0.382948 -0.382966 -0.840647
    outer loop
      vertex -1.26767 12.9016 57.9281
      vertex -1.37355 12.4148 58.1981
      vertex -1.58516 12.6264 58.1981
    endloop
  endfacet
  facet normal -0.324545 -0.433637 -0.840612
    outer loop
      vertex -1.13398 12.2355 58.1981
      vertex -1.37355 12.4148 58.1981
      vertex -1.09844 12.7323 57.9281
    endloop
  endfacet
  facet normal -0.199396 -0.365153 -0.909343
    outer loop
      vertex -0.906855 12.5889 57.9281
      vertex -0.682202 12.6784 57.8429
      vertex -0.696805 12.4742 57.9281
    endloop
  endfacet
  facet normal -0.199284 -0.365373 -0.909279
    outer loop
      vertex -0.682202 12.6784 57.8429
      vertex -0.906855 12.5889 57.9281
      vertex -0.799923 12.7553 57.8378
    endloop
  endfacet
  facet normal -0.259592 -0.475391 -0.840604
    outer loop
      vertex -0.696805 12.4742 57.9281
      vertex -1.13398 12.2355 58.1981
      vertex -0.906855 12.5889 57.9281
    endloop
  endfacet
  facet normal -0.345887 -0.927487 0.141877
    outer loop
      vertex -1.42072 10.889 61.744
      vertex -1.45025 10.8244 61.2497
      vertex -0.963529 10.7185 61.744
    endloop
  endfacet
  facet normal -0.335329 -0.899176 0.281134
    outer loop
      vertex -1.36228 11.017 62.2231
      vertex -1.42072 10.889 61.744
      vertex -0.963529 10.7185 61.744
    endloop
  endfacet
  facet normal -0.0649918 -0.907753 0.414441
    outer loop
      vertex -0.437173 10.9594 62.6774
      vertex -0.466696 10.7541 62.2231
      vertex 0 10.9281 62.6774
    endloop
  endfacet
  facet normal 0.0649659 -0.907765 0.414419
    outer loop
      vertex 0 10.9281 62.6774
      vertex 0 10.7207 62.2231
      vertex 0.466696 10.7541 62.2231
    endloop
  endfacet
  facet normal 0.203882 -0.937768 0.28111
    outer loop
      vertex 0.923892 10.8535 62.2231
      vertex 0.466696 10.7541 62.2231
      vertex 0.963529 10.7185 61.744
    endloop
  endfacet
  facet normal 0.335354 -0.899174 0.281112
    outer loop
      vertex 1.36228 11.017 62.2231
      vertex 0.923892 10.8535 62.2231
      vertex 0.963529 10.7185 61.744
    endloop
  endfacet
  facet normal -0.436238 -0.798687 -0.414482
    outer loop
      vertex -1.36228 11.017 59.7769
      vertex -1.77294 11.2413 59.7769
      vertex -1.66078 11.4158 59.3226
    endloop
  endfacet
  facet normal -0.403496 -0.738908 -0.539634
    outer loop
      vertex -1.16395 11.4513 58.9025
      vertex -1.66078 11.4158 59.3226
      vertex -1.51482 11.6429 58.9025
    endloop
  endfacet
  facet normal -0.89918 -0.335383 -0.281057
    outer loop
      vertex -3.11095 12.5793 60.256
      vertex -3.28148 13.0365 60.256
      vertex -2.98298 12.6377 59.7769
    endloop
  endfacet
  facet normal -0.92746 -0.345931 -0.141949
    outer loop
      vertex -3.1756 12.5498 60.7503
      vertex -3.28148 13.0365 60.256
      vertex -3.11095 12.5793 60.256
    endloop
  endfacet
  facet normal -0.839731 0.060053 -0.539671
    outer loop
      vertex -2.80189 14 58.9025
      vertex -3.04061 14.4372 59.3226
      vertex -2.77337 14.3988 58.9025
    endloop
  endfacet
  facet normal -0.839727 0.0600601 -0.539676
    outer loop
      vertex -2.80189 14 58.9025
      vertex -3.07188 14 59.3226
      vertex -3.04061 14.4372 59.3226
    endloop
  endfacet
  facet normal -0.792409 -0.593252 -0.14192
    outer loop
      vertex -2.58467 11.7604 60.256
      vertex -2.93688 12.1126 60.7503
      vertex -2.8771 12.151 60.256
    endloop
  endfacet
  facet normal -0.868802 -0.474384 -0.141925
    outer loop
      vertex -2.93688 12.1126 60.7503
      vertex -3.1756 12.5498 60.7503
      vertex -2.8771 12.151 60.256
    endloop
  endfacet
  facet normal -0.842319 0.459903 -0.281048
    outer loop
      vertex -2.98298 15.3623 59.7769
      vertex -3.11095 15.4207 60.256
      vertex -2.8771 15.849 60.256
    endloop
  endfacet
  facet normal -0.89918 0.335383 -0.281057
    outer loop
      vertex -2.98298 15.3623 59.7769
      vertex -3.28148 14.9635 60.256
      vertex -3.11095 15.4207 60.256
    endloop
  endfacet
  facet normal -0.907737 0.0649244 -0.414486
    outer loop
      vertex -3.07188 14 59.3226
      vertex -3.24594 14.4667 59.7769
      vertex -3.04061 14.4372 59.3226
    endloop
  endfacet
  facet normal -0.937756 0.20398 -0.28108
    outer loop
      vertex -3.24594 14.4667 59.7769
      vertex -3.28148 14.9635 60.256
      vertex -3.14649 14.9239 59.7769
    endloop
  endfacet
  facet normal -0.98735 -0.0706178 -0.14196
    outer loop
      vertex -3.3852 13.5133 60.256
      vertex -3.49108 14 60.7503
      vertex -3.42001 14 60.256
    endloop
  endfacet
  facet normal -0.957234 0.0684638 -0.281097
    outer loop
      vertex -3.24594 14.4667 59.7769
      vertex -3.42001 14 60.256
      vertex -3.3852 14.4867 60.256
    endloop
  endfacet
  facet normal -0.433546 0.324696 -0.840601
    outer loop
      vertex -1.41109 14.9069 57.9281
      vertex -1.76451 15.134 58.1981
      vertex -1.26767 15.0984 57.9281
    endloop
  endfacet
  facet normal -0.525024 0.393001 -0.754917
    outer loop
      vertex -1.76451 15.134 58.1981
      vertex -1.87038 15.6207 58.5251
      vertex -1.58516 15.3736 58.1981
    endloop
  endfacet
  facet normal -0.475415 0.259544 -0.840606
    outer loop
      vertex -1.52579 14.6968 57.9281
      vertex -1.76451 15.134 58.1981
      vertex -1.41109 14.9069 57.9281
    endloop
  endfacet
  facet normal -0.540266 0.0386357 -0.840607
    outer loop
      vertex -1.67737 14 57.9281
      vertex -2.07612 14.2985 58.1981
      vertex -1.6603 14.2387 57.9281
    endloop
  endfacet
  facet normal -0.406582 0.0883266 -0.909335
    outer loop
      vertex -1.46799 14.2805 57.8462
      vertex -1.60943 14.4726 57.9281
      vertex -1.42105 14.4173 57.8385
    endloop
  endfacet
  facet normal -0.406492 0.0884064 -0.909367
    outer loop
      vertex -1.60943 14.4726 57.9281
      vertex -1.46799 14.2805 57.8462
      vertex -1.6603 14.2387 57.9281
    endloop
  endfacet
  facet normal -0.788804 0.294269 -0.539624
    outer loop
      vertex -2.6884 14.7894 58.9025
      vertex -2.94744 14.8654 59.3226
      vertex -2.54869 15.1639 58.9025
    endloop
  endfacet
  facet normal -0.739285 0.160822 -0.653907
    outer loop
      vertex -2.37462 14.6973 58.5251
      vertex -2.77337 14.3988 58.9025
      vertex -2.6884 14.7894 58.9025
    endloop
  endfacet
  facet normal -0.475415 -0.259544 -0.840606
    outer loop
      vertex -1.41109 13.0931 57.9281
      vertex -1.76451 12.866 58.1981
      vertex -1.52579 13.3032 57.9281
    endloop
  endfacet
  facet normal -0.333023 -0.24941 -0.909335
    outer loop
      vertex -1.41109 13.0931 57.9281
      vertex -1.16552 13.0886 57.8394
      vertex -1.26767 12.9016 57.9281
    endloop
  endfacet
  facet normal -0.332983 -0.249972 -0.909196
    outer loop
      vertex -1.16552 13.0886 57.8394
      vertex -1.41109 13.0931 57.9281
      vertex -1.24975 13.1968 57.8405
    endloop
  endfacet
  facet normal -0.654122 0.0467856 -0.754941
    outer loop
      vertex -2.09747 14 58.1981
      vertex -2.47487 14 58.5251
      vertex -2.07612 14.2985 58.1981
    endloop
  endfacet
  facet normal -0.754644 0.0539735 -0.653911
    outer loop
      vertex -2.47487 14 58.5251
      vertex -2.77337 14.3988 58.9025
      vertex -2.44968 14.3522 58.5251
    endloop
  endfacet
  facet normal -0.640792 -0.139401 -0.754952
    outer loop
      vertex -2.01251 13.4091 58.1981
      vertex -2.37462 13.3027 58.5251
      vertex -2.07612 13.7015 58.1981
    endloop
  endfacet
  facet normal -0.540266 -0.0386357 -0.840607
    outer loop
      vertex -1.6603 13.7613 57.9281
      vertex -2.07612 13.7015 58.1981
      vertex -1.67737 14 57.9281
    endloop
  endfacet
  facet normal -0.453405 -0.605712 0.653863
    outer loop
      vertex -1.6207 12.1296 63.4749
      vertex -1.83485 11.8825 63.0975
      vertex -1.33802 11.918 63.4749
    endloop
  endfacet
  facet normal -0.362606 -0.664026 0.653901
    outer loop
      vertex -1.33802 11.918 63.4749
      vertex -1.51482 11.6429 63.0975
      vertex -1.16395 11.4513 63.0975
    endloop
  endfacet
  facet normal -0.139463 -0.640754 0.754973
    outer loop
      vertex -0.298501 11.9239 63.8019
      vertex -0.697252 11.6254 63.4749
      vertex -0.352211 11.5503 63.4749
    endloop
  endfacet
  facet normal -0.0649659 -0.907765 0.414419
    outer loop
      vertex 0 10.9281 62.6774
      vertex -0.466696 10.7541 62.2231
      vertex 0 10.7207 62.2231
    endloop
  endfacet
  facet normal 0.0467981 -0.654079 0.754977
    outer loop
      vertex 0.298501 11.9239 63.8019
      vertex 0 11.5251 63.4749
      vertex 0.352211 11.5503 63.4749
    endloop
  endfacet
  facet normal 0.0468948 -0.654119 0.754937
    outer loop
      vertex 0 11.9025 63.8019
      vertex 0 11.5251 63.4749
      vertex 0.298501 11.9239 63.8019
    endloop
  endfacet
  facet normal 0.0601206 -0.839715 0.539689
    outer loop
      vertex 0 11.1981 63.0975
      vertex 0 10.9281 62.6774
      vertex 0.437173 10.9594 62.6774
    endloop
  endfacet
  facet normal 0.264385 -0.708844 0.653942
    outer loop
      vertex 1.0281 11.7488 63.4749
      vertex 0.697252 11.6254 63.4749
      vertex 1.16395 11.4513 63.0975
    endloop
  endfacet
  facet normal 0.179026 -0.822665 0.539603
    outer loop
      vertex 0.789385 11.3116 63.0975
      vertex 0.437173 10.9594 62.6774
      vertex 0.865447 11.0526 62.6774
    endloop
  endfacet
  facet normal 0.160904 -0.739261 0.653914
    outer loop
      vertex 0.697252 11.6254 63.4749
      vertex 0.352211 11.5503 63.4749
      vertex 0.39875 11.2266 63.0975
    endloop
  endfacet
  facet normal 0.324545 -0.433637 0.840612
    outer loop
      vertex 1.37355 12.4148 63.8019
      vertex 1.09844 12.7323 64.0719
      vertex 1.13398 12.2355 63.8019
    endloop
  endfacet
  facet normal 0.226065 -0.169239 0.959298
    outer loop
      vertex 1.02896 13.3387 64.2793
      vertex 0.625875 13.5978 64.42
      vertex 0.924376 13.199 64.2793
    endloop
  endfacet
  facet normal 0.249419 -0.333229 0.909257
    outer loop
      vertex 1.09844 12.7323 64.0719
      vertex 0.661271 12.971 64.2793
      vertex 0.906855 12.5889 64.0719
    endloop
  endfacet
  facet normal -0.0387021 -0.540277 0.840597
    outer loop
      vertex -0.238714 12.3397 64.0719
      vertex -0.298501 11.9239 63.8019
      vertex 0 12.3226 64.0719
    endloop
  endfacet
  facet normal -0.0387321 -0.540261 0.840606
    outer loop
      vertex 0 12.3226 64.0719
      vertex -0.298501 11.9239 63.8019
      vertex 0 11.9025 63.8019
    endloop
  endfacet
  facet normal 0.0200687 -0.281719 0.959287
    outer loop
      vertex 0 13.256 64.42
      vertex 0 12.7769 64.2793
      vertex 0.174068 12.7893 64.2793
    endloop
  endfacet
  facet normal 0.0295764 -0.415186 0.909256
    outer loop
      vertex 0.174068 12.7893 64.2793
      vertex 0 12.7769 64.2793
      vertex 0.238714 12.3397 64.0719
    endloop
  endfacet
  facet normal -0.392982 -0.524991 0.75495
    outer loop
      vertex -1.13398 12.2355 63.8019
      vertex -1.6207 12.1296 63.4749
      vertex -1.33802 11.918 63.4749
    endloop
  endfacet
  facet normal -0.0884862 -0.406717 0.909259
    outer loop
      vertex -0.174068 12.7893 64.2793
      vertex -0.344594 12.8264 64.2793
      vertex -0.238714 12.3397 64.0719
    endloop
  endfacet
  facet normal -0.1152 -0.529275 0.840593
    outer loop
      vertex -0.238714 12.3397 64.0719
      vertex -0.472569 12.3906 64.0719
      vertex -0.298501 11.9239 63.8019
    endloop
  endfacet
  facet normal -0.0885258 -0.406723 0.909252
    outer loop
      vertex -0.344594 12.8264 64.2793
      vertex -0.472569 12.3906 64.0719
      vertex -0.238714 12.3397 64.0719
    endloop
  endfacet
  facet normal 0.145408 -0.39002 0.909253
    outer loop
      vertex 0.696805 12.4742 64.0719
      vertex 0.344594 12.8264 64.2793
      vertex 0.472569 12.3906 64.0719
    endloop
  endfacet
  facet normal 0.0885258 -0.406723 0.909252
    outer loop
      vertex 0.344594 12.8264 64.2793
      vertex 0.238714 12.3397 64.0719
      vertex 0.472569 12.3906 64.0719
    endloop
  endfacet
  facet normal 0.189323 -0.507509 0.84059
    outer loop
      vertex 0.696805 12.4742 64.0719
      vertex 0.590925 11.9875 63.8019
      vertex 0.871321 12.0921 63.8019
    endloop
  endfacet
  facet normal 0.229208 -0.614426 0.754946
    outer loop
      vertex 0.871321 12.0921 63.8019
      vertex 0.590925 11.9875 63.8019
      vertex 1.0281 11.7488 63.4749
    endloop
  endfacet
  facet normal -0.114244 -0.0855785 0.98976
    outer loop
      vertex -0.21005 13.865 64.4911
      vertex -0.625875 13.5978 64.42
      vertex -0.188701 13.8365 64.4911
    endloop
  endfacet
  facet normal -0.275954 -0.0600445 0.959294
    outer loop
      vertex -0.736405 13.8941 64.42
      vertex -1.17358 13.6554 64.2793
      vertex -0.713841 13.7904 64.42
    endloop
  endfacet
  facet normal -0.389963 -0.145467 0.909268
    outer loop
      vertex -1.17358 13.6554 64.2793
      vertex -1.52579 13.3032 64.0719
      vertex -1.11259 13.4919 64.2793
    endloop
  endfacet
  facet normal -0.365322 -0.199425 0.909269
    outer loop
      vertex -1.11259 13.4919 64.2793
      vertex -1.52579 13.3032 64.0719
      vertex -1.02896 13.3387 64.2793
    endloop
  endfacet
  facet normal -0.247873 -0.135311 0.959297
    outer loop
      vertex -0.625875 13.5978 64.42
      vertex -1.11259 13.4919 64.2793
      vertex -1.02896 13.3387 64.2793
    endloop
  endfacet
  facet normal -0.169259 -0.226065 0.959294
    outer loop
      vertex -0.402225 13.3741 64.42
      vertex -0.800976 13.0756 64.2793
      vertex -0.661271 12.971 64.2793
    endloop
  endfacet
  facet normal -0.226099 -0.169213 0.959295
    outer loop
      vertex -0.625875 13.5978 64.42
      vertex -0.924376 13.199 64.2793
      vertex -0.562261 13.5128 64.42
    endloop
  endfacet
  facet normal -0.525024 -0.393001 0.754917
    outer loop
      vertex -1.76451 12.866 63.8019
      vertex -1.87038 12.3793 63.4749
      vertex -1.58516 12.6264 63.8019
    endloop
  endfacet
  facet normal -0.294308 -0.294308 0.909267
    outer loop
      vertex -0.924376 13.199 64.2793
      vertex -1.09844 12.7323 64.0719
      vertex -0.800976 13.0756 64.2793
    endloop
  endfacet
  facet normal -0.294392 -0.29427 0.909252
    outer loop
      vertex -1.09844 12.7323 64.0719
      vertex -0.924376 13.199 64.2793
      vertex -1.26767 12.9016 64.0719
    endloop
  endfacet
  facet normal -0.383077 -0.382918 0.84061
    outer loop
      vertex -1.26767 12.9016 64.0719
      vertex -1.37355 12.4148 63.8019
      vertex -1.09844 12.7323 64.0719
    endloop
  endfacet
  facet normal -0.382948 -0.382966 0.840647
    outer loop
      vertex -1.37355 12.4148 63.8019
      vertex -1.26767 12.9016 64.0719
      vertex -1.58516 12.6264 63.8019
    endloop
  endfacet
  facet normal -0.545411 -0.728563 0.414395
    outer loop
      vertex -2.01165 11.6784 62.6774
      vertex -2.1475 11.5217 62.2231
      vertex -1.77294 11.2413 62.2231
    endloop
  endfacet
  facet normal -0.545299 -0.728595 0.414485
    outer loop
      vertex -1.66078 11.4158 62.6774
      vertex -2.01165 11.6784 62.6774
      vertex -1.77294 11.2413 62.2231
    endloop
  endfacet
  facet normal -0.738896 -0.403434 0.539697
    outer loop
      vertex -2.54869 12.8361 63.0975
      vertex -2.58423 12.3392 62.6774
      vertex -2.3571 12.4852 63.0975
    endloop
  endfacet
  facet normal -0.674015 -0.504448 0.539663
    outer loop
      vertex -2.11753 12.1651 63.0975
      vertex -2.3571 12.4852 63.0975
      vertex -2.32157 11.9883 62.6774
    endloop
  endfacet
  facet normal 0.504531 -0.673894 0.539736
    outer loop
      vertex 1.83485 11.8825 63.0975
      vertex 1.51482 11.6429 63.0975
      vertex 2.01165 11.6784 62.6774
    endloop
  endfacet
  facet normal 0.160856 -0.739249 0.653939
    outer loop
      vertex 0.697252 11.6254 63.4749
      vertex 0.39875 11.2266 63.0975
      vertex 0.789385 11.3116 63.0975
    endloop
  endfacet
  facet normal 0.318012 -0.852678 0.414498
    outer loop
      vertex 1.2761 11.2057 62.6774
      vertex 0.923892 10.8535 62.2231
      vertex 1.36228 11.017 62.2231
    endloop
  endfacet
  facet normal 0.575106 -0.76823 -0.281203
    outer loop
      vertex 2.23963 11.4153 60.256
      vertex 1.77294 11.2413 59.7769
      vertex 2.1475 11.5217 59.7769
    endloop
  endfacet
  facet normal 0.460014 -0.842218 -0.281167
    outer loop
      vertex 1.849 11.1229 60.256
      vertex 1.36228 11.017 59.7769
      vertex 1.77294 11.2413 59.7769
    endloop
  endfacet
  facet normal 0.792462 -0.593154 -0.142027
    outer loop
      vertex 2.63838 11.7138 60.7503
      vertex 2.58467 11.7604 60.256
      vertex 2.93688 12.1126 60.7503
    endloop
  endfacet
  facet normal 0.699998 -0.699876 -0.142042
    outer loop
      vertex 2.63838 11.7138 60.7503
      vertex 2.23963 11.4153 60.256
      vertex 2.58467 11.7604 60.256
    endloop
  endfacet
  facet normal 0.699937 -0.699957 -0.141944
    outer loop
      vertex 2.23963 11.4153 60.256
      vertex 2.63838 11.7138 60.7503
      vertex 2.28617 11.3616 60.7503
    endloop
  endfacet
  facet normal 0.593209 -0.792436 -0.141942
    outer loop
      vertex 2.28617 11.3616 60.7503
      vertex 1.88742 11.0631 60.7503
      vertex 2.23963 11.4153 60.256
    endloop
  endfacet
  facet normal 0.593209 -0.792436 0.141942
    outer loop
      vertex 2.23963 11.4153 61.744
      vertex 1.88742 11.0631 61.2497
      vertex 2.28617 11.3616 61.2497
    endloop
  endfacet
  facet normal 0.593179 -0.792453 0.141976
    outer loop
      vertex 2.23963 11.4153 61.744
      vertex 1.849 11.1229 61.744
      vertex 1.88742 11.0631 61.2497
    endloop
  endfacet
  facet normal 0.839731 -0.060053 -0.539671
    outer loop
      vertex 3.04061 13.5628 59.3226
      vertex 2.77337 13.6012 58.9025
      vertex 2.80189 14 58.9025
    endloop
  endfacet
  facet normal 0.754647 -0.0539682 -0.653908
    outer loop
      vertex 2.77337 13.6012 58.9025
      vertex 2.47487 14 58.5251
      vertex 2.80189 14 58.9025
    endloop
  endfacet
  facet normal 0.93775 -0.203992 -0.281091
    outer loop
      vertex 3.28148 13.0365 60.256
      vertex 3.24594 13.5333 59.7769
      vertex 3.3852 13.5133 60.256
    endloop
  endfacet
  facet normal 0.957234 -0.0684638 -0.281097
    outer loop
      vertex 3.3852 13.5133 60.256
      vertex 3.24594 13.5333 59.7769
      vertex 3.42001 14 60.256
    endloop
  endfacet
  facet normal 0.92746 -0.345931 -0.141949
    outer loop
      vertex 3.1756 12.5498 60.7503
      vertex 3.11095 12.5793 60.256
      vertex 3.28148 13.0365 60.256
    endloop
  endfacet
  facet normal 0.868809 -0.474366 -0.141943
    outer loop
      vertex 3.1756 12.5498 60.7503
      vertex 2.8771 12.151 60.256
      vertex 3.11095 12.5793 60.256
    endloop
  endfacet
  facet normal 0.957234 0.0684647 -0.281096
    outer loop
      vertex 3.27932 14 59.7769
      vertex 3.24594 14.4667 59.7769
      vertex 3.42001 14 60.256
    endloop
  endfacet
  facet normal 0.907737 0.0649245 -0.414486
    outer loop
      vertex 3.27932 14 59.7769
      vertex 3.07188 14 59.3226
      vertex 3.24594 14.4667 59.7769
    endloop
  endfacet
  facet normal 0.977154 -0.212533 0
    outer loop
      vertex 3.34967 13.0164 61.2497
      vertex 3.45555 13.5032 60.7503
      vertex 3.45555 13.5032 61.2497
    endloop
  endfacet
  facet normal 0.977154 -0.212533 0
    outer loop
      vertex 3.45555 13.5032 60.7503
      vertex 3.34967 13.0164 61.2497
      vertex 3.34967 13.0164 60.7503
    endloop
  endfacet
  facet normal 0.768305 0.57508 -0.28105
    outer loop
      vertex 2.75874 15.7729 59.7769
      vertex 2.47835 16.1475 59.7769
      vertex 2.58467 16.2396 60.256
    endloop
  endfacet
  facet normal 0.72858 0.545346 -0.41445
    outer loop
      vertex 2.75874 15.7729 59.7769
      vertex 2.32157 16.0117 59.3226
      vertex 2.47835 16.1475 59.7769
    endloop
  endfacet
  facet normal 0.708861 0.264446 -0.6539
    outer loop
      vertex 2.6884 14.7894 58.9025
      vertex 2.37462 14.6973 58.5251
      vertex 2.54869 15.1639 58.9025
    endloop
  endfacet
  facet normal 0.673958 0.504479 -0.539705
    outer loop
      vertex 2.3571 15.5148 58.9025
      vertex 2.32157 16.0117 59.3226
      vertex 2.58423 15.6608 59.3226
    endloop
  endfacet
  facet normal 0.967258 0.21038 0.141961
    outer loop
      vertex 3.45555 14.4968 61.2497
      vertex 3.34967 14.9836 61.2497
      vertex 3.3852 14.4867 61.744
    endloop
  endfacet
  facet normal 0.640792 -0.139401 0.754952
    outer loop
      vertex 2.07612 13.7015 63.8019
      vertex 2.01251 13.4091 63.8019
      vertex 2.37462 13.3027 63.4749
    endloop
  endfacet
  facet normal 0.529277 -0.115141 0.8406
    outer loop
      vertex 2.07612 13.7015 63.8019
      vertex 1.60943 13.5274 64.0719
      vertex 2.01251 13.4091 63.8019
    endloop
  endfacet
  facet normal 0.433578 -0.32455 0.840641
    outer loop
      vertex 1.76451 12.866 63.8019
      vertex 1.26767 12.9016 64.0719
      vertex 1.58516 12.6264 63.8019
    endloop
  endfacet
  facet normal 0.525024 -0.393001 0.754917
    outer loop
      vertex 1.76451 12.866 63.8019
      vertex 1.58516 12.6264 63.8019
      vertex 1.87038 12.3793 63.4749
    endloop
  endfacet
  facet normal 0.575589 -0.314299 0.754926
    outer loop
      vertex 2.25122 12.9719 63.4749
      vertex 1.76451 12.866 63.8019
      vertex 2.082 12.662 63.4749
    endloop
  endfacet
  facet normal 0.664047 -0.362601 0.653882
    outer loop
      vertex 2.25122 12.9719 63.4749
      vertex 2.082 12.662 63.4749
      vertex 2.54869 12.8361 63.0975
    endloop
  endfacet
  facet normal -0.0102181 -0.142353 0.989763
    outer loop
      vertex -0.0355339 13.7529 64.4911
      vertex -0.105879 13.2636 64.42
      vertex 0 13.256 64.42
    endloop
  endfacet
  facet normal -0.0986928 -0.264574 0.959302
    outer loop
      vertex -0.309059 13.3233 64.42
      vertex -0.344594 12.8264 64.2793
      vertex -0.209602 13.2862 64.42
    endloop
  endfacet
  facet normal 0.114274 -0.0855228 0.989761
    outer loop
      vertex 0.625875 13.5978 64.42
      vertex 0.188701 13.8365 64.4911
      vertex 0.562261 13.5128 64.42
    endloop
  endfacet
  facet normal 0.0684756 -0.125206 0.989765
    outer loop
      vertex 0.134991 13.79 64.4911
      vertex 0.103724 13.7729 64.4911
      vertex 0.402225 13.3741 64.42
    endloop
  endfacet
  facet normal 0.247846 -0.135426 0.959287
    outer loop
      vertex 0.676746 13.6909 64.42
      vertex 0.625875 13.5978 64.42
      vertex 1.11259 13.4919 64.2793
    endloop
  endfacet
  facet normal 0.264612 -0.0987074 0.95929
    outer loop
      vertex 1.17358 13.6554 64.2793
      vertex 0.676746 13.6909 64.42
      vertex 1.11259 13.4919 64.2793
    endloop
  endfacet
  facet normal -0.0500678 -0.133698 0.989757
    outer loop
      vertex -0.103724 13.7729 64.4911
      vertex -0.209602 13.2862 64.42
      vertex -0.0703449 13.7604 64.4911
    endloop
  endfacet
  facet normal 0.275954 0.0600445 0.959294
    outer loop
      vertex 1.17358 14.3446 64.2793
      vertex 0.713841 14.2096 64.42
      vertex 0.736405 14.1059 64.42
    endloop
  endfacet
  facet normal 0.27596 -0.0600315 0.959293
    outer loop
      vertex 1.21067 13.8259 64.2793
      vertex 0.736405 13.8941 64.42
      vertex 1.17358 13.6554 64.2793
    endloop
  endfacet
  facet normal 0.139466 0.0303499 0.989762
    outer loop
      vertex 0.713841 14.2096 64.42
      vertex 0.239573 14.0703 64.4911
      vertex 0.247146 14.0355 64.4911
    endloop
  endfacet
  facet normal 0.142369 -0.0101823 0.989761
    outer loop
      vertex 0.743979 14 64.42
      vertex 0.247146 13.9645 64.4911
      vertex 0.736405 13.8941 64.42
    endloop
  endfacet
  facet normal 0.1353 0.247888 0.959294
    outer loop
      vertex 0.508104 15.1126 64.2793
      vertex 0.402225 14.6259 64.42
      vertex 0.661271 15.029 64.2793
    endloop
  endfacet
  facet normal 0.125249 0.0684378 0.989762
    outer loop
      vertex 0.625875 14.4022 64.42
      vertex 0.227123 14.1037 64.4911
      vertex 0.676746 14.3091 64.42
    endloop
  endfacet
  facet normal 0.0500678 0.133698 0.989757
    outer loop
      vertex 0.209602 14.7138 64.42
      vertex 0.0703449 14.2396 64.4911
      vertex 0.103724 14.2271 64.4911
    endloop
  endfacet
  facet normal -0.768305 0.57508 -0.28105
    outer loop
      vertex -2.47835 16.1475 59.7769
      vertex -2.75874 15.7729 59.7769
      vertex -2.58467 16.2396 60.256
    endloop
  endfacet
  facet normal -0.72858 0.545346 -0.41445
    outer loop
      vertex -2.32157 16.0117 59.3226
      vertex -2.75874 15.7729 59.7769
      vertex -2.47835 16.1475 59.7769
    endloop
  endfacet
  facet normal -0.674015 0.504448 -0.539663
    outer loop
      vertex -2.11753 15.8349 58.9025
      vertex -2.3571 15.5148 58.9025
      vertex -2.32157 16.0117 59.3226
    endloop
  endfacet
  facet normal -0.673958 0.504479 -0.539705
    outer loop
      vertex -2.3571 15.5148 58.9025
      vertex -2.58423 15.6608 59.3226
      vertex -2.32157 16.0117 59.3226
    endloop
  endfacet
  facet normal -0.210265 0.967296 0.141872
    outer loop
      vertex -0.496832 17.4555 61.2497
      vertex -0.983551 17.3497 61.2497
      vertex -0.486718 17.3852 61.744
    endloop
  endfacet
  facet normal -0.0707478 0.987354 0.14187
    outer loop
      vertex 0 17.4911 61.2497
      vertex -0.496832 17.4555 61.2497
      vertex -0.486718 17.3852 61.744
    endloop
  endfacet
  facet normal 0.193505 0.889197 0.41459
    outer loop
      vertex 0.923892 17.1465 62.2231
      vertex 0.437173 17.0406 62.6774
      vertex 0.865447 16.9474 62.6774
    endloop
  endfacet
  facet normal 0.179026 0.822665 0.539603
    outer loop
      vertex 0.865447 16.9474 62.6774
      vertex 0.437173 17.0406 62.6774
      vertex 0.789385 16.6884 63.0975
    endloop
  endfacet
  facet normal 0.433578 0.32455 -0.840641
    outer loop
      vertex 1.76451 15.134 58.1981
      vertex 1.26767 15.0984 57.9281
      vertex 1.58516 15.3736 58.1981
    endloop
  endfacet
  facet normal 0.64081 0.139378 -0.754941
    outer loop
      vertex 2.44968 14.3522 58.5251
      vertex 2.07612 14.2985 58.1981
      vertex 2.37462 14.6973 58.5251
    endloop
  endfacet
  facet normal 0.654121 0.046784 -0.754941
    outer loop
      vertex 2.47487 14 58.5251
      vertex 2.07612 14.2985 58.1981
      vertex 2.44968 14.3522 58.5251
    endloop
  endfacet
  facet normal 0.475409 0.259548 -0.840607
    outer loop
      vertex 1.90793 14.8713 58.1981
      vertex 1.52579 14.6968 57.9281
      vertex 1.76451 15.134 58.1981
    endloop
  endfacet
  facet normal 0.507496 0.18928 -0.840607
    outer loop
      vertex 2.01251 14.5909 58.1981
      vertex 1.52579 14.6968 57.9281
      vertex 1.90793 14.8713 58.1981
    endloop
  endfacet
  facet normal 0.406803 -0.0889051 -0.909179
    outer loop
      vertex 1.6603 13.7613 57.9281
      vertex 1.45263 13.7161 57.8396
      vertex 1.46485 13.7894 57.8379
    endloop
  endfacet
  facet normal 0.41522 0.0299027 -0.909229
    outer loop
      vertex 1.47688 14.1386 57.8411
      vertex 1.67737 14 57.9281
      vertex 1.5 14 57.8471
    endloop
  endfacet
  facet normal 0.415097 0.0296846 -0.909293
    outer loop
      vertex 1.67737 14 57.9281
      vertex 1.47688 14.1386 57.8411
      vertex 1.6603 14.2387 57.9281
    endloop
  endfacet
  facet normal 0.415097 -0.0296846 -0.909293
    outer loop
      vertex 1.47688 13.8614 57.8411
      vertex 1.67737 14 57.9281
      vertex 1.6603 13.7613 57.9281
    endloop
  endfacet
  facet normal 0.41522 -0.0299027 -0.909229
    outer loop
      vertex 1.67737 14 57.9281
      vertex 1.47688 13.8614 57.8411
      vertex 1.5 14 57.8471
    endloop
  endfacet
  facet normal -0.333575 -0.249058 -0.909229
    outer loop
      vertex -1.11971 13.0298 57.8387
      vertex -1.26767 12.9016 57.9281
      vertex -1.16552 13.0886 57.8394
    endloop
  endfacet
  facet normal -0.189207 -0.507501 -0.840621
    outer loop
      vertex -0.590925 11.9875 58.1981
      vertex -0.696805 12.4742 57.9281
      vertex -0.472569 12.3906 57.9281
    endloop
  endfacet
  facet normal 0.179006 0.822661 -0.539617
    outer loop
      vertex 0.789385 16.6884 58.9025
      vertex 0.39875 16.7734 58.9025
      vertex 0.437173 17.0406 59.3226
    endloop
  endfacet
  facet normal 0.0600211 0.839769 -0.539616
    outer loop
      vertex 0.39875 16.7734 58.9025
      vertex 0 16.8019 58.9025
      vertex 0.437173 17.0406 59.3226
    endloop
  endfacet
  facet normal -0.160856 0.739249 0.653939
    outer loop
      vertex -0.39875 16.7734 63.0975
      vertex -0.789385 16.6884 63.0975
      vertex -0.697252 16.3746 63.4749
    endloop
  endfacet
  facet normal -0.264378 0.708852 0.653937
    outer loop
      vertex -0.789385 16.6884 63.0975
      vertex -1.16395 16.5487 63.0975
      vertex -0.697252 16.3746 63.4749
    endloop
  endfacet
  facet normal -0.0600346 0.275942 0.959297
    outer loop
      vertex -0.174068 15.2107 64.2793
      vertex -0.344594 15.1736 64.2793
      vertex -0.105879 14.7364 64.42
    endloop
  endfacet
  facet normal -0.0601154 0.2759 0.959304
    outer loop
      vertex -0.105879 14.7364 64.42
      vertex -0.344594 15.1736 64.2793
      vertex -0.209602 14.7138 64.42
    endloop
  endfacet
  facet normal 0.0303853 0.139454 0.989762
    outer loop
      vertex 0.105879 14.7364 64.42
      vertex 0.0355339 14.2471 64.4911
      vertex 0.209602 14.7138 64.42
    endloop
  endfacet
  facet normal 0.0104169 0.142367 0.989759
    outer loop
      vertex 0 14.744 64.42
      vertex 0 14.2497 64.4911
      vertex 0.0355339 14.2471 64.4911
    endloop
  endfacet
  facet normal 0.0600346 0.275942 0.959297
    outer loop
      vertex 0.174068 15.2107 64.2793
      vertex 0.105879 14.7364 64.42
      vertex 0.344594 15.1736 64.2793
    endloop
  endfacet
  facet normal 0.0884862 0.406717 0.909259
    outer loop
      vertex 0.238714 15.6603 64.0719
      vertex 0.174068 15.2107 64.2793
      vertex 0.344594 15.1736 64.2793
    endloop
  endfacet
  facet normal -0.318012 0.852678 0.414498
    outer loop
      vertex -0.923892 17.1465 62.2231
      vertex -1.36228 16.983 62.2231
      vertex -1.2761 16.7943 62.6774
    endloop
  endfacet
  facet normal -0.436219 0.79869 0.414497
    outer loop
      vertex -1.36228 16.983 62.2231
      vertex -1.66078 16.5842 62.6774
      vertex -1.2761 16.7943 62.6774
    endloop
  endfacet
  facet normal -0.504459 0.674027 0.539639
    outer loop
      vertex -1.66078 16.5842 62.6774
      vertex -2.01165 16.3216 62.6774
      vertex -1.51482 16.3571 63.0975
    endloop
  endfacet
  facet normal -0.29421 0.78884 0.539604
    outer loop
      vertex -0.865447 16.9474 62.6774
      vertex -1.16395 16.5487 63.0975
      vertex -0.789385 16.6884 63.0975
    endloop
  endfacet
  facet normal -0.294093 0.788831 0.53968
    outer loop
      vertex -0.865447 16.9474 62.6774
      vertex -1.2761 16.7943 62.6774
      vertex -1.16395 16.5487 63.0975
    endloop
  endfacet
  facet normal -0.383077 0.382918 0.84061
    outer loop
      vertex -1.37355 15.5852 63.8019
      vertex -1.26767 15.0984 64.0719
      vertex -1.09844 15.2677 64.0719
    endloop
  endfacet
  facet normal -0.382948 0.382966 0.840647
    outer loop
      vertex -1.26767 15.0984 64.0719
      vertex -1.37355 15.5852 63.8019
      vertex -1.58516 15.3736 63.8019
    endloop
  endfacet
  facet normal -0.525024 0.393001 0.754917
    outer loop
      vertex -1.58516 15.3736 63.8019
      vertex -1.87038 15.6207 63.4749
      vertex -1.76451 15.134 63.8019
    endloop
  endfacet
  facet normal -0.189207 0.507501 0.840621
    outer loop
      vertex -0.590925 16.0125 63.8019
      vertex -0.696805 15.5258 64.0719
      vertex -0.472569 15.6094 64.0719
    endloop
  endfacet
  facet normal -0.362525 0.664029 0.653942
    outer loop
      vertex -1.16395 16.5487 63.0975
      vertex -1.33802 16.082 63.4749
      vertex -1.0281 16.2512 63.4749
    endloop
  endfacet
  facet normal 0.614445 0.229168 0.754943
    outer loop
      vertex 2.25122 15.0281 63.4749
      vertex 1.90793 14.8713 63.8019
      vertex 2.01251 14.5909 63.8019
    endloop
  endfacet
  facet normal 0.575592 0.314242 0.754948
    outer loop
      vertex 2.25122 15.0281 63.4749
      vertex 1.76451 15.134 63.8019
      vertex 1.90793 14.8713 63.8019
    endloop
  endfacet
  facet normal 0.792462 0.593154 -0.142027
    outer loop
      vertex 2.93688 15.8874 60.7503
      vertex 2.58467 16.2396 60.256
      vertex 2.63838 16.2862 60.7503
    endloop
  endfacet
  facet normal 0.593179 0.792453 -0.141976
    outer loop
      vertex 2.23963 16.5847 60.256
      vertex 1.849 16.8771 60.256
      vertex 1.88742 16.9369 60.7503
    endloop
  endfacet
  facet normal 0.593209 0.792436 -0.141942
    outer loop
      vertex 2.23963 16.5847 60.256
      vertex 1.88742 16.9369 60.7503
      vertex 2.28617 16.6384 60.7503
    endloop
  endfacet
  facet normal 0.708873 0.264434 -0.653891
    outer loop
      vertex 2.37462 14.6973 58.5251
      vertex 2.25122 15.0281 58.5251
      vertex 2.54869 15.1639 58.9025
    endloop
  endfacet
  facet normal 0.664047 0.362601 -0.653882
    outer loop
      vertex 2.25122 15.0281 58.5251
      vertex 2.082 15.338 58.5251
      vertex 2.54869 15.1639 58.9025
    endloop
  endfacet
  facet normal -0.52927 0.115109 0.840609
    outer loop
      vertex -1.60943 14.4726 64.0719
      vertex -2.07612 14.2985 63.8019
      vertex -1.6603 14.2387 64.0719
    endloop
  endfacet
  facet normal -0.406701 0.0884518 0.909269
    outer loop
      vertex -1.60943 14.4726 64.0719
      vertex -1.6603 14.2387 64.0719
      vertex -1.17358 14.3446 64.2793
    endloop
  endfacet
  facet normal -0.654121 0.046784 0.754941
    outer loop
      vertex -2.44968 14.3522 63.4749
      vertex -2.47487 14 63.4749
      vertex -2.07612 14.2985 63.8019
    endloop
  endfacet
  facet normal -0.654122 0.0467856 0.754941
    outer loop
      vertex -2.07612 14.2985 63.8019
      vertex -2.47487 14 63.4749
      vertex -2.09747 14 63.8019
    endloop
  endfacet
  facet normal -0.708873 0.264434 0.653891
    outer loop
      vertex -2.25122 15.0281 63.4749
      vertex -2.54869 15.1639 63.0975
      vertex -2.37462 14.6973 63.4749
    endloop
  endfacet
  facet normal -0.708861 0.264446 0.6539
    outer loop
      vertex -2.54869 15.1639 63.0975
      vertex -2.6884 14.7894 63.0975
      vertex -2.37462 14.6973 63.4749
    endloop
  endfacet
  facet normal -0.415151 -0.0296884 0.909268
    outer loop
      vertex -1.22312 14 64.2793
      vertex -1.67737 14 64.0719
      vertex -1.6603 13.7613 64.0719
    endloop
  endfacet
  facet normal -0.540266 -0.0386357 0.840607
    outer loop
      vertex -1.67737 14 64.0719
      vertex -2.07612 13.7015 63.8019
      vertex -1.6603 13.7613 64.0719
    endloop
  endfacet
  facet normal -0.0387021 0.540277 0.840597
    outer loop
      vertex 0 15.6774 64.0719
      vertex -0.298501 16.0761 63.8019
      vertex -0.238714 15.6603 64.0719
    endloop
  endfacet
  facet normal -0.145408 0.39002 0.909253
    outer loop
      vertex -0.472569 15.6094 64.0719
      vertex -0.696805 15.5258 64.0719
      vertex -0.344594 15.1736 64.2793
    endloop
  endfacet
  facet normal -0.0683296 0.125315 0.989761
    outer loop
      vertex -0.309059 14.6767 64.42
      vertex -0.402225 14.6259 64.42
      vertex -0.103724 14.2271 64.4911
    endloop
  endfacet
  facet normal -0.0684756 0.125206 0.989765
    outer loop
      vertex -0.103724 14.2271 64.4911
      vertex -0.402225 14.6259 64.42
      vertex -0.134991 14.21 64.4911
    endloop
  endfacet
  facet normal -0.169227 0.226107 0.95929
    outer loop
      vertex -0.402225 14.6259 64.42
      vertex -0.800976 14.9244 64.2793
      vertex -0.487202 14.5623 64.42
    endloop
  endfacet
  facet normal -0.247846 0.135426 0.959287
    outer loop
      vertex -0.625875 14.4022 64.42
      vertex -1.11259 14.5081 64.2793
      vertex -0.676746 14.3091 64.42
    endloop
  endfacet
  facet normal -0.264612 0.0987074 0.95929
    outer loop
      vertex -1.11259 14.5081 64.2793
      vertex -1.17358 14.3446 64.2793
      vertex -0.676746 14.3091 64.42
    endloop
  endfacet
  facet normal -0.125312 0.0683532 0.98976
    outer loop
      vertex -0.21005 14.135 64.4911
      vertex -0.625875 14.4022 64.42
      vertex -0.227123 14.1037 64.4911
    endloop
  endfacet
  facet normal -0.593179 0.792453 -0.141976
    outer loop
      vertex -1.849 16.8771 60.256
      vertex -2.23963 16.5847 60.256
      vertex -1.88742 16.9369 60.7503
    endloop
  endfacet
  facet normal -0.474374 0.868799 -0.141978
    outer loop
      vertex -1.849 16.8771 60.256
      vertex -1.88742 16.9369 60.7503
      vertex -1.45025 17.1756 60.7503
    endloop
  endfacet
  facet normal -0.593209 0.792436 0.141942
    outer loop
      vertex -1.88742 16.9369 61.2497
      vertex -2.28617 16.6384 61.2497
      vertex -2.23963 16.5847 61.744
    endloop
  endfacet
  facet normal -0.593179 0.792453 0.141976
    outer loop
      vertex -1.88742 16.9369 61.2497
      vertex -2.23963 16.5847 61.744
      vertex -1.849 16.8771 61.744
    endloop
  endfacet
  facet normal 0.0297255 -0.415078 -0.9093
    outer loop
      vertex 0.238714 12.3397 57.9281
      vertex 0.136602 12.5267 57.8394
      vertex 0.210941 12.5329 57.839
    endloop
  endfacet
  facet normal 0.0297334 -0.415074 -0.909301
    outer loop
      vertex 0 12.3226 57.9281
      vertex 0.136602 12.5267 57.8394
      vertex 0.238714 12.3397 57.9281
    endloop
  endfacet
  facet normal 0.0296734 -0.415042 -0.909318
    outer loop
      vertex 0.136602 12.5267 57.8394
      vertex 0 12.3226 57.9281
      vertex 0 12.5154 57.8401
    endloop
  endfacet
  facet normal -0.145673 -0.389785 -0.909311
    outer loop
      vertex -0.602543 12.6263 57.8478
      vertex -0.696805 12.4742 57.9281
      vertex -0.621633 12.6388 57.8455
    endloop
  endfacet
  facet normal -0.145981 -0.389608 -0.909338
    outer loop
      vertex -0.696805 12.4742 57.9281
      vertex -0.602543 12.6263 57.8478
      vertex -0.556367 12.6146 57.8454
    endloop
  endfacet
  facet normal 0.33329 -0.249611 -0.909182
    outer loop
      vertex 1.18371 13.0787 57.8487
      vertex 1.41109 13.0931 57.9281
      vertex 1.26767 12.9016 57.9281
    endloop
  endfacet
  facet normal 0.333303 -0.249161 -0.909301
    outer loop
      vertex 1.41109 13.0931 57.9281
      vertex 1.18371 13.0787 57.8487
      vertex 1.24819 13.1978 57.8397
    endloop
  endfacet
  facet normal 0.328373 -0.252398 -0.910201
    outer loop
      vertex 1.18371 13.0787 57.8487
      vertex 1.26767 12.9016 57.9281
      vertex 1.17522 13.0709 57.8478
    endloop
  endfacet
  facet normal 0.433546 -0.324696 -0.840601
    outer loop
      vertex 1.76451 12.866 58.1981
      vertex 1.26767 12.9016 57.9281
      vertex 1.41109 13.0931 57.9281
    endloop
  endfacet
  facet normal 0.507496 -0.18928 -0.840607
    outer loop
      vertex 1.90793 13.1287 58.1981
      vertex 1.52579 13.3032 57.9281
      vertex 2.01251 13.4091 58.1981
    endloop
  endfacet
  facet normal 0.475409 -0.259548 -0.840607
    outer loop
      vertex 1.76451 12.866 58.1981
      vertex 1.52579 13.3032 57.9281
      vertex 1.90793 13.1287 58.1981
    endloop
  endfacet
  facet normal 0.333476 -0.249155 -0.909239
    outer loop
      vertex 1.26767 12.9016 57.9281
      vertex 1.12531 13.0249 57.8421
      vertex 1.17522 13.0709 57.8478
    endloop
  endfacet
  facet normal 0.53488 -0.535031 -0.653946
    outer loop
      vertex 1.83485 11.8825 58.9025
      vertex 1.87038 12.3793 58.5251
      vertex 2.11753 12.1651 58.9025
    endloop
  endfacet
  facet normal 0.535025 -0.534982 -0.653868
    outer loop
      vertex 1.87038 12.3793 58.5251
      vertex 1.83485 11.8825 58.9025
      vertex 1.6207 12.1296 58.5251
    endloop
  endfacet
  facet normal 0.453405 -0.605712 -0.653863
    outer loop
      vertex 1.83485 11.8825 58.9025
      vertex 1.33802 11.918 58.5251
      vertex 1.6207 12.1296 58.5251
    endloop
  endfacet
  facet normal 0.433578 -0.32455 -0.840641
    outer loop
      vertex 1.58516 12.6264 58.1981
      vertex 1.26767 12.9016 57.9281
      vertex 1.76451 12.866 58.1981
    endloop
  endfacet
  facet normal 0.317896 -0.852677 -0.414588
    outer loop
      vertex 0.923892 10.8535 59.7769
      vertex 0.865447 11.0526 59.3226
      vertex 1.2761 11.2057 59.3226
    endloop
  endfacet
  facet normal 0.294093 -0.788831 -0.53968
    outer loop
      vertex 1.2761 11.2057 59.3226
      vertex 0.865447 11.0526 59.3226
      vertex 1.16395 11.4513 58.9025
    endloop
  endfacet
  facet normal -0.179006 -0.822661 -0.539617
    outer loop
      vertex -0.437173 10.9594 59.3226
      vertex -0.789385 11.3116 58.9025
      vertex -0.39875 11.2266 58.9025
    endloop
  endfacet
  facet normal -0.160856 -0.739249 -0.653939
    outer loop
      vertex -0.39875 11.2266 58.9025
      vertex -0.789385 11.3116 58.9025
      vertex -0.697252 11.6254 58.5251
    endloop
  endfacet
  facet normal 0.0387321 -0.540261 -0.840606
    outer loop
      vertex 0.298501 11.9239 58.1981
      vertex 0 11.9025 58.1981
      vertex 0 12.3226 57.9281
    endloop
  endfacet
  facet normal -0.160904 -0.739261 -0.653914
    outer loop
      vertex -0.39875 11.2266 58.9025
      vertex -0.697252 11.6254 58.5251
      vertex -0.352211 11.5503 58.5251
    endloop
  endfacet
  facet normal -0.229208 -0.614426 -0.754946
    outer loop
      vertex -0.590925 11.9875 58.1981
      vertex -1.0281 11.7488 58.5251
      vertex -0.871321 12.0921 58.1981
    endloop
  endfacet
  facet normal -0.314247 -0.575591 -0.754947
    outer loop
      vertex -1.0281 11.7488 58.5251
      vertex -1.13398 12.2355 58.1981
      vertex -0.871321 12.0921 58.1981
    endloop
  endfacet
  facet normal -0.0885276 -0.406731 -0.909248
    outer loop
      vertex -0.472569 12.3906 57.9281
      vertex -0.283493 12.5455 57.8404
      vertex -0.238714 12.3397 57.9281
    endloop
  endfacet
  facet normal -0.0888135 -0.40644 -0.909351
    outer loop
      vertex -0.283493 12.5455 57.8404
      vertex -0.472569 12.3906 57.9281
      vertex -0.417129 12.5794 57.8383
    endloop
  endfacet
  facet normal -0.139463 -0.640754 -0.754973
    outer loop
      vertex -0.352211 11.5503 58.5251
      vertex -0.697252 11.6254 58.5251
      vertex -0.298501 11.9239 58.1981
    endloop
  endfacet
  facet normal 0.139463 -0.640754 -0.754973
    outer loop
      vertex 0.352211 11.5503 58.5251
      vertex 0.298501 11.9239 58.1981
      vertex 0.697252 11.6254 58.5251
    endloop
  endfacet
  facet normal 0.0539927 -0.754636 -0.653918
    outer loop
      vertex 0.39875 11.2266 58.9025
      vertex 0 11.5251 58.5251
      vertex 0.352211 11.5503 58.5251
    endloop
  endfacet
  facet normal -0.0684401 -0.957213 -0.281173
    outer loop
      vertex 0 10.58 60.256
      vertex -0.486718 10.6148 60.256
      vertex -0.466696 10.7541 59.7769
    endloop
  endfacet
  facet normal 0.203945 -0.937736 -0.281173
    outer loop
      vertex 0.486718 10.6148 60.256
      vertex 0.466696 10.7541 59.7769
      vertex 0.963529 10.7185 60.256
    endloop
  endfacet
  facet normal -0.0685057 -0.957226 -0.281114
    outer loop
      vertex 0 10.58 60.256
      vertex -0.466696 10.7541 59.7769
      vertex 0 10.7207 59.7769
    endloop
  endfacet
  facet normal -0.203945 -0.937736 -0.281173
    outer loop
      vertex -0.486718 10.6148 60.256
      vertex -0.963529 10.7185 60.256
      vertex -0.466696 10.7541 59.7769
    endloop
  endfacet
  facet normal -0.317896 -0.852677 -0.414588
    outer loop
      vertex -0.923892 10.8535 59.7769
      vertex -1.2761 11.2057 59.3226
      vertex -0.865447 11.0526 59.3226
    endloop
  endfacet
  facet normal -0.294093 -0.788831 -0.53968
    outer loop
      vertex -0.865447 11.0526 59.3226
      vertex -1.2761 11.2057 59.3226
      vertex -1.16395 11.4513 58.9025
    endloop
  endfacet
  facet normal -0.248937 -0.333636 -0.90924
    outer loop
      vertex -0.916681 12.8316 57.8419
      vertex -1.09844 12.7323 57.9281
      vertex -0.977827 12.8715 57.844
    endloop
  endfacet
  facet normal -0.545299 -0.728595 -0.414485
    outer loop
      vertex -1.77294 11.2413 59.7769
      vertex -2.01165 11.6784 59.3226
      vertex -1.66078 11.4158 59.3226
    endloop
  endfacet
  facet normal -0.545411 -0.728563 -0.414395
    outer loop
      vertex -1.77294 11.2413 59.7769
      vertex -2.1475 11.5217 59.7769
      vertex -2.01165 11.6784 59.3226
    endloop
  endfacet
  facet normal -0.907737 -0.0649244 -0.414486
    outer loop
      vertex -3.04061 13.5628 59.3226
      vertex -3.24594 13.5333 59.7769
      vertex -3.07188 14 59.3226
    endloop
  endfacet
  facet normal -0.899182 -0.335368 -0.281071
    outer loop
      vertex -2.98298 12.6377 59.7769
      vertex -3.28148 13.0365 60.256
      vertex -3.14649 13.0761 59.7769
    endloop
  endfacet
  facet normal -0.839727 -0.0600601 -0.539676
    outer loop
      vertex -3.04061 13.5628 59.3226
      vertex -3.07188 14 59.3226
      vertex -2.80189 14 58.9025
    endloop
  endfacet
  facet normal -0.889263 0.193432 -0.414481
    outer loop
      vertex -3.04061 14.4372 59.3226
      vertex -3.24594 14.4667 59.7769
      vertex -3.14649 14.9239 59.7769
    endloop
  endfacet
  facet normal -0.822648 0.178996 -0.539639
    outer loop
      vertex -2.6884 14.7894 58.9025
      vertex -3.04061 14.4372 59.3226
      vertex -2.94744 14.8654 59.3226
    endloop
  endfacet
  facet normal -0.822639 0.178955 -0.539667
    outer loop
      vertex -2.77337 14.3988 58.9025
      vertex -3.04061 14.4372 59.3226
      vertex -2.6884 14.7894 58.9025
    endloop
  endfacet
  facet normal -0.98735 0.070613 -0.141965
    outer loop
      vertex -3.3852 14.4867 60.256
      vertex -3.49108 14 60.7503
      vertex -3.45555 14.4968 60.7503
    endloop
  endfacet
  facet normal -0.967247 0.210409 -0.14199
    outer loop
      vertex -3.28148 14.9635 60.256
      vertex -3.3852 14.4867 60.256
      vertex -3.34967 14.9836 60.7503
    endloop
  endfacet
  facet normal -0.389931 0.145067 -0.909346
    outer loop
      vertex -1.60943 14.4726 57.9281
      vertex -1.37638 14.5474 57.8401
      vertex -1.42105 14.4173 57.8385
    endloop
  endfacet
  facet normal -0.390029 0.145504 -0.909234
    outer loop
      vertex -1.37638 14.5474 57.8401
      vertex -1.60943 14.4726 57.9281
      vertex -1.52579 14.6968 57.9281
    endloop
  endfacet
  facet normal -0.52927 0.115109 -0.840609
    outer loop
      vertex -1.6603 14.2387 57.9281
      vertex -2.07612 14.2985 58.1981
      vertex -1.60943 14.4726 57.9281
    endloop
  endfacet
  facet normal -0.294766 0.293927 -0.909241
    outer loop
      vertex -1.01592 15.1036 57.8483
      vertex -1.09844 15.2677 57.9281
      vertex -0.977827 15.1285 57.844
    endloop
  endfacet
  facet normal -0.294293 0.294403 -0.909241
    outer loop
      vertex -1.26767 15.0984 57.9281
      vertex -1.01592 15.1036 57.8483
      vertex -1.11971 14.9702 57.8387
    endloop
  endfacet
  facet normal -0.294309 0.294187 -0.909305
    outer loop
      vertex -1.01592 15.1036 57.8483
      vertex -1.26767 15.0984 57.9281
      vertex -1.09844 15.2677 57.9281
    endloop
  endfacet
  facet normal -0.333575 0.249058 -0.909229
    outer loop
      vertex -1.16552 14.9114 57.8394
      vertex -1.26767 15.0984 57.9281
      vertex -1.11971 14.9702 57.8387
    endloop
  endfacet
  facet normal -0.64081 0.139378 -0.754941
    outer loop
      vertex -2.07612 14.2985 58.1981
      vertex -2.44968 14.3522 58.5251
      vertex -2.37462 14.6973 58.5251
    endloop
  endfacet
  facet normal -0.708873 0.264434 -0.653891
    outer loop
      vertex -2.37462 14.6973 58.5251
      vertex -2.54869 15.1639 58.9025
      vertex -2.25122 15.0281 58.5251
    endloop
  endfacet
  facet normal -0.788796 0.294161 -0.539694
    outer loop
      vertex -2.54869 15.1639 58.9025
      vertex -2.94744 14.8654 59.3226
      vertex -2.79428 15.2761 59.3226
    endloop
  endfacet
  facet normal -0.738888 0.40344 -0.539704
    outer loop
      vertex -2.54869 15.1639 58.9025
      vertex -2.79428 15.2761 59.3226
      vertex -2.58423 15.6608 59.3226
    endloop
  endfacet
  facet normal -0.433546 -0.324696 -0.840601
    outer loop
      vertex -1.26767 12.9016 57.9281
      vertex -1.76451 12.866 58.1981
      vertex -1.41109 13.0931 57.9281
    endloop
  endfacet
  facet normal -0.365759 -0.198974 -0.909192
    outer loop
      vertex -1.41109 13.0931 57.9281
      vertex -1.31921 13.2861 57.8489
      vertex -1.24975 13.1968 57.8405
    endloop
  endfacet
  facet normal -0.365138 -0.19934 -0.909361
    outer loop
      vertex -1.52579 13.3032 57.9281
      vertex -1.31921 13.2861 57.8489
      vertex -1.41109 13.0931 57.9281
    endloop
  endfacet
  facet normal -0.365134 -0.201492 -0.908888
    outer loop
      vertex -1.31921 13.2861 57.8489
      vertex -1.52579 13.3032 57.9281
      vertex -1.3299 13.3172 57.8463
    endloop
  endfacet
  facet normal -0.614413 -0.229198 -0.75496
    outer loop
      vertex -2.25122 12.9719 58.5251
      vertex -2.37462 13.3027 58.5251
      vertex -2.01251 13.4091 58.1981
    endloop
  endfacet
  facet normal -0.605651 -0.45337 -0.653944
    outer loop
      vertex -1.87038 12.3793 58.5251
      vertex -2.11753 12.1651 58.9025
      vertex -2.082 12.662 58.5251
    endloop
  endfacet
  facet normal -0.40648 -0.0903861 -0.909178
    outer loop
      vertex -1.47954 13.7531 57.8481
      vertex -1.6603 13.7613 57.9281
      vertex -1.47954 13.7873 57.8447
    endloop
  endfacet
  facet normal -0.406477 -0.088303 -0.909384
    outer loop
      vertex -1.6603 13.7613 57.9281
      vertex -1.47954 13.7531 57.8481
      vertex -1.46799 13.7195 57.8462
    endloop
  endfacet
  facet normal -0.415356 -0.0287644 -0.909204
    outer loop
      vertex -1.47954 13.7873 57.8447
      vertex -1.6603 13.7613 57.9281
      vertex -1.47954 13.86 57.8424
    endloop
  endfacet
  facet normal -0.415356 0.0287644 -0.909204
    outer loop
      vertex -1.47954 14.14 57.8424
      vertex -1.6603 14.2387 57.9281
      vertex -1.47954 14.2127 57.8447
    endloop
  endfacet
  facet normal -0.362525 -0.664029 0.653942
    outer loop
      vertex -1.0281 11.7488 63.4749
      vertex -1.33802 11.918 63.4749
      vertex -1.16395 11.4513 63.0975
    endloop
  endfacet
  facet normal -0.314247 -0.575591 0.754947
    outer loop
      vertex -0.871321 12.0921 63.8019
      vertex -1.13398 12.2355 63.8019
      vertex -1.0281 11.7488 63.4749
    endloop
  endfacet
  facet normal -0.199402 -0.365332 0.90927
    outer loop
      vertex -0.661271 12.971 64.2793
      vertex -0.696805 12.4742 64.0719
      vertex -0.508104 12.8874 64.2793
    endloop
  endfacet
  facet normal 0.0539927 -0.754636 0.653918
    outer loop
      vertex 0.352211 11.5503 63.4749
      vertex 0 11.5251 63.4749
      vertex 0.39875 11.2266 63.0975
    endloop
  endfacet
  facet normal 0.0600211 -0.839769 0.539616
    outer loop
      vertex 0.39875 11.2266 63.0975
      vertex 0 11.1981 63.0975
      vertex 0.437173 10.9594 62.6774
    endloop
  endfacet
  facet normal 0.0539387 -0.754668 0.653886
    outer loop
      vertex 0 11.5251 63.4749
      vertex 0 11.1981 63.0975
      vertex 0.39875 11.2266 63.0975
    endloop
  endfacet
  facet normal -0.0539387 -0.754668 0.653886
    outer loop
      vertex 0 11.5251 63.4749
      vertex -0.39875 11.2266 63.0975
      vertex 0 11.1981 63.0975
    endloop
  endfacet
  facet normal 0.333215 -0.249456 0.909252
    outer loop
      vertex 1.02896 13.3387 64.2793
      vertex 0.924376 13.199 64.2793
      vertex 1.26767 12.9016 64.0719
    endloop
  endfacet
  facet normal -0.199487 -0.36532 0.909256
    outer loop
      vertex -0.661271 12.971 64.2793
      vertex -0.906855 12.5889 64.0719
      vertex -0.696805 12.4742 64.0719
    endloop
  endfacet
  facet normal -0.259563 -0.47543 0.840591
    outer loop
      vertex -0.696805 12.4742 64.0719
      vertex -1.13398 12.2355 63.8019
      vertex -0.871321 12.0921 63.8019
    endloop
  endfacet
  facet normal -0.125312 -0.0683532 0.98976
    outer loop
      vertex -0.227123 13.8963 64.4911
      vertex -0.625875 13.5978 64.42
      vertex -0.21005 13.865 64.4911
    endloop
  endfacet
  facet normal -0.264612 -0.0987074 0.95929
    outer loop
      vertex -0.676746 13.6909 64.42
      vertex -1.17358 13.6554 64.2793
      vertex -1.11259 13.4919 64.2793
    endloop
  endfacet
  facet normal -0.247846 -0.135426 0.959287
    outer loop
      vertex -0.676746 13.6909 64.42
      vertex -1.11259 13.4919 64.2793
      vertex -0.625875 13.5978 64.42
    endloop
  endfacet
  facet normal -0.139466 -0.0303499 0.989762
    outer loop
      vertex -0.247146 13.9645 64.4911
      vertex -0.713841 13.7904 64.42
      vertex -0.239573 13.9297 64.4911
    endloop
  endfacet
  facet normal -0.333215 -0.249456 0.909252
    outer loop
      vertex -1.02896 13.3387 64.2793
      vertex -1.26767 12.9016 64.0719
      vertex -0.924376 13.199 64.2793
    endloop
  endfacet
  facet normal -0.433546 -0.324696 0.840601
    outer loop
      vertex -1.41109 13.0931 64.0719
      vertex -1.76451 12.866 63.8019
      vertex -1.26767 12.9016 64.0719
    endloop
  endfacet
  facet normal -0.169227 -0.226107 0.95929
    outer loop
      vertex -0.487202 13.4377 64.42
      vertex -0.800976 13.0756 64.2793
      vertex -0.402225 13.3741 64.42
    endloop
  endfacet
  facet normal -0.199758 -0.199649 0.95929
    outer loop
      vertex -0.562261 13.5128 64.42
      vertex -0.800976 13.0756 64.2793
      vertex -0.487202 13.4377 64.42
    endloop
  endfacet
  facet normal -0.199689 -0.199689 0.959296
    outer loop
      vertex -0.800976 13.0756 64.2793
      vertex -0.562261 13.5128 64.42
      vertex -0.924376 13.199 64.2793
    endloop
  endfacet
  facet normal -0.728575 -0.545362 0.414437
    outer loop
      vertex -2.58423 12.3392 62.6774
      vertex -2.75874 12.2271 62.2231
      vertex -2.32157 11.9883 62.6774
    endloop
  endfacet
  facet normal -0.673958 -0.504479 0.539705
    outer loop
      vertex -2.3571 12.4852 63.0975
      vertex -2.58423 12.3392 62.6774
      vertex -2.32157 11.9883 62.6774
    endloop
  endfacet
  facet normal 0.403538 -0.738853 0.539679
    outer loop
      vertex 1.66078 11.4158 62.6774
      vertex 1.16395 11.4513 63.0975
      vertex 1.2761 11.2057 62.6774
    endloop
  endfacet
  facet normal 0.436219 -0.79869 0.414497
    outer loop
      vertex 1.66078 11.4158 62.6774
      vertex 1.2761 11.2057 62.6774
      vertex 1.36228 11.017 62.2231
    endloop
  endfacet
  facet normal 0.193505 -0.889197 0.41459
    outer loop
      vertex 0.865447 11.0526 62.6774
      vertex 0.437173 10.9594 62.6774
      vertex 0.923892 10.8535 62.2231
    endloop
  endfacet
  facet normal 0.317896 -0.852677 0.414588
    outer loop
      vertex 1.2761 11.2057 62.6774
      vertex 0.865447 11.0526 62.6774
      vertex 0.923892 10.8535 62.2231
    endloop
  endfacet
  facet normal 0.436238 -0.798687 -0.414482
    outer loop
      vertex 1.77294 11.2413 59.7769
      vertex 1.36228 11.017 59.7769
      vertex 1.66078 11.4158 59.3226
    endloop
  endfacet
  facet normal 0.545299 -0.728595 -0.414485
    outer loop
      vertex 1.77294 11.2413 59.7769
      vertex 1.66078 11.4158 59.3226
      vertex 2.01165 11.6784 59.3226
    endloop
  endfacet
  facet normal 0.792462 -0.593154 0.142027
    outer loop
      vertex 2.93688 12.1126 61.2497
      vertex 2.58467 11.7604 61.744
      vertex 2.63838 11.7138 61.2497
    endloop
  endfacet
  facet normal 0.474374 -0.868799 0.141978
    outer loop
      vertex 1.849 11.1229 61.744
      vertex 1.45025 10.8244 61.2497
      vertex 1.88742 11.0631 61.2497
    endloop
  endfacet
  facet normal 0.889263 0.193432 -0.414481
    outer loop
      vertex 3.24594 14.4667 59.7769
      vertex 3.04061 14.4372 59.3226
      vertex 3.14649 14.9239 59.7769
    endloop
  endfacet
  facet normal 0.88923 0.193483 -0.414528
    outer loop
      vertex 3.04061 14.4372 59.3226
      vertex 2.94744 14.8654 59.3226
      vertex 3.14649 14.9239 59.7769
    endloop
  endfacet
  facet normal 0.98735 0.070613 -0.141965
    outer loop
      vertex 3.49108 14 60.7503
      vertex 3.3852 14.4867 60.256
      vertex 3.45555 14.4968 60.7503
    endloop
  endfacet
  facet normal 0.98735 0.0706178 -0.14196
    outer loop
      vertex 3.42001 14 60.256
      vertex 3.3852 14.4867 60.256
      vertex 3.49108 14 60.7503
    endloop
  endfacet
  facet normal 0.967258 -0.21038 0.141961
    outer loop
      vertex 3.3852 13.5133 61.744
      vertex 3.34967 13.0164 61.2497
      vertex 3.45555 13.5032 61.2497
    endloop
  endfacet
  facet normal 0.92743 -0.345987 -0.14201
    outer loop
      vertex 3.34967 13.0164 60.7503
      vertex 3.1756 12.5498 60.7503
      vertex 3.28148 13.0365 60.256
    endloop
  endfacet
  facet normal 0.967247 -0.210409 -0.14199
    outer loop
      vertex 3.34967 13.0164 60.7503
      vertex 3.28148 13.0365 60.256
      vertex 3.3852 13.5133 60.256
    endloop
  endfacet
  facet normal 0.614445 -0.229168 0.754943
    outer loop
      vertex 2.01251 13.4091 63.8019
      vertex 1.90793 13.1287 63.8019
      vertex 2.25122 12.9719 63.4749
    endloop
  endfacet
  facet normal 0.614413 -0.229198 0.75496
    outer loop
      vertex 2.37462 13.3027 63.4749
      vertex 2.01251 13.4091 63.8019
      vertex 2.25122 12.9719 63.4749
    endloop
  endfacet
  facet normal 0.0601154 -0.2759 0.959304
    outer loop
      vertex 0.209602 13.2862 64.42
      vertex 0.105879 13.2636 64.42
      vertex 0.344594 12.8264 64.2793
    endloop
  endfacet
  facet normal 0.0102181 -0.142353 0.989763
    outer loop
      vertex 0.0355339 13.7529 64.4911
      vertex 0 13.256 64.42
      vertex 0.105879 13.2636 64.42
    endloop
  endfacet
  facet normal -0.0683296 -0.125315 0.989761
    outer loop
      vertex -0.103724 13.7729 64.4911
      vertex -0.402225 13.3741 64.42
      vertex -0.309059 13.3233 64.42
    endloop
  endfacet
  facet normal -0.0303853 -0.139454 0.989762
    outer loop
      vertex -0.0355339 13.7529 64.4911
      vertex -0.209602 13.2862 64.42
      vertex -0.105879 13.2636 64.42
    endloop
  endfacet
  facet normal 0.13518 -0.247917 0.959304
    outer loop
      vertex 0.402225 13.3741 64.42
      vertex 0.309059 13.3233 64.42
      vertex 0.508104 12.8874 64.2793
    endloop
  endfacet
  facet normal 0.0683296 -0.125315 0.989761
    outer loop
      vertex 0.402225 13.3741 64.42
      vertex 0.103724 13.7729 64.4911
      vertex 0.309059 13.3233 64.42
    endloop
  endfacet
  facet normal 0.199689 -0.199689 0.959296
    outer loop
      vertex 0.562261 13.5128 64.42
      vertex 0.800976 13.0756 64.2793
      vertex 0.924376 13.199 64.2793
    endloop
  endfacet
  facet normal 0.199758 -0.199649 0.95929
    outer loop
      vertex 0.800976 13.0756 64.2793
      vertex 0.562261 13.5128 64.42
      vertex 0.487202 13.4377 64.42
    endloop
  endfacet
  facet normal 0.226099 -0.169213 0.959295
    outer loop
      vertex 0.625875 13.5978 64.42
      vertex 0.562261 13.5128 64.42
      vertex 0.924376 13.199 64.2793
    endloop
  endfacet
  facet normal 0.114244 -0.0855785 0.98976
    outer loop
      vertex 0.21005 13.865 64.4911
      vertex 0.188701 13.8365 64.4911
      vertex 0.625875 13.5978 64.42
    endloop
  endfacet
  facet normal 0.139467 0.0303466 0.989762
    outer loop
      vertex 0.713841 14.2096 64.42
      vertex 0.247146 14.0355 64.4911
      vertex 0.736405 14.1059 64.42
    endloop
  endfacet
  facet normal 0.264617 -0.0986528 0.959294
    outer loop
      vertex 0.713841 13.7904 64.42
      vertex 0.676746 13.6909 64.42
      vertex 1.17358 13.6554 64.2793
    endloop
  endfacet
  facet normal -0.0853959 -0.114334 0.989765
    outer loop
      vertex -0.163509 13.8113 64.4911
      vertex -0.402225 13.3741 64.42
      vertex -0.134991 13.79 64.4911
    endloop
  endfacet
  facet normal -0.0684756 -0.125206 0.989765
    outer loop
      vertex -0.134991 13.79 64.4911
      vertex -0.402225 13.3741 64.42
      vertex -0.103724 13.7729 64.4911
    endloop
  endfacet
  facet normal 0.281697 0.0201443 0.959292
    outer loop
      vertex 1.21067 14.1741 64.2793
      vertex 0.743979 14 64.42
      vertex 1.22312 14 64.2793
    endloop
  endfacet
  facet normal 0.142369 0.0101823 0.989761
    outer loop
      vertex 0.736405 14.1059 64.42
      vertex 0.247146 14.0355 64.4911
      vertex 0.743979 14 64.42
    endloop
  endfacet
  facet normal 0.0684756 0.125206 0.989765
    outer loop
      vertex 0.402225 14.6259 64.42
      vertex 0.103724 14.2271 64.4911
      vertex 0.134991 14.21 64.4911
    endloop
  endfacet
  facet normal 0.100952 0.100897 0.989762
    outer loop
      vertex 0.487202 14.5623 64.42
      vertex 0.188701 14.1635 64.4911
      vertex 0.562261 14.4872 64.42
    endloop
  endfacet
  facet normal 0.100939 0.100907 0.989762
    outer loop
      vertex 0.188701 14.1635 64.4911
      vertex 0.487202 14.5623 64.42
      vertex 0.163509 14.1887 64.4911
    endloop
  endfacet
  facet normal 0.0853959 0.114334 0.989765
    outer loop
      vertex 0.402225 14.6259 64.42
      vertex 0.134991 14.21 64.4911
      vertex 0.163509 14.1887 64.4911
    endloop
  endfacet
  facet normal 0.125312 0.0683532 0.98976
    outer loop
      vertex 0.625875 14.4022 64.42
      vertex 0.21005 14.135 64.4911
      vertex 0.227123 14.1037 64.4911
    endloop
  endfacet
  facet normal 0.114244 0.0855785 0.98976
    outer loop
      vertex 0.625875 14.4022 64.42
      vertex 0.188701 14.1635 64.4911
      vertex 0.21005 14.135 64.4911
    endloop
  endfacet
  facet normal 0.389984 0.145592 -0.909239
    outer loop
      vertex 1.38267 14.5537 57.8438
      vertex 1.34892 14.616 57.8393
      vertex 1.52579 14.6968 57.9281
    endloop
  endfacet
  facet normal 0.433546 0.324696 -0.840601
    outer loop
      vertex 1.41109 14.9069 57.9281
      vertex 1.26767 15.0984 57.9281
      vertex 1.76451 15.134 58.1981
    endloop
  endfacet
  facet normal 0.475415 0.259544 -0.840606
    outer loop
      vertex 1.52579 14.6968 57.9281
      vertex 1.41109 14.9069 57.9281
      vertex 1.76451 15.134 58.1981
    endloop
  endfacet
  facet normal 0.406803 0.0889051 -0.909179
    outer loop
      vertex 1.46485 14.2106 57.8379
      vertex 1.45263 14.2839 57.8396
      vertex 1.6603 14.2387 57.9281
    endloop
  endfacet
  facet normal 0.415412 0.0290008 -0.909171
    outer loop
      vertex 1.47688 14.1386 57.8411
      vertex 1.46485 14.2106 57.8379
      vertex 1.6603 14.2387 57.9281
    endloop
  endfacet
  facet normal 0.160904 0.739261 0.653914
    outer loop
      vertex 0.39875 16.7734 63.0975
      vertex 0.352211 16.4497 63.4749
      vertex 0.697252 16.3746 63.4749
    endloop
  endfacet
  facet normal 0.0539927 0.754636 0.653918
    outer loop
      vertex 0.39875 16.7734 63.0975
      vertex 0 16.4749 63.4749
      vertex 0.352211 16.4497 63.4749
    endloop
  endfacet
  facet normal -0.0600211 0.839769 0.539616
    outer loop
      vertex 0 16.8019 63.0975
      vertex -0.437173 17.0406 62.6774
      vertex -0.39875 16.7734 63.0975
    endloop
  endfacet
  facet normal -0.0539387 0.754668 0.653886
    outer loop
      vertex 0 16.8019 63.0975
      vertex -0.39875 16.7734 63.0975
      vertex 0 16.4749 63.4749
    endloop
  endfacet
  facet normal -0.314242 0.575591 0.754948
    outer loop
      vertex -1.0281 16.2512 63.4749
      vertex -1.33802 16.082 63.4749
      vertex -1.13398 15.7645 63.8019
    endloop
  endfacet
  facet normal -0.0467981 0.654079 0.754977
    outer loop
      vertex 0 16.4749 63.4749
      vertex -0.352211 16.4497 63.4749
      vertex -0.298501 16.0761 63.8019
    endloop
  endfacet
  facet normal 0.0202181 0.281667 0.959299
    outer loop
      vertex 0.174068 15.2107 64.2793
      vertex 0 14.744 64.42
      vertex 0.105879 14.7364 64.42
    endloop
  endfacet
  facet normal 0.0102181 0.142353 0.989763
    outer loop
      vertex 0.105879 14.7364 64.42
      vertex 0 14.744 64.42
      vertex 0.0355339 14.2471 64.4911
    endloop
  endfacet
  facet normal -0.0104169 0.142367 0.989759
    outer loop
      vertex 0 14.744 64.42
      vertex -0.0355339 14.2471 64.4911
      vertex 0 14.2497 64.4911
    endloop
  endfacet
  facet normal -0.453437 0.605649 0.653899
    outer loop
      vertex -1.51482 16.3571 63.0975
      vertex -1.83485 16.1175 63.0975
      vertex -1.33802 16.082 63.4749
    endloop
  endfacet
  facet normal -0.504531 0.673894 0.539736
    outer loop
      vertex -1.51482 16.3571 63.0975
      vertex -2.01165 16.3216 62.6774
      vertex -1.83485 16.1175 63.0975
    endloop
  endfacet
  facet normal -0.433578 0.32455 0.840641
    outer loop
      vertex -1.58516 15.3736 63.8019
      vertex -1.76451 15.134 63.8019
      vertex -1.26767 15.0984 64.0719
    endloop
  endfacet
  facet normal -0.433546 0.324696 0.840601
    outer loop
      vertex -1.26767 15.0984 64.0719
      vertex -1.76451 15.134 63.8019
      vertex -1.41109 14.9069 64.0719
    endloop
  endfacet
  facet normal -0.1353 0.247888 0.959294
    outer loop
      vertex -0.508104 15.1126 64.2793
      vertex -0.661271 15.029 64.2793
      vertex -0.402225 14.6259 64.42
    endloop
  endfacet
  facet normal -0.0885258 0.406723 0.909252
    outer loop
      vertex -0.238714 15.6603 64.0719
      vertex -0.472569 15.6094 64.0719
      vertex -0.344594 15.1736 64.2793
    endloop
  endfacet
  facet normal -0.463711 0.463733 0.754933
    outer loop
      vertex -1.6207 15.8704 63.4749
      vertex -1.58516 15.3736 63.8019
      vertex -1.37355 15.5852 63.8019
    endloop
  endfacet
  facet normal -0.463755 0.463718 0.754915
    outer loop
      vertex -1.58516 15.3736 63.8019
      vertex -1.6207 15.8704 63.4749
      vertex -1.87038 15.6207 63.4749
    endloop
  endfacet
  facet normal -0.540266 0.0386357 0.840607
    outer loop
      vertex -1.6603 14.2387 64.0719
      vertex -2.07612 14.2985 63.8019
      vertex -1.67737 14 64.0719
    endloop
  endfacet
  facet normal -0.540263 0.0386419 0.840609
    outer loop
      vertex -2.07612 14.2985 63.8019
      vertex -2.09747 14 63.8019
      vertex -1.67737 14 64.0719
    endloop
  endfacet
  facet normal -0.199487 0.36532 0.909256
    outer loop
      vertex -0.696805 15.5258 64.0719
      vertex -0.906855 15.4111 64.0719
      vertex -0.661271 15.029 64.2793
    endloop
  endfacet
  facet normal -0.324545 0.433637 0.840612
    outer loop
      vertex -1.13398 15.7645 63.8019
      vertex -1.37355 15.5852 63.8019
      vertex -1.09844 15.2677 64.0719
    endloop
  endfacet
  facet normal -0.0500678 0.133698 0.989757
    outer loop
      vertex -0.0703449 14.2396 64.4911
      vertex -0.209602 14.7138 64.42
      vertex -0.103724 14.2271 64.4911
    endloop
  endfacet
  facet normal -0.133737 0.0498589 0.989762
    outer loop
      vertex -0.676746 14.3091 64.42
      vertex -0.713841 14.2096 64.42
      vertex -0.227123 14.1037 64.4911
    endloop
  endfacet
  facet normal -0.264617 0.0986528 0.959294
    outer loop
      vertex -0.676746 14.3091 64.42
      vertex -1.17358 14.3446 64.2793
      vertex -0.713841 14.2096 64.42
    endloop
  endfacet
  facet normal -0.0297768 -0.415217 -0.909235
    outer loop
      vertex -0.145409 12.5106 57.847
      vertex -0.238714 12.3397 57.9281
      vertex -0.211731 12.5274 57.8415
    endloop
  endfacet
  facet normal -0.029355 -0.415045 -0.909327
    outer loop
      vertex 0 12.3226 57.9281
      vertex -0.123869 12.5051 57.8488
      vertex 0 12.5154 57.8401
    endloop
  endfacet
  facet normal -0.0297469 -0.415263 -0.909215
    outer loop
      vertex -0.238714 12.3397 57.9281
      vertex -0.123869 12.5051 57.8488
      vertex 0 12.3226 57.9281
    endloop
  endfacet
  facet normal -0.0300096 -0.41511 -0.909276
    outer loop
      vertex -0.123869 12.5051 57.8488
      vertex -0.238714 12.3397 57.9281
      vertex -0.145409 12.5106 57.847
    endloop
  endfacet
  facet normal 0.0467981 -0.654079 -0.754977
    outer loop
      vertex 0.352211 11.5503 58.5251
      vertex 0 11.5251 58.5251
      vertex 0.298501 11.9239 58.1981
    endloop
  endfacet
  facet normal 0.0468948 -0.654119 -0.754937
    outer loop
      vertex 0.298501 11.9239 58.1981
      vertex 0 11.5251 58.5251
      vertex 0 11.9025 58.1981
    endloop
  endfacet
  facet normal -0.0467981 -0.654079 -0.754977
    outer loop
      vertex 0 11.5251 58.5251
      vertex -0.352211 11.5503 58.5251
      vertex -0.298501 11.9239 58.1981
    endloop
  endfacet
  facet normal -0.0539927 -0.754636 -0.653918
    outer loop
      vertex 0 11.5251 58.5251
      vertex -0.39875 11.2266 58.9025
      vertex -0.352211 11.5503 58.5251
    endloop
  endfacet
  facet normal 0.0685057 -0.957226 -0.281114
    outer loop
      vertex 0.466696 10.7541 59.7769
      vertex 0 10.58 60.256
      vertex 0 10.7207 59.7769
    endloop
  endfacet
  facet normal 0.0684401 -0.957213 -0.281173
    outer loop
      vertex 0.486718 10.6148 60.256
      vertex 0 10.58 60.256
      vertex 0.466696 10.7541 59.7769
    endloop
  endfacet
  facet normal -0.453405 -0.605712 -0.653863
    outer loop
      vertex -1.33802 11.918 58.5251
      vertex -1.83485 11.8825 58.9025
      vertex -1.6207 12.1296 58.5251
    endloop
  endfacet
  facet normal -0.504531 -0.673894 -0.539736
    outer loop
      vertex -1.51482 11.6429 58.9025
      vertex -2.01165 11.6784 59.3226
      vertex -1.83485 11.8825 58.9025
    endloop
  endfacet
  facet normal -0.889263 -0.193432 -0.414481
    outer loop
      vertex -3.14649 13.0761 59.7769
      vertex -3.24594 13.5333 59.7769
      vertex -3.04061 13.5628 59.3226
    endloop
  endfacet
  facet normal -0.88923 -0.193483 -0.414528
    outer loop
      vertex -2.94744 13.1346 59.3226
      vertex -3.14649 13.0761 59.7769
      vertex -3.04061 13.5628 59.3226
    endloop
  endfacet
  facet normal -0.977154 0.212533 0
    outer loop
      vertex -3.45555 14.4968 60.7503
      vertex -3.34967 14.9836 61.2497
      vertex -3.34967 14.9836 60.7503
    endloop
  endfacet
  facet normal -0.977154 0.212533 0
    outer loop
      vertex -3.34967 14.9836 61.2497
      vertex -3.45555 14.4968 60.7503
      vertex -3.45555 14.4968 61.2497
    endloop
  endfacet
  facet normal -0.967258 0.21038 -0.141961
    outer loop
      vertex -3.3852 14.4867 60.256
      vertex -3.45555 14.4968 60.7503
      vertex -3.34967 14.9836 60.7503
    endloop
  endfacet
  facet normal -0.540263 0.0386419 -0.840609
    outer loop
      vertex -1.67737 14 57.9281
      vertex -2.09747 14 58.1981
      vertex -2.07612 14.2985 58.1981
    endloop
  endfacet
  facet normal -0.5075 0.189328 -0.840594
    outer loop
      vertex -1.60943 14.4726 57.9281
      vertex -2.01251 14.5909 58.1981
      vertex -1.52579 14.6968 57.9281
    endloop
  endfacet
  facet normal -0.640792 0.139401 -0.754952
    outer loop
      vertex -2.07612 14.2985 58.1981
      vertex -2.37462 14.6973 58.5251
      vertex -2.01251 14.5909 58.1981
    endloop
  endfacet
  facet normal -0.529277 0.115141 -0.8406
    outer loop
      vertex -1.60943 14.4726 57.9281
      vertex -2.07612 14.2985 58.1981
      vertex -2.01251 14.5909 58.1981
    endloop
  endfacet
  facet normal -0.575589 0.314299 -0.754926
    outer loop
      vertex -1.76451 15.134 58.1981
      vertex -2.25122 15.0281 58.5251
      vertex -2.082 15.338 58.5251
    endloop
  endfacet
  facet normal -0.575592 0.314242 -0.754948
    outer loop
      vertex -1.90793 14.8713 58.1981
      vertex -2.25122 15.0281 58.5251
      vertex -1.76451 15.134 58.1981
    endloop
  endfacet
  facet normal -0.390029 -0.145504 -0.909234
    outer loop
      vertex -1.60943 13.5274 57.9281
      vertex -1.37638 13.4526 57.8401
      vertex -1.52579 13.3032 57.9281
    endloop
  endfacet
  facet normal -0.389931 -0.145067 -0.909346
    outer loop
      vertex -1.37638 13.4526 57.8401
      vertex -1.60943 13.5274 57.9281
      vertex -1.42105 13.5827 57.8385
    endloop
  endfacet
  facet normal -0.390032 -0.145501 -0.909233
    outer loop
      vertex -1.35229 13.3824 57.841
      vertex -1.52579 13.3032 57.9281
      vertex -1.37638 13.4526 57.8401
    endloop
  endfacet
  facet normal -0.475409 -0.259548 -0.840607
    outer loop
      vertex -1.76451 12.866 58.1981
      vertex -1.90793 13.1287 58.1981
      vertex -1.52579 13.3032 57.9281
    endloop
  endfacet
  facet normal -0.575592 -0.314242 -0.754948
    outer loop
      vertex -1.76451 12.866 58.1981
      vertex -2.25122 12.9719 58.5251
      vertex -1.90793 13.1287 58.1981
    endloop
  endfacet
  facet normal -0.754647 -0.0539682 -0.653908
    outer loop
      vertex -2.77337 13.6012 58.9025
      vertex -2.80189 14 58.9025
      vertex -2.47487 14 58.5251
    endloop
  endfacet
  facet normal -0.754647 0.0539682 -0.653908
    outer loop
      vertex -2.47487 14 58.5251
      vertex -2.80189 14 58.9025
      vertex -2.77337 14.3988 58.9025
    endloop
  endfacet
  facet normal -0.189207 -0.507501 0.840621
    outer loop
      vertex -0.472569 12.3906 64.0719
      vertex -0.696805 12.4742 64.0719
      vertex -0.590925 11.9875 63.8019
    endloop
  endfacet
  facet normal -0.145408 -0.39002 0.909253
    outer loop
      vertex -0.344594 12.8264 64.2793
      vertex -0.696805 12.4742 64.0719
      vertex -0.472569 12.3906 64.0719
    endloop
  endfacet
  facet normal -0.392955 -0.525043 0.754927
    outer loop
      vertex -1.37355 12.4148 63.8019
      vertex -1.6207 12.1296 63.4749
      vertex -1.13398 12.2355 63.8019
    endloop
  endfacet
  facet normal -0.324545 -0.433637 0.840612
    outer loop
      vertex -1.09844 12.7323 64.0719
      vertex -1.37355 12.4148 63.8019
      vertex -1.13398 12.2355 63.8019
    endloop
  endfacet
  facet normal 0.169227 -0.226107 0.95929
    outer loop
      vertex 0.487202 13.4377 64.42
      vertex 0.402225 13.3741 64.42
      vertex 0.800976 13.0756 64.2793
    endloop
  endfacet
  facet normal -0.333144 -0.249501 0.909266
    outer loop
      vertex -1.02896 13.3387 64.2793
      vertex -1.41109 13.0931 64.0719
      vertex -1.26767 12.9016 64.0719
    endloop
  endfacet
  facet normal -0.36532 -0.199439 0.909266
    outer loop
      vertex -1.02896 13.3387 64.2793
      vertex -1.52579 13.3032 64.0719
      vertex -1.41109 13.0931 64.0719
    endloop
  endfacet
  facet normal -0.6435 -0.643542 0.414442
    outer loop
      vertex -2.47835 11.8525 62.2231
      vertex -2.01165 11.6784 62.6774
      vertex -2.32157 11.9883 62.6774
    endloop
  endfacet
  facet normal -0.643483 -0.64358 0.414409
    outer loop
      vertex -2.01165 11.6784 62.6774
      vertex -2.47835 11.8525 62.2231
      vertex -2.1475 11.5217 62.2231
    endloop
  endfacet
  facet normal -0.72858 -0.545346 0.41445
    outer loop
      vertex -2.32157 11.9883 62.6774
      vertex -2.75874 12.2271 62.2231
      vertex -2.47835 11.8525 62.2231
    endloop
  endfacet
  facet normal -0.798735 -0.436117 0.414516
    outer loop
      vertex -2.79428 12.7239 62.6774
      vertex -2.98298 12.6377 62.2231
      vertex -2.58423 12.3392 62.6774
    endloop
  endfacet
  facet normal -0.798723 -0.436205 0.414448
    outer loop
      vertex -2.58423 12.3392 62.6774
      vertex -2.98298 12.6377 62.2231
      vertex -2.75874 12.2271 62.2231
    endloop
  endfacet
  facet normal 0.29421 -0.78884 0.539604
    outer loop
      vertex 1.16395 11.4513 63.0975
      vertex 0.789385 11.3116 63.0975
      vertex 0.865447 11.0526 62.6774
    endloop
  endfacet
  facet normal 0.264378 -0.708852 0.653937
    outer loop
      vertex 1.16395 11.4513 63.0975
      vertex 0.697252 11.6254 63.4749
      vertex 0.789385 11.3116 63.0975
    endloop
  endfacet
  facet normal 0.0303853 -0.139454 0.989762
    outer loop
      vertex 0.209602 13.2862 64.42
      vertex 0.0355339 13.7529 64.4911
      vertex 0.105879 13.2636 64.42
    endloop
  endfacet
  facet normal -0.0601154 -0.2759 0.959304
    outer loop
      vertex -0.209602 13.2862 64.42
      vertex -0.344594 12.8264 64.2793
      vertex -0.105879 13.2636 64.42
    endloop
  endfacet
  facet normal -0.0600346 -0.275942 0.959297
    outer loop
      vertex -0.105879 13.2636 64.42
      vertex -0.344594 12.8264 64.2793
      vertex -0.174068 12.7893 64.2793
    endloop
  endfacet
  facet normal -0.0300702 -0.13957 0.989756
    outer loop
      vertex -0.0703449 13.7604 64.4911
      vertex -0.209602 13.2862 64.42
      vertex -0.0355339 13.7529 64.4911
    endloop
  endfacet
  facet normal -0.13518 -0.247917 0.959304
    outer loop
      vertex -0.402225 13.3741 64.42
      vertex -0.508104 12.8874 64.2793
      vertex -0.309059 13.3233 64.42
    endloop
  endfacet
  facet normal -0.0987031 -0.264573 0.959301
    outer loop
      vertex -0.309059 13.3233 64.42
      vertex -0.508104 12.8874 64.2793
      vertex -0.344594 12.8264 64.2793
    endloop
  endfacet
  facet normal 0.0853959 -0.114334 0.989765
    outer loop
      vertex 0.163509 13.8113 64.4911
      vertex 0.134991 13.79 64.4911
      vertex 0.402225 13.3741 64.42
    endloop
  endfacet
  facet normal 0.1353 -0.247888 0.959294
    outer loop
      vertex 0.661271 12.971 64.2793
      vertex 0.402225 13.3741 64.42
      vertex 0.508104 12.8874 64.2793
    endloop
  endfacet
  facet normal 0.125312 -0.0683532 0.98976
    outer loop
      vertex 0.227123 13.8963 64.4911
      vertex 0.21005 13.865 64.4911
      vertex 0.625875 13.5978 64.42
    endloop
  endfacet
  facet normal 0.142369 0.0101864 0.989761
    outer loop
      vertex 0.743979 14 64.42
      vertex 0.247146 14.0355 64.4911
      vertex 0.249686 14 64.4911
    endloop
  endfacet
  facet normal 0.142369 -0.0101864 0.989761
    outer loop
      vertex 0.249686 14 64.4911
      vertex 0.247146 13.9645 64.4911
      vertex 0.743979 14 64.42
    endloop
  endfacet
  facet normal 0.199689 0.199689 0.959296
    outer loop
      vertex 0.800976 14.9244 64.2793
      vertex 0.562261 14.4872 64.42
      vertex 0.924376 14.801 64.2793
    endloop
  endfacet
  facet normal 0.199758 0.199649 0.95929
    outer loop
      vertex 0.562261 14.4872 64.42
      vertex 0.800976 14.9244 64.2793
      vertex 0.487202 14.5623 64.42
    endloop
  endfacet
  facet normal 0.169227 0.226107 0.95929
    outer loop
      vertex 0.800976 14.9244 64.2793
      vertex 0.402225 14.6259 64.42
      vertex 0.487202 14.5623 64.42
    endloop
  endfacet
  facet normal 0.0498875 0.133737 0.98976
    outer loop
      vertex 0.209602 14.7138 64.42
      vertex 0.103724 14.2271 64.4911
      vertex 0.309059 14.6767 64.42
    endloop
  endfacet
  facet normal 0.0683296 0.125315 0.989761
    outer loop
      vertex 0.309059 14.6767 64.42
      vertex 0.103724 14.2271 64.4911
      vertex 0.402225 14.6259 64.42
    endloop
  endfacet
  facet normal -0.0539927 0.754636 0.653918
    outer loop
      vertex 0 16.4749 63.4749
      vertex -0.39875 16.7734 63.0975
      vertex -0.352211 16.4497 63.4749
    endloop
  endfacet
  facet normal -0.160904 0.739261 0.653914
    outer loop
      vertex -0.39875 16.7734 63.0975
      vertex -0.697252 16.3746 63.4749
      vertex -0.352211 16.4497 63.4749
    endloop
  endfacet
  facet normal -0.392982 0.524991 0.75495
    outer loop
      vertex -1.33802 16.082 63.4749
      vertex -1.6207 15.8704 63.4749
      vertex -1.13398 15.7645 63.8019
    endloop
  endfacet
  facet normal -0.453405 0.605712 0.653863
    outer loop
      vertex -1.33802 16.082 63.4749
      vertex -1.83485 16.1175 63.0975
      vertex -1.6207 15.8704 63.4749
    endloop
  endfacet
  facet normal -0.1152 0.529275 0.840593
    outer loop
      vertex -0.298501 16.0761 63.8019
      vertex -0.472569 15.6094 64.0719
      vertex -0.238714 15.6603 64.0719
    endloop
  endfacet
  facet normal -0.314247 0.575591 0.754947
    outer loop
      vertex -1.0281 16.2512 63.4749
      vertex -1.13398 15.7645 63.8019
      vertex -0.871321 15.9079 63.8019
    endloop
  endfacet
  facet normal -0.189323 0.507509 0.84059
    outer loop
      vertex -0.590925 16.0125 63.8019
      vertex -0.871321 15.9079 63.8019
      vertex -0.696805 15.5258 64.0719
    endloop
  endfacet
  facet normal -0.229208 0.614426 0.754946
    outer loop
      vertex -0.590925 16.0125 63.8019
      vertex -1.0281 16.2512 63.4749
      vertex -0.871321 15.9079 63.8019
    endloop
  endfacet
  facet normal -0.392955 0.525043 0.754927
    outer loop
      vertex -1.13398 15.7645 63.8019
      vertex -1.6207 15.8704 63.4749
      vertex -1.37355 15.5852 63.8019
    endloop
  endfacet
  facet normal -0.249419 0.333229 0.909257
    outer loop
      vertex -0.906855 15.4111 64.0719
      vertex -1.09844 15.2677 64.0719
      vertex -0.661271 15.029 64.2793
    endloop
  endfacet
  facet normal -0.0853959 0.114334 0.989765
    outer loop
      vertex -0.134991 14.21 64.4911
      vertex -0.402225 14.6259 64.42
      vertex -0.163509 14.1887 64.4911
    endloop
  endfacet
  facet normal -0.0300702 0.13957 0.989756
    outer loop
      vertex -0.0355339 14.2471 64.4911
      vertex -0.209602 14.7138 64.42
      vertex -0.0703449 14.2396 64.4911
    endloop
  endfacet
  facet normal 0.115109 -0.529256 -0.840618
    outer loop
      vertex 0.590925 11.9875 58.1981
      vertex 0.298501 11.9239 58.1981
      vertex 0.472569 12.3906 57.9281
    endloop
  endfacet
  facet normal 0.139375 -0.640825 -0.754929
    outer loop
      vertex 0.697252 11.6254 58.5251
      vertex 0.298501 11.9239 58.1981
      vertex 0.590925 11.9875 58.1981
    endloop
  endfacet
  facet normal -0.1152 -0.529275 -0.840593
    outer loop
      vertex -0.298501 11.9239 58.1981
      vertex -0.472569 12.3906 57.9281
      vertex -0.238714 12.3397 57.9281
    endloop
  endfacet
  facet normal -0.0387021 -0.540277 -0.840597
    outer loop
      vertex 0 12.3226 57.9281
      vertex -0.298501 11.9239 58.1981
      vertex -0.238714 12.3397 57.9281
    endloop
  endfacet
  facet normal -0.453437 -0.605649 -0.653899
    outer loop
      vertex -1.51482 11.6429 58.9025
      vertex -1.83485 11.8825 58.9025
      vertex -1.33802 11.918 58.5251
    endloop
  endfacet
  facet normal -0.362606 -0.664026 -0.653901
    outer loop
      vertex -1.16395 11.4513 58.9025
      vertex -1.51482 11.6429 58.9025
      vertex -1.33802 11.918 58.5251
    endloop
  endfacet
  facet normal -0.605721 -0.453335 -0.653904
    outer loop
      vertex -2.11753 12.1651 58.9025
      vertex -2.3571 12.4852 58.9025
      vertex -2.082 12.662 58.5251
    endloop
  endfacet
  facet normal -0.664048 -0.362568 -0.653899
    outer loop
      vertex -2.3571 12.4852 58.9025
      vertex -2.54869 12.8361 58.9025
      vertex -2.082 12.662 58.5251
    endloop
  endfacet
  facet normal -0.614445 -0.229168 -0.754943
    outer loop
      vertex -1.90793 13.1287 58.1981
      vertex -2.25122 12.9719 58.5251
      vertex -2.01251 13.4091 58.1981
    endloop
  endfacet
  facet normal -0.507496 -0.18928 -0.840607
    outer loop
      vertex -1.90793 13.1287 58.1981
      vertex -2.01251 13.4091 58.1981
      vertex -1.52579 13.3032 57.9281
    endloop
  endfacet
  facet normal -0.739278 -0.160795 -0.653921
    outer loop
      vertex -2.37462 13.3027 58.5251
      vertex -2.77337 13.6012 58.9025
      vertex -2.44968 13.6478 58.5251
    endloop
  endfacet
  facet normal -0.754644 -0.0539735 -0.653911
    outer loop
      vertex -2.44968 13.6478 58.5251
      vertex -2.77337 13.6012 58.9025
      vertex -2.47487 14 58.5251
    endloop
  endfacet
  facet normal -0.32457 -0.433632 0.840606
    outer loop
      vertex -1.09844 12.7323 64.0719
      vertex -1.13398 12.2355 63.8019
      vertex -0.906855 12.5889 64.0719
    endloop
  endfacet
  facet normal -0.259592 -0.475391 0.840604
    outer loop
      vertex -0.906855 12.5889 64.0719
      vertex -1.13398 12.2355 63.8019
      vertex -0.696805 12.4742 64.0719
    endloop
  endfacet
  facet normal 0.0987031 -0.264573 0.959301
    outer loop
      vertex 0.508104 12.8874 64.2793
      vertex 0.309059 13.3233 64.42
      vertex 0.344594 12.8264 64.2793
    endloop
  endfacet
  facet normal 0.199487 -0.36532 0.909256
    outer loop
      vertex 0.906855 12.5889 64.0719
      vertex 0.661271 12.971 64.2793
      vertex 0.696805 12.4742 64.0719
    endloop
  endfacet
  facet normal -0.0104169 -0.142367 0.989759
    outer loop
      vertex 0 13.7503 64.4911
      vertex -0.0355339 13.7529 64.4911
      vertex 0 13.256 64.42
    endloop
  endfacet
  facet normal 0.0104169 -0.142367 0.989759
    outer loop
      vertex 0 13.7503 64.4911
      vertex 0 13.256 64.42
      vertex 0.0355339 13.7529 64.4911
    endloop
  endfacet
  facet normal 0.0300702 -0.13957 0.989756
    outer loop
      vertex 0.0703449 13.7604 64.4911
      vertex 0.0355339 13.7529 64.4911
      vertex 0.209602 13.2862 64.42
    endloop
  endfacet
  facet normal 0.0500678 -0.133698 0.989757
    outer loop
      vertex 0.103724 13.7729 64.4911
      vertex 0.0703449 13.7604 64.4911
      vertex 0.209602 13.2862 64.42
    endloop
  endfacet
  facet normal 0.0855207 -0.114266 0.989762
    outer loop
      vertex 0.487202 13.4377 64.42
      vertex 0.163509 13.8113 64.4911
      vertex 0.402225 13.3741 64.42
    endloop
  endfacet
  facet normal 0.100952 -0.100897 0.989762
    outer loop
      vertex 0.188701 13.8365 64.4911
      vertex 0.487202 13.4377 64.42
      vertex 0.562261 13.5128 64.42
    endloop
  endfacet
  facet normal 0.100939 -0.100907 0.989762
    outer loop
      vertex 0.487202 13.4377 64.42
      vertex 0.188701 13.8365 64.4911
      vertex 0.163509 13.8113 64.4911
    endloop
  endfacet
  facet normal 0.133737 -0.0498589 0.989762
    outer loop
      vertex 0.713841 13.7904 64.42
      vertex 0.227123 13.8963 64.4911
      vertex 0.676746 13.6909 64.42
    endloop
  endfacet
  facet normal 0.281696 0.020147 0.959292
    outer loop
      vertex 1.21067 14.1741 64.2793
      vertex 0.736405 14.1059 64.42
      vertex 0.743979 14 64.42
    endloop
  endfacet
  facet normal 0.27596 0.0600315 0.959293
    outer loop
      vertex 1.17358 14.3446 64.2793
      vertex 0.736405 14.1059 64.42
      vertex 1.21067 14.1741 64.2793
    endloop
  endfacet
  facet normal -0.115109 0.529256 0.840618
    outer loop
      vertex -0.298501 16.0761 63.8019
      vertex -0.590925 16.0125 63.8019
      vertex -0.472569 15.6094 64.0719
    endloop
  endfacet
  facet normal -0.139375 0.640825 0.754929
    outer loop
      vertex -0.298501 16.0761 63.8019
      vertex -0.697252 16.3746 63.4749
      vertex -0.590925 16.0125 63.8019
    endloop
  endfacet
  facet normal -0.32457 0.433632 0.840606
    outer loop
      vertex -0.906855 15.4111 64.0719
      vertex -1.13398 15.7645 63.8019
      vertex -1.09844 15.2677 64.0719
    endloop
  endfacet
  facet normal -0.259592 0.475391 0.840604
    outer loop
      vertex -0.696805 15.5258 64.0719
      vertex -1.13398 15.7645 63.8019
      vertex -0.906855 15.4111 64.0719
    endloop
  endfacet
  facet normal -0.575589 -0.314299 -0.754926
    outer loop
      vertex -2.082 12.662 58.5251
      vertex -2.25122 12.9719 58.5251
      vertex -1.76451 12.866 58.1981
    endloop
  endfacet
  facet normal -0.664047 -0.362601 -0.653882
    outer loop
      vertex -2.082 12.662 58.5251
      vertex -2.54869 12.8361 58.9025
      vertex -2.25122 12.9719 58.5251
    endloop
  endfacet
  facet normal -0.64081 -0.139378 -0.754941
    outer loop
      vertex -2.37462 13.3027 58.5251
      vertex -2.44968 13.6478 58.5251
      vertex -2.07612 13.7015 58.1981
    endloop
  endfacet
  facet normal -0.654121 -0.046784 -0.754941
    outer loop
      vertex -2.44968 13.6478 58.5251
      vertex -2.47487 14 58.5251
      vertex -2.07612 13.7015 58.1981
    endloop
  endfacet
  facet normal 0.249454 -0.333174 0.909268
    outer loop
      vertex 0.800976 13.0756 64.2793
      vertex 0.661271 12.971 64.2793
      vertex 1.09844 12.7323 64.0719
    endloop
  endfacet
  facet normal 0.294392 -0.29427 0.909252
    outer loop
      vertex 0.924376 13.199 64.2793
      vertex 1.09844 12.7323 64.0719
      vertex 1.26767 12.9016 64.0719
    endloop
  endfacet
  facet normal 0.294308 -0.294308 0.909267
    outer loop
      vertex 1.09844 12.7323 64.0719
      vertex 0.924376 13.199 64.2793
      vertex 0.800976 13.0756 64.2793
    endloop
  endfacet
  facet normal 0.14548 -0.389957 0.909269
    outer loop
      vertex 0.508104 12.8874 64.2793
      vertex 0.344594 12.8264 64.2793
      vertex 0.696805 12.4742 64.0719
    endloop
  endfacet
  facet normal 0.199402 -0.365332 0.90927
    outer loop
      vertex 0.661271 12.971 64.2793
      vertex 0.508104 12.8874 64.2793
      vertex 0.696805 12.4742 64.0719
    endloop
  endfacet
  facet normal 0.133738 -0.0498515 0.989762
    outer loop
      vertex 0.239573 13.9297 64.4911
      vertex 0.227123 13.8963 64.4911
      vertex 0.713841 13.7904 64.42
    endloop
  endfacet
  facet normal 0.139466 -0.0303499 0.989762
    outer loop
      vertex 0.247146 13.9645 64.4911
      vertex 0.239573 13.9297 64.4911
      vertex 0.713841 13.7904 64.42
    endloop
  endfacet
  facet normal 0 -0.0615247 -0.998106
    outer loop
      vertex -29 -0.491552 26.0303
      vertex -28.9938 0 26
      vertex -28.9938 -0.491552 26.0303
    endloop
  endfacet
  facet normal -0 -0.0615247 -0.998106
    outer loop
      vertex -28.9938 0 26
      vertex -29 -0.491552 26.0303
      vertex -29 0 26
    endloop
  endfacet
  facet normal 0 -0.0615247 -0.998106
    outer loop
      vertex -26.5924 -0.491552 26.0303
      vertex -24 0 26
      vertex -24 -0.491552 26.0303
    endloop
  endfacet
  facet normal -0 -0.0615247 -0.998106
    outer loop
      vertex -24 0 26
      vertex -26.5924 -0.491552 26.0303
      vertex -26.5924 0 26
    endloop
  endfacet
  facet normal 0 0.526334 -0.850278
    outer loop
      vertex -26.5924 1.89237 26.476
      vertex -24 2.3111 26.7352
      vertex -24 1.89237 26.476
    endloop
  endfacet
  facet normal 0 0.526334 -0.850278
    outer loop
      vertex -24 2.3111 26.7352
      vertex -26.5924 1.89237 26.476
      vertex -26.5924 2.3111 26.7352
    endloop
  endfacet
  facet normal 0 0.526334 -0.850278
    outer loop
      vertex -29 1.89237 26.476
      vertex -28.9938 2.3111 26.7352
      vertex -28.9938 1.89237 26.476
    endloop
  endfacet
  facet normal 0 0.526334 -0.850278
    outer loop
      vertex -28.9938 2.3111 26.7352
      vertex -29 1.89237 26.476
      vertex -29 2.3111 26.7352
    endloop
  endfacet
  facet normal 0 0.895181 0.445702
    outer loop
      vertex -28.9938 3.68362 31.5591
      vertex -29 3.4641 32
      vertex -28.9938 3.4641 32
    endloop
  endfacet
  facet normal 0 0.895181 0.445702
    outer loop
      vertex -29 3.4641 32
      vertex -28.9938 3.68362 31.5591
      vertex -29 3.68362 31.5591
    endloop
  endfacet
  facet normal 0 0.895181 0.445702
    outer loop
      vertex -24 3.68362 31.5591
      vertex -26.5924 3.4641 32
      vertex -24 3.4641 32
    endloop
  endfacet
  facet normal 0 0.895181 0.445702
    outer loop
      vertex -26.5924 3.4641 32
      vertex -24 3.68362 31.5591
      vertex -26.5924 3.68362 31.5591
    endloop
  endfacet
  facet normal -0 0.36123 0.932477
    outer loop
      vertex -29 1.67184 33.6339
      vertex -28.9938 1.21261 33.8118
      vertex -28.9938 1.67184 33.6339
    endloop
  endfacet
  facet normal 0 0.36123 0.932477
    outer loop
      vertex -28.9938 1.21261 33.8118
      vertex -29 1.67184 33.6339
      vertex -29 1.21261 33.8118
    endloop
  endfacet
  facet normal -0 0.36123 0.932477
    outer loop
      vertex -26.5924 1.67184 33.6339
      vertex -24 1.21261 33.8118
      vertex -24 1.67184 33.6339
    endloop
  endfacet
  facet normal 0 0.36123 0.932477
    outer loop
      vertex -24 1.21261 33.8118
      vertex -26.5924 1.67184 33.6339
      vertex -26.5924 1.21261 33.8118
    endloop
  endfacet
  facet normal 0 0.418066 -0.908416
    outer loop
      vertex -26.5924 1.44497 26.2701
      vertex -24 1.89237 26.476
      vertex -24 1.44497 26.2701
    endloop
  endfacet
  facet normal 0 0.418066 -0.908416
    outer loop
      vertex -24 1.89237 26.476
      vertex -26.5924 1.44497 26.2701
      vertex -26.5924 1.89237 26.476
    endloop
  endfacet
  facet normal 0 0.418066 -0.908416
    outer loop
      vertex -29 1.44497 26.2701
      vertex -28.9938 1.89237 26.476
      vertex -28.9938 1.44497 26.2701
    endloop
  endfacet
  facet normal 0 0.418066 -0.908416
    outer loop
      vertex -28.9938 1.89237 26.476
      vertex -29 1.44497 26.2701
      vertex -29 1.89237 26.476
    endloop
  endfacet
  facet normal 0 0.999526 -0.0307796
    outer loop
      vertex -28.9938 3.98294 29.6309
      vertex -29 3.9981 30.1232
      vertex -28.9938 3.9981 30.1232
    endloop
  endfacet
  facet normal 0 0.999526 -0.0307796
    outer loop
      vertex -29 3.9981 30.1232
      vertex -28.9938 3.98294 29.6309
      vertex -29 3.98294 29.6309
    endloop
  endfacet
  facet normal 0 0.999526 -0.0307796
    outer loop
      vertex -24 3.98294 29.6309
      vertex -26.5924 3.9981 30.1232
      vertex -24 3.9981 30.1232
    endloop
  endfacet
  facet normal 0 0.999526 -0.0307796
    outer loop
      vertex -26.5924 3.9981 30.1232
      vertex -24 3.98294 29.6309
      vertex -26.5924 3.98294 29.6309
    endloop
  endfacet
  facet normal 0 0.866025 -0.5
    outer loop
      vertex -24 3.33441 27.7905
      vertex -26.5924 3.58065 28.217
      vertex -24 3.58065 28.217
    endloop
  endfacet
  facet normal 0 0.866025 -0.5
    outer loop
      vertex -26.5924 3.58065 28.217
      vertex -24 3.33441 27.7905
      vertex -26.5924 3.33441 27.7905
    endloop
  endfacet
  facet normal 0 0.866025 -0.5
    outer loop
      vertex -28.9938 3.33441 27.7905
      vertex -29 3.58065 28.217
      vertex -28.9938 3.58065 28.217
    endloop
  endfacet
  facet normal 0 0.866025 -0.5
    outer loop
      vertex -29 3.58065 28.217
      vertex -28.9938 3.33441 27.7905
      vertex -29 3.33441 27.7905
    endloop
  endfacet
  facet normal -0 0.577843 0.816148
    outer loop
      vertex -26.5924 2.5077 33.1163
      vertex -24 2.10573 33.4009
      vertex -24 2.5077 33.1163
    endloop
  endfacet
  facet normal 0 0.577843 0.816148
    outer loop
      vertex -24 2.10573 33.4009
      vertex -26.5924 2.5077 33.1163
      vertex -26.5924 2.10573 33.4009
    endloop
  endfacet
  facet normal -0 0.577843 0.816148
    outer loop
      vertex -29 2.5077 33.1163
      vertex -28.9938 2.10573 33.4009
      vertex -28.9938 2.5077 33.1163
    endloop
  endfacet
  facet normal 0 0.577843 0.816148
    outer loop
      vertex -28.9938 2.10573 33.4009
      vertex -29 2.5077 33.1163
      vertex -29 2.10573 33.4009
    endloop
  endfacet
  facet normal 0 0.976849 0.213928
    outer loop
      vertex -28.9938 3.95266 30.6136
      vertex -29 3.8473 31.0947
      vertex -28.9938 3.8473 31.0947
    endloop
  endfacet
  facet normal 0 0.976849 0.213928
    outer loop
      vertex -29 3.8473 31.0947
      vertex -28.9938 3.95266 30.6136
      vertex -29 3.95266 30.6136
    endloop
  endfacet
  facet normal 0 0.976849 0.213928
    outer loop
      vertex -24 3.95266 30.6136
      vertex -26.5924 3.8473 31.0947
      vertex -24 3.8473 31.0947
    endloop
  endfacet
  facet normal 0 0.976849 0.213928
    outer loop
      vertex -26.5924 3.8473 31.0947
      vertex -24 3.95266 30.6136
      vertex -26.5924 3.95266 30.6136
    endloop
  endfacet
  facet normal -0 0.673713 0.738993
    outer loop
      vertex -26.5924 2.87165 32.7845
      vertex -24 2.5077 33.1163
      vertex -24 2.87165 32.7845
    endloop
  endfacet
  facet normal 0 0.673713 0.738993
    outer loop
      vertex -24 2.5077 33.1163
      vertex -26.5924 2.87165 32.7845
      vertex -26.5924 2.5077 33.1163
    endloop
  endfacet
  facet normal -0 0.673713 0.738993
    outer loop
      vertex -29 2.87165 32.7845
      vertex -28.9938 2.5077 33.1163
      vertex -28.9938 2.87165 32.7845
    endloop
  endfacet
  facet normal 0 0.673713 0.738993
    outer loop
      vertex -28.9938 2.5077 33.1163
      vertex -29 2.87165 32.7845
      vertex -29 2.5077 33.1163
    endloop
  endfacet
  facet normal 0 0.18376 -0.982971
    outer loop
      vertex -29 0.491552 26.0303
      vertex -28.9938 0.975655 26.1208
      vertex -28.9938 0.491552 26.0303
    endloop
  endfacet
  facet normal 0 0.18376 -0.982971
    outer loop
      vertex -28.9938 0.975655 26.1208
      vertex -29 0.491552 26.0303
      vertex -29 0.975655 26.1208
    endloop
  endfacet
  facet normal 0 0.18376 -0.982971
    outer loop
      vertex -26.5924 0.491552 26.0303
      vertex -24 0.975655 26.1208
      vertex -24 0.491552 26.0303
    endloop
  endfacet
  facet normal 0 0.18376 -0.982971
    outer loop
      vertex -24 0.975655 26.1208
      vertex -26.5924 0.491552 26.0303
      vertex -26.5924 0.975655 26.1208
    endloop
  endfacet
  facet normal 0 0.303153 -0.952942
    outer loop
      vertex -29 0.975655 26.1208
      vertex -28.9938 1.44497 26.2701
      vertex -28.9938 0.975655 26.1208
    endloop
  endfacet
  facet normal 0 0.303153 -0.952942
    outer loop
      vertex -28.9938 1.44497 26.2701
      vertex -29 0.975655 26.1208
      vertex -29 1.44497 26.2701
    endloop
  endfacet
  facet normal 0 0.303153 -0.952942
    outer loop
      vertex -26.5924 0.975655 26.1208
      vertex -24 1.44497 26.2701
      vertex -24 0.975655 26.1208
    endloop
  endfacet
  facet normal 0 0.303153 -0.952942
    outer loop
      vertex -24 1.44497 26.2701
      vertex -26.5924 0.975655 26.1208
      vertex -26.5924 1.44497 26.2701
    endloop
  endfacet
  facet normal 0 0.717847 -0.6962
    outer loop
      vertex -28.9938 2.69478 27.044
      vertex -29 3.03762 27.3975
      vertex -28.9938 3.03762 27.3975
    endloop
  endfacet
  facet normal 0 0.717847 -0.6962
    outer loop
      vertex -29 3.03762 27.3975
      vertex -28.9938 2.69478 27.044
      vertex -29 2.69478 27.044
    endloop
  endfacet
  facet normal 0 0.717847 -0.6962
    outer loop
      vertex -24 2.69478 27.044
      vertex -26.5924 3.03762 27.3975
      vertex -24 3.03762 27.3975
    endloop
  endfacet
  facet normal 0 0.717847 -0.6962
    outer loop
      vertex -26.5924 3.03762 27.3975
      vertex -24 2.69478 27.044
      vertex -26.5924 2.69478 27.044
    endloop
  endfacet
  facet normal 0 0.995735 0.0922638
    outer loop
      vertex -28.9938 3.9981 30.1232
      vertex -29 3.95266 30.6136
      vertex -28.9938 3.95266 30.6136
    endloop
  endfacet
  facet normal 0 0.995735 0.0922638
    outer loop
      vertex -29 3.95266 30.6136
      vertex -28.9938 3.9981 30.1232
      vertex -29 3.9981 30.1232
    endloop
  endfacet
  facet normal 0 0.995735 0.0922638
    outer loop
      vertex -24 3.9981 30.1232
      vertex -26.5924 3.95266 30.6136
      vertex -24 3.95266 30.6136
    endloop
  endfacet
  facet normal 0 0.995735 0.0922638
    outer loop
      vertex -26.5924 3.95266 30.6136
      vertex -24 3.9981 30.1232
      vertex -26.5924 3.9981 30.1232
    endloop
  endfacet
  facet normal 0 0.961831 -0.273646
    outer loop
      vertex -28.9938 3.77262 28.6706
      vertex -29 3.90739 29.1443
      vertex -28.9938 3.90739 29.1443
    endloop
  endfacet
  facet normal 0 0.961831 -0.273646
    outer loop
      vertex -29 3.90739 29.1443
      vertex -28.9938 3.77262 28.6706
      vertex -29 3.77262 28.6706
    endloop
  endfacet
  facet normal 0 0.961831 -0.273646
    outer loop
      vertex -24 3.77262 28.6706
      vertex -26.5924 3.90739 29.1443
      vertex -24 3.90739 29.1443
    endloop
  endfacet
  facet normal 0 0.961831 -0.273646
    outer loop
      vertex -26.5924 3.90739 29.1443
      vertex -24 3.77262 28.6706
      vertex -26.5924 3.77262 28.6706
    endloop
  endfacet
  facet normal 0 0.920922 -0.389747
    outer loop
      vertex -28.9938 3.58065 28.217
      vertex -29 3.77262 28.6706
      vertex -28.9938 3.77262 28.6706
    endloop
  endfacet
  facet normal 0 0.920922 -0.389747
    outer loop
      vertex -29 3.77262 28.6706
      vertex -28.9938 3.58065 28.217
      vertex -29 3.58065 28.217
    endloop
  endfacet
  facet normal 0 0.920922 -0.389747
    outer loop
      vertex -24 3.58065 28.217
      vertex -26.5924 3.77262 28.6706
      vertex -24 3.77262 28.6706
    endloop
  endfacet
  facet normal 0 0.920922 -0.389747
    outer loop
      vertex -26.5924 3.77262 28.6706
      vertex -24 3.58065 28.217
      vertex -26.5924 3.58065 28.217
    endloop
  endfacet
  facet normal 0 0.798007 -0.602648
    outer loop
      vertex -24 3.03762 27.3975
      vertex -26.5924 3.33441 27.7905
      vertex -24 3.33441 27.7905
    endloop
  endfacet
  facet normal 0 0.798007 -0.602648
    outer loop
      vertex -26.5924 3.33441 27.7905
      vertex -24 3.03762 27.3975
      vertex -26.5924 3.03762 27.3975
    endloop
  endfacet
  facet normal 0 0.798007 -0.602648
    outer loop
      vertex -28.9938 3.03762 27.3975
      vertex -29 3.33441 27.7905
      vertex -28.9938 3.33441 27.7905
    endloop
  endfacet
  facet normal 0 0.798007 -0.602648
    outer loop
      vertex -29 3.33441 27.7905
      vertex -28.9938 3.03762 27.3975
      vertex -29 3.03762 27.3975
    endloop
  endfacet
  facet normal -0 0 1
    outer loop
      vertex -29 0.246243 33.9924
      vertex -28.9938 -0.246243 33.9924
      vertex -28.9938 0.246243 33.9924
    endloop
  endfacet
  facet normal 0 0 1
    outer loop
      vertex -28.9938 -0.246243 33.9924
      vertex -29 0.246243 33.9924
      vertex -29 -0.246243 33.9924
    endloop
  endfacet
  facet normal -0 0 1
    outer loop
      vertex -26.5924 0.246243 33.9924
      vertex -24 -0.246243 33.9924
      vertex -24 0.246243 33.9924
    endloop
  endfacet
  facet normal 0 0 1
    outer loop
      vertex -24 -0.246243 33.9924
      vertex -26.5924 0.246243 33.9924
      vertex -26.5924 -0.246243 33.9924
    endloop
  endfacet
  facet normal -0 0.243867 0.969809
    outer loop
      vertex -29 1.21261 33.8118
      vertex -28.9938 0.734998 33.9319
      vertex -28.9938 1.21261 33.8118
    endloop
  endfacet
  facet normal 0 0.243867 0.969809
    outer loop
      vertex -28.9938 0.734998 33.9319
      vertex -29 1.21261 33.8118
      vertex -29 0.734998 33.9319
    endloop
  endfacet
  facet normal -0 0.243867 0.969809
    outer loop
      vertex -26.5924 1.21261 33.8118
      vertex -24 0.734998 33.9319
      vertex -24 1.21261 33.8118
    endloop
  endfacet
  facet normal 0 0.243867 0.969809
    outer loop
      vertex -24 0.734998 33.9319
      vertex -26.5924 1.21261 33.8118
      vertex -26.5924 0.734998 33.9319
    endloop
  endfacet
  facet normal -0 0.473103 0.881007
    outer loop
      vertex -26.5924 2.10573 33.4009
      vertex -24 1.67184 33.6339
      vertex -24 2.10573 33.4009
    endloop
  endfacet
  facet normal 0 0.473103 0.881007
    outer loop
      vertex -24 1.67184 33.6339
      vertex -26.5924 2.10573 33.4009
      vertex -26.5924 1.67184 33.6339
    endloop
  endfacet
  facet normal -0 0.473103 0.881007
    outer loop
      vertex -29 2.10573 33.4009
      vertex -28.9938 1.67184 33.6339
      vertex -28.9938 2.10573 33.4009
    endloop
  endfacet
  facet normal 0 0.473103 0.881007
    outer loop
      vertex -28.9938 1.67184 33.6339
      vertex -29 2.10573 33.4009
      vertex -29 1.67184 33.6339
    endloop
  endfacet
  facet normal 0 0.943134 0.332412
    outer loop
      vertex -28.9938 3.8473 31.0947
      vertex -29 3.68362 31.5591
      vertex -28.9938 3.68362 31.5591
    endloop
  endfacet
  facet normal 0 0.943134 0.332412
    outer loop
      vertex -29 3.68362 31.5591
      vertex -28.9938 3.8473 31.0947
      vertex -29 3.8473 31.0947
    endloop
  endfacet
  facet normal 0 0.943134 0.332412
    outer loop
      vertex -24 3.8473 31.0947
      vertex -26.5924 3.68362 31.5591
      vertex -24 3.68362 31.5591
    endloop
  endfacet
  facet normal 0 0.943134 0.332412
    outer loop
      vertex -26.5924 3.68362 31.5591
      vertex -24 3.8473 31.0947
      vertex -26.5924 3.8473 31.0947
    endloop
  endfacet
  facet normal 0 0.759409 0.650614
    outer loop
      vertex -28.9938 3.19207 32.4105
      vertex -29 2.87165 32.7845
      vertex -28.9938 2.87165 32.7845
    endloop
  endfacet
  facet normal 0 0.759409 0.650614
    outer loop
      vertex -29 2.87165 32.7845
      vertex -28.9938 3.19207 32.4105
      vertex -29 3.19207 32.4105
    endloop
  endfacet
  facet normal 0 0.759409 0.650614
    outer loop
      vertex -24 3.19207 32.4105
      vertex -26.5924 2.87165 32.7845
      vertex -24 2.87165 32.7845
    endloop
  endfacet
  facet normal 0 0.759409 0.650614
    outer loop
      vertex -26.5924 2.87165 32.7845
      vertex -24 3.19207 32.4105
      vertex -26.5924 3.19207 32.4105
    endloop
  endfacet
  facet normal 0 0.833581 0.552397
    outer loop
      vertex -28.9938 3.4641 32
      vertex -29 3.19207 32.4105
      vertex -28.9938 3.19207 32.4105
    endloop
  endfacet
  facet normal 0 0.833581 0.552397
    outer loop
      vertex -29 3.19207 32.4105
      vertex -28.9938 3.4641 32
      vertex -29 3.4641 32
    endloop
  endfacet
  facet normal 0 0.833581 0.552397
    outer loop
      vertex -24 3.4641 32
      vertex -26.5924 3.19207 32.4105
      vertex -24 3.19207 32.4105
    endloop
  endfacet
  facet normal 0 0.833581 0.552397
    outer loop
      vertex -26.5924 3.19207 32.4105
      vertex -24 3.4641 32
      vertex -26.5924 3.4641 32
    endloop
  endfacet
  facet normal 0 0.0615247 -0.998106
    outer loop
      vertex -29 0 26
      vertex -28.9938 0.491552 26.0303
      vertex -28.9938 0 26
    endloop
  endfacet
  facet normal 0 0.0615247 -0.998106
    outer loop
      vertex -28.9938 0.491552 26.0303
      vertex -29 0 26
      vertex -29 0.491552 26.0303
    endloop
  endfacet
  facet normal 0 0.0615247 -0.998106
    outer loop
      vertex -26.5924 0 26
      vertex -24 0.491552 26.0303
      vertex -24 0 26
    endloop
  endfacet
  facet normal 0 0.0615247 -0.998106
    outer loop
      vertex -24 0.491552 26.0303
      vertex -26.5924 0 26
      vertex -26.5924 0.491552 26.0303
    endloop
  endfacet
  facet normal 0 -0.303153 -0.952942
    outer loop
      vertex -26.5924 -1.44497 26.2701
      vertex -24 -0.975655 26.1208
      vertex -24 -1.44497 26.2701
    endloop
  endfacet
  facet normal -0 -0.303153 -0.952942
    outer loop
      vertex -24 -0.975655 26.1208
      vertex -26.5924 -1.44497 26.2701
      vertex -26.5924 -0.975655 26.1208
    endloop
  endfacet
  facet normal 0 -0.303153 -0.952942
    outer loop
      vertex -29 -1.44497 26.2701
      vertex -28.9938 -0.975655 26.1208
      vertex -28.9938 -1.44497 26.2701
    endloop
  endfacet
  facet normal -0 -0.303153 -0.952942
    outer loop
      vertex -28.9938 -0.975655 26.1208
      vertex -29 -1.44497 26.2701
      vertex -29 -0.975655 26.1208
    endloop
  endfacet
  facet normal 0 -0.833581 0.552397
    outer loop
      vertex -29 -3.4641 32
      vertex -28.9938 -3.19207 32.4105
      vertex -29 -3.19207 32.4105
    endloop
  endfacet
  facet normal 0 -0.833581 0.552397
    outer loop
      vertex -28.9938 -3.19207 32.4105
      vertex -29 -3.4641 32
      vertex -28.9938 -3.4641 32
    endloop
  endfacet
  facet normal 0 -0.833581 0.552397
    outer loop
      vertex -26.5924 -3.4641 32
      vertex -24 -3.19207 32.4105
      vertex -26.5924 -3.19207 32.4105
    endloop
  endfacet
  facet normal 0 -0.833581 0.552397
    outer loop
      vertex -24 -3.19207 32.4105
      vertex -26.5924 -3.4641 32
      vertex -24 -3.4641 32
    endloop
  endfacet
  facet normal 0 -0.122846 0.992426
    outer loop
      vertex -26.5924 -0.246243 33.9924
      vertex -24 -0.734998 33.9319
      vertex -24 -0.246243 33.9924
    endloop
  endfacet
  facet normal 0 -0.122846 0.992426
    outer loop
      vertex -24 -0.734998 33.9319
      vertex -26.5924 -0.246243 33.9924
      vertex -26.5924 -0.734998 33.9319
    endloop
  endfacet
  facet normal 0 -0.122846 0.992426
    outer loop
      vertex -29 -0.246243 33.9924
      vertex -28.9938 -0.734998 33.9319
      vertex -28.9938 -0.246243 33.9924
    endloop
  endfacet
  facet normal 0 -0.122846 0.992426
    outer loop
      vertex -28.9938 -0.734998 33.9319
      vertex -29 -0.246243 33.9924
      vertex -29 -0.734998 33.9319
    endloop
  endfacet
  facet normal 0 -0.988161 -0.153423
    outer loop
      vertex -26.5924 -3.90739 29.1443
      vertex -24 -3.98294 29.6309
      vertex -26.5924 -3.98294 29.6309
    endloop
  endfacet
  facet normal 0 -0.988161 -0.153423
    outer loop
      vertex -24 -3.98294 29.6309
      vertex -26.5924 -3.90739 29.1443
      vertex -24 -3.90739 29.1443
    endloop
  endfacet
  facet normal 0 -0.988161 -0.153423
    outer loop
      vertex -29 -3.90739 29.1443
      vertex -28.9938 -3.98294 29.6309
      vertex -29 -3.98294 29.6309
    endloop
  endfacet
  facet normal 0 -0.988161 -0.153423
    outer loop
      vertex -28.9938 -3.98294 29.6309
      vertex -29 -3.90739 29.1443
      vertex -28.9938 -3.90739 29.1443
    endloop
  endfacet
  facet normal 0 0.62699 -0.779027
    outer loop
      vertex -29 2.3111 26.7352
      vertex -28.9938 2.69478 27.044
      vertex -28.9938 2.3111 26.7352
    endloop
  endfacet
  facet normal 0 0.62699 -0.779027
    outer loop
      vertex -28.9938 2.69478 27.044
      vertex -29 2.3111 26.7352
      vertex -29 2.69478 27.044
    endloop
  endfacet
  facet normal 0 0.62699 -0.779027
    outer loop
      vertex -26.5924 2.3111 26.7352
      vertex -24 2.69478 27.044
      vertex -24 2.3111 26.7352
    endloop
  endfacet
  facet normal 0 0.62699 -0.779027
    outer loop
      vertex -24 2.69478 27.044
      vertex -26.5924 2.3111 26.7352
      vertex -26.5924 2.69478 27.044
    endloop
  endfacet
  facet normal 0 0.988161 -0.153423
    outer loop
      vertex -28.9938 3.90739 29.1443
      vertex -29 3.98294 29.6309
      vertex -28.9938 3.98294 29.6309
    endloop
  endfacet
  facet normal 0 0.988161 -0.153423
    outer loop
      vertex -29 3.98294 29.6309
      vertex -28.9938 3.90739 29.1443
      vertex -29 3.90739 29.1443
    endloop
  endfacet
  facet normal 0 0.988161 -0.153423
    outer loop
      vertex -24 3.90739 29.1443
      vertex -26.5924 3.98294 29.6309
      vertex -24 3.98294 29.6309
    endloop
  endfacet
  facet normal 0 0.988161 -0.153423
    outer loop
      vertex -26.5924 3.98294 29.6309
      vertex -24 3.90739 29.1443
      vertex -26.5924 3.90739 29.1443
    endloop
  endfacet
  facet normal -0 0.122846 0.992426
    outer loop
      vertex -29 0.734998 33.9319
      vertex -28.9938 0.246243 33.9924
      vertex -28.9938 0.734998 33.9319
    endloop
  endfacet
  facet normal 0 0.122846 0.992426
    outer loop
      vertex -28.9938 0.246243 33.9924
      vertex -29 0.734998 33.9319
      vertex -29 0.246243 33.9924
    endloop
  endfacet
  facet normal -0 0.122846 0.992426
    outer loop
      vertex -26.5924 0.734998 33.9319
      vertex -24 0.246243 33.9924
      vertex -24 0.734998 33.9319
    endloop
  endfacet
  facet normal 0 0.122846 0.992426
    outer loop
      vertex -24 0.246243 33.9924
      vertex -26.5924 0.734998 33.9319
      vertex -26.5924 0.246243 33.9924
    endloop
  endfacet
  facet normal 0 -0.18376 -0.982971
    outer loop
      vertex -29 -0.975655 26.1208
      vertex -28.9938 -0.491552 26.0303
      vertex -28.9938 -0.975655 26.1208
    endloop
  endfacet
  facet normal -0 -0.18376 -0.982971
    outer loop
      vertex -28.9938 -0.491552 26.0303
      vertex -29 -0.975655 26.1208
      vertex -29 -0.491552 26.0303
    endloop
  endfacet
  facet normal 0 -0.18376 -0.982971
    outer loop
      vertex -26.5924 -0.975655 26.1208
      vertex -24 -0.491552 26.0303
      vertex -24 -0.975655 26.1208
    endloop
  endfacet
  facet normal -0 -0.18376 -0.982971
    outer loop
      vertex -24 -0.491552 26.0303
      vertex -26.5924 -0.975655 26.1208
      vertex -26.5924 -0.491552 26.0303
    endloop
  endfacet
  facet normal 0 -0.895181 0.445702
    outer loop
      vertex -29 -3.68362 31.5591
      vertex -28.9938 -3.4641 32
      vertex -29 -3.4641 32
    endloop
  endfacet
  facet normal 0 -0.895181 0.445702
    outer loop
      vertex -28.9938 -3.4641 32
      vertex -29 -3.68362 31.5591
      vertex -28.9938 -3.68362 31.5591
    endloop
  endfacet
  facet normal 0 -0.895181 0.445702
    outer loop
      vertex -26.5924 -3.68362 31.5591
      vertex -24 -3.4641 32
      vertex -26.5924 -3.4641 32
    endloop
  endfacet
  facet normal 0 -0.895181 0.445702
    outer loop
      vertex -24 -3.4641 32
      vertex -26.5924 -3.68362 31.5591
      vertex -24 -3.68362 31.5591
    endloop
  endfacet
  facet normal -1 0 0
    outer loop
      vertex -29 3.98294 29.6309
      vertex -29 3.95266 30.6136
      vertex -29 3.9981 30.1232
    endloop
  endfacet
  facet normal -1 0 0
    outer loop
      vertex -29 3.90739 29.1443
      vertex -29 3.95266 30.6136
      vertex -29 3.98294 29.6309
    endloop
  endfacet
  facet normal -1 0 0
    outer loop
      vertex -29 3.90739 29.1443
      vertex -29 3.8473 31.0947
      vertex -29 3.95266 30.6136
    endloop
  endfacet
  facet normal -1 0 0
    outer loop
      vertex -29 3.77262 28.6706
      vertex -29 3.8473 31.0947
      vertex -29 3.90739 29.1443
    endloop
  endfacet
  facet normal -1 0 0
    outer loop
      vertex -29 3.77262 28.6706
      vertex -29 3.68362 31.5591
      vertex -29 3.8473 31.0947
    endloop
  endfacet
  facet normal -1 0 0
    outer loop
      vertex -29 3.58065 28.217
      vertex -29 3.68362 31.5591
      vertex -29 3.77262 28.6706
    endloop
  endfacet
  facet normal -1 0 0
    outer loop
      vertex -29 3.58065 28.217
      vertex -29 3.4641 32
      vertex -29 3.68362 31.5591
    endloop
  endfacet
  facet normal -1 0 0
    outer loop
      vertex -29 3.33441 27.7905
      vertex -29 3.4641 32
      vertex -29 3.58065 28.217
    endloop
  endfacet
  facet normal -1 0 0
    outer loop
      vertex -29 3.33441 27.7905
      vertex -29 3.19207 32.4105
      vertex -29 3.4641 32
    endloop
  endfacet
  facet normal -1 0 0
    outer loop
      vertex -29 3.03762 27.3975
      vertex -29 3.19207 32.4105
      vertex -29 3.33441 27.7905
    endloop
  endfacet
  facet normal -1 0 0
    outer loop
      vertex -29 3.03762 27.3975
      vertex -29 2.87165 32.7845
      vertex -29 3.19207 32.4105
    endloop
  endfacet
  facet normal -1 0 0
    outer loop
      vertex -29 2.69478 27.044
      vertex -29 2.87165 32.7845
      vertex -29 3.03762 27.3975
    endloop
  endfacet
  facet normal -1 0 0
    outer loop
      vertex -29 2.69478 27.044
      vertex -29 2.5077 33.1163
      vertex -29 2.87165 32.7845
    endloop
  endfacet
  facet normal -1 0 0
    outer loop
      vertex -29 2.3111 26.7352
      vertex -29 2.5077 33.1163
      vertex -29 2.69478 27.044
    endloop
  endfacet
  facet normal -1 0 0
    outer loop
      vertex -29 2.3111 26.7352
      vertex -29 2.10573 33.4009
      vertex -29 2.5077 33.1163
    endloop
  endfacet
  facet normal -1 0 0
    outer loop
      vertex -29 1.89237 26.476
      vertex -29 2.10573 33.4009
      vertex -29 2.3111 26.7352
    endloop
  endfacet
  facet normal -1 0 0
    outer loop
      vertex -29 1.89237 26.476
      vertex -29 1.67184 33.6339
      vertex -29 2.10573 33.4009
    endloop
  endfacet
  facet normal -1 0 0
    outer loop
      vertex -29 1.44497 26.2701
      vertex -29 1.67184 33.6339
      vertex -29 1.89237 26.476
    endloop
  endfacet
  facet normal -1 0 0
    outer loop
      vertex -29 1.44497 26.2701
      vertex -29 1.21261 33.8118
      vertex -29 1.67184 33.6339
    endloop
  endfacet
  facet normal -1 0 0
    outer loop
      vertex -29 0.975655 26.1208
      vertex -29 1.21261 33.8118
      vertex -29 1.44497 26.2701
    endloop
  endfacet
  facet normal -1 0 0
    outer loop
      vertex -29 0.975655 26.1208
      vertex -29 0.734998 33.9319
      vertex -29 1.21261 33.8118
    endloop
  endfacet
  facet normal -1 0 0
    outer loop
      vertex -29 0.491552 26.0303
      vertex -29 0.734998 33.9319
      vertex -29 0.975655 26.1208
    endloop
  endfacet
  facet normal -1 0 0
    outer loop
      vertex -29 0.491552 26.0303
      vertex -29 0.246243 33.9924
      vertex -29 0.734998 33.9319
    endloop
  endfacet
  facet normal -1 0 0
    outer loop
      vertex -29 0 26
      vertex -29 0.246243 33.9924
      vertex -29 0.491552 26.0303
    endloop
  endfacet
  facet normal -1 0 0
    outer loop
      vertex -29 0 26
      vertex -29 -0.246243 33.9924
      vertex -29 0.246243 33.9924
    endloop
  endfacet
  facet normal -1 0 0
    outer loop
      vertex -29 -0.491552 26.0303
      vertex -29 -0.246243 33.9924
      vertex -29 0 26
    endloop
  endfacet
  facet normal -1 0 0
    outer loop
      vertex -29 -0.491552 26.0303
      vertex -29 -0.734998 33.9319
      vertex -29 -0.246243 33.9924
    endloop
  endfacet
  facet normal -1 0 0
    outer loop
      vertex -29 -0.975655 26.1208
      vertex -29 -0.734998 33.9319
      vertex -29 -0.491552 26.0303
    endloop
  endfacet
  facet normal -1 0 0
    outer loop
      vertex -29 -0.975655 26.1208
      vertex -29 -1.21261 33.8118
      vertex -29 -0.734998 33.9319
    endloop
  endfacet
  facet normal -1 0 0
    outer loop
      vertex -29 -1.44497 26.2701
      vertex -29 -1.21261 33.8118
      vertex -29 -0.975655 26.1208
    endloop
  endfacet
  facet normal -1 0 0
    outer loop
      vertex -29 -1.44497 26.2701
      vertex -29 -1.67184 33.6339
      vertex -29 -1.21261 33.8118
    endloop
  endfacet
  facet normal -1 0 0
    outer loop
      vertex -29 -1.89237 26.476
      vertex -29 -1.67184 33.6339
      vertex -29 -1.44497 26.2701
    endloop
  endfacet
  facet normal -1 0 0
    outer loop
      vertex -29 -1.89237 26.476
      vertex -29 -2.10573 33.4009
      vertex -29 -1.67184 33.6339
    endloop
  endfacet
  facet normal -1 0 0
    outer loop
      vertex -29 -2.3111 26.7352
      vertex -29 -2.10573 33.4009
      vertex -29 -1.89237 26.476
    endloop
  endfacet
  facet normal -1 0 0
    outer loop
      vertex -29 -2.3111 26.7352
      vertex -29 -2.5077 33.1163
      vertex -29 -2.10573 33.4009
    endloop
  endfacet
  facet normal -1 0 0
    outer loop
      vertex -29 -2.69478 27.044
      vertex -29 -2.5077 33.1163
      vertex -29 -2.3111 26.7352
    endloop
  endfacet
  facet normal -1 0 0
    outer loop
      vertex -29 -2.69478 27.044
      vertex -29 -2.87165 32.7845
      vertex -29 -2.5077 33.1163
    endloop
  endfacet
  facet normal -1 0 0
    outer loop
      vertex -29 -3.03762 27.3975
      vertex -29 -2.87165 32.7845
      vertex -29 -2.69478 27.044
    endloop
  endfacet
  facet normal -1 0 0
    outer loop
      vertex -29 -3.03762 27.3975
      vertex -29 -3.19207 32.4105
      vertex -29 -2.87165 32.7845
    endloop
  endfacet
  facet normal -1 0 0
    outer loop
      vertex -29 -3.33441 27.7905
      vertex -29 -3.19207 32.4105
      vertex -29 -3.03762 27.3975
    endloop
  endfacet
  facet normal -1 0 0
    outer loop
      vertex -29 -3.33441 27.7905
      vertex -29 -3.4641 32
      vertex -29 -3.19207 32.4105
    endloop
  endfacet
  facet normal -1 0 0
    outer loop
      vertex -29 -3.58065 28.217
      vertex -29 -3.4641 32
      vertex -29 -3.33441 27.7905
    endloop
  endfacet
  facet normal -1 0 0
    outer loop
      vertex -29 -3.58065 28.217
      vertex -29 -3.68362 31.5591
      vertex -29 -3.4641 32
    endloop
  endfacet
  facet normal -1 0 0
    outer loop
      vertex -29 -3.77262 28.6706
      vertex -29 -3.68362 31.5591
      vertex -29 -3.58065 28.217
    endloop
  endfacet
  facet normal -1 0 0
    outer loop
      vertex -29 -3.77262 28.6706
      vertex -29 -3.8473 31.0947
      vertex -29 -3.68362 31.5591
    endloop
  endfacet
  facet normal -1 0 0
    outer loop
      vertex -29 -3.90739 29.1443
      vertex -29 -3.8473 31.0947
      vertex -29 -3.77262 28.6706
    endloop
  endfacet
  facet normal -1 0 0
    outer loop
      vertex -29 -3.90739 29.1443
      vertex -29 -3.95266 30.6136
      vertex -29 -3.8473 31.0947
    endloop
  endfacet
  facet normal -1 0 0
    outer loop
      vertex -29 -3.98294 29.6309
      vertex -29 -3.95266 30.6136
      vertex -29 -3.90739 29.1443
    endloop
  endfacet
  facet normal -1 0 0
    outer loop
      vertex -29 -3.95266 30.6136
      vertex -29 -3.98294 29.6309
      vertex -29 -3.9981 30.1232
    endloop
  endfacet
  facet normal 0 -0.36123 0.932477
    outer loop
      vertex -26.5924 -1.21261 33.8118
      vertex -24 -1.67184 33.6339
      vertex -24 -1.21261 33.8118
    endloop
  endfacet
  facet normal 0 -0.36123 0.932477
    outer loop
      vertex -24 -1.67184 33.6339
      vertex -26.5924 -1.21261 33.8118
      vertex -26.5924 -1.67184 33.6339
    endloop
  endfacet
  facet normal 0 -0.36123 0.932477
    outer loop
      vertex -29 -1.21261 33.8118
      vertex -28.9938 -1.67184 33.6339
      vertex -28.9938 -1.21261 33.8118
    endloop
  endfacet
  facet normal 0 -0.36123 0.932477
    outer loop
      vertex -28.9938 -1.67184 33.6339
      vertex -29 -1.21261 33.8118
      vertex -29 -1.67184 33.6339
    endloop
  endfacet
  facet normal 0 -0.473103 0.881007
    outer loop
      vertex -26.5924 -1.67184 33.6339
      vertex -24 -2.10573 33.4009
      vertex -24 -1.67184 33.6339
    endloop
  endfacet
  facet normal 0 -0.473103 0.881007
    outer loop
      vertex -24 -2.10573 33.4009
      vertex -26.5924 -1.67184 33.6339
      vertex -26.5924 -2.10573 33.4009
    endloop
  endfacet
  facet normal 0 -0.473103 0.881007
    outer loop
      vertex -29 -1.67184 33.6339
      vertex -28.9938 -2.10573 33.4009
      vertex -28.9938 -1.67184 33.6339
    endloop
  endfacet
  facet normal 0 -0.473103 0.881007
    outer loop
      vertex -28.9938 -2.10573 33.4009
      vertex -29 -1.67184 33.6339
      vertex -29 -2.10573 33.4009
    endloop
  endfacet
  facet normal 0 -0.673713 0.738993
    outer loop
      vertex -29 -2.5077 33.1163
      vertex -28.9938 -2.87165 32.7845
      vertex -28.9938 -2.5077 33.1163
    endloop
  endfacet
  facet normal 0 -0.673713 0.738993
    outer loop
      vertex -28.9938 -2.87165 32.7845
      vertex -29 -2.5077 33.1163
      vertex -29 -2.87165 32.7845
    endloop
  endfacet
  facet normal 0 -0.673713 0.738993
    outer loop
      vertex -26.5924 -2.5077 33.1163
      vertex -24 -2.87165 32.7845
      vertex -24 -2.5077 33.1163
    endloop
  endfacet
  facet normal 0 -0.673713 0.738993
    outer loop
      vertex -24 -2.87165 32.7845
      vertex -26.5924 -2.5077 33.1163
      vertex -26.5924 -2.87165 32.7845
    endloop
  endfacet
  facet normal 0 -0.717847 -0.6962
    outer loop
      vertex -26.5924 -2.69478 27.044
      vertex -24 -3.03762 27.3975
      vertex -26.5924 -3.03762 27.3975
    endloop
  endfacet
  facet normal 0 -0.717847 -0.6962
    outer loop
      vertex -24 -3.03762 27.3975
      vertex -26.5924 -2.69478 27.044
      vertex -24 -2.69478 27.044
    endloop
  endfacet
  facet normal 0 -0.717847 -0.6962
    outer loop
      vertex -29 -2.69478 27.044
      vertex -28.9938 -3.03762 27.3975
      vertex -29 -3.03762 27.3975
    endloop
  endfacet
  facet normal 0 -0.717847 -0.6962
    outer loop
      vertex -28.9938 -3.03762 27.3975
      vertex -29 -2.69478 27.044
      vertex -28.9938 -2.69478 27.044
    endloop
  endfacet
  facet normal 0 -0.62699 -0.779027
    outer loop
      vertex -26.5924 -2.69478 27.044
      vertex -24 -2.3111 26.7352
      vertex -24 -2.69478 27.044
    endloop
  endfacet
  facet normal -0 -0.62699 -0.779027
    outer loop
      vertex -24 -2.3111 26.7352
      vertex -26.5924 -2.69478 27.044
      vertex -26.5924 -2.3111 26.7352
    endloop
  endfacet
  facet normal 0 -0.62699 -0.779027
    outer loop
      vertex -29 -2.69478 27.044
      vertex -28.9938 -2.3111 26.7352
      vertex -28.9938 -2.69478 27.044
    endloop
  endfacet
  facet normal -0 -0.62699 -0.779027
    outer loop
      vertex -28.9938 -2.3111 26.7352
      vertex -29 -2.69478 27.044
      vertex -29 -2.3111 26.7352
    endloop
  endfacet
  facet normal 0 -0.526334 -0.850278
    outer loop
      vertex -26.5924 -2.3111 26.7352
      vertex -24 -1.89237 26.476
      vertex -24 -2.3111 26.7352
    endloop
  endfacet
  facet normal -0 -0.526334 -0.850278
    outer loop
      vertex -24 -1.89237 26.476
      vertex -26.5924 -2.3111 26.7352
      vertex -26.5924 -1.89237 26.476
    endloop
  endfacet
  facet normal 0 -0.526334 -0.850278
    outer loop
      vertex -29 -2.3111 26.7352
      vertex -28.9938 -1.89237 26.476
      vertex -28.9938 -2.3111 26.7352
    endloop
  endfacet
  facet normal -0 -0.526334 -0.850278
    outer loop
      vertex -28.9938 -1.89237 26.476
      vertex -29 -2.3111 26.7352
      vertex -29 -1.89237 26.476
    endloop
  endfacet
  facet normal 0 -0.920922 -0.389747
    outer loop
      vertex -26.5924 -3.58065 28.217
      vertex -24 -3.77262 28.6706
      vertex -26.5924 -3.77262 28.6706
    endloop
  endfacet
  facet normal 0 -0.920922 -0.389747
    outer loop
      vertex -24 -3.77262 28.6706
      vertex -26.5924 -3.58065 28.217
      vertex -24 -3.58065 28.217
    endloop
  endfacet
  facet normal 0 -0.920922 -0.389747
    outer loop
      vertex -29 -3.58065 28.217
      vertex -28.9938 -3.77262 28.6706
      vertex -29 -3.77262 28.6706
    endloop
  endfacet
  facet normal 0 -0.920922 -0.389747
    outer loop
      vertex -28.9938 -3.77262 28.6706
      vertex -29 -3.58065 28.217
      vertex -28.9938 -3.58065 28.217
    endloop
  endfacet
  facet normal 0 -0.961831 -0.273646
    outer loop
      vertex -26.5924 -3.77262 28.6706
      vertex -24 -3.90739 29.1443
      vertex -26.5924 -3.90739 29.1443
    endloop
  endfacet
  facet normal 0 -0.961831 -0.273646
    outer loop
      vertex -24 -3.90739 29.1443
      vertex -26.5924 -3.77262 28.6706
      vertex -24 -3.77262 28.6706
    endloop
  endfacet
  facet normal 0 -0.961831 -0.273646
    outer loop
      vertex -29 -3.77262 28.6706
      vertex -28.9938 -3.90739 29.1443
      vertex -29 -3.90739 29.1443
    endloop
  endfacet
  facet normal 0 -0.961831 -0.273646
    outer loop
      vertex -28.9938 -3.90739 29.1443
      vertex -29 -3.77262 28.6706
      vertex -28.9938 -3.77262 28.6706
    endloop
  endfacet
  facet normal 0 -0.999526 -0.0307796
    outer loop
      vertex -26.5924 -3.98294 29.6309
      vertex -24 -3.9981 30.1232
      vertex -26.5924 -3.9981 30.1232
    endloop
  endfacet
  facet normal 0 -0.999526 -0.0307796
    outer loop
      vertex -24 -3.9981 30.1232
      vertex -26.5924 -3.98294 29.6309
      vertex -24 -3.98294 29.6309
    endloop
  endfacet
  facet normal 0 -0.999526 -0.0307796
    outer loop
      vertex -29 -3.98294 29.6309
      vertex -28.9938 -3.9981 30.1232
      vertex -29 -3.9981 30.1232
    endloop
  endfacet
  facet normal 0 -0.999526 -0.0307796
    outer loop
      vertex -28.9938 -3.9981 30.1232
      vertex -29 -3.98294 29.6309
      vertex -28.9938 -3.98294 29.6309
    endloop
  endfacet
  facet normal 0 -0.995735 0.0922638
    outer loop
      vertex -29 -3.9981 30.1232
      vertex -28.9938 -3.95266 30.6136
      vertex -29 -3.95266 30.6136
    endloop
  endfacet
  facet normal 0 -0.995735 0.0922638
    outer loop
      vertex -28.9938 -3.95266 30.6136
      vertex -29 -3.9981 30.1232
      vertex -28.9938 -3.9981 30.1232
    endloop
  endfacet
  facet normal 0 -0.995735 0.0922638
    outer loop
      vertex -26.5924 -3.9981 30.1232
      vertex -24 -3.95266 30.6136
      vertex -26.5924 -3.95266 30.6136
    endloop
  endfacet
  facet normal 0 -0.995735 0.0922638
    outer loop
      vertex -24 -3.95266 30.6136
      vertex -26.5924 -3.9981 30.1232
      vertex -24 -3.9981 30.1232
    endloop
  endfacet
  facet normal 0 -0.943134 0.332412
    outer loop
      vertex -29 -3.8473 31.0947
      vertex -28.9938 -3.68362 31.5591
      vertex -29 -3.68362 31.5591
    endloop
  endfacet
  facet normal 0 -0.943134 0.332412
    outer loop
      vertex -28.9938 -3.68362 31.5591
      vertex -29 -3.8473 31.0947
      vertex -28.9938 -3.8473 31.0947
    endloop
  endfacet
  facet normal 0 -0.943134 0.332412
    outer loop
      vertex -26.5924 -3.8473 31.0947
      vertex -24 -3.68362 31.5591
      vertex -26.5924 -3.68362 31.5591
    endloop
  endfacet
  facet normal 0 -0.943134 0.332412
    outer loop
      vertex -24 -3.68362 31.5591
      vertex -26.5924 -3.8473 31.0947
      vertex -24 -3.8473 31.0947
    endloop
  endfacet
  facet normal 1 0 0
    outer loop
      vertex -24 3.95266 30.6136
      vertex -24 3.98294 29.6309
      vertex -24 3.9981 30.1232
    endloop
  endfacet
  facet normal 1 0 0
    outer loop
      vertex -24 3.95266 30.6136
      vertex -24 3.90739 29.1443
      vertex -24 3.98294 29.6309
    endloop
  endfacet
  facet normal 1 0 0
    outer loop
      vertex -24 3.8473 31.0947
      vertex -24 3.90739 29.1443
      vertex -24 3.95266 30.6136
    endloop
  endfacet
  facet normal 1 0 0
    outer loop
      vertex -24 3.8473 31.0947
      vertex -24 3.77262 28.6706
      vertex -24 3.90739 29.1443
    endloop
  endfacet
  facet normal 1 0 0
    outer loop
      vertex -24 3.68362 31.5591
      vertex -24 3.77262 28.6706
      vertex -24 3.8473 31.0947
    endloop
  endfacet
  facet normal 1 0 0
    outer loop
      vertex -24 3.68362 31.5591
      vertex -24 3.58065 28.217
      vertex -24 3.77262 28.6706
    endloop
  endfacet
  facet normal 1 0 0
    outer loop
      vertex -24 3.4641 32
      vertex -24 3.58065 28.217
      vertex -24 3.68362 31.5591
    endloop
  endfacet
  facet normal 1 0 0
    outer loop
      vertex -24 3.4641 32
      vertex -24 3.33441 27.7905
      vertex -24 3.58065 28.217
    endloop
  endfacet
  facet normal 1 0 0
    outer loop
      vertex -24 3.19207 32.4105
      vertex -24 3.33441 27.7905
      vertex -24 3.4641 32
    endloop
  endfacet
  facet normal 1 0 0
    outer loop
      vertex -24 3.19207 32.4105
      vertex -24 3.03762 27.3975
      vertex -24 3.33441 27.7905
    endloop
  endfacet
  facet normal 1 0 0
    outer loop
      vertex -24 2.87165 32.7845
      vertex -24 3.03762 27.3975
      vertex -24 3.19207 32.4105
    endloop
  endfacet
  facet normal 1 0 0
    outer loop
      vertex -24 2.87165 32.7845
      vertex -24 2.69478 27.044
      vertex -24 3.03762 27.3975
    endloop
  endfacet
  facet normal 1 0 0
    outer loop
      vertex -24 2.5077 33.1163
      vertex -24 2.69478 27.044
      vertex -24 2.87165 32.7845
    endloop
  endfacet
  facet normal 1 0 0
    outer loop
      vertex -24 2.5077 33.1163
      vertex -24 2.3111 26.7352
      vertex -24 2.69478 27.044
    endloop
  endfacet
  facet normal 1 0 0
    outer loop
      vertex -24 2.10573 33.4009
      vertex -24 2.3111 26.7352
      vertex -24 2.5077 33.1163
    endloop
  endfacet
  facet normal 1 0 0
    outer loop
      vertex -24 2.10573 33.4009
      vertex -24 1.89237 26.476
      vertex -24 2.3111 26.7352
    endloop
  endfacet
  facet normal 1 0 0
    outer loop
      vertex -24 1.67184 33.6339
      vertex -24 1.89237 26.476
      vertex -24 2.10573 33.4009
    endloop
  endfacet
  facet normal 1 0 0
    outer loop
      vertex -24 1.67184 33.6339
      vertex -24 1.44497 26.2701
      vertex -24 1.89237 26.476
    endloop
  endfacet
  facet normal 1 0 0
    outer loop
      vertex -24 1.21261 33.8118
      vertex -24 1.44497 26.2701
      vertex -24 1.67184 33.6339
    endloop
  endfacet
  facet normal 1 0 0
    outer loop
      vertex -24 1.21261 33.8118
      vertex -24 0.975655 26.1208
      vertex -24 1.44497 26.2701
    endloop
  endfacet
  facet normal 1 0 0
    outer loop
      vertex -24 0.734998 33.9319
      vertex -24 0.975655 26.1208
      vertex -24 1.21261 33.8118
    endloop
  endfacet
  facet normal 1 0 0
    outer loop
      vertex -24 0.734998 33.9319
      vertex -24 0.491552 26.0303
      vertex -24 0.975655 26.1208
    endloop
  endfacet
  facet normal 1 0 0
    outer loop
      vertex -24 0.246243 33.9924
      vertex -24 0.491552 26.0303
      vertex -24 0.734998 33.9319
    endloop
  endfacet
  facet normal 1 0 0
    outer loop
      vertex -24 0.246243 33.9924
      vertex -24 0 26
      vertex -24 0.491552 26.0303
    endloop
  endfacet
  facet normal 1 -0 0
    outer loop
      vertex -24 -0.246243 33.9924
      vertex -24 0 26
      vertex -24 0.246243 33.9924
    endloop
  endfacet
  facet normal 1 0 0
    outer loop
      vertex -24 -0.246243 33.9924
      vertex -24 -0.491552 26.0303
      vertex -24 0 26
    endloop
  endfacet
  facet normal 1 -0 0
    outer loop
      vertex -24 -0.734998 33.9319
      vertex -24 -0.491552 26.0303
      vertex -24 -0.246243 33.9924
    endloop
  endfacet
  facet normal 1 0 0
    outer loop
      vertex -24 -0.734998 33.9319
      vertex -24 -0.975655 26.1208
      vertex -24 -0.491552 26.0303
    endloop
  endfacet
  facet normal 1 -0 0
    outer loop
      vertex -24 -1.21261 33.8118
      vertex -24 -0.975655 26.1208
      vertex -24 -0.734998 33.9319
    endloop
  endfacet
  facet normal 1 0 0
    outer loop
      vertex -24 -1.21261 33.8118
      vertex -24 -1.44497 26.2701
      vertex -24 -0.975655 26.1208
    endloop
  endfacet
  facet normal 1 -0 0
    outer loop
      vertex -24 -1.67184 33.6339
      vertex -24 -1.44497 26.2701
      vertex -24 -1.21261 33.8118
    endloop
  endfacet
  facet normal 1 0 0
    outer loop
      vertex -24 -1.67184 33.6339
      vertex -24 -1.89237 26.476
      vertex -24 -1.44497 26.2701
    endloop
  endfacet
  facet normal 1 -0 0
    outer loop
      vertex -24 -2.10573 33.4009
      vertex -24 -1.89237 26.476
      vertex -24 -1.67184 33.6339
    endloop
  endfacet
  facet normal 1 0 0
    outer loop
      vertex -24 -2.10573 33.4009
      vertex -24 -2.3111 26.7352
      vertex -24 -1.89237 26.476
    endloop
  endfacet
  facet normal 1 -0 0
    outer loop
      vertex -24 -2.5077 33.1163
      vertex -24 -2.3111 26.7352
      vertex -24 -2.10573 33.4009
    endloop
  endfacet
  facet normal 1 0 0
    outer loop
      vertex -24 -2.5077 33.1163
      vertex -24 -2.69478 27.044
      vertex -24 -2.3111 26.7352
    endloop
  endfacet
  facet normal 1 -0 0
    outer loop
      vertex -24 -2.87165 32.7845
      vertex -24 -2.69478 27.044
      vertex -24 -2.5077 33.1163
    endloop
  endfacet
  facet normal 1 0 0
    outer loop
      vertex -24 -2.87165 32.7845
      vertex -24 -3.03762 27.3975
      vertex -24 -2.69478 27.044
    endloop
  endfacet
  facet normal 1 -0 0
    outer loop
      vertex -24 -3.19207 32.4105
      vertex -24 -3.03762 27.3975
      vertex -24 -2.87165 32.7845
    endloop
  endfacet
  facet normal 1 0 0
    outer loop
      vertex -24 -3.19207 32.4105
      vertex -24 -3.33441 27.7905
      vertex -24 -3.03762 27.3975
    endloop
  endfacet
  facet normal 1 -0 0
    outer loop
      vertex -24 -3.4641 32
      vertex -24 -3.33441 27.7905
      vertex -24 -3.19207 32.4105
    endloop
  endfacet
  facet normal 1 0 0
    outer loop
      vertex -24 -3.4641 32
      vertex -24 -3.58065 28.217
      vertex -24 -3.33441 27.7905
    endloop
  endfacet
  facet normal 1 -0 0
    outer loop
      vertex -24 -3.68362 31.5591
      vertex -24 -3.58065 28.217
      vertex -24 -3.4641 32
    endloop
  endfacet
  facet normal 1 0 0
    outer loop
      vertex -24 -3.68362 31.5591
      vertex -24 -3.77262 28.6706
      vertex -24 -3.58065 28.217
    endloop
  endfacet
  facet normal 1 -0 0
    outer loop
      vertex -24 -3.8473 31.0947
      vertex -24 -3.77262 28.6706
      vertex -24 -3.68362 31.5591
    endloop
  endfacet
  facet normal 1 0 0
    outer loop
      vertex -24 -3.8473 31.0947
      vertex -24 -3.90739 29.1443
      vertex -24 -3.77262 28.6706
    endloop
  endfacet
  facet normal 1 -0 0
    outer loop
      vertex -24 -3.95266 30.6136
      vertex -24 -3.90739 29.1443
      vertex -24 -3.8473 31.0947
    endloop
  endfacet
  facet normal 1 0 0
    outer loop
      vertex -24 -3.95266 30.6136
      vertex -24 -3.98294 29.6309
      vertex -24 -3.90739 29.1443
    endloop
  endfacet
  facet normal 1 0 -0
    outer loop
      vertex -24 -3.98294 29.6309
      vertex -24 -3.95266 30.6136
      vertex -24 -3.9981 30.1232
    endloop
  endfacet
  facet normal 0 -0.976849 0.213928
    outer loop
      vertex -29 -3.95266 30.6136
      vertex -28.9938 -3.8473 31.0947
      vertex -29 -3.8473 31.0947
    endloop
  endfacet
  facet normal 0 -0.976849 0.213928
    outer loop
      vertex -28.9938 -3.8473 31.0947
      vertex -29 -3.95266 30.6136
      vertex -28.9938 -3.95266 30.6136
    endloop
  endfacet
  facet normal 0 -0.976849 0.213928
    outer loop
      vertex -26.5924 -3.95266 30.6136
      vertex -24 -3.8473 31.0947
      vertex -26.5924 -3.8473 31.0947
    endloop
  endfacet
  facet normal 0 -0.976849 0.213928
    outer loop
      vertex -24 -3.8473 31.0947
      vertex -26.5924 -3.95266 30.6136
      vertex -24 -3.95266 30.6136
    endloop
  endfacet
  facet normal 0 -0.243867 0.969809
    outer loop
      vertex -26.5924 -0.734998 33.9319
      vertex -24 -1.21261 33.8118
      vertex -24 -0.734998 33.9319
    endloop
  endfacet
  facet normal 0 -0.243867 0.969809
    outer loop
      vertex -24 -1.21261 33.8118
      vertex -26.5924 -0.734998 33.9319
      vertex -26.5924 -1.21261 33.8118
    endloop
  endfacet
  facet normal 0 -0.243867 0.969809
    outer loop
      vertex -29 -0.734998 33.9319
      vertex -28.9938 -1.21261 33.8118
      vertex -28.9938 -0.734998 33.9319
    endloop
  endfacet
  facet normal 0 -0.243867 0.969809
    outer loop
      vertex -28.9938 -1.21261 33.8118
      vertex -29 -0.734998 33.9319
      vertex -29 -1.21261 33.8118
    endloop
  endfacet
  facet normal 0 -0.577843 0.816148
    outer loop
      vertex -26.5924 -2.10573 33.4009
      vertex -24 -2.5077 33.1163
      vertex -24 -2.10573 33.4009
    endloop
  endfacet
  facet normal 0 -0.577843 0.816148
    outer loop
      vertex -24 -2.5077 33.1163
      vertex -26.5924 -2.10573 33.4009
      vertex -26.5924 -2.5077 33.1163
    endloop
  endfacet
  facet normal 0 -0.577843 0.816148
    outer loop
      vertex -29 -2.10573 33.4009
      vertex -28.9938 -2.5077 33.1163
      vertex -28.9938 -2.10573 33.4009
    endloop
  endfacet
  facet normal 0 -0.577843 0.816148
    outer loop
      vertex -28.9938 -2.5077 33.1163
      vertex -29 -2.10573 33.4009
      vertex -29 -2.5077 33.1163
    endloop
  endfacet
  facet normal 0 -0.798007 -0.602648
    outer loop
      vertex -26.5924 -3.03762 27.3975
      vertex -24 -3.33441 27.7905
      vertex -26.5924 -3.33441 27.7905
    endloop
  endfacet
  facet normal 0 -0.798007 -0.602648
    outer loop
      vertex -24 -3.33441 27.7905
      vertex -26.5924 -3.03762 27.3975
      vertex -24 -3.03762 27.3975
    endloop
  endfacet
  facet normal 0 -0.798007 -0.602648
    outer loop
      vertex -29 -3.03762 27.3975
      vertex -28.9938 -3.33441 27.7905
      vertex -29 -3.33441 27.7905
    endloop
  endfacet
  facet normal 0 -0.798007 -0.602648
    outer loop
      vertex -28.9938 -3.33441 27.7905
      vertex -29 -3.03762 27.3975
      vertex -28.9938 -3.03762 27.3975
    endloop
  endfacet
  facet normal 0 -0.866025 -0.5
    outer loop
      vertex -26.5924 -3.33441 27.7905
      vertex -24 -3.58065 28.217
      vertex -26.5924 -3.58065 28.217
    endloop
  endfacet
  facet normal 0 -0.866025 -0.5
    outer loop
      vertex -24 -3.58065 28.217
      vertex -26.5924 -3.33441 27.7905
      vertex -24 -3.33441 27.7905
    endloop
  endfacet
  facet normal 0 -0.866025 -0.5
    outer loop
      vertex -29 -3.33441 27.7905
      vertex -28.9938 -3.58065 28.217
      vertex -29 -3.58065 28.217
    endloop
  endfacet
  facet normal 0 -0.866025 -0.5
    outer loop
      vertex -28.9938 -3.58065 28.217
      vertex -29 -3.33441 27.7905
      vertex -28.9938 -3.33441 27.7905
    endloop
  endfacet
  facet normal 0 -0.418066 -0.908416
    outer loop
      vertex -29 -1.89237 26.476
      vertex -28.9938 -1.44497 26.2701
      vertex -28.9938 -1.89237 26.476
    endloop
  endfacet
  facet normal -0 -0.418066 -0.908416
    outer loop
      vertex -28.9938 -1.44497 26.2701
      vertex -29 -1.89237 26.476
      vertex -29 -1.44497 26.2701
    endloop
  endfacet
  facet normal 0 -0.418066 -0.908416
    outer loop
      vertex -26.5924 -1.89237 26.476
      vertex -24 -1.44497 26.2701
      vertex -24 -1.89237 26.476
    endloop
  endfacet
  facet normal -0 -0.418066 -0.908416
    outer loop
      vertex -24 -1.44497 26.2701
      vertex -26.5924 -1.89237 26.476
      vertex -26.5924 -1.44497 26.2701
    endloop
  endfacet
  facet normal 0 -0.759409 0.650614
    outer loop
      vertex -29 -3.19207 32.4105
      vertex -28.9938 -2.87165 32.7845
      vertex -29 -2.87165 32.7845
    endloop
  endfacet
  facet normal 0 -0.759409 0.650614
    outer loop
      vertex -28.9938 -2.87165 32.7845
      vertex -29 -3.19207 32.4105
      vertex -28.9938 -3.19207 32.4105
    endloop
  endfacet
  facet normal 0 -0.759409 0.650614
    outer loop
      vertex -26.5924 -3.19207 32.4105
      vertex -24 -2.87165 32.7845
      vertex -26.5924 -2.87165 32.7845
    endloop
  endfacet
  facet normal 0 -0.759409 0.650614
    outer loop
      vertex -24 -2.87165 32.7845
      vertex -26.5924 -3.19207 32.4105
      vertex -24 -3.19207 32.4105
    endloop
  endfacet
  facet normal 0 -0.0615247 -0.998106
    outer loop
      vertex 29 -0.491552 26.0303
      vertex 34 0 26
      vertex 34 -0.491552 26.0303
    endloop
  endfacet
  facet normal -0 -0.0615247 -0.998106
    outer loop
      vertex 34 0 26
      vertex 29 -0.491552 26.0303
      vertex 29 0 26
    endloop
  endfacet
  facet normal 0 0.526334 -0.850278
    outer loop
      vertex 29 1.89237 26.476
      vertex 34 2.3111 26.7352
      vertex 34 1.89237 26.476
    endloop
  endfacet
  facet normal 0 0.526334 -0.850278
    outer loop
      vertex 34 2.3111 26.7352
      vertex 29 1.89237 26.476
      vertex 29 2.3111 26.7352
    endloop
  endfacet
  facet normal 0 0.895181 0.445702
    outer loop
      vertex 34 3.68362 31.5591
      vertex 29 3.4641 32
      vertex 34 3.4641 32
    endloop
  endfacet
  facet normal 0 0.895181 0.445702
    outer loop
      vertex 29 3.4641 32
      vertex 34 3.68362 31.5591
      vertex 29 3.68362 31.5591
    endloop
  endfacet
  facet normal -0 0.36123 0.932477
    outer loop
      vertex 29 1.67184 33.6339
      vertex 34 1.21261 33.8118
      vertex 34 1.67184 33.6339
    endloop
  endfacet
  facet normal 0 0.36123 0.932477
    outer loop
      vertex 34 1.21261 33.8118
      vertex 29 1.67184 33.6339
      vertex 29 1.21261 33.8118
    endloop
  endfacet
  facet normal 0 0.418066 -0.908416
    outer loop
      vertex 29 1.44497 26.2701
      vertex 34 1.89237 26.476
      vertex 34 1.44497 26.2701
    endloop
  endfacet
  facet normal 0 0.418066 -0.908416
    outer loop
      vertex 34 1.89237 26.476
      vertex 29 1.44497 26.2701
      vertex 29 1.89237 26.476
    endloop
  endfacet
  facet normal 0 0.999526 -0.0307796
    outer loop
      vertex 34 3.98294 29.6309
      vertex 29 3.9981 30.1232
      vertex 34 3.9981 30.1232
    endloop
  endfacet
  facet normal 0 0.999526 -0.0307796
    outer loop
      vertex 29 3.9981 30.1232
      vertex 34 3.98294 29.6309
      vertex 29 3.98294 29.6309
    endloop
  endfacet
  facet normal 0 0.866025 -0.5
    outer loop
      vertex 34 3.33441 27.7905
      vertex 29 3.58065 28.217
      vertex 34 3.58065 28.217
    endloop
  endfacet
  facet normal 0 0.866025 -0.5
    outer loop
      vertex 29 3.58065 28.217
      vertex 34 3.33441 27.7905
      vertex 29 3.33441 27.7905
    endloop
  endfacet
  facet normal -0 0.577843 0.816148
    outer loop
      vertex 29 2.5077 33.1163
      vertex 34 2.10573 33.4009
      vertex 34 2.5077 33.1163
    endloop
  endfacet
  facet normal 0 0.577843 0.816148
    outer loop
      vertex 34 2.10573 33.4009
      vertex 29 2.5077 33.1163
      vertex 29 2.10573 33.4009
    endloop
  endfacet
  facet normal 0 0.976849 0.213928
    outer loop
      vertex 34 3.95266 30.6136
      vertex 29 3.8473 31.0947
      vertex 34 3.8473 31.0947
    endloop
  endfacet
  facet normal 0 0.976849 0.213928
    outer loop
      vertex 29 3.8473 31.0947
      vertex 34 3.95266 30.6136
      vertex 29 3.95266 30.6136
    endloop
  endfacet
  facet normal -0 0.673713 0.738993
    outer loop
      vertex 29 2.87165 32.7845
      vertex 34 2.5077 33.1163
      vertex 34 2.87165 32.7845
    endloop
  endfacet
  facet normal 0 0.673713 0.738993
    outer loop
      vertex 34 2.5077 33.1163
      vertex 29 2.87165 32.7845
      vertex 29 2.5077 33.1163
    endloop
  endfacet
  facet normal 0 0.18376 -0.982971
    outer loop
      vertex 29 0.491552 26.0303
      vertex 34 0.975655 26.1208
      vertex 34 0.491552 26.0303
    endloop
  endfacet
  facet normal 0 0.18376 -0.982971
    outer loop
      vertex 34 0.975655 26.1208
      vertex 29 0.491552 26.0303
      vertex 29 0.975655 26.1208
    endloop
  endfacet
  facet normal 0 0.303153 -0.952942
    outer loop
      vertex 29 0.975655 26.1208
      vertex 34 1.44497 26.2701
      vertex 34 0.975655 26.1208
    endloop
  endfacet
  facet normal 0 0.303153 -0.952942
    outer loop
      vertex 34 1.44497 26.2701
      vertex 29 0.975655 26.1208
      vertex 29 1.44497 26.2701
    endloop
  endfacet
  facet normal 0 0.717847 -0.6962
    outer loop
      vertex 34 2.69478 27.044
      vertex 29 3.03762 27.3975
      vertex 34 3.03762 27.3975
    endloop
  endfacet
  facet normal 0 0.717847 -0.6962
    outer loop
      vertex 29 3.03762 27.3975
      vertex 34 2.69478 27.044
      vertex 29 2.69478 27.044
    endloop
  endfacet
  facet normal 0 0.995735 0.0922638
    outer loop
      vertex 34 3.9981 30.1232
      vertex 29 3.95266 30.6136
      vertex 34 3.95266 30.6136
    endloop
  endfacet
  facet normal 0 0.995735 0.0922638
    outer loop
      vertex 29 3.95266 30.6136
      vertex 34 3.9981 30.1232
      vertex 29 3.9981 30.1232
    endloop
  endfacet
  facet normal 0 0.961831 -0.273646
    outer loop
      vertex 34 3.77262 28.6706
      vertex 29 3.90739 29.1443
      vertex 34 3.90739 29.1443
    endloop
  endfacet
  facet normal 0 0.961831 -0.273646
    outer loop
      vertex 29 3.90739 29.1443
      vertex 34 3.77262 28.6706
      vertex 29 3.77262 28.6706
    endloop
  endfacet
  facet normal 0 0.920922 -0.389747
    outer loop
      vertex 34 3.58065 28.217
      vertex 29 3.77262 28.6706
      vertex 34 3.77262 28.6706
    endloop
  endfacet
  facet normal 0 0.920922 -0.389747
    outer loop
      vertex 29 3.77262 28.6706
      vertex 34 3.58065 28.217
      vertex 29 3.58065 28.217
    endloop
  endfacet
  facet normal 0 0.798007 -0.602648
    outer loop
      vertex 34 3.03762 27.3975
      vertex 29 3.33441 27.7905
      vertex 34 3.33441 27.7905
    endloop
  endfacet
  facet normal 0 0.798007 -0.602648
    outer loop
      vertex 29 3.33441 27.7905
      vertex 34 3.03762 27.3975
      vertex 29 3.03762 27.3975
    endloop
  endfacet
  facet normal -0 0 1
    outer loop
      vertex 29 0.246243 33.9924
      vertex 34 -0.246243 33.9924
      vertex 34 0.246243 33.9924
    endloop
  endfacet
  facet normal 0 0 1
    outer loop
      vertex 34 -0.246243 33.9924
      vertex 29 0.246243 33.9924
      vertex 29 -0.246243 33.9924
    endloop
  endfacet
  facet normal -0 0.243867 0.969809
    outer loop
      vertex 29 1.21261 33.8118
      vertex 34 0.734998 33.9319
      vertex 34 1.21261 33.8118
    endloop
  endfacet
  facet normal 0 0.243867 0.969809
    outer loop
      vertex 34 0.734998 33.9319
      vertex 29 1.21261 33.8118
      vertex 29 0.734998 33.9319
    endloop
  endfacet
  facet normal -0 0.473103 0.881007
    outer loop
      vertex 29 2.10573 33.4009
      vertex 34 1.67184 33.6339
      vertex 34 2.10573 33.4009
    endloop
  endfacet
  facet normal 0 0.473103 0.881007
    outer loop
      vertex 34 1.67184 33.6339
      vertex 29 2.10573 33.4009
      vertex 29 1.67184 33.6339
    endloop
  endfacet
  facet normal 0 0.943134 0.332412
    outer loop
      vertex 34 3.8473 31.0947
      vertex 29 3.68362 31.5591
      vertex 34 3.68362 31.5591
    endloop
  endfacet
  facet normal 0 0.943134 0.332412
    outer loop
      vertex 29 3.68362 31.5591
      vertex 34 3.8473 31.0947
      vertex 29 3.8473 31.0947
    endloop
  endfacet
  facet normal 0 0.759409 0.650614
    outer loop
      vertex 34 3.19207 32.4105
      vertex 29 2.87165 32.7845
      vertex 34 2.87165 32.7845
    endloop
  endfacet
  facet normal 0 0.759409 0.650614
    outer loop
      vertex 29 2.87165 32.7845
      vertex 34 3.19207 32.4105
      vertex 29 3.19207 32.4105
    endloop
  endfacet
  facet normal 0 0.833581 0.552397
    outer loop
      vertex 34 3.4641 32
      vertex 29 3.19207 32.4105
      vertex 34 3.19207 32.4105
    endloop
  endfacet
  facet normal 0 0.833581 0.552397
    outer loop
      vertex 29 3.19207 32.4105
      vertex 34 3.4641 32
      vertex 29 3.4641 32
    endloop
  endfacet
  facet normal 0 0.0615247 -0.998106
    outer loop
      vertex 29 0 26
      vertex 34 0.491552 26.0303
      vertex 34 0 26
    endloop
  endfacet
  facet normal 0 0.0615247 -0.998106
    outer loop
      vertex 34 0.491552 26.0303
      vertex 29 0 26
      vertex 29 0.491552 26.0303
    endloop
  endfacet
  facet normal 0 -0.303153 -0.952942
    outer loop
      vertex 29 -1.44497 26.2701
      vertex 34 -0.975655 26.1208
      vertex 34 -1.44497 26.2701
    endloop
  endfacet
  facet normal -0 -0.303153 -0.952942
    outer loop
      vertex 34 -0.975655 26.1208
      vertex 29 -1.44497 26.2701
      vertex 29 -0.975655 26.1208
    endloop
  endfacet
  facet normal 0 -0.833581 0.552397
    outer loop
      vertex 29 -3.4641 32
      vertex 34 -3.19207 32.4105
      vertex 29 -3.19207 32.4105
    endloop
  endfacet
  facet normal 0 -0.833581 0.552397
    outer loop
      vertex 34 -3.19207 32.4105
      vertex 29 -3.4641 32
      vertex 34 -3.4641 32
    endloop
  endfacet
  facet normal 0 -0.122846 0.992426
    outer loop
      vertex 29 -0.246243 33.9924
      vertex 34 -0.734998 33.9319
      vertex 34 -0.246243 33.9924
    endloop
  endfacet
  facet normal 0 -0.122846 0.992426
    outer loop
      vertex 34 -0.734998 33.9319
      vertex 29 -0.246243 33.9924
      vertex 29 -0.734998 33.9319
    endloop
  endfacet
  facet normal 0 -0.988161 -0.153423
    outer loop
      vertex 29 -3.90739 29.1443
      vertex 34 -3.98294 29.6309
      vertex 29 -3.98294 29.6309
    endloop
  endfacet
  facet normal 0 -0.988161 -0.153423
    outer loop
      vertex 34 -3.98294 29.6309
      vertex 29 -3.90739 29.1443
      vertex 34 -3.90739 29.1443
    endloop
  endfacet
  facet normal 0 -0.920922 -0.389747
    outer loop
      vertex 29 -3.58065 28.217
      vertex 34 -3.77262 28.6706
      vertex 29 -3.77262 28.6706
    endloop
  endfacet
  facet normal 0 -0.920922 -0.389747
    outer loop
      vertex 34 -3.77262 28.6706
      vertex 29 -3.58065 28.217
      vertex 34 -3.58065 28.217
    endloop
  endfacet
  facet normal 0 0.62699 -0.779027
    outer loop
      vertex 29 2.3111 26.7352
      vertex 34 2.69478 27.044
      vertex 34 2.3111 26.7352
    endloop
  endfacet
  facet normal 0 0.62699 -0.779027
    outer loop
      vertex 34 2.69478 27.044
      vertex 29 2.3111 26.7352
      vertex 29 2.69478 27.044
    endloop
  endfacet
  facet normal 0 0.988161 -0.153423
    outer loop
      vertex 34 3.90739 29.1443
      vertex 29 3.98294 29.6309
      vertex 34 3.98294 29.6309
    endloop
  endfacet
  facet normal 0 0.988161 -0.153423
    outer loop
      vertex 29 3.98294 29.6309
      vertex 34 3.90739 29.1443
      vertex 29 3.90739 29.1443
    endloop
  endfacet
  facet normal -0 0.122846 0.992426
    outer loop
      vertex 29 0.734998 33.9319
      vertex 34 0.246243 33.9924
      vertex 34 0.734998 33.9319
    endloop
  endfacet
  facet normal 0 0.122846 0.992426
    outer loop
      vertex 34 0.246243 33.9924
      vertex 29 0.734998 33.9319
      vertex 29 0.246243 33.9924
    endloop
  endfacet
  facet normal 0 -0.18376 -0.982971
    outer loop
      vertex 29 -0.975655 26.1208
      vertex 34 -0.491552 26.0303
      vertex 34 -0.975655 26.1208
    endloop
  endfacet
  facet normal -0 -0.18376 -0.982971
    outer loop
      vertex 34 -0.491552 26.0303
      vertex 29 -0.975655 26.1208
      vertex 29 -0.491552 26.0303
    endloop
  endfacet
  facet normal 0 -0.895181 0.445702
    outer loop
      vertex 29 -3.68362 31.5591
      vertex 34 -3.4641 32
      vertex 29 -3.4641 32
    endloop
  endfacet
  facet normal 0 -0.895181 0.445702
    outer loop
      vertex 34 -3.4641 32
      vertex 29 -3.68362 31.5591
      vertex 34 -3.68362 31.5591
    endloop
  endfacet
  facet normal 0 -0.36123 0.932477
    outer loop
      vertex 29 -1.21261 33.8118
      vertex 34 -1.67184 33.6339
      vertex 34 -1.21261 33.8118
    endloop
  endfacet
  facet normal 0 -0.36123 0.932477
    outer loop
      vertex 34 -1.67184 33.6339
      vertex 29 -1.21261 33.8118
      vertex 29 -1.67184 33.6339
    endloop
  endfacet
  facet normal 0 -0.473103 0.881007
    outer loop
      vertex 29 -1.67184 33.6339
      vertex 34 -2.10573 33.4009
      vertex 34 -1.67184 33.6339
    endloop
  endfacet
  facet normal 0 -0.473103 0.881007
    outer loop
      vertex 34 -2.10573 33.4009
      vertex 29 -1.67184 33.6339
      vertex 29 -2.10573 33.4009
    endloop
  endfacet
  facet normal 0 -0.673713 0.738993
    outer loop
      vertex 29 -2.5077 33.1163
      vertex 34 -2.87165 32.7845
      vertex 34 -2.5077 33.1163
    endloop
  endfacet
  facet normal 0 -0.673713 0.738993
    outer loop
      vertex 34 -2.87165 32.7845
      vertex 29 -2.5077 33.1163
      vertex 29 -2.87165 32.7845
    endloop
  endfacet
  facet normal 0 -0.717847 -0.6962
    outer loop
      vertex 29 -2.69478 27.044
      vertex 34 -3.03762 27.3975
      vertex 29 -3.03762 27.3975
    endloop
  endfacet
  facet normal 0 -0.717847 -0.6962
    outer loop
      vertex 34 -3.03762 27.3975
      vertex 29 -2.69478 27.044
      vertex 34 -2.69478 27.044
    endloop
  endfacet
  facet normal 0 -0.62699 -0.779027
    outer loop
      vertex 29 -2.69478 27.044
      vertex 34 -2.3111 26.7352
      vertex 34 -2.69478 27.044
    endloop
  endfacet
  facet normal -0 -0.62699 -0.779027
    outer loop
      vertex 34 -2.3111 26.7352
      vertex 29 -2.69478 27.044
      vertex 29 -2.3111 26.7352
    endloop
  endfacet
  facet normal 0 -0.526334 -0.850278
    outer loop
      vertex 29 -2.3111 26.7352
      vertex 34 -1.89237 26.476
      vertex 34 -2.3111 26.7352
    endloop
  endfacet
  facet normal -0 -0.526334 -0.850278
    outer loop
      vertex 34 -1.89237 26.476
      vertex 29 -2.3111 26.7352
      vertex 29 -1.89237 26.476
    endloop
  endfacet
  facet normal 0 -0.961831 -0.273646
    outer loop
      vertex 29 -3.77262 28.6706
      vertex 34 -3.90739 29.1443
      vertex 29 -3.90739 29.1443
    endloop
  endfacet
  facet normal 0 -0.961831 -0.273646
    outer loop
      vertex 34 -3.90739 29.1443
      vertex 29 -3.77262 28.6706
      vertex 34 -3.77262 28.6706
    endloop
  endfacet
  facet normal 0 -0.999526 -0.0307796
    outer loop
      vertex 29 -3.98294 29.6309
      vertex 34 -3.9981 30.1232
      vertex 29 -3.9981 30.1232
    endloop
  endfacet
  facet normal 0 -0.999526 -0.0307796
    outer loop
      vertex 34 -3.9981 30.1232
      vertex 29 -3.98294 29.6309
      vertex 34 -3.98294 29.6309
    endloop
  endfacet
  facet normal 0 -0.995735 0.0922638
    outer loop
      vertex 29 -3.9981 30.1232
      vertex 34 -3.95266 30.6136
      vertex 29 -3.95266 30.6136
    endloop
  endfacet
  facet normal 0 -0.995735 0.0922638
    outer loop
      vertex 34 -3.95266 30.6136
      vertex 29 -3.9981 30.1232
      vertex 34 -3.9981 30.1232
    endloop
  endfacet
  facet normal 0 -0.943134 0.332412
    outer loop
      vertex 29 -3.8473 31.0947
      vertex 34 -3.68362 31.5591
      vertex 29 -3.68362 31.5591
    endloop
  endfacet
  facet normal 0 -0.943134 0.332412
    outer loop
      vertex 34 -3.68362 31.5591
      vertex 29 -3.8473 31.0947
      vertex 34 -3.8473 31.0947
    endloop
  endfacet
  facet normal 1 0 0
    outer loop
      vertex 34 3.95266 30.6136
      vertex 34 3.98294 29.6309
      vertex 34 3.9981 30.1232
    endloop
  endfacet
  facet normal 1 0 0
    outer loop
      vertex 34 3.95266 30.6136
      vertex 34 3.90739 29.1443
      vertex 34 3.98294 29.6309
    endloop
  endfacet
  facet normal 1 0 0
    outer loop
      vertex 34 3.8473 31.0947
      vertex 34 3.90739 29.1443
      vertex 34 3.95266 30.6136
    endloop
  endfacet
  facet normal 1 0 0
    outer loop
      vertex 34 3.8473 31.0947
      vertex 34 3.77262 28.6706
      vertex 34 3.90739 29.1443
    endloop
  endfacet
  facet normal 1 0 0
    outer loop
      vertex 34 3.68362 31.5591
      vertex 34 3.77262 28.6706
      vertex 34 3.8473 31.0947
    endloop
  endfacet
  facet normal 1 0 0
    outer loop
      vertex 34 3.68362 31.5591
      vertex 34 3.58065 28.217
      vertex 34 3.77262 28.6706
    endloop
  endfacet
  facet normal 1 0 0
    outer loop
      vertex 34 3.4641 32
      vertex 34 3.58065 28.217
      vertex 34 3.68362 31.5591
    endloop
  endfacet
  facet normal 1 0 0
    outer loop
      vertex 34 3.4641 32
      vertex 34 3.33441 27.7905
      vertex 34 3.58065 28.217
    endloop
  endfacet
  facet normal 1 0 0
    outer loop
      vertex 34 3.19207 32.4105
      vertex 34 3.33441 27.7905
      vertex 34 3.4641 32
    endloop
  endfacet
  facet normal 1 0 0
    outer loop
      vertex 34 3.19207 32.4105
      vertex 34 3.03762 27.3975
      vertex 34 3.33441 27.7905
    endloop
  endfacet
  facet normal 1 0 0
    outer loop
      vertex 34 2.87165 32.7845
      vertex 34 3.03762 27.3975
      vertex 34 3.19207 32.4105
    endloop
  endfacet
  facet normal 1 0 0
    outer loop
      vertex 34 2.87165 32.7845
      vertex 34 2.69478 27.044
      vertex 34 3.03762 27.3975
    endloop
  endfacet
  facet normal 1 0 0
    outer loop
      vertex 34 2.5077 33.1163
      vertex 34 2.69478 27.044
      vertex 34 2.87165 32.7845
    endloop
  endfacet
  facet normal 1 0 0
    outer loop
      vertex 34 2.5077 33.1163
      vertex 34 2.3111 26.7352
      vertex 34 2.69478 27.044
    endloop
  endfacet
  facet normal 1 0 0
    outer loop
      vertex 34 2.10573 33.4009
      vertex 34 2.3111 26.7352
      vertex 34 2.5077 33.1163
    endloop
  endfacet
  facet normal 1 0 0
    outer loop
      vertex 34 2.10573 33.4009
      vertex 34 1.89237 26.476
      vertex 34 2.3111 26.7352
    endloop
  endfacet
  facet normal 1 0 0
    outer loop
      vertex 34 1.67184 33.6339
      vertex 34 1.89237 26.476
      vertex 34 2.10573 33.4009
    endloop
  endfacet
  facet normal 1 0 0
    outer loop
      vertex 34 1.67184 33.6339
      vertex 34 1.44497 26.2701
      vertex 34 1.89237 26.476
    endloop
  endfacet
  facet normal 1 0 0
    outer loop
      vertex 34 1.21261 33.8118
      vertex 34 1.44497 26.2701
      vertex 34 1.67184 33.6339
    endloop
  endfacet
  facet normal 1 0 0
    outer loop
      vertex 34 1.21261 33.8118
      vertex 34 0.975655 26.1208
      vertex 34 1.44497 26.2701
    endloop
  endfacet
  facet normal 1 0 0
    outer loop
      vertex 34 0.734998 33.9319
      vertex 34 0.975655 26.1208
      vertex 34 1.21261 33.8118
    endloop
  endfacet
  facet normal 1 0 0
    outer loop
      vertex 34 0.734998 33.9319
      vertex 34 0.491552 26.0303
      vertex 34 0.975655 26.1208
    endloop
  endfacet
  facet normal 1 0 0
    outer loop
      vertex 34 0.246243 33.9924
      vertex 34 0.491552 26.0303
      vertex 34 0.734998 33.9319
    endloop
  endfacet
  facet normal 1 0 0
    outer loop
      vertex 34 0.246243 33.9924
      vertex 34 0 26
      vertex 34 0.491552 26.0303
    endloop
  endfacet
  facet normal 1 -0 0
    outer loop
      vertex 34 -0.246243 33.9924
      vertex 34 0 26
      vertex 34 0.246243 33.9924
    endloop
  endfacet
  facet normal 1 0 0
    outer loop
      vertex 34 -0.246243 33.9924
      vertex 34 -0.491552 26.0303
      vertex 34 0 26
    endloop
  endfacet
  facet normal 1 -0 0
    outer loop
      vertex 34 -0.734998 33.9319
      vertex 34 -0.491552 26.0303
      vertex 34 -0.246243 33.9924
    endloop
  endfacet
  facet normal 1 0 0
    outer loop
      vertex 34 -0.734998 33.9319
      vertex 34 -0.975655 26.1208
      vertex 34 -0.491552 26.0303
    endloop
  endfacet
  facet normal 1 -0 0
    outer loop
      vertex 34 -1.21261 33.8118
      vertex 34 -0.975655 26.1208
      vertex 34 -0.734998 33.9319
    endloop
  endfacet
  facet normal 1 0 0
    outer loop
      vertex 34 -1.21261 33.8118
      vertex 34 -1.44497 26.2701
      vertex 34 -0.975655 26.1208
    endloop
  endfacet
  facet normal 1 -0 0
    outer loop
      vertex 34 -1.67184 33.6339
      vertex 34 -1.44497 26.2701
      vertex 34 -1.21261 33.8118
    endloop
  endfacet
  facet normal 1 0 0
    outer loop
      vertex 34 -1.67184 33.6339
      vertex 34 -1.89237 26.476
      vertex 34 -1.44497 26.2701
    endloop
  endfacet
  facet normal 1 -0 0
    outer loop
      vertex 34 -2.10573 33.4009
      vertex 34 -1.89237 26.476
      vertex 34 -1.67184 33.6339
    endloop
  endfacet
  facet normal 1 0 0
    outer loop
      vertex 34 -2.10573 33.4009
      vertex 34 -2.3111 26.7352
      vertex 34 -1.89237 26.476
    endloop
  endfacet
  facet normal 1 -0 0
    outer loop
      vertex 34 -2.5077 33.1163
      vertex 34 -2.3111 26.7352
      vertex 34 -2.10573 33.4009
    endloop
  endfacet
  facet normal 1 0 0
    outer loop
      vertex 34 -2.5077 33.1163
      vertex 34 -2.69478 27.044
      vertex 34 -2.3111 26.7352
    endloop
  endfacet
  facet normal 1 -0 0
    outer loop
      vertex 34 -2.87165 32.7845
      vertex 34 -2.69478 27.044
      vertex 34 -2.5077 33.1163
    endloop
  endfacet
  facet normal 1 0 0
    outer loop
      vertex 34 -2.87165 32.7845
      vertex 34 -3.03762 27.3975
      vertex 34 -2.69478 27.044
    endloop
  endfacet
  facet normal 1 -0 0
    outer loop
      vertex 34 -3.19207 32.4105
      vertex 34 -3.03762 27.3975
      vertex 34 -2.87165 32.7845
    endloop
  endfacet
  facet normal 1 0 0
    outer loop
      vertex 34 -3.19207 32.4105
      vertex 34 -3.33441 27.7905
      vertex 34 -3.03762 27.3975
    endloop
  endfacet
  facet normal 1 -0 0
    outer loop
      vertex 34 -3.4641 32
      vertex 34 -3.33441 27.7905
      vertex 34 -3.19207 32.4105
    endloop
  endfacet
  facet normal 1 0 0
    outer loop
      vertex 34 -3.4641 32
      vertex 34 -3.58065 28.217
      vertex 34 -3.33441 27.7905
    endloop
  endfacet
  facet normal 1 -0 0
    outer loop
      vertex 34 -3.68362 31.5591
      vertex 34 -3.58065 28.217
      vertex 34 -3.4641 32
    endloop
  endfacet
  facet normal 1 0 0
    outer loop
      vertex 34 -3.68362 31.5591
      vertex 34 -3.77262 28.6706
      vertex 34 -3.58065 28.217
    endloop
  endfacet
  facet normal 1 -0 0
    outer loop
      vertex 34 -3.8473 31.0947
      vertex 34 -3.77262 28.6706
      vertex 34 -3.68362 31.5591
    endloop
  endfacet
  facet normal 1 0 0
    outer loop
      vertex 34 -3.8473 31.0947
      vertex 34 -3.90739 29.1443
      vertex 34 -3.77262 28.6706
    endloop
  endfacet
  facet normal 1 -0 0
    outer loop
      vertex 34 -3.95266 30.6136
      vertex 34 -3.90739 29.1443
      vertex 34 -3.8473 31.0947
    endloop
  endfacet
  facet normal 1 0 0
    outer loop
      vertex 34 -3.95266 30.6136
      vertex 34 -3.98294 29.6309
      vertex 34 -3.90739 29.1443
    endloop
  endfacet
  facet normal 1 0 -0
    outer loop
      vertex 34 -3.98294 29.6309
      vertex 34 -3.95266 30.6136
      vertex 34 -3.9981 30.1232
    endloop
  endfacet
  facet normal 0 -0.976849 0.213928
    outer loop
      vertex 29 -3.95266 30.6136
      vertex 34 -3.8473 31.0947
      vertex 29 -3.8473 31.0947
    endloop
  endfacet
  facet normal 0 -0.976849 0.213928
    outer loop
      vertex 34 -3.8473 31.0947
      vertex 29 -3.95266 30.6136
      vertex 34 -3.95266 30.6136
    endloop
  endfacet
  facet normal 0 -0.243867 0.969809
    outer loop
      vertex 29 -0.734998 33.9319
      vertex 34 -1.21261 33.8118
      vertex 34 -0.734998 33.9319
    endloop
  endfacet
  facet normal 0 -0.243867 0.969809
    outer loop
      vertex 34 -1.21261 33.8118
      vertex 29 -0.734998 33.9319
      vertex 29 -1.21261 33.8118
    endloop
  endfacet
  facet normal 0 -0.577843 0.816148
    outer loop
      vertex 29 -2.10573 33.4009
      vertex 34 -2.5077 33.1163
      vertex 34 -2.10573 33.4009
    endloop
  endfacet
  facet normal 0 -0.577843 0.816148
    outer loop
      vertex 34 -2.5077 33.1163
      vertex 29 -2.10573 33.4009
      vertex 29 -2.5077 33.1163
    endloop
  endfacet
  facet normal 0 -0.798007 -0.602648
    outer loop
      vertex 29 -3.03762 27.3975
      vertex 34 -3.33441 27.7905
      vertex 29 -3.33441 27.7905
    endloop
  endfacet
  facet normal 0 -0.798007 -0.602648
    outer loop
      vertex 34 -3.33441 27.7905
      vertex 29 -3.03762 27.3975
      vertex 34 -3.03762 27.3975
    endloop
  endfacet
  facet normal 0 -0.866025 -0.5
    outer loop
      vertex 29 -3.33441 27.7905
      vertex 34 -3.58065 28.217
      vertex 29 -3.58065 28.217
    endloop
  endfacet
  facet normal 0 -0.866025 -0.5
    outer loop
      vertex 34 -3.58065 28.217
      vertex 29 -3.33441 27.7905
      vertex 34 -3.33441 27.7905
    endloop
  endfacet
  facet normal 0 -0.418066 -0.908416
    outer loop
      vertex 29 -1.89237 26.476
      vertex 34 -1.44497 26.2701
      vertex 34 -1.89237 26.476
    endloop
  endfacet
  facet normal -0 -0.418066 -0.908416
    outer loop
      vertex 34 -1.44497 26.2701
      vertex 29 -1.89237 26.476
      vertex 29 -1.44497 26.2701
    endloop
  endfacet
  facet normal 0 -0.759409 0.650614
    outer loop
      vertex 29 -3.19207 32.4105
      vertex 34 -2.87165 32.7845
      vertex 29 -2.87165 32.7845
    endloop
  endfacet
  facet normal 0 -0.759409 0.650614
    outer loop
      vertex 34 -2.87165 32.7845
      vertex 29 -3.19207 32.4105
      vertex 34 -3.19207 32.4105
    endloop
  endfacet
  facet normal 0 0 1
    outer loop
      vertex -17.346 -15.5039 2.4
      vertex -6 -14.6 2.4
      vertex -6 -14 2.4
    endloop
  endfacet
  facet normal 0 0 1
    outer loop
      vertex -6 -14.6 2.4
      vertex -17.346 -15.5039 2.4
      vertex -17.3 -16 2.4
    endloop
  endfacet
  facet normal 0 0 1
    outer loop
      vertex -6 -14 2.4
      vertex -17.4823 -15.0246 2.4
      vertex -17.346 -15.5039 2.4
    endloop
  endfacet
  facet normal 0 0 1
    outer loop
      vertex -6 -14 2.4
      vertex -17.7044 -14.5786 2.4
      vertex -17.4823 -15.0246 2.4
    endloop
  endfacet
  facet normal 0 0 1
    outer loop
      vertex -6 -14 2.4
      vertex -18.0047 -14.181 2.4
      vertex -17.7044 -14.5786 2.4
    endloop
  endfacet
  facet normal 0 -0 1
    outer loop
      vertex -18.0047 -14.181 2.4
      vertex -6 -14 2.4
      vertex -18.2032 -14 2.4
    endloop
  endfacet
  facet normal -0 0 1
    outer loop
      vertex 6 -14.6 2.4
      vertex 17.346 -15.5039 2.4
      vertex 6 -14 2.4
    endloop
  endfacet
  facet normal 0 0 1
    outer loop
      vertex 17.4823 -15.0246 2.4
      vertex 6 -14 2.4
      vertex 17.346 -15.5039 2.4
    endloop
  endfacet
  facet normal 0 0 1
    outer loop
      vertex 17.7044 -14.5786 2.4
      vertex 6 -14 2.4
      vertex 17.4823 -15.0246 2.4
    endloop
  endfacet
  facet normal 0 0 1
    outer loop
      vertex 18.0047 -14.181 2.4
      vertex 6 -14 2.4
      vertex 17.7044 -14.5786 2.4
    endloop
  endfacet
  facet normal -0 0 1
    outer loop
      vertex 6 -14 2.4
      vertex 18.0047 -14.181 2.4
      vertex 18.2032 -14 2.4
    endloop
  endfacet
  facet normal 0 0 1
    outer loop
      vertex 22.2956 14.5786 2.4
      vertex 26.6 18.6 2.4
      vertex 22.5177 15.0246 2.4
    endloop
  endfacet
  facet normal 0 0 1
    outer loop
      vertex 26.6 -18.6 2.4
      vertex 22.654 -15.5039 2.4
      vertex 22.7 -16 2.4
    endloop
  endfacet
  facet normal 0 0 1
    outer loop
      vertex 21.9953 14.181 2.4
      vertex 26.6 18.6 2.4
      vertex 22.2956 14.5786 2.4
    endloop
  endfacet
  facet normal 0 0 1
    outer loop
      vertex 26.6 -18.6 2.4
      vertex 22.5177 -15.0246 2.4
      vertex 22.654 -15.5039 2.4
    endloop
  endfacet
  facet normal 0 0 1
    outer loop
      vertex 26.6 18.6 2.4
      vertex 21 -12 2.4
      vertex 26.6 -18.6 2.4
    endloop
  endfacet
  facet normal 0 0 1
    outer loop
      vertex 26.6 -18.6 2.4
      vertex 22.2956 -14.5786 2.4
      vertex 22.5177 -15.0246 2.4
    endloop
  endfacet
  facet normal 0 0 1
    outer loop
      vertex 26.6 18.6 2.4
      vertex 21.9953 14.181 2.4
      vertex 21 -12 2.4
    endloop
  endfacet
  facet normal 0 0 1
    outer loop
      vertex 26.6 -18.6 2.4
      vertex 21 -12 2.4
      vertex 22.2956 -14.5786 2.4
    endloop
  endfacet
  facet normal 0 0 1
    outer loop
      vertex 21 -12 2.4
      vertex 21.9953 14.181 2.4
      vertex 21.6271 13.8454 2.4
    endloop
  endfacet
  facet normal 0 0 1
    outer loop
      vertex 22.2956 -14.5786 2.4
      vertex 21 -12 2.4
      vertex 21.9953 -14.181 2.4
    endloop
  endfacet
  facet normal 0 0 1
    outer loop
      vertex 21 -12 2.4
      vertex 21.6271 13.8454 2.4
      vertex 21.2035 13.5831 2.4
    endloop
  endfacet
  facet normal 0 0 1
    outer loop
      vertex 21.9953 -14.181 2.4
      vertex 21 -12 2.4
      vertex 21.6271 -13.8454 2.4
    endloop
  endfacet
  facet normal 0 0 1
    outer loop
      vertex 21.6271 -13.8454 2.4
      vertex 21 -12 2.4
      vertex 21.2035 -13.5831 2.4
    endloop
  endfacet
  facet normal -0 0 1
    outer loop
      vertex 20.7389 13.4031 2.4
      vertex 21 -12 2.4
      vertex 21.2035 13.5831 2.4
    endloop
  endfacet
  facet normal -0 0 1
    outer loop
      vertex 20.2491 13.3115 2.4
      vertex 21 -12 2.4
      vertex 20.7389 13.4031 2.4
    endloop
  endfacet
  facet normal -0 0 1
    outer loop
      vertex 19.7509 13.3115 2.4
      vertex 21 -12 2.4
      vertex 20.2491 13.3115 2.4
    endloop
  endfacet
  facet normal 0 0 1
    outer loop
      vertex 6 4 2.4
      vertex 19.7509 13.3115 2.4
      vertex 19.2611 13.4031 2.4
    endloop
  endfacet
  facet normal 0 0 1
    outer loop
      vertex 6 4 2.4
      vertex 19.2611 13.4031 2.4
      vertex 18.7965 13.5831 2.4
    endloop
  endfacet
  facet normal 0 0 1
    outer loop
      vertex 6 4 2.4
      vertex 18.7965 13.5831 2.4
      vertex 18.3729 13.8454 2.4
    endloop
  endfacet
  facet normal 0 0 1
    outer loop
      vertex 6 4 2.4
      vertex 18.3729 13.8454 2.4
      vertex 18.0047 14.181 2.4
    endloop
  endfacet
  facet normal 0 0 1
    outer loop
      vertex 6 4 2.4
      vertex 18.0047 14.181 2.4
      vertex 17.7044 14.5786 2.4
    endloop
  endfacet
  facet normal 0 0 1
    outer loop
      vertex 6 4 2.4
      vertex 17.7044 14.5786 2.4
      vertex 17.4823 15.0246 2.4
    endloop
  endfacet
  facet normal 0 0 1
    outer loop
      vertex 6 4 2.4
      vertex 17.4823 15.0246 2.4
      vertex 17.346 15.5039 2.4
    endloop
  endfacet
  facet normal 0 0 1
    outer loop
      vertex 6 4 2.4
      vertex 17.346 15.5039 2.4
      vertex 17.3 16 2.4
    endloop
  endfacet
  facet normal 0 0 1
    outer loop
      vertex 19.7509 13.3115 2.4
      vertex 6 4 2.4
      vertex 21 -12 2.4
    endloop
  endfacet
  facet normal -0 0 1
    outer loop
      vertex 6 -4 2.4
      vertex 21 -12 2.4
      vertex 6 4 2.4
    endloop
  endfacet
  facet normal -0 0 1
    outer loop
      vertex 6 -11 2.4
      vertex 21 -12 2.4
      vertex 6 -4 2.4
    endloop
  endfacet
  facet normal 0 0 1
    outer loop
      vertex 21 -12 2.4
      vertex 6 -11 2.4
      vertex 6 -12 2.4
    endloop
  endfacet
  facet normal 0 0 1
    outer loop
      vertex 22.2956 17.4214 2.4
      vertex 26.6 18.6 2.4
      vertex 26.5697 19.0916 2.4
    endloop
  endfacet
  facet normal 0 0 1
    outer loop
      vertex 22.654 15.5039 2.4
      vertex 26.6 18.6 2.4
      vertex 22.7 16 2.4
    endloop
  endfacet
  facet normal 0 0 1
    outer loop
      vertex 22.2956 17.4214 2.4
      vertex 26.5697 19.0916 2.4
      vertex 26.4792 19.5757 2.4
    endloop
  endfacet
  facet normal 0 0 1
    outer loop
      vertex 22.5177 15.0246 2.4
      vertex 26.6 18.6 2.4
      vertex 22.654 15.5039 2.4
    endloop
  endfacet
  facet normal 0 0 1
    outer loop
      vertex 22.2956 17.4214 2.4
      vertex 26.4792 19.5757 2.4
      vertex 26.3299 20.045 2.4
    endloop
  endfacet
  facet normal -0 0 1
    outer loop
      vertex 22.654 -16.4961 2.4
      vertex 26.6 -18.6 2.4
      vertex 22.7 -16 2.4
    endloop
  endfacet
  facet normal 0 0 1
    outer loop
      vertex 21.9953 17.819 2.4
      vertex 26.3299 20.045 2.4
      vertex 26.124 20.4924 2.4
    endloop
  endfacet
  facet normal -0 0 1
    outer loop
      vertex 22.5177 -16.9754 2.4
      vertex 26.6 -18.6 2.4
      vertex 22.654 -16.4961 2.4
    endloop
  endfacet
  facet normal 0 0 1
    outer loop
      vertex 21.9953 17.819 2.4
      vertex 26.124 20.4924 2.4
      vertex 25.8648 20.9111 2.4
    endloop
  endfacet
  facet normal -0 0 1
    outer loop
      vertex 22.2956 -17.4214 2.4
      vertex 26.6 -18.6 2.4
      vertex 22.5177 -16.9754 2.4
    endloop
  endfacet
  facet normal 0 0 1
    outer loop
      vertex 21.9953 17.819 2.4
      vertex 25.8648 20.9111 2.4
      vertex 25.556 21.2948 2.4
    endloop
  endfacet
  facet normal 0 0 1
    outer loop
      vertex 26.6 -18.6 2.4
      vertex 22.2956 -17.4214 2.4
      vertex 26.5697 -19.0916 2.4
    endloop
  endfacet
  facet normal 0 0 1
    outer loop
      vertex 21.9953 17.819 2.4
      vertex 25.556 21.2948 2.4
      vertex 25.2025 21.6376 2.4
    endloop
  endfacet
  facet normal 0 0 1
    outer loop
      vertex 26.5697 -19.0916 2.4
      vertex 22.2956 -17.4214 2.4
      vertex 26.4792 -19.5757 2.4
    endloop
  endfacet
  facet normal 0 0 1
    outer loop
      vertex 21.9953 17.819 2.4
      vertex 25.2025 21.6376 2.4
      vertex 24.8095 21.9344 2.4
    endloop
  endfacet
  facet normal 0 0 1
    outer loop
      vertex 26.4792 -19.5757 2.4
      vertex 22.2956 -17.4214 2.4
      vertex 26.3299 -20.045 2.4
    endloop
  endfacet
  facet normal 0 0 1
    outer loop
      vertex 21.6271 18.1546 2.4
      vertex 24.8095 21.9344 2.4
      vertex 24.383 22.1807 2.4
    endloop
  endfacet
  facet normal -0 0 1
    outer loop
      vertex 21.9953 -17.819 2.4
      vertex 26.3299 -20.045 2.4
      vertex 22.2956 -17.4214 2.4
    endloop
  endfacet
  facet normal 0 0 1
    outer loop
      vertex 21.6271 18.1546 2.4
      vertex 24.383 22.1807 2.4
      vertex 23.9294 22.3726 2.4
    endloop
  endfacet
  facet normal 0 0 1
    outer loop
      vertex 26.3299 -20.045 2.4
      vertex 21.9953 -17.819 2.4
      vertex 26.124 -20.4924 2.4
    endloop
  endfacet
  facet normal 0 0 1
    outer loop
      vertex 21.6271 18.1546 2.4
      vertex 23.9294 22.3726 2.4
      vertex 23.4557 22.5074 2.4
    endloop
  endfacet
  facet normal 0 0 1
    outer loop
      vertex 26.124 -20.4924 2.4
      vertex 21.9953 -17.819 2.4
      vertex 25.8648 -20.9111 2.4
    endloop
  endfacet
  facet normal 0 0 1
    outer loop
      vertex 21.6271 18.1546 2.4
      vertex 23.4557 22.5074 2.4
      vertex 22.9691 22.5829 2.4
    endloop
  endfacet
  facet normal 0 0 1
    outer loop
      vertex 25.8648 -20.9111 2.4
      vertex 21.9953 -17.819 2.4
      vertex 25.556 -21.2948 2.4
    endloop
  endfacet
  facet normal 0 0 1
    outer loop
      vertex 25.556 -21.2948 2.4
      vertex 21.9953 -17.819 2.4
      vertex 25.2025 -21.6376 2.4
    endloop
  endfacet
  facet normal 0 0 1
    outer loop
      vertex 26.6 18.6 2.4
      vertex 22.654 16.4961 2.4
      vertex 22.7 16 2.4
    endloop
  endfacet
  facet normal 0 0 1
    outer loop
      vertex 26.6 18.6 2.4
      vertex 22.5177 16.9754 2.4
      vertex 22.654 16.4961 2.4
    endloop
  endfacet
  facet normal 0 0 1
    outer loop
      vertex 21.6271 18.1546 2.4
      vertex 22.9691 22.5829 2.4
      vertex 22.4768 22.5981 2.4
    endloop
  endfacet
  facet normal 0 0 1
    outer loop
      vertex 26.6 18.6 2.4
      vertex 22.2956 17.4214 2.4
      vertex 22.5177 16.9754 2.4
    endloop
  endfacet
  facet normal 0 0 1
    outer loop
      vertex 26.3299 20.045 2.4
      vertex 21.9953 17.819 2.4
      vertex 22.2956 17.4214 2.4
    endloop
  endfacet
  facet normal 0 0 1
    outer loop
      vertex 24.8095 21.9344 2.4
      vertex 21.6271 18.1546 2.4
      vertex 21.9953 17.819 2.4
    endloop
  endfacet
  facet normal 0 0 1
    outer loop
      vertex 22.4768 22.5981 2.4
      vertex 21.2035 18.4169 2.4
      vertex 21.6271 18.1546 2.4
    endloop
  endfacet
  facet normal 0 0 1
    outer loop
      vertex 22.4768 22.5981 2.4
      vertex 20.7389 18.5969 2.4
      vertex 21.2035 18.4169 2.4
    endloop
  endfacet
  facet normal 0 0 1
    outer loop
      vertex 22.4768 22.5981 2.4
      vertex 20.2491 18.6885 2.4
      vertex 20.7389 18.5969 2.4
    endloop
  endfacet
  facet normal 0 0 1
    outer loop
      vertex 22.4768 22.5981 2.4
      vertex 19.7509 18.6885 2.4
      vertex 20.2491 18.6885 2.4
    endloop
  endfacet
  facet normal 0 0 1
    outer loop
      vertex 22.4768 22.5981 2.4
      vertex 19.2611 18.5969 2.4
      vertex 19.7509 18.6885 2.4
    endloop
  endfacet
  facet normal 0 0 1
    outer loop
      vertex 22.4768 22.5981 2.4
      vertex 18.7965 18.4169 2.4
      vertex 19.2611 18.5969 2.4
    endloop
  endfacet
  facet normal 0 0 1
    outer loop
      vertex 22.4768 22.5981 2.4
      vertex 18.3729 18.1546 2.4
      vertex 18.7965 18.4169 2.4
    endloop
  endfacet
  facet normal 0 0 1
    outer loop
      vertex -18.3729 18.1546 2.4
      vertex 18.3729 18.1546 2.4
      vertex 22.4768 22.5981 2.4
    endloop
  endfacet
  facet normal 0 0 1
    outer loop
      vertex 17.346 16.4961 2.4
      vertex 6 4 2.4
      vertex 17.3 16 2.4
    endloop
  endfacet
  facet normal 0 0 1
    outer loop
      vertex -17.346 16.4961 2.4
      vertex 17.346 16.4961 2.4
      vertex 17.4823 16.9754 2.4
    endloop
  endfacet
  facet normal 0 0 1
    outer loop
      vertex -17.4823 16.9754 2.4
      vertex 17.4823 16.9754 2.4
      vertex 17.7044 17.4214 2.4
    endloop
  endfacet
  facet normal 0 0 1
    outer loop
      vertex -17.7044 17.4214 2.4
      vertex 17.7044 17.4214 2.4
      vertex 18.0047 17.819 2.4
    endloop
  endfacet
  facet normal 0 0 1
    outer loop
      vertex 17.346 16.4961 2.4
      vertex -17.346 16.4961 2.4
      vertex 6 4 2.4
    endloop
  endfacet
  facet normal 0 0 1
    outer loop
      vertex 18.3729 18.1546 2.4
      vertex -18.3729 18.1546 2.4
      vertex 18.0047 17.819 2.4
    endloop
  endfacet
  facet normal 0 0 1
    outer loop
      vertex -21 -12 2.4
      vertex -6 -4 2.4
      vertex -6 4 2.4
    endloop
  endfacet
  facet normal 0 0 1
    outer loop
      vertex -6 -4 2.4
      vertex -21 -12 2.4
      vertex -6 -11 2.4
    endloop
  endfacet
  facet normal -0 0 1
    outer loop
      vertex -17.346 15.5039 2.4
      vertex -6 4 2.4
      vertex -17.3 16 2.4
    endloop
  endfacet
  facet normal 0 0 1
    outer loop
      vertex 17.4823 16.9754 2.4
      vertex -17.4823 16.9754 2.4
      vertex -17.346 16.4961 2.4
    endloop
  endfacet
  facet normal 0 0 1
    outer loop
      vertex -6 4 2.4
      vertex -17.346 16.4961 2.4
      vertex -17.3 16 2.4
    endloop
  endfacet
  facet normal 0 0 1
    outer loop
      vertex 6 4 2.4
      vertex -17.346 16.4961 2.4
      vertex -6 4 2.4
    endloop
  endfacet
  facet normal 0 0 1
    outer loop
      vertex 17.7044 17.4214 2.4
      vertex -17.7044 17.4214 2.4
      vertex -17.4823 16.9754 2.4
    endloop
  endfacet
  facet normal 0 0 1
    outer loop
      vertex 18.0047 17.819 2.4
      vertex -18.0047 17.819 2.4
      vertex -17.7044 17.4214 2.4
    endloop
  endfacet
  facet normal 0 0 1
    outer loop
      vertex 18.0047 17.819 2.4
      vertex -18.3729 18.1546 2.4
      vertex -18.0047 17.819 2.4
    endloop
  endfacet
  facet normal -0 0 1
    outer loop
      vertex -22.7232 22.5981 2.4
      vertex -18.3729 18.1546 2.4
      vertex 22.4768 22.5981 2.4
    endloop
  endfacet
  facet normal 0 0 1
    outer loop
      vertex -18.3729 18.1546 2.4
      vertex -22.7232 22.5981 2.4
      vertex -18.7965 18.4169 2.4
    endloop
  endfacet
  facet normal 0 0 1
    outer loop
      vertex -18.7965 18.4169 2.4
      vertex -22.7232 22.5981 2.4
      vertex -19.2611 18.5969 2.4
    endloop
  endfacet
  facet normal 0 0 1
    outer loop
      vertex -19.2611 18.5969 2.4
      vertex -22.7232 22.5981 2.4
      vertex -19.7509 18.6885 2.4
    endloop
  endfacet
  facet normal 0 0 1
    outer loop
      vertex -21.6271 18.1546 2.4
      vertex -25.0105 21.7921 2.4
      vertex -21.9953 17.819 2.4
    endloop
  endfacet
  facet normal -0 0 1
    outer loop
      vertex -25.0105 21.7921 2.4
      vertex -21.6271 18.1546 2.4
      vertex -24.6 22.0641 2.4
    endloop
  endfacet
  facet normal -0 0 1
    outer loop
      vertex -24.6 22.0641 2.4
      vertex -21.6271 18.1546 2.4
      vertex -24.1591 22.2836 2.4
    endloop
  endfacet
  facet normal -0 0 1
    outer loop
      vertex -24.1591 22.2836 2.4
      vertex -21.6271 18.1546 2.4
      vertex -23.6947 22.4473 2.4
    endloop
  endfacet
  facet normal -0 0 1
    outer loop
      vertex -23.6947 22.4473 2.4
      vertex -21.6271 18.1546 2.4
      vertex -23.2136 22.5527 2.4
    endloop
  endfacet
  facet normal -0 0 1
    outer loop
      vertex -23.2136 22.5527 2.4
      vertex -21.6271 18.1546 2.4
      vertex -22.7232 22.5981 2.4
    endloop
  endfacet
  facet normal 0 0 1
    outer loop
      vertex -21.2035 18.4169 2.4
      vertex -22.7232 22.5981 2.4
      vertex -21.6271 18.1546 2.4
    endloop
  endfacet
  facet normal 0 0 1
    outer loop
      vertex -20.7389 18.5969 2.4
      vertex -22.7232 22.5981 2.4
      vertex -21.2035 18.4169 2.4
    endloop
  endfacet
  facet normal 0 0 1
    outer loop
      vertex -20.2491 18.6885 2.4
      vertex -22.7232 22.5981 2.4
      vertex -20.7389 18.5969 2.4
    endloop
  endfacet
  facet normal 0 0 1
    outer loop
      vertex -19.7509 18.6885 2.4
      vertex -22.7232 22.5981 2.4
      vertex -20.2491 18.6885 2.4
    endloop
  endfacet
  facet normal 0 0 1
    outer loop
      vertex 25.2025 -21.6376 2.4
      vertex 21.9953 -17.819 2.4
      vertex 24.8095 -21.9344 2.4
    endloop
  endfacet
  facet normal -0 0 1
    outer loop
      vertex 21.6271 -18.1546 2.4
      vertex 24.8095 -21.9344 2.4
      vertex 21.9953 -17.819 2.4
    endloop
  endfacet
  facet normal 0 0 1
    outer loop
      vertex 24.8095 -21.9344 2.4
      vertex 21.6271 -18.1546 2.4
      vertex 24.383 -22.1807 2.4
    endloop
  endfacet
  facet normal 0 0 1
    outer loop
      vertex 24.383 -22.1807 2.4
      vertex 21.6271 -18.1546 2.4
      vertex 23.9294 -22.3726 2.4
    endloop
  endfacet
  facet normal 0 0 1
    outer loop
      vertex 23.9294 -22.3726 2.4
      vertex 21.6271 -18.1546 2.4
      vertex 23.4557 -22.5074 2.4
    endloop
  endfacet
  facet normal 0 0 1
    outer loop
      vertex 23.4557 -22.5074 2.4
      vertex 21.6271 -18.1546 2.4
      vertex 22.9691 -22.5829 2.4
    endloop
  endfacet
  facet normal 0 0 1
    outer loop
      vertex 22.9691 -22.5829 2.4
      vertex 21.6271 -18.1546 2.4
      vertex 22.4768 -22.5981 2.4
    endloop
  endfacet
  facet normal -0 0 1
    outer loop
      vertex 21.2035 -18.4169 2.4
      vertex 22.4768 -22.5981 2.4
      vertex 21.6271 -18.1546 2.4
    endloop
  endfacet
  facet normal -0 0 1
    outer loop
      vertex 20.7389 -18.5969 2.4
      vertex 22.4768 -22.5981 2.4
      vertex 21.2035 -18.4169 2.4
    endloop
  endfacet
  facet normal -0 0 1
    outer loop
      vertex 20.2491 -18.6885 2.4
      vertex 22.4768 -22.5981 2.4
      vertex 20.7389 -18.5969 2.4
    endloop
  endfacet
  facet normal -0 0 1
    outer loop
      vertex 19.7509 -18.6885 2.4
      vertex 22.4768 -22.5981 2.4
      vertex 20.2491 -18.6885 2.4
    endloop
  endfacet
  facet normal 0 0 1
    outer loop
      vertex 19.2611 -18.5969 2.4
      vertex 22.4768 -22.5981 2.4
      vertex 19.7509 -18.6885 2.4
    endloop
  endfacet
  facet normal 0 0 1
    outer loop
      vertex 18.7965 -18.4169 2.4
      vertex 22.4768 -22.5981 2.4
      vertex 19.2611 -18.5969 2.4
    endloop
  endfacet
  facet normal 0 0 1
    outer loop
      vertex 18.3729 -18.1546 2.4
      vertex 22.4768 -22.5981 2.4
      vertex 18.7965 -18.4169 2.4
    endloop
  endfacet
  facet normal 0 0 1
    outer loop
      vertex 6 -14.6 2.4
      vertex 18.3729 -18.1546 2.4
      vertex 18.0047 -17.819 2.4
    endloop
  endfacet
  facet normal 0 0 1
    outer loop
      vertex 17.346 -15.5039 2.4
      vertex 6 -14.6 2.4
      vertex 17.3 -16 2.4
    endloop
  endfacet
  facet normal 0 0 1
    outer loop
      vertex 17.3 -16 2.4
      vertex 6 -14.6 2.4
      vertex 17.346 -16.4961 2.4
    endloop
  endfacet
  facet normal 0 0 1
    outer loop
      vertex 17.346 -16.4961 2.4
      vertex 6 -14.6 2.4
      vertex 17.4823 -16.9754 2.4
    endloop
  endfacet
  facet normal 0 0 1
    outer loop
      vertex 17.4823 -16.9754 2.4
      vertex 6 -14.6 2.4
      vertex 17.7044 -17.4214 2.4
    endloop
  endfacet
  facet normal 0 0 1
    outer loop
      vertex 17.7044 -17.4214 2.4
      vertex 6 -14.6 2.4
      vertex 18.0047 -17.819 2.4
    endloop
  endfacet
  facet normal 0 0 1
    outer loop
      vertex 18.3729 -18.1546 2.4
      vertex 6 -14.6 2.4
      vertex 22.4768 -22.5981 2.4
    endloop
  endfacet
  facet normal -0 0 1
    outer loop
      vertex -6 -14.6 2.4
      vertex 22.4768 -22.5981 2.4
      vertex 6 -14.6 2.4
    endloop
  endfacet
  facet normal 0 0 1
    outer loop
      vertex -17.346 -16.4961 2.4
      vertex -6 -14.6 2.4
      vertex -17.3 -16 2.4
    endloop
  endfacet
  facet normal 0 0 1
    outer loop
      vertex -17.4823 -16.9754 2.4
      vertex -6 -14.6 2.4
      vertex -17.346 -16.4961 2.4
    endloop
  endfacet
  facet normal 0 0 1
    outer loop
      vertex -17.7044 -17.4214 2.4
      vertex -6 -14.6 2.4
      vertex -17.4823 -16.9754 2.4
    endloop
  endfacet
  facet normal 0 0 1
    outer loop
      vertex -18.0047 -17.819 2.4
      vertex -6 -14.6 2.4
      vertex -17.7044 -17.4214 2.4
    endloop
  endfacet
  facet normal 0 0 1
    outer loop
      vertex -18.3729 -18.1546 2.4
      vertex -6 -14.6 2.4
      vertex -18.0047 -17.819 2.4
    endloop
  endfacet
  facet normal 0 0 1
    outer loop
      vertex -22.7232 -22.5981 2.4
      vertex -6 -14.6 2.4
      vertex -18.3729 -18.1546 2.4
    endloop
  endfacet
  facet normal 0 0 1
    outer loop
      vertex -22.7232 -22.5981 2.4
      vertex -18.3729 -18.1546 2.4
      vertex -18.7965 -18.4169 2.4
    endloop
  endfacet
  facet normal 0 0 1
    outer loop
      vertex -22.7232 -22.5981 2.4
      vertex -18.7965 -18.4169 2.4
      vertex -19.2611 -18.5969 2.4
    endloop
  endfacet
  facet normal 0 0 1
    outer loop
      vertex -22.7232 -22.5981 2.4
      vertex -19.2611 -18.5969 2.4
      vertex -19.7509 -18.6885 2.4
    endloop
  endfacet
  facet normal 0 0 1
    outer loop
      vertex -22.7232 -22.5981 2.4
      vertex -19.7509 -18.6885 2.4
      vertex -20.2491 -18.6885 2.4
    endloop
  endfacet
  facet normal 0 0 1
    outer loop
      vertex -6 -14.6 2.4
      vertex -22.7232 -22.5981 2.4
      vertex 22.4768 -22.5981 2.4
    endloop
  endfacet
  facet normal 0 0 1
    outer loop
      vertex -20.7389 -18.5969 2.4
      vertex -22.7232 -22.5981 2.4
      vertex -20.2491 -18.6885 2.4
    endloop
  endfacet
  facet normal 0 0 1
    outer loop
      vertex -21.2035 -18.4169 2.4
      vertex -22.7232 -22.5981 2.4
      vertex -20.7389 -18.5969 2.4
    endloop
  endfacet
  facet normal 0 0 1
    outer loop
      vertex -21.6271 -18.1546 2.4
      vertex -22.7232 -22.5981 2.4
      vertex -21.2035 -18.4169 2.4
    endloop
  endfacet
  facet normal 0 0 1
    outer loop
      vertex -25.0105 -21.7921 2.4
      vertex -21.6271 -18.1546 2.4
      vertex -21.9953 -17.819 2.4
    endloop
  endfacet
  facet normal 0 0 1
    outer loop
      vertex -26.4118 -19.8126 2.4
      vertex -21.9953 -17.819 2.4
      vertex -22.2956 -17.4214 2.4
    endloop
  endfacet
  facet normal 0 0 1
    outer loop
      vertex -26.5924 -18.8462 2.4
      vertex -22.2956 -17.4214 2.4
      vertex -22.5177 -16.9754 2.4
    endloop
  endfacet
  facet normal 0 0 1
    outer loop
      vertex -26.5924 -18.8462 2.4
      vertex -22.5177 -16.9754 2.4
      vertex -22.654 -16.4961 2.4
    endloop
  endfacet
  facet normal 0 0 1
    outer loop
      vertex -26.5924 -18.8462 2.4
      vertex -22.654 -16.4961 2.4
      vertex -22.7 -16 2.4
    endloop
  endfacet
  facet normal 0 0 1
    outer loop
      vertex -22.7 16 2.4
      vertex -26.5924 18.8462 2.4
      vertex -22.7 -16 2.4
    endloop
  endfacet
  facet normal -0 0 1
    outer loop
      vertex -25.3845 21.4716 2.4
      vertex -21.9953 17.819 2.4
      vertex -25.0105 21.7921 2.4
    endloop
  endfacet
  facet normal 0 0 1
    outer loop
      vertex -26.5924 -18.8462 2.4
      vertex -22.7 -16 2.4
      vertex -26.5924 18.8462 2.4
    endloop
  endfacet
  facet normal -0 0 1
    outer loop
      vertex -25.7163 21.1077 2.4
      vertex -21.9953 17.819 2.4
      vertex -25.3845 21.4716 2.4
    endloop
  endfacet
  facet normal 0 0 1
    outer loop
      vertex -22.2956 -17.4214 2.4
      vertex -26.5924 -18.8462 2.4
      vertex -26.5319 -19.335 2.4
    endloop
  endfacet
  facet normal -0 0 1
    outer loop
      vertex -26.0009 20.7057 2.4
      vertex -21.9953 17.819 2.4
      vertex -25.7163 21.1077 2.4
    endloop
  endfacet
  facet normal 0 0 1
    outer loop
      vertex -21.6271 -18.1546 2.4
      vertex -23.2136 -22.5527 2.4
      vertex -22.7232 -22.5981 2.4
    endloop
  endfacet
  facet normal -0 0 1
    outer loop
      vertex -26.2339 20.2718 2.4
      vertex -21.9953 17.819 2.4
      vertex -26.0009 20.7057 2.4
    endloop
  endfacet
  facet normal 0 0 1
    outer loop
      vertex -21.6271 -18.1546 2.4
      vertex -23.6947 -22.4473 2.4
      vertex -23.2136 -22.5527 2.4
    endloop
  endfacet
  facet normal -0 0 1
    outer loop
      vertex -26.4118 19.8126 2.4
      vertex -21.9953 17.819 2.4
      vertex -26.2339 20.2718 2.4
    endloop
  endfacet
  facet normal 0 0 1
    outer loop
      vertex -21.6271 -18.1546 2.4
      vertex -24.1591 -22.2836 2.4
      vertex -23.6947 -22.4473 2.4
    endloop
  endfacet
  facet normal 0 0 1
    outer loop
      vertex -21.9953 17.819 2.4
      vertex -26.4118 19.8126 2.4
      vertex -22.2956 17.4214 2.4
    endloop
  endfacet
  facet normal 0 0 1
    outer loop
      vertex -21.6271 -18.1546 2.4
      vertex -24.6 -22.0641 2.4
      vertex -24.1591 -22.2836 2.4
    endloop
  endfacet
  facet normal -0 0 1
    outer loop
      vertex -26.5319 19.335 2.4
      vertex -22.2956 17.4214 2.4
      vertex -26.4118 19.8126 2.4
    endloop
  endfacet
  facet normal 0 0 1
    outer loop
      vertex -21.6271 -18.1546 2.4
      vertex -25.0105 -21.7921 2.4
      vertex -24.6 -22.0641 2.4
    endloop
  endfacet
  facet normal -0 0 1
    outer loop
      vertex -26.5924 18.8462 2.4
      vertex -22.2956 17.4214 2.4
      vertex -26.5319 19.335 2.4
    endloop
  endfacet
  facet normal 0 0 1
    outer loop
      vertex -21.9953 -17.819 2.4
      vertex -25.3845 -21.4716 2.4
      vertex -25.0105 -21.7921 2.4
    endloop
  endfacet
  facet normal 0 0 1
    outer loop
      vertex -22.2956 17.4214 2.4
      vertex -26.5924 18.8462 2.4
      vertex -22.5177 16.9754 2.4
    endloop
  endfacet
  facet normal 0 0 1
    outer loop
      vertex -21.9953 -17.819 2.4
      vertex -25.7163 -21.1077 2.4
      vertex -25.3845 -21.4716 2.4
    endloop
  endfacet
  facet normal 0 0 1
    outer loop
      vertex -22.5177 16.9754 2.4
      vertex -26.5924 18.8462 2.4
      vertex -22.654 16.4961 2.4
    endloop
  endfacet
  facet normal 0 0 1
    outer loop
      vertex -21.9953 -17.819 2.4
      vertex -26.0009 -20.7057 2.4
      vertex -25.7163 -21.1077 2.4
    endloop
  endfacet
  facet normal 0 0 1
    outer loop
      vertex -22.654 16.4961 2.4
      vertex -26.5924 18.8462 2.4
      vertex -22.7 16 2.4
    endloop
  endfacet
  facet normal 0 0 1
    outer loop
      vertex -21.9953 -17.819 2.4
      vertex -26.2339 -20.2718 2.4
      vertex -26.0009 -20.7057 2.4
    endloop
  endfacet
  facet normal 0 0 1
    outer loop
      vertex -21.9953 -17.819 2.4
      vertex -26.4118 -19.8126 2.4
      vertex -26.2339 -20.2718 2.4
    endloop
  endfacet
  facet normal 0 0 1
    outer loop
      vertex -22.2956 -17.4214 2.4
      vertex -26.5319 -19.335 2.4
      vertex -26.4118 -19.8126 2.4
    endloop
  endfacet
  facet normal 0 0 1
    outer loop
      vertex 21.2035 -13.5831 2.4
      vertex 21 -12 2.4
      vertex 21 -13.5042 2.4
    endloop
  endfacet
  facet normal -0 0 1
    outer loop
      vertex -6 -4 2.4
      vertex 6 -11 2.4
      vertex 6 -4 2.4
    endloop
  endfacet
  facet normal 0 0 1
    outer loop
      vertex 6 -11 2.4
      vertex -6 -4 2.4
      vertex -6 -11 2.4
    endloop
  endfacet
  facet normal -0 0 1
    outer loop
      vertex -17.4823 15.0246 2.4
      vertex -6 4 2.4
      vertex -17.346 15.5039 2.4
    endloop
  endfacet
  facet normal -0 0 1
    outer loop
      vertex -17.7044 14.5786 2.4
      vertex -6 4 2.4
      vertex -17.4823 15.0246 2.4
    endloop
  endfacet
  facet normal -0 0 1
    outer loop
      vertex -18.0047 14.181 2.4
      vertex -6 4 2.4
      vertex -17.7044 14.5786 2.4
    endloop
  endfacet
  facet normal -0 0 1
    outer loop
      vertex -18.3729 13.8454 2.4
      vertex -6 4 2.4
      vertex -18.0047 14.181 2.4
    endloop
  endfacet
  facet normal -0 0 1
    outer loop
      vertex -18.7965 13.5831 2.4
      vertex -6 4 2.4
      vertex -18.3729 13.8454 2.4
    endloop
  endfacet
  facet normal -0 0 1
    outer loop
      vertex -19.2611 13.4031 2.4
      vertex -6 4 2.4
      vertex -18.7965 13.5831 2.4
    endloop
  endfacet
  facet normal -0 0 1
    outer loop
      vertex -19.7509 13.3115 2.4
      vertex -6 4 2.4
      vertex -19.2611 13.4031 2.4
    endloop
  endfacet
  facet normal 0 0 1
    outer loop
      vertex -6 4 2.4
      vertex -19.7509 13.3115 2.4
      vertex -21 -12 2.4
    endloop
  endfacet
  facet normal 0 0 1
    outer loop
      vertex -21 -12 2.4
      vertex -19.7509 13.3115 2.4
      vertex -20.2491 13.3115 2.4
    endloop
  endfacet
  facet normal 0 0 1
    outer loop
      vertex -21 -12 2.4
      vertex -20.2491 13.3115 2.4
      vertex -20.7389 13.4031 2.4
    endloop
  endfacet
  facet normal 0 0 1
    outer loop
      vertex -6 -11 2.4
      vertex -21 -12 2.4
      vertex -6 -12 2.4
    endloop
  endfacet
  facet normal 0 0 1
    outer loop
      vertex -21.2035 13.5831 2.4
      vertex -21 -12 2.4
      vertex -20.7389 13.4031 2.4
    endloop
  endfacet
  facet normal 0 0 1
    outer loop
      vertex -21.6271 13.8454 2.4
      vertex -21 -12 2.4
      vertex -21.2035 13.5831 2.4
    endloop
  endfacet
  facet normal 0 0 1
    outer loop
      vertex -21 -12 2.4
      vertex -21.2035 -13.5831 2.4
      vertex -21 -13.5042 2.4
    endloop
  endfacet
  facet normal 0 0 1
    outer loop
      vertex -21.9953 14.181 2.4
      vertex -21 -12 2.4
      vertex -21.6271 13.8454 2.4
    endloop
  endfacet
  facet normal 0 0 1
    outer loop
      vertex -21 -12 2.4
      vertex -21.6271 -13.8454 2.4
      vertex -21.2035 -13.5831 2.4
    endloop
  endfacet
  facet normal 0 0 1
    outer loop
      vertex -22.2956 14.5786 2.4
      vertex -21 -12 2.4
      vertex -21.9953 14.181 2.4
    endloop
  endfacet
  facet normal 0 0 1
    outer loop
      vertex -21 -12 2.4
      vertex -21.9953 -14.181 2.4
      vertex -21.6271 -13.8454 2.4
    endloop
  endfacet
  facet normal 0 0 1
    outer loop
      vertex -22.2956 -14.5786 2.4
      vertex -21 -12 2.4
      vertex -22.2956 14.5786 2.4
    endloop
  endfacet
  facet normal 0 0 1
    outer loop
      vertex -21 -12 2.4
      vertex -22.2956 -14.5786 2.4
      vertex -21.9953 -14.181 2.4
    endloop
  endfacet
  facet normal 0 0 1
    outer loop
      vertex -22.5177 15.0246 2.4
      vertex -22.2956 -14.5786 2.4
      vertex -22.2956 14.5786 2.4
    endloop
  endfacet
  facet normal 0 0 1
    outer loop
      vertex -22.5177 15.0246 2.4
      vertex -22.5177 -15.0246 2.4
      vertex -22.2956 -14.5786 2.4
    endloop
  endfacet
  facet normal 0 0 1
    outer loop
      vertex -22.654 15.5039 2.4
      vertex -22.5177 -15.0246 2.4
      vertex -22.5177 15.0246 2.4
    endloop
  endfacet
  facet normal 0 0 1
    outer loop
      vertex -22.654 15.5039 2.4
      vertex -22.654 -15.5039 2.4
      vertex -22.5177 -15.0246 2.4
    endloop
  endfacet
  facet normal 0 0 1
    outer loop
      vertex -22.7 16 2.4
      vertex -22.654 -15.5039 2.4
      vertex -22.654 15.5039 2.4
    endloop
  endfacet
  facet normal 0 0 1
    outer loop
      vertex -22.654 -15.5039 2.4
      vertex -22.7 16 2.4
      vertex -22.7 -16 2.4
    endloop
  endfacet
  facet normal 0 0 1
    outer loop
      vertex -6 -12 2.4
      vertex 6 -12 2.4
      vertex 6 -11 2.4
    endloop
  endfacet
  facet normal 0 0 1
    outer loop
      vertex 6 -12 2.4
      vertex -6 -12 2.4
      vertex 6 -14 2.4
    endloop
  endfacet
  facet normal 0 0 1
    outer loop
      vertex -6 -12 2.4
      vertex 6 -11 2.4
      vertex -6 -11 2.4
    endloop
  endfacet
  facet normal 0 0 1
    outer loop
      vertex -6 -14 2.4
      vertex 6 -14 2.4
      vertex -6 -12 2.4
    endloop
  endfacet
  facet normal 0 0 1
    outer loop
      vertex 6 -14 2.4
      vertex -6 -14 2.4
      vertex 6 -14.6 2.4
    endloop
  endfacet
  facet normal 0 0 1
    outer loop
      vertex 6 -14.6 2.4
      vertex -6 -14 2.4
      vertex -6 -14.6 2.4
    endloop
  endfacet
  facet normal 0 1 0
    outer loop
      vertex 21 -12 45.6
      vertex 6 -12 7.4
      vertex -21 -12 45.6
    endloop
  endfacet
  facet normal 0 1 -0
    outer loop
      vertex 21 -12 2.4
      vertex 6 -12 7.4
      vertex 21 -12 45.6
    endloop
  endfacet
  facet normal 0 1 0
    outer loop
      vertex 6 -12 7.4
      vertex 21 -12 2.4
      vertex 6 -12 2.4
    endloop
  endfacet
  facet normal 0 1 -0
    outer loop
      vertex -6 -12 7.4
      vertex -21 -12 45.6
      vertex 6 -12 7.4
    endloop
  endfacet
  facet normal 0 1 0
    outer loop
      vertex -21 -12 2.4
      vertex -6 -12 7.4
      vertex -6 -12 2.4
    endloop
  endfacet
  facet normal 0 1 0
    outer loop
      vertex -6 -12 7.4
      vertex -21 -12 2.4
      vertex -21 -12 45.6
    endloop
  endfacet
  facet normal 0 -1 0
    outer loop
      vertex -18.2032 -14 4.8
      vertex -21 -14 5
      vertex -21 -14 4.8
    endloop
  endfacet
  facet normal 0 -1 0
    outer loop
      vertex -17 -14 45.6
      vertex -16.8 -14 45.4
      vertex -16.8 -14 45.6
    endloop
  endfacet
  facet normal 0 -1 0
    outer loop
      vertex -14.5 -14 8
      vertex -16.8 -14 45.4
      vertex -17 -14 8
    endloop
  endfacet
  facet normal 0 -1 0
    outer loop
      vertex -17 -14 8
      vertex -16.8 -14 45.4
      vertex -17 -14 45.6
    endloop
  endfacet
  facet normal 0 -1 0
    outer loop
      vertex 16.8 -14 45.4
      vertex 17 -14 45.6
      vertex 16.8 -14 45.6
    endloop
  endfacet
  facet normal 0 -1 0
    outer loop
      vertex -6 -14 7.4
      vertex -16.8 -14 45.4
      vertex -14.5 -14 8
    endloop
  endfacet
  facet normal 0 -1 0
    outer loop
      vertex -16.8 -14 45.4
      vertex -6 -14 7.4
      vertex 16.8 -14 45.4
    endloop
  endfacet
  facet normal -0 -1 0
    outer loop
      vertex 14.5 -14 8
      vertex 16.8 -14 45.4
      vertex 6 -14 7.4
    endloop
  endfacet
  facet normal 0 -1 0
    outer loop
      vertex -14.5 -14 5
      vertex -6 -14 7.4
      vertex -14.5 -14 8
    endloop
  endfacet
  facet normal 0 -1 0
    outer loop
      vertex -21 -14 5
      vertex -18.2032 -14 4.8
      vertex -14.5 -14 5
    endloop
  endfacet
  facet normal 0 -1 0
    outer loop
      vertex -18.2032 -14 2.4
      vertex -14.5 -14 5
      vertex -18.2032 -14 4.8
    endloop
  endfacet
  facet normal 0 -1 0
    outer loop
      vertex -6 -14 2.4
      vertex -14.5 -14 5
      vertex -18.2032 -14 2.4
    endloop
  endfacet
  facet normal 0 -1 0
    outer loop
      vertex -14.5 -14 5
      vertex -6 -14 2.4
      vertex -6 -14 7.4
    endloop
  endfacet
  facet normal 0 -1 0
    outer loop
      vertex 6 -14 7.4
      vertex 16.8 -14 45.4
      vertex -6 -14 7.4
    endloop
  endfacet
  facet normal 0 0 -0
    outer loop
      vertex -17 -14 8
      vertex -21 -14 8
      vertex -14.5 -14 8
    endloop
  endfacet
  facet normal 0 -1 0
    outer loop
      vertex 16.8 -14 45.4
      vertex 17 -14 8
      vertex 17 -14 45.6
    endloop
  endfacet
  facet normal 0 0 0
    outer loop
      vertex 21 -14 8
      vertex 17 -14 8
      vertex 14.5 -14 8
    endloop
  endfacet
  facet normal 0 -1 0
    outer loop
      vertex 17 -14 8
      vertex 16.8 -14 45.4
      vertex 14.5 -14 8
    endloop
  endfacet
  facet normal 0 -1 0
    outer loop
      vertex 6 -14 7.4
      vertex 14.5 -14 5
      vertex 14.5 -14 8
    endloop
  endfacet
  facet normal 0 -1 0
    outer loop
      vertex 14.5 -14 5
      vertex 18.2032 -14 4.8
      vertex 21 -14 5
    endloop
  endfacet
  facet normal 0 -1 0
    outer loop
      vertex 6 -14 2.4
      vertex 14.5 -14 5
      vertex 6 -14 7.4
    endloop
  endfacet
  facet normal 0 -1 0
    outer loop
      vertex 18.2032 -14 2.4
      vertex 14.5 -14 5
      vertex 6 -14 2.4
    endloop
  endfacet
  facet normal 0 -1 0
    outer loop
      vertex 14.5 -14 5
      vertex 18.2032 -14 2.4
      vertex 18.2032 -14 4.8
    endloop
  endfacet
  facet normal 0 -1 -0
    outer loop
      vertex 21 -14 5
      vertex 18.2032 -14 4.8
      vertex 21 -14 4.8
    endloop
  endfacet
  facet normal 0 -0 0
    outer loop
      vertex 17 -14 45.6
      vertex 21 -14 45.6
      vertex 16.8 -14 45.6
    endloop
  endfacet
  facet normal 0 -0 0
    outer loop
      vertex -17 -14 45.6
      vertex -16.8 -14 45.6
      vertex -21 -14 45.6
    endloop
  endfacet
  facet normal 0 -1 0
    outer loop
      vertex -16.8 -14 45.6
      vertex 16.8 -14 48
      vertex -16.8 -14 48
    endloop
  endfacet
  facet normal 0 -1 0
    outer loop
      vertex -16.8 -14 45.6
      vertex 16.8 -14 45.6
      vertex 16.8 -14 48
    endloop
  endfacet
  facet normal 0 -1 0
    outer loop
      vertex -16.8 -14 45.4
      vertex 16.8 -14 45.6
      vertex -16.8 -14 45.6
    endloop
  endfacet
  facet normal 0 -1 -0
    outer loop
      vertex 16.8 -14 45.6
      vertex -16.8 -14 45.4
      vertex 16.8 -14 45.4
    endloop
  endfacet
  facet normal -0.995729 -0.0923272 0
    outer loop
      vertex -17.3 -16 0
      vertex -17.346 -15.5039 2.4
      vertex -17.346 -15.5039 0
    endloop
  endfacet
  facet normal -0.995729 -0.0923272 0
    outer loop
      vertex -17.346 -15.5039 2.4
      vertex -17.3 -16 0
      vertex -17.3 -16 2.4
    endloop
  endfacet
  facet normal 0.995729 -0.0923272 0
    outer loop
      vertex -22.7 -16 2.4
      vertex -22.654 -15.5039 0
      vertex -22.654 -15.5039 2.4
    endloop
  endfacet
  facet normal 0.995729 -0.0923272 0
    outer loop
      vertex -22.654 -15.5039 0
      vertex -22.7 -16 2.4
      vertex -22.7 -16 0
    endloop
  endfacet
  facet normal 0 -1 0
    outer loop
      vertex -20.2491 -13.3115 0
      vertex -19.7509 -13.3115 4.8
      vertex -20.2491 -13.3115 4.8
    endloop
  endfacet
  facet normal 0 -1 -0
    outer loop
      vertex -19.7509 -13.3115 4.8
      vertex -20.2491 -13.3115 0
      vertex -19.7509 -13.3115 0
    endloop
  endfacet
  facet normal 0 1 -0
    outer loop
      vertex -19.7509 -18.6885 0
      vertex -20.2491 -18.6885 2.4
      vertex -19.7509 -18.6885 2.4
    endloop
  endfacet
  facet normal 0 1 0
    outer loop
      vertex -20.2491 -18.6885 2.4
      vertex -19.7509 -18.6885 0
      vertex -20.2491 -18.6885 0
    endloop
  endfacet
  facet normal -0.673453 -0.73923 0
    outer loop
      vertex -18.3729 -13.8454 4.8
      vertex -18.2032 -14 2.4
      vertex -18.2032 -14 4.8
    endloop
  endfacet
  facet normal -0.673453 -0.73923 0
    outer loop
      vertex -18.3729 -13.8454 0
      vertex -18.2032 -14 2.4
      vertex -18.3729 -13.8454 4.8
    endloop
  endfacet
  facet normal -0.673631 -0.739068 2.30833e-05
    outer loop
      vertex -18.0047 -14.181 0
      vertex -18.2032 -14 2.4
      vertex -18.3729 -13.8454 0
    endloop
  endfacet
  facet normal -0.673784 -0.738929 0
    outer loop
      vertex -18.2032 -14 2.4
      vertex -18.0047 -14.181 0
      vertex -18.0047 -14.181 2.4
    endloop
  endfacet
  facet normal 0.673631 -0.739068 0
    outer loop
      vertex -21.9953 -14.181 0
      vertex -21.6271 -13.8454 2.4
      vertex -21.9953 -14.181 2.4
    endloop
  endfacet
  facet normal 0.673631 -0.739068 0
    outer loop
      vertex -21.6271 -13.8454 2.4
      vertex -21.9953 -14.181 0
      vertex -21.6271 -13.8454 0
    endloop
  endfacet
  facet normal 0.361495 -0.932374 0
    outer loop
      vertex -21.2035 -13.5831 2.4
      vertex -21.2035 -13.5831 0
      vertex -21 -13.5042 2.4
    endloop
  endfacet
  facet normal 0.361084 -0.932533 0
    outer loop
      vertex -21 -13.5042 2.4
      vertex -20.7389 -13.4031 4.8
      vertex -21 -13.5042 4.8
    endloop
  endfacet
  facet normal 0.361264 -0.932463 2.25288e-05
    outer loop
      vertex -20.7389 -13.4031 0
      vertex -21 -13.5042 2.4
      vertex -21.2035 -13.5831 0
    endloop
  endfacet
  facet normal 0.361084 -0.932533 0
    outer loop
      vertex -21 -13.5042 2.4
      vertex -20.7389 -13.4031 0
      vertex -20.7389 -13.4031 4.8
    endloop
  endfacet
  facet normal -0.961864 0.273528 0
    outer loop
      vertex -17.4823 -16.9754 0
      vertex -17.346 -16.4961 2.4
      vertex -17.346 -16.4961 0
    endloop
  endfacet
  facet normal -0.961864 0.273528 0
    outer loop
      vertex -17.346 -16.4961 2.4
      vertex -17.4823 -16.9754 0
      vertex -17.4823 -16.9754 2.4
    endloop
  endfacet
  facet normal -0.895149 -0.445768 0
    outer loop
      vertex -17.4823 -15.0246 0
      vertex -17.7044 -14.5786 2.4
      vertex -17.7044 -14.5786 0
    endloop
  endfacet
  facet normal -0.895149 -0.445768 0
    outer loop
      vertex -17.7044 -14.5786 2.4
      vertex -17.4823 -15.0246 0
      vertex -17.4823 -15.0246 2.4
    endloop
  endfacet
  facet normal -0.961864 -0.273528 0
    outer loop
      vertex -17.346 -15.5039 0
      vertex -17.4823 -15.0246 2.4
      vertex -17.4823 -15.0246 0
    endloop
  endfacet
  facet normal -0.961864 -0.273528 0
    outer loop
      vertex -17.4823 -15.0246 2.4
      vertex -17.346 -15.5039 0
      vertex -17.346 -15.5039 2.4
    endloop
  endfacet
  facet normal -0.797972 -0.602694 0
    outer loop
      vertex -17.7044 -14.5786 0
      vertex -18.0047 -14.181 2.4
      vertex -18.0047 -14.181 0
    endloop
  endfacet
  facet normal -0.797972 -0.602694 0
    outer loop
      vertex -18.0047 -14.181 2.4
      vertex -17.7044 -14.5786 0
      vertex -17.7044 -14.5786 2.4
    endloop
  endfacet
  facet normal -0.361264 -0.932463 0
    outer loop
      vertex -19.2611 -13.4031 0
      vertex -18.7965 -13.5831 4.8
      vertex -19.2611 -13.4031 4.8
    endloop
  endfacet
  facet normal -0.361264 -0.932463 -0
    outer loop
      vertex -18.7965 -13.5831 4.8
      vertex -19.2611 -13.4031 0
      vertex -18.7965 -13.5831 0
    endloop
  endfacet
  facet normal -0.183828 -0.982958 0
    outer loop
      vertex -19.7509 -13.3115 0
      vertex -19.2611 -13.4031 4.8
      vertex -19.7509 -13.3115 4.8
    endloop
  endfacet
  facet normal -0.183828 -0.982958 -0
    outer loop
      vertex -19.2611 -13.4031 4.8
      vertex -19.7509 -13.3115 0
      vertex -19.2611 -13.4031 0
    endloop
  endfacet
  facet normal -0.526458 -0.850201 0
    outer loop
      vertex -18.7965 -13.5831 0
      vertex -18.3729 -13.8454 4.8
      vertex -18.7965 -13.5831 4.8
    endloop
  endfacet
  facet normal -0.526458 -0.850201 -0
    outer loop
      vertex -18.3729 -13.8454 4.8
      vertex -18.7965 -13.5831 0
      vertex -18.3729 -13.8454 0
    endloop
  endfacet
  facet normal 0.895149 -0.445768 0
    outer loop
      vertex -22.5177 -15.0246 2.4
      vertex -22.2956 -14.5786 0
      vertex -22.2956 -14.5786 2.4
    endloop
  endfacet
  facet normal 0.895149 -0.445768 0
    outer loop
      vertex -22.2956 -14.5786 0
      vertex -22.5177 -15.0246 2.4
      vertex -22.5177 -15.0246 0
    endloop
  endfacet
  facet normal 0.797972 -0.602694 0
    outer loop
      vertex -22.2956 -14.5786 2.4
      vertex -21.9953 -14.181 0
      vertex -21.9953 -14.181 2.4
    endloop
  endfacet
  facet normal 0.797972 -0.602694 0
    outer loop
      vertex -21.9953 -14.181 0
      vertex -22.2956 -14.5786 2.4
      vertex -22.2956 -14.5786 0
    endloop
  endfacet
  facet normal 0.961864 -0.273528 0
    outer loop
      vertex -22.654 -15.5039 2.4
      vertex -22.5177 -15.0246 0
      vertex -22.5177 -15.0246 2.4
    endloop
  endfacet
  facet normal 0.961864 -0.273528 0
    outer loop
      vertex -22.5177 -15.0246 0
      vertex -22.654 -15.5039 2.4
      vertex -22.654 -15.5039 0
    endloop
  endfacet
  facet normal 0 0 -1
    outer loop
      vertex -18.2032 -14 4.8
      vertex -18.7965 -13.5831 4.8
      vertex -18.3729 -13.8454 4.8
    endloop
  endfacet
  facet normal 0 0 -1
    outer loop
      vertex -21 -14 4.8
      vertex -18.7965 -13.5831 4.8
      vertex -18.2032 -14 4.8
    endloop
  endfacet
  facet normal -0 0 -1
    outer loop
      vertex -18.7965 -13.5831 4.8
      vertex -21 -14 4.8
      vertex -19.2611 -13.4031 4.8
    endloop
  endfacet
  facet normal -0 0 -1
    outer loop
      vertex -19.2611 -13.4031 4.8
      vertex -21 -14 4.8
      vertex -19.7509 -13.3115 4.8
    endloop
  endfacet
  facet normal -0 0 -1
    outer loop
      vertex -19.7509 -13.3115 4.8
      vertex -21 -14 4.8
      vertex -20.2491 -13.3115 4.8
    endloop
  endfacet
  facet normal 0 0 -1
    outer loop
      vertex -20.2491 -13.3115 4.8
      vertex -21 -14 4.8
      vertex -20.7389 -13.4031 4.8
    endloop
  endfacet
  facet normal 0 0 -1
    outer loop
      vertex -20.7389 -13.4031 4.8
      vertex -21 -14 4.8
      vertex -21 -13.5042 4.8
    endloop
  endfacet
  facet normal 0.526458 -0.850201 0
    outer loop
      vertex -21.6271 -13.8454 0
      vertex -21.2035 -13.5831 2.4
      vertex -21.6271 -13.8454 2.4
    endloop
  endfacet
  facet normal 0.526458 -0.850201 0
    outer loop
      vertex -21.2035 -13.5831 2.4
      vertex -21.6271 -13.8454 0
      vertex -21.2035 -13.5831 0
    endloop
  endfacet
  facet normal 0.183828 -0.982958 0
    outer loop
      vertex -20.7389 -13.4031 0
      vertex -20.2491 -13.3115 4.8
      vertex -20.7389 -13.4031 4.8
    endloop
  endfacet
  facet normal 0.183828 -0.982958 0
    outer loop
      vertex -20.2491 -13.3115 4.8
      vertex -20.7389 -13.4031 0
      vertex -20.2491 -13.3115 0
    endloop
  endfacet
  facet normal -0.995729 0.0923272 0
    outer loop
      vertex -17.346 -16.4961 0
      vertex -17.3 -16 2.4
      vertex -17.3 -16 0
    endloop
  endfacet
  facet normal -0.995729 0.0923272 0
    outer loop
      vertex -17.3 -16 2.4
      vertex -17.346 -16.4961 0
      vertex -17.346 -16.4961 2.4
    endloop
  endfacet
  facet normal 0.797972 0.602694 0
    outer loop
      vertex -21.9953 -17.819 2.4
      vertex -22.2956 -17.4214 0
      vertex -22.2956 -17.4214 2.4
    endloop
  endfacet
  facet normal 0.797972 0.602694 0
    outer loop
      vertex -22.2956 -17.4214 0
      vertex -21.9953 -17.819 2.4
      vertex -21.9953 -17.819 0
    endloop
  endfacet
  facet normal 0.895149 0.445768 0
    outer loop
      vertex -22.2956 -17.4214 2.4
      vertex -22.5177 -16.9754 0
      vertex -22.5177 -16.9754 2.4
    endloop
  endfacet
  facet normal 0.895149 0.445768 0
    outer loop
      vertex -22.5177 -16.9754 0
      vertex -22.2956 -17.4214 2.4
      vertex -22.2956 -17.4214 0
    endloop
  endfacet
  facet normal -0.895149 0.445768 0
    outer loop
      vertex -17.7044 -17.4214 0
      vertex -17.4823 -16.9754 2.4
      vertex -17.4823 -16.9754 0
    endloop
  endfacet
  facet normal -0.895149 0.445768 0
    outer loop
      vertex -17.4823 -16.9754 2.4
      vertex -17.7044 -17.4214 0
      vertex -17.7044 -17.4214 2.4
    endloop
  endfacet
  facet normal 0.526458 0.850201 -0
    outer loop
      vertex -21.2035 -18.4169 0
      vertex -21.6271 -18.1546 2.4
      vertex -21.2035 -18.4169 2.4
    endloop
  endfacet
  facet normal 0.526458 0.850201 0
    outer loop
      vertex -21.6271 -18.1546 2.4
      vertex -21.2035 -18.4169 0
      vertex -21.6271 -18.1546 0
    endloop
  endfacet
  facet normal -0.526458 0.850201 0
    outer loop
      vertex -18.3729 -18.1546 0
      vertex -18.7965 -18.4169 2.4
      vertex -18.3729 -18.1546 2.4
    endloop
  endfacet
  facet normal -0.526458 0.850201 0
    outer loop
      vertex -18.7965 -18.4169 2.4
      vertex -18.3729 -18.1546 0
      vertex -18.7965 -18.4169 0
    endloop
  endfacet
  facet normal 0.183828 0.982958 -0
    outer loop
      vertex -20.2491 -18.6885 0
      vertex -20.7389 -18.5969 2.4
      vertex -20.2491 -18.6885 2.4
    endloop
  endfacet
  facet normal 0.183828 0.982958 0
    outer loop
      vertex -20.7389 -18.5969 2.4
      vertex -20.2491 -18.6885 0
      vertex -20.7389 -18.5969 0
    endloop
  endfacet
  facet normal 0.673631 0.739068 -0
    outer loop
      vertex -21.6271 -18.1546 0
      vertex -21.9953 -17.819 2.4
      vertex -21.6271 -18.1546 2.4
    endloop
  endfacet
  facet normal 0.673631 0.739068 0
    outer loop
      vertex -21.9953 -17.819 2.4
      vertex -21.6271 -18.1546 0
      vertex -21.9953 -17.819 0
    endloop
  endfacet
  facet normal -0.361264 0.932463 0
    outer loop
      vertex -18.7965 -18.4169 0
      vertex -19.2611 -18.5969 2.4
      vertex -18.7965 -18.4169 2.4
    endloop
  endfacet
  facet normal -0.361264 0.932463 0
    outer loop
      vertex -19.2611 -18.5969 2.4
      vertex -18.7965 -18.4169 0
      vertex -19.2611 -18.5969 0
    endloop
  endfacet
  facet normal -0.183828 0.982958 0
    outer loop
      vertex -19.2611 -18.5969 0
      vertex -19.7509 -18.6885 2.4
      vertex -19.2611 -18.5969 2.4
    endloop
  endfacet
  facet normal -0.183828 0.982958 0
    outer loop
      vertex -19.7509 -18.6885 2.4
      vertex -19.2611 -18.5969 0
      vertex -19.7509 -18.6885 0
    endloop
  endfacet
  facet normal -0.673631 0.739068 0
    outer loop
      vertex -18.0047 -17.819 0
      vertex -18.3729 -18.1546 2.4
      vertex -18.0047 -17.819 2.4
    endloop
  endfacet
  facet normal -0.673631 0.739068 0
    outer loop
      vertex -18.3729 -18.1546 2.4
      vertex -18.0047 -17.819 0
      vertex -18.3729 -18.1546 0
    endloop
  endfacet
  facet normal 0.361264 0.932463 -0
    outer loop
      vertex -20.7389 -18.5969 0
      vertex -21.2035 -18.4169 2.4
      vertex -20.7389 -18.5969 2.4
    endloop
  endfacet
  facet normal 0.361264 0.932463 0
    outer loop
      vertex -21.2035 -18.4169 2.4
      vertex -20.7389 -18.5969 0
      vertex -21.2035 -18.4169 0
    endloop
  endfacet
  facet normal 0.961864 0.273528 0
    outer loop
      vertex -22.5177 -16.9754 2.4
      vertex -22.654 -16.4961 0
      vertex -22.654 -16.4961 2.4
    endloop
  endfacet
  facet normal 0.961864 0.273528 0
    outer loop
      vertex -22.654 -16.4961 0
      vertex -22.5177 -16.9754 2.4
      vertex -22.5177 -16.9754 0
    endloop
  endfacet
  facet normal 0.995729 0.0923272 0
    outer loop
      vertex -22.654 -16.4961 2.4
      vertex -22.7 -16 0
      vertex -22.7 -16 2.4
    endloop
  endfacet
  facet normal 0.995729 0.0923272 0
    outer loop
      vertex -22.7 -16 0
      vertex -22.654 -16.4961 2.4
      vertex -22.654 -16.4961 0
    endloop
  endfacet
  facet normal -0.797972 0.602694 0
    outer loop
      vertex -18.0047 -17.819 0
      vertex -17.7044 -17.4214 2.4
      vertex -17.7044 -17.4214 0
    endloop
  endfacet
  facet normal -0.797972 0.602694 0
    outer loop
      vertex -17.7044 -17.4214 2.4
      vertex -18.0047 -17.819 0
      vertex -18.0047 -17.819 2.4
    endloop
  endfacet
  facet normal -0.995729 -0.0923272 0
    outer loop
      vertex -17.3 16 0
      vertex -17.346 16.4961 2.4
      vertex -17.346 16.4961 0
    endloop
  endfacet
  facet normal -0.995729 -0.0923272 0
    outer loop
      vertex -17.346 16.4961 2.4
      vertex -17.3 16 0
      vertex -17.3 16 2.4
    endloop
  endfacet
  facet normal 0.183828 -0.982958 0
    outer loop
      vertex -20.7389 18.5969 0
      vertex -20.2491 18.6885 2.4
      vertex -20.7389 18.5969 2.4
    endloop
  endfacet
  facet normal 0.183828 -0.982958 0
    outer loop
      vertex -20.2491 18.6885 2.4
      vertex -20.7389 18.5969 0
      vertex -20.2491 18.6885 0
    endloop
  endfacet
  facet normal -0.183828 0.982958 0
    outer loop
      vertex -19.2611 13.4031 0
      vertex -19.7509 13.3115 2.4
      vertex -19.2611 13.4031 2.4
    endloop
  endfacet
  facet normal -0.183828 0.982958 0
    outer loop
      vertex -19.7509 13.3115 2.4
      vertex -19.2611 13.4031 0
      vertex -19.7509 13.3115 0
    endloop
  endfacet
  facet normal -0.526458 -0.850201 0
    outer loop
      vertex -18.7965 18.4169 0
      vertex -18.3729 18.1546 2.4
      vertex -18.7965 18.4169 2.4
    endloop
  endfacet
  facet normal -0.526458 -0.850201 -0
    outer loop
      vertex -18.3729 18.1546 2.4
      vertex -18.7965 18.4169 0
      vertex -18.3729 18.1546 0
    endloop
  endfacet
  facet normal 0.797972 -0.602694 0
    outer loop
      vertex -22.2956 17.4214 2.4
      vertex -21.9953 17.819 0
      vertex -21.9953 17.819 2.4
    endloop
  endfacet
  facet normal 0.797972 -0.602694 0
    outer loop
      vertex -21.9953 17.819 0
      vertex -22.2956 17.4214 2.4
      vertex -22.2956 17.4214 0
    endloop
  endfacet
  facet normal 0.526458 -0.850201 0
    outer loop
      vertex -21.6271 18.1546 0
      vertex -21.2035 18.4169 2.4
      vertex -21.6271 18.1546 2.4
    endloop
  endfacet
  facet normal 0.526458 -0.850201 0
    outer loop
      vertex -21.2035 18.4169 2.4
      vertex -21.6271 18.1546 0
      vertex -21.2035 18.4169 0
    endloop
  endfacet
  facet normal -0.895149 -0.445768 0
    outer loop
      vertex -17.4823 16.9754 0
      vertex -17.7044 17.4214 2.4
      vertex -17.7044 17.4214 0
    endloop
  endfacet
  facet normal -0.895149 -0.445768 0
    outer loop
      vertex -17.7044 17.4214 2.4
      vertex -17.4823 16.9754 0
      vertex -17.4823 16.9754 2.4
    endloop
  endfacet
  facet normal -0.961864 -0.273528 0
    outer loop
      vertex -17.346 16.4961 0
      vertex -17.4823 16.9754 2.4
      vertex -17.4823 16.9754 0
    endloop
  endfacet
  facet normal -0.961864 -0.273528 0
    outer loop
      vertex -17.4823 16.9754 2.4
      vertex -17.346 16.4961 0
      vertex -17.346 16.4961 2.4
    endloop
  endfacet
  facet normal -0.183828 -0.982958 0
    outer loop
      vertex -19.7509 18.6885 0
      vertex -19.2611 18.5969 2.4
      vertex -19.7509 18.6885 2.4
    endloop
  endfacet
  facet normal -0.183828 -0.982958 -0
    outer loop
      vertex -19.2611 18.5969 2.4
      vertex -19.7509 18.6885 0
      vertex -19.2611 18.5969 0
    endloop
  endfacet
  facet normal 0 -1 0
    outer loop
      vertex -20.2491 18.6885 0
      vertex -19.7509 18.6885 2.4
      vertex -20.2491 18.6885 2.4
    endloop
  endfacet
  facet normal 0 -1 -0
    outer loop
      vertex -19.7509 18.6885 2.4
      vertex -20.2491 18.6885 0
      vertex -19.7509 18.6885 0
    endloop
  endfacet
  facet normal -0.361264 -0.932463 0
    outer loop
      vertex -19.2611 18.5969 0
      vertex -18.7965 18.4169 2.4
      vertex -19.2611 18.5969 2.4
    endloop
  endfacet
  facet normal -0.361264 -0.932463 -0
    outer loop
      vertex -18.7965 18.4169 2.4
      vertex -19.2611 18.5969 0
      vertex -18.7965 18.4169 0
    endloop
  endfacet
  facet normal 0.961864 -0.273528 0
    outer loop
      vertex -22.654 16.4961 2.4
      vertex -22.5177 16.9754 0
      vertex -22.5177 16.9754 2.4
    endloop
  endfacet
  facet normal 0.961864 -0.273528 0
    outer loop
      vertex -22.5177 16.9754 0
      vertex -22.654 16.4961 2.4
      vertex -22.654 16.4961 0
    endloop
  endfacet
  facet normal 0.895149 -0.445768 0
    outer loop
      vertex -22.5177 16.9754 2.4
      vertex -22.2956 17.4214 0
      vertex -22.2956 17.4214 2.4
    endloop
  endfacet
  facet normal 0.895149 -0.445768 0
    outer loop
      vertex -22.2956 17.4214 0
      vertex -22.5177 16.9754 2.4
      vertex -22.5177 16.9754 0
    endloop
  endfacet
  facet normal 0.995729 -0.0923272 0
    outer loop
      vertex -22.7 16 2.4
      vertex -22.654 16.4961 0
      vertex -22.654 16.4961 2.4
    endloop
  endfacet
  facet normal 0.995729 -0.0923272 0
    outer loop
      vertex -22.654 16.4961 0
      vertex -22.7 16 2.4
      vertex -22.7 16 0
    endloop
  endfacet
  facet normal 0.673631 -0.739068 0
    outer loop
      vertex -21.9953 17.819 0
      vertex -21.6271 18.1546 2.4
      vertex -21.9953 17.819 2.4
    endloop
  endfacet
  facet normal 0.673631 -0.739068 0
    outer loop
      vertex -21.6271 18.1546 2.4
      vertex -21.9953 17.819 0
      vertex -21.6271 18.1546 0
    endloop
  endfacet
  facet normal 0.361264 -0.932463 0
    outer loop
      vertex -21.2035 18.4169 0
      vertex -20.7389 18.5969 2.4
      vertex -21.2035 18.4169 2.4
    endloop
  endfacet
  facet normal 0.361264 -0.932463 0
    outer loop
      vertex -20.7389 18.5969 2.4
      vertex -21.2035 18.4169 0
      vertex -20.7389 18.5969 0
    endloop
  endfacet
  facet normal -0.995729 0.0923272 0
    outer loop
      vertex -17.346 15.5039 0
      vertex -17.3 16 2.4
      vertex -17.3 16 0
    endloop
  endfacet
  facet normal -0.995729 0.0923272 0
    outer loop
      vertex -17.3 16 2.4
      vertex -17.346 15.5039 0
      vertex -17.346 15.5039 2.4
    endloop
  endfacet
  facet normal -0.361264 0.932463 0
    outer loop
      vertex -18.7965 13.5831 0
      vertex -19.2611 13.4031 2.4
      vertex -18.7965 13.5831 2.4
    endloop
  endfacet
  facet normal -0.361264 0.932463 0
    outer loop
      vertex -19.2611 13.4031 2.4
      vertex -18.7965 13.5831 0
      vertex -19.2611 13.4031 0
    endloop
  endfacet
  facet normal -0.673631 -0.739068 0
    outer loop
      vertex -18.3729 18.1546 0
      vertex -18.0047 17.819 2.4
      vertex -18.3729 18.1546 2.4
    endloop
  endfacet
  facet normal -0.673631 -0.739068 -0
    outer loop
      vertex -18.0047 17.819 2.4
      vertex -18.3729 18.1546 0
      vertex -18.0047 17.819 0
    endloop
  endfacet
  facet normal -0.797972 -0.602694 0
    outer loop
      vertex -17.7044 17.4214 0
      vertex -18.0047 17.819 2.4
      vertex -18.0047 17.819 0
    endloop
  endfacet
  facet normal -0.797972 -0.602694 0
    outer loop
      vertex -18.0047 17.819 2.4
      vertex -17.7044 17.4214 0
      vertex -17.7044 17.4214 2.4
    endloop
  endfacet
  facet normal 0.995729 0.0923272 0
    outer loop
      vertex -22.654 15.5039 2.4
      vertex -22.7 16 0
      vertex -22.7 16 2.4
    endloop
  endfacet
  facet normal 0.995729 0.0923272 0
    outer loop
      vertex -22.7 16 0
      vertex -22.654 15.5039 2.4
      vertex -22.654 15.5039 0
    endloop
  endfacet
  facet normal -0.895149 0.445768 0
    outer loop
      vertex -17.7044 14.5786 0
      vertex -17.4823 15.0246 2.4
      vertex -17.4823 15.0246 0
    endloop
  endfacet
  facet normal -0.895149 0.445768 0
    outer loop
      vertex -17.4823 15.0246 2.4
      vertex -17.7044 14.5786 0
      vertex -17.7044 14.5786 2.4
    endloop
  endfacet
  facet normal -0.673631 0.739068 0
    outer loop
      vertex -18.0047 14.181 0
      vertex -18.3729 13.8454 2.4
      vertex -18.0047 14.181 2.4
    endloop
  endfacet
  facet normal -0.673631 0.739068 0
    outer loop
      vertex -18.3729 13.8454 2.4
      vertex -18.0047 14.181 0
      vertex -18.3729 13.8454 0
    endloop
  endfacet
  facet normal -0.526458 0.850201 0
    outer loop
      vertex -18.3729 13.8454 0
      vertex -18.7965 13.5831 2.4
      vertex -18.3729 13.8454 2.4
    endloop
  endfacet
  facet normal -0.526458 0.850201 0
    outer loop
      vertex -18.7965 13.5831 2.4
      vertex -18.3729 13.8454 0
      vertex -18.7965 13.5831 0
    endloop
  endfacet
  facet normal -0.961864 0.273528 0
    outer loop
      vertex -17.4823 15.0246 0
      vertex -17.346 15.5039 2.4
      vertex -17.346 15.5039 0
    endloop
  endfacet
  facet normal -0.961864 0.273528 0
    outer loop
      vertex -17.346 15.5039 2.4
      vertex -17.4823 15.0246 0
      vertex -17.4823 15.0246 2.4
    endloop
  endfacet
  facet normal 0.361264 0.932463 -0
    outer loop
      vertex -20.7389 13.4031 0
      vertex -21.2035 13.5831 2.4
      vertex -20.7389 13.4031 2.4
    endloop
  endfacet
  facet normal 0.361264 0.932463 0
    outer loop
      vertex -21.2035 13.5831 2.4
      vertex -20.7389 13.4031 0
      vertex -21.2035 13.5831 0
    endloop
  endfacet
  facet normal 0 1 -0
    outer loop
      vertex -19.7509 13.3115 0
      vertex -20.2491 13.3115 2.4
      vertex -19.7509 13.3115 2.4
    endloop
  endfacet
  facet normal 0 1 0
    outer loop
      vertex -20.2491 13.3115 2.4
      vertex -19.7509 13.3115 0
      vertex -20.2491 13.3115 0
    endloop
  endfacet
  facet normal 0.526458 0.850201 -0
    outer loop
      vertex -21.2035 13.5831 0
      vertex -21.6271 13.8454 2.4
      vertex -21.2035 13.5831 2.4
    endloop
  endfacet
  facet normal 0.526458 0.850201 0
    outer loop
      vertex -21.6271 13.8454 2.4
      vertex -21.2035 13.5831 0
      vertex -21.6271 13.8454 0
    endloop
  endfacet
  facet normal 0.895149 0.445768 0
    outer loop
      vertex -22.2956 14.5786 2.4
      vertex -22.5177 15.0246 0
      vertex -22.5177 15.0246 2.4
    endloop
  endfacet
  facet normal 0.895149 0.445768 0
    outer loop
      vertex -22.5177 15.0246 0
      vertex -22.2956 14.5786 2.4
      vertex -22.2956 14.5786 0
    endloop
  endfacet
  facet normal 0.961864 0.273528 0
    outer loop
      vertex -22.5177 15.0246 2.4
      vertex -22.654 15.5039 0
      vertex -22.654 15.5039 2.4
    endloop
  endfacet
  facet normal 0.961864 0.273528 0
    outer loop
      vertex -22.654 15.5039 0
      vertex -22.5177 15.0246 2.4
      vertex -22.5177 15.0246 0
    endloop
  endfacet
  facet normal -0.797972 0.602694 0
    outer loop
      vertex -18.0047 14.181 0
      vertex -17.7044 14.5786 2.4
      vertex -17.7044 14.5786 0
    endloop
  endfacet
  facet normal -0.797972 0.602694 0
    outer loop
      vertex -17.7044 14.5786 2.4
      vertex -18.0047 14.181 0
      vertex -18.0047 14.181 2.4
    endloop
  endfacet
  facet normal 0.183828 0.982958 -0
    outer loop
      vertex -20.2491 13.3115 0
      vertex -20.7389 13.4031 2.4
      vertex -20.2491 13.3115 2.4
    endloop
  endfacet
  facet normal 0.183828 0.982958 0
    outer loop
      vertex -20.7389 13.4031 2.4
      vertex -20.2491 13.3115 0
      vertex -20.7389 13.4031 0
    endloop
  endfacet
  facet normal 0.673631 0.739068 -0
    outer loop
      vertex -21.6271 13.8454 0
      vertex -21.9953 14.181 2.4
      vertex -21.6271 13.8454 2.4
    endloop
  endfacet
  facet normal 0.673631 0.739068 0
    outer loop
      vertex -21.9953 14.181 2.4
      vertex -21.6271 13.8454 0
      vertex -21.9953 14.181 0
    endloop
  endfacet
  facet normal 0.797972 0.602694 0
    outer loop
      vertex -21.9953 14.181 2.4
      vertex -22.2956 14.5786 0
      vertex -22.2956 14.5786 2.4
    endloop
  endfacet
  facet normal 0.797972 0.602694 0
    outer loop
      vertex -22.2956 14.5786 0
      vertex -21.9953 14.181 2.4
      vertex -21.9953 14.181 0
    endloop
  endfacet
  facet normal -0.995729 -0.0923272 0
    outer loop
      vertex 22.7 -16 0
      vertex 22.654 -15.5039 2.4
      vertex 22.654 -15.5039 0
    endloop
  endfacet
  facet normal -0.995729 -0.0923272 0
    outer loop
      vertex 22.654 -15.5039 2.4
      vertex 22.7 -16 0
      vertex 22.7 -16 2.4
    endloop
  endfacet
  facet normal 0.995729 -0.0923272 0
    outer loop
      vertex 17.3 -16 2.4
      vertex 17.346 -15.5039 0
      vertex 17.346 -15.5039 2.4
    endloop
  endfacet
  facet normal 0.995729 -0.0923272 0
    outer loop
      vertex 17.346 -15.5039 0
      vertex 17.3 -16 2.4
      vertex 17.3 -16 0
    endloop
  endfacet
  facet normal 0 -1 0
    outer loop
      vertex 19.7509 -13.3115 0
      vertex 20.2491 -13.3115 4.8
      vertex 19.7509 -13.3115 4.8
    endloop
  endfacet
  facet normal 0 -1 -0
    outer loop
      vertex 20.2491 -13.3115 4.8
      vertex 19.7509 -13.3115 0
      vertex 20.2491 -13.3115 0
    endloop
  endfacet
  facet normal 0 1 -0
    outer loop
      vertex 20.2491 -18.6885 0
      vertex 19.7509 -18.6885 2.4
      vertex 20.2491 -18.6885 2.4
    endloop
  endfacet
  facet normal 0 1 0
    outer loop
      vertex 19.7509 -18.6885 2.4
      vertex 20.2491 -18.6885 0
      vertex 19.7509 -18.6885 0
    endloop
  endfacet
  facet normal -0.673631 -0.739068 0
    outer loop
      vertex 21.6271 -13.8454 0
      vertex 21.9953 -14.181 2.4
      vertex 21.6271 -13.8454 2.4
    endloop
  endfacet
  facet normal -0.673631 -0.739068 -0
    outer loop
      vertex 21.9953 -14.181 2.4
      vertex 21.6271 -13.8454 0
      vertex 21.9953 -14.181 0
    endloop
  endfacet
  facet normal 0.673784 -0.738929 0
    outer loop
      vertex 18.0047 -14.181 2.4
      vertex 18.0047 -14.181 0
      vertex 18.2032 -14 2.4
    endloop
  endfacet
  facet normal 0.673453 -0.73923 0
    outer loop
      vertex 18.2032 -14 2.4
      vertex 18.3729 -13.8454 4.8
      vertex 18.2032 -14 4.8
    endloop
  endfacet
  facet normal 0.673453 -0.73923 0
    outer loop
      vertex 18.2032 -14 2.4
      vertex 18.3729 -13.8454 0
      vertex 18.3729 -13.8454 4.8
    endloop
  endfacet
  facet normal 0.673631 -0.739068 2.30833e-05
    outer loop
      vertex 18.3729 -13.8454 0
      vertex 18.2032 -14 2.4
      vertex 18.0047 -14.181 0
    endloop
  endfacet
  facet normal 0.361264 -0.932463 0
    outer loop
      vertex 18.7965 -13.5831 0
      vertex 19.2611 -13.4031 4.8
      vertex 18.7965 -13.5831 4.8
    endloop
  endfacet
  facet normal 0.361264 -0.932463 0
    outer loop
      vertex 19.2611 -13.4031 4.8
      vertex 18.7965 -13.5831 0
      vertex 19.2611 -13.4031 0
    endloop
  endfacet
  facet normal -0.961864 0.273528 0
    outer loop
      vertex 22.5177 -16.9754 0
      vertex 22.654 -16.4961 2.4
      vertex 22.654 -16.4961 0
    endloop
  endfacet
  facet normal -0.961864 0.273528 0
    outer loop
      vertex 22.654 -16.4961 2.4
      vertex 22.5177 -16.9754 0
      vertex 22.5177 -16.9754 2.4
    endloop
  endfacet
  facet normal -0.895149 -0.445768 0
    outer loop
      vertex 22.5177 -15.0246 0
      vertex 22.2956 -14.5786 2.4
      vertex 22.2956 -14.5786 0
    endloop
  endfacet
  facet normal -0.895149 -0.445768 0
    outer loop
      vertex 22.2956 -14.5786 2.4
      vertex 22.5177 -15.0246 0
      vertex 22.5177 -15.0246 2.4
    endloop
  endfacet
  facet normal -0.961864 -0.273528 0
    outer loop
      vertex 22.654 -15.5039 0
      vertex 22.5177 -15.0246 2.4
      vertex 22.5177 -15.0246 0
    endloop
  endfacet
  facet normal -0.961864 -0.273528 0
    outer loop
      vertex 22.5177 -15.0246 2.4
      vertex 22.654 -15.5039 0
      vertex 22.654 -15.5039 2.4
    endloop
  endfacet
  facet normal -0.797972 -0.602694 0
    outer loop
      vertex 22.2956 -14.5786 0
      vertex 21.9953 -14.181 2.4
      vertex 21.9953 -14.181 0
    endloop
  endfacet
  facet normal -0.797972 -0.602694 0
    outer loop
      vertex 21.9953 -14.181 2.4
      vertex 22.2956 -14.5786 0
      vertex 22.2956 -14.5786 2.4
    endloop
  endfacet
  facet normal -0.361084 -0.932533 0
    outer loop
      vertex 20.7389 -13.4031 4.8
      vertex 21 -13.5042 2.4
      vertex 21 -13.5042 4.8
    endloop
  endfacet
  facet normal -0.361084 -0.932533 0
    outer loop
      vertex 20.7389 -13.4031 0
      vertex 21 -13.5042 2.4
      vertex 20.7389 -13.4031 4.8
    endloop
  endfacet
  facet normal -0.361264 -0.932463 2.25288e-05
    outer loop
      vertex 21.2035 -13.5831 0
      vertex 21 -13.5042 2.4
      vertex 20.7389 -13.4031 0
    endloop
  endfacet
  facet normal -0.361495 -0.932374 0
    outer loop
      vertex 21 -13.5042 2.4
      vertex 21.2035 -13.5831 0
      vertex 21.2035 -13.5831 2.4
    endloop
  endfacet
  facet normal -0.183828 -0.982958 0
    outer loop
      vertex 20.2491 -13.3115 0
      vertex 20.7389 -13.4031 4.8
      vertex 20.2491 -13.3115 4.8
    endloop
  endfacet
  facet normal -0.183828 -0.982958 -0
    outer loop
      vertex 20.7389 -13.4031 4.8
      vertex 20.2491 -13.3115 0
      vertex 20.7389 -13.4031 0
    endloop
  endfacet
  facet normal -0.526458 -0.850201 0
    outer loop
      vertex 21.2035 -13.5831 0
      vertex 21.6271 -13.8454 2.4
      vertex 21.2035 -13.5831 2.4
    endloop
  endfacet
  facet normal -0.526458 -0.850201 -0
    outer loop
      vertex 21.6271 -13.8454 2.4
      vertex 21.2035 -13.5831 0
      vertex 21.6271 -13.8454 0
    endloop
  endfacet
  facet normal 0.895149 -0.445768 0
    outer loop
      vertex 17.4823 -15.0246 2.4
      vertex 17.7044 -14.5786 0
      vertex 17.7044 -14.5786 2.4
    endloop
  endfacet
  facet normal 0.895149 -0.445768 0
    outer loop
      vertex 17.7044 -14.5786 0
      vertex 17.4823 -15.0246 2.4
      vertex 17.4823 -15.0246 0
    endloop
  endfacet
  facet normal 0.797972 -0.602694 0
    outer loop
      vertex 17.7044 -14.5786 2.4
      vertex 18.0047 -14.181 0
      vertex 18.0047 -14.181 2.4
    endloop
  endfacet
  facet normal 0.797972 -0.602694 0
    outer loop
      vertex 18.0047 -14.181 0
      vertex 17.7044 -14.5786 2.4
      vertex 17.7044 -14.5786 0
    endloop
  endfacet
  facet normal 0.961864 -0.273528 0
    outer loop
      vertex 17.346 -15.5039 2.4
      vertex 17.4823 -15.0246 0
      vertex 17.4823 -15.0246 2.4
    endloop
  endfacet
  facet normal 0.961864 -0.273528 0
    outer loop
      vertex 17.4823 -15.0246 0
      vertex 17.346 -15.5039 2.4
      vertex 17.346 -15.5039 0
    endloop
  endfacet
  facet normal 0 0 -1
    outer loop
      vertex 21 -14 4.8
      vertex 20.7389 -13.4031 4.8
      vertex 21 -13.5042 4.8
    endloop
  endfacet
  facet normal 0 0 -1
    outer loop
      vertex 21 -14 4.8
      vertex 20.2491 -13.3115 4.8
      vertex 20.7389 -13.4031 4.8
    endloop
  endfacet
  facet normal 0 0 -1
    outer loop
      vertex 21 -14 4.8
      vertex 19.7509 -13.3115 4.8
      vertex 20.2491 -13.3115 4.8
    endloop
  endfacet
  facet normal 0 0 -1
    outer loop
      vertex 21 -14 4.8
      vertex 19.2611 -13.4031 4.8
      vertex 19.7509 -13.3115 4.8
    endloop
  endfacet
  facet normal 0 0 -1
    outer loop
      vertex 21 -14 4.8
      vertex 18.7965 -13.5831 4.8
      vertex 19.2611 -13.4031 4.8
    endloop
  endfacet
  facet normal 0 0 -1
    outer loop
      vertex 21 -14 4.8
      vertex 18.3729 -13.8454 4.8
      vertex 18.7965 -13.5831 4.8
    endloop
  endfacet
  facet normal 0 -0 -1
    outer loop
      vertex 18.3729 -13.8454 4.8
      vertex 21 -14 4.8
      vertex 18.2032 -14 4.8
    endloop
  endfacet
  facet normal 0.526458 -0.850201 0
    outer loop
      vertex 18.3729 -13.8454 0
      vertex 18.7965 -13.5831 4.8
      vertex 18.3729 -13.8454 4.8
    endloop
  endfacet
  facet normal 0.526458 -0.850201 0
    outer loop
      vertex 18.7965 -13.5831 4.8
      vertex 18.3729 -13.8454 0
      vertex 18.7965 -13.5831 0
    endloop
  endfacet
  facet normal 0.183828 -0.982958 0
    outer loop
      vertex 19.2611 -13.4031 0
      vertex 19.7509 -13.3115 4.8
      vertex 19.2611 -13.4031 4.8
    endloop
  endfacet
  facet normal 0.183828 -0.982958 0
    outer loop
      vertex 19.7509 -13.3115 4.8
      vertex 19.2611 -13.4031 0
      vertex 19.7509 -13.3115 0
    endloop
  endfacet
  facet normal -0.995729 0.0923272 0
    outer loop
      vertex 22.654 -16.4961 0
      vertex 22.7 -16 2.4
      vertex 22.7 -16 0
    endloop
  endfacet
  facet normal -0.995729 0.0923272 0
    outer loop
      vertex 22.7 -16 2.4
      vertex 22.654 -16.4961 0
      vertex 22.654 -16.4961 2.4
    endloop
  endfacet
  facet normal 0.895149 0.445768 0
    outer loop
      vertex 17.7044 -17.4214 2.4
      vertex 17.4823 -16.9754 0
      vertex 17.4823 -16.9754 2.4
    endloop
  endfacet
  facet normal 0.895149 0.445768 0
    outer loop
      vertex 17.4823 -16.9754 0
      vertex 17.7044 -17.4214 2.4
      vertex 17.7044 -17.4214 0
    endloop
  endfacet
  facet normal -0.895149 0.445768 0
    outer loop
      vertex 22.2956 -17.4214 0
      vertex 22.5177 -16.9754 2.4
      vertex 22.5177 -16.9754 0
    endloop
  endfacet
  facet normal -0.895149 0.445768 0
    outer loop
      vertex 22.5177 -16.9754 2.4
      vertex 22.2956 -17.4214 0
      vertex 22.2956 -17.4214 2.4
    endloop
  endfacet
  facet normal 0.526458 0.850201 -0
    outer loop
      vertex 18.7965 -18.4169 0
      vertex 18.3729 -18.1546 2.4
      vertex 18.7965 -18.4169 2.4
    endloop
  endfacet
  facet normal 0.526458 0.850201 0
    outer loop
      vertex 18.3729 -18.1546 2.4
      vertex 18.7965 -18.4169 0
      vertex 18.3729 -18.1546 0
    endloop
  endfacet
  facet normal 0.995729 0.0923272 0
    outer loop
      vertex 17.346 -16.4961 2.4
      vertex 17.3 -16 0
      vertex 17.3 -16 2.4
    endloop
  endfacet
  facet normal 0.995729 0.0923272 0
    outer loop
      vertex 17.3 -16 0
      vertex 17.346 -16.4961 2.4
      vertex 17.346 -16.4961 0
    endloop
  endfacet
  facet normal -0.526458 0.850201 0
    outer loop
      vertex 21.6271 -18.1546 0
      vertex 21.2035 -18.4169 2.4
      vertex 21.6271 -18.1546 2.4
    endloop
  endfacet
  facet normal -0.526458 0.850201 0
    outer loop
      vertex 21.2035 -18.4169 2.4
      vertex 21.6271 -18.1546 0
      vertex 21.2035 -18.4169 0
    endloop
  endfacet
  facet normal 0.183828 0.982958 -0
    outer loop
      vertex 19.7509 -18.6885 0
      vertex 19.2611 -18.5969 2.4
      vertex 19.7509 -18.6885 2.4
    endloop
  endfacet
  facet normal 0.183828 0.982958 0
    outer loop
      vertex 19.2611 -18.5969 2.4
      vertex 19.7509 -18.6885 0
      vertex 19.2611 -18.5969 0
    endloop
  endfacet
  facet normal 0.673631 0.739068 -0
    outer loop
      vertex 18.3729 -18.1546 0
      vertex 18.0047 -17.819 2.4
      vertex 18.3729 -18.1546 2.4
    endloop
  endfacet
  facet normal 0.673631 0.739068 0
    outer loop
      vertex 18.0047 -17.819 2.4
      vertex 18.3729 -18.1546 0
      vertex 18.0047 -17.819 0
    endloop
  endfacet
  facet normal 0.797972 0.602694 0
    outer loop
      vertex 18.0047 -17.819 2.4
      vertex 17.7044 -17.4214 0
      vertex 17.7044 -17.4214 2.4
    endloop
  endfacet
  facet normal 0.797972 0.602694 0
    outer loop
      vertex 17.7044 -17.4214 0
      vertex 18.0047 -17.819 2.4
      vertex 18.0047 -17.819 0
    endloop
  endfacet
  facet normal -0.361264 0.932463 0
    outer loop
      vertex 21.2035 -18.4169 0
      vertex 20.7389 -18.5969 2.4
      vertex 21.2035 -18.4169 2.4
    endloop
  endfacet
  facet normal -0.361264 0.932463 0
    outer loop
      vertex 20.7389 -18.5969 2.4
      vertex 21.2035 -18.4169 0
      vertex 20.7389 -18.5969 0
    endloop
  endfacet
  facet normal -0.183828 0.982958 0
    outer loop
      vertex 20.7389 -18.5969 0
      vertex 20.2491 -18.6885 2.4
      vertex 20.7389 -18.5969 2.4
    endloop
  endfacet
  facet normal -0.183828 0.982958 0
    outer loop
      vertex 20.2491 -18.6885 2.4
      vertex 20.7389 -18.5969 0
      vertex 20.2491 -18.6885 0
    endloop
  endfacet
  facet normal -0.673631 0.739068 0
    outer loop
      vertex 21.9953 -17.819 0
      vertex 21.6271 -18.1546 2.4
      vertex 21.9953 -17.819 2.4
    endloop
  endfacet
  facet normal -0.673631 0.739068 0
    outer loop
      vertex 21.6271 -18.1546 2.4
      vertex 21.9953 -17.819 0
      vertex 21.6271 -18.1546 0
    endloop
  endfacet
  facet normal 0.361264 0.932463 -0
    outer loop
      vertex 19.2611 -18.5969 0
      vertex 18.7965 -18.4169 2.4
      vertex 19.2611 -18.5969 2.4
    endloop
  endfacet
  facet normal 0.361264 0.932463 0
    outer loop
      vertex 18.7965 -18.4169 2.4
      vertex 19.2611 -18.5969 0
      vertex 18.7965 -18.4169 0
    endloop
  endfacet
  facet normal 0.961864 0.273528 0
    outer loop
      vertex 17.4823 -16.9754 2.4
      vertex 17.346 -16.4961 0
      vertex 17.346 -16.4961 2.4
    endloop
  endfacet
  facet normal 0.961864 0.273528 0
    outer loop
      vertex 17.346 -16.4961 0
      vertex 17.4823 -16.9754 2.4
      vertex 17.4823 -16.9754 0
    endloop
  endfacet
  facet normal -0.797972 0.602694 0
    outer loop
      vertex 21.9953 -17.819 0
      vertex 22.2956 -17.4214 2.4
      vertex 22.2956 -17.4214 0
    endloop
  endfacet
  facet normal -0.797972 0.602694 0
    outer loop
      vertex 22.2956 -17.4214 2.4
      vertex 21.9953 -17.819 0
      vertex 21.9953 -17.819 2.4
    endloop
  endfacet
  facet normal -0.995729 -0.0923272 0
    outer loop
      vertex 22.7 16 0
      vertex 22.654 16.4961 2.4
      vertex 22.654 16.4961 0
    endloop
  endfacet
  facet normal -0.995729 -0.0923272 0
    outer loop
      vertex 22.654 16.4961 2.4
      vertex 22.7 16 0
      vertex 22.7 16 2.4
    endloop
  endfacet
  facet normal 0.183828 -0.982958 0
    outer loop
      vertex 19.2611 18.5969 0
      vertex 19.7509 18.6885 2.4
      vertex 19.2611 18.5969 2.4
    endloop
  endfacet
  facet normal 0.183828 -0.982958 0
    outer loop
      vertex 19.7509 18.6885 2.4
      vertex 19.2611 18.5969 0
      vertex 19.7509 18.6885 0
    endloop
  endfacet
  facet normal -0.183828 0.982958 0
    outer loop
      vertex 20.7389 13.4031 0
      vertex 20.2491 13.3115 2.4
      vertex 20.7389 13.4031 2.4
    endloop
  endfacet
  facet normal -0.183828 0.982958 0
    outer loop
      vertex 20.2491 13.3115 2.4
      vertex 20.7389 13.4031 0
      vertex 20.2491 13.3115 0
    endloop
  endfacet
  facet normal -0.526458 -0.850201 0
    outer loop
      vertex 21.2035 18.4169 0
      vertex 21.6271 18.1546 2.4
      vertex 21.2035 18.4169 2.4
    endloop
  endfacet
  facet normal -0.526458 -0.850201 -0
    outer loop
      vertex 21.6271 18.1546 2.4
      vertex 21.2035 18.4169 0
      vertex 21.6271 18.1546 0
    endloop
  endfacet
  facet normal 0.797972 -0.602694 0
    outer loop
      vertex 17.7044 17.4214 2.4
      vertex 18.0047 17.819 0
      vertex 18.0047 17.819 2.4
    endloop
  endfacet
  facet normal 0.797972 -0.602694 0
    outer loop
      vertex 18.0047 17.819 0
      vertex 17.7044 17.4214 2.4
      vertex 17.7044 17.4214 0
    endloop
  endfacet
  facet normal 0.526458 -0.850201 0
    outer loop
      vertex 18.3729 18.1546 0
      vertex 18.7965 18.4169 2.4
      vertex 18.3729 18.1546 2.4
    endloop
  endfacet
  facet normal 0.526458 -0.850201 0
    outer loop
      vertex 18.7965 18.4169 2.4
      vertex 18.3729 18.1546 0
      vertex 18.7965 18.4169 0
    endloop
  endfacet
  facet normal -0.961864 0.273528 0
    outer loop
      vertex 22.5177 15.0246 0
      vertex 22.654 15.5039 2.4
      vertex 22.654 15.5039 0
    endloop
  endfacet
  facet normal -0.961864 0.273528 0
    outer loop
      vertex 22.654 15.5039 2.4
      vertex 22.5177 15.0246 0
      vertex 22.5177 15.0246 2.4
    endloop
  endfacet
  facet normal -0.895149 -0.445768 0
    outer loop
      vertex 22.5177 16.9754 0
      vertex 22.2956 17.4214 2.4
      vertex 22.2956 17.4214 0
    endloop
  endfacet
  facet normal -0.895149 -0.445768 0
    outer loop
      vertex 22.2956 17.4214 2.4
      vertex 22.5177 16.9754 0
      vertex 22.5177 16.9754 2.4
    endloop
  endfacet
  facet normal -0.961864 -0.273528 0
    outer loop
      vertex 22.654 16.4961 0
      vertex 22.5177 16.9754 2.4
      vertex 22.5177 16.9754 0
    endloop
  endfacet
  facet normal -0.961864 -0.273528 0
    outer loop
      vertex 22.5177 16.9754 2.4
      vertex 22.654 16.4961 0
      vertex 22.654 16.4961 2.4
    endloop
  endfacet
  facet normal -0.183828 -0.982958 0
    outer loop
      vertex 20.2491 18.6885 0
      vertex 20.7389 18.5969 2.4
      vertex 20.2491 18.6885 2.4
    endloop
  endfacet
  facet normal -0.183828 -0.982958 -0
    outer loop
      vertex 20.7389 18.5969 2.4
      vertex 20.2491 18.6885 0
      vertex 20.7389 18.5969 0
    endloop
  endfacet
  facet normal 0 -1 0
    outer loop
      vertex 19.7509 18.6885 0
      vertex 20.2491 18.6885 2.4
      vertex 19.7509 18.6885 2.4
    endloop
  endfacet
  facet normal 0 -1 -0
    outer loop
      vertex 20.2491 18.6885 2.4
      vertex 19.7509 18.6885 0
      vertex 20.2491 18.6885 0
    endloop
  endfacet
  facet normal -0.361264 -0.932463 0
    outer loop
      vertex 20.7389 18.5969 0
      vertex 21.2035 18.4169 2.4
      vertex 20.7389 18.5969 2.4
    endloop
  endfacet
  facet normal -0.361264 -0.932463 -0
    outer loop
      vertex 21.2035 18.4169 2.4
      vertex 20.7389 18.5969 0
      vertex 21.2035 18.4169 0
    endloop
  endfacet
  facet normal 0.961864 -0.273528 0
    outer loop
      vertex 17.346 16.4961 2.4
      vertex 17.4823 16.9754 0
      vertex 17.4823 16.9754 2.4
    endloop
  endfacet
  facet normal 0.961864 -0.273528 0
    outer loop
      vertex 17.4823 16.9754 0
      vertex 17.346 16.4961 2.4
      vertex 17.346 16.4961 0
    endloop
  endfacet
  facet normal 0.895149 -0.445768 0
    outer loop
      vertex 17.4823 16.9754 2.4
      vertex 17.7044 17.4214 0
      vertex 17.7044 17.4214 2.4
    endloop
  endfacet
  facet normal 0.895149 -0.445768 0
    outer loop
      vertex 17.7044 17.4214 0
      vertex 17.4823 16.9754 2.4
      vertex 17.4823 16.9754 0
    endloop
  endfacet
  facet normal 0.995729 -0.0923272 0
    outer loop
      vertex 17.3 16 2.4
      vertex 17.346 16.4961 0
      vertex 17.346 16.4961 2.4
    endloop
  endfacet
  facet normal 0.995729 -0.0923272 0
    outer loop
      vertex 17.346 16.4961 0
      vertex 17.3 16 2.4
      vertex 17.3 16 0
    endloop
  endfacet
  facet normal 0.673631 -0.739068 0
    outer loop
      vertex 18.0047 17.819 0
      vertex 18.3729 18.1546 2.4
      vertex 18.0047 17.819 2.4
    endloop
  endfacet
  facet normal 0.673631 -0.739068 0
    outer loop
      vertex 18.3729 18.1546 2.4
      vertex 18.0047 17.819 0
      vertex 18.3729 18.1546 0
    endloop
  endfacet
  facet normal 0.361264 -0.932463 0
    outer loop
      vertex 18.7965 18.4169 0
      vertex 19.2611 18.5969 2.4
      vertex 18.7965 18.4169 2.4
    endloop
  endfacet
  facet normal 0.361264 -0.932463 0
    outer loop
      vertex 19.2611 18.5969 2.4
      vertex 18.7965 18.4169 0
      vertex 19.2611 18.5969 0
    endloop
  endfacet
  facet normal -0.995729 0.0923272 0
    outer loop
      vertex 22.654 15.5039 0
      vertex 22.7 16 2.4
      vertex 22.7 16 0
    endloop
  endfacet
  facet normal -0.995729 0.0923272 0
    outer loop
      vertex 22.7 16 2.4
      vertex 22.654 15.5039 0
      vertex 22.654 15.5039 2.4
    endloop
  endfacet
  facet normal 0.797972 0.602694 0
    outer loop
      vertex 18.0047 14.181 2.4
      vertex 17.7044 14.5786 0
      vertex 17.7044 14.5786 2.4
    endloop
  endfacet
  facet normal 0.797972 0.602694 0
    outer loop
      vertex 17.7044 14.5786 0
      vertex 18.0047 14.181 2.4
      vertex 18.0047 14.181 0
    endloop
  endfacet
  facet normal -0.361264 0.932463 0
    outer loop
      vertex 21.2035 13.5831 0
      vertex 20.7389 13.4031 2.4
      vertex 21.2035 13.5831 2.4
    endloop
  endfacet
  facet normal -0.361264 0.932463 0
    outer loop
      vertex 20.7389 13.4031 2.4
      vertex 21.2035 13.5831 0
      vertex 20.7389 13.4031 0
    endloop
  endfacet
  facet normal -0.673631 -0.739068 0
    outer loop
      vertex 21.6271 18.1546 0
      vertex 21.9953 17.819 2.4
      vertex 21.6271 18.1546 2.4
    endloop
  endfacet
  facet normal -0.673631 -0.739068 -0
    outer loop
      vertex 21.9953 17.819 2.4
      vertex 21.6271 18.1546 0
      vertex 21.9953 17.819 0
    endloop
  endfacet
  facet normal -0.797972 -0.602694 0
    outer loop
      vertex 22.2956 17.4214 0
      vertex 21.9953 17.819 2.4
      vertex 21.9953 17.819 0
    endloop
  endfacet
  facet normal -0.797972 -0.602694 0
    outer loop
      vertex 21.9953 17.819 2.4
      vertex 22.2956 17.4214 0
      vertex 22.2956 17.4214 2.4
    endloop
  endfacet
  facet normal 0.995729 0.0923272 0
    outer loop
      vertex 17.346 15.5039 2.4
      vertex 17.3 16 0
      vertex 17.3 16 2.4
    endloop
  endfacet
  facet normal 0.995729 0.0923272 0
    outer loop
      vertex 17.3 16 0
      vertex 17.346 15.5039 2.4
      vertex 17.346 15.5039 0
    endloop
  endfacet
  facet normal -0.895149 0.445768 0
    outer loop
      vertex 22.2956 14.5786 0
      vertex 22.5177 15.0246 2.4
      vertex 22.5177 15.0246 0
    endloop
  endfacet
  facet normal -0.895149 0.445768 0
    outer loop
      vertex 22.5177 15.0246 2.4
      vertex 22.2956 14.5786 0
      vertex 22.2956 14.5786 2.4
    endloop
  endfacet
  facet normal -0.673631 0.739068 0
    outer loop
      vertex 21.9953 14.181 0
      vertex 21.6271 13.8454 2.4
      vertex 21.9953 14.181 2.4
    endloop
  endfacet
  facet normal -0.673631 0.739068 0
    outer loop
      vertex 21.6271 13.8454 2.4
      vertex 21.9953 14.181 0
      vertex 21.6271 13.8454 0
    endloop
  endfacet
  facet normal -0.526458 0.850201 0
    outer loop
      vertex 21.6271 13.8454 0
      vertex 21.2035 13.5831 2.4
      vertex 21.6271 13.8454 2.4
    endloop
  endfacet
  facet normal -0.526458 0.850201 0
    outer loop
      vertex 21.2035 13.5831 2.4
      vertex 21.6271 13.8454 0
      vertex 21.2035 13.5831 0
    endloop
  endfacet
  facet normal 0 1 -0
    outer loop
      vertex 20.2491 13.3115 0
      vertex 19.7509 13.3115 2.4
      vertex 20.2491 13.3115 2.4
    endloop
  endfacet
  facet normal 0 1 0
    outer loop
      vertex 19.7509 13.3115 2.4
      vertex 20.2491 13.3115 0
      vertex 19.7509 13.3115 0
    endloop
  endfacet
  facet normal 0.361264 0.932463 -0
    outer loop
      vertex 19.2611 13.4031 0
      vertex 18.7965 13.5831 2.4
      vertex 19.2611 13.4031 2.4
    endloop
  endfacet
  facet normal 0.361264 0.932463 0
    outer loop
      vertex 18.7965 13.5831 2.4
      vertex 19.2611 13.4031 0
      vertex 18.7965 13.5831 0
    endloop
  endfacet
  facet normal 0.526458 0.850201 -0
    outer loop
      vertex 18.7965 13.5831 0
      vertex 18.3729 13.8454 2.4
      vertex 18.7965 13.5831 2.4
    endloop
  endfacet
  facet normal 0.526458 0.850201 0
    outer loop
      vertex 18.3729 13.8454 2.4
      vertex 18.7965 13.5831 0
      vertex 18.3729 13.8454 0
    endloop
  endfacet
  facet normal 0.895149 0.445768 0
    outer loop
      vertex 17.7044 14.5786 2.4
      vertex 17.4823 15.0246 0
      vertex 17.4823 15.0246 2.4
    endloop
  endfacet
  facet normal 0.895149 0.445768 0
    outer loop
      vertex 17.4823 15.0246 0
      vertex 17.7044 14.5786 2.4
      vertex 17.7044 14.5786 0
    endloop
  endfacet
  facet normal 0.961864 0.273528 0
    outer loop
      vertex 17.4823 15.0246 2.4
      vertex 17.346 15.5039 0
      vertex 17.346 15.5039 2.4
    endloop
  endfacet
  facet normal 0.961864 0.273528 0
    outer loop
      vertex 17.346 15.5039 0
      vertex 17.4823 15.0246 2.4
      vertex 17.4823 15.0246 0
    endloop
  endfacet
  facet normal -0.797972 0.602694 0
    outer loop
      vertex 21.9953 14.181 0
      vertex 22.2956 14.5786 2.4
      vertex 22.2956 14.5786 0
    endloop
  endfacet
  facet normal -0.797972 0.602694 0
    outer loop
      vertex 22.2956 14.5786 2.4
      vertex 21.9953 14.181 0
      vertex 21.9953 14.181 2.4
    endloop
  endfacet
  facet normal 0.183828 0.982958 -0
    outer loop
      vertex 19.7509 13.3115 0
      vertex 19.2611 13.4031 2.4
      vertex 19.7509 13.3115 2.4
    endloop
  endfacet
  facet normal 0.183828 0.982958 0
    outer loop
      vertex 19.2611 13.4031 2.4
      vertex 19.7509 13.3115 0
      vertex 19.2611 13.4031 0
    endloop
  endfacet
  facet normal 0.673631 0.739068 -0
    outer loop
      vertex 18.3729 13.8454 0
      vertex 18.0047 14.181 2.4
      vertex 18.3729 13.8454 2.4
    endloop
  endfacet
  facet normal 0.673631 0.739068 0
    outer loop
      vertex 18.0047 14.181 2.4
      vertex 18.3729 13.8454 0
      vertex 18.0047 14.181 0
    endloop
  endfacet
  facet normal 0 0 -1
    outer loop
      vertex -17 -24.9984 44
      vertex 17 -22.5981 44
      vertex 17 -24.9984 44
    endloop
  endfacet
  facet normal -0 0 -1
    outer loop
      vertex 17 -22.5981 44
      vertex -17 -24.9984 44
      vertex -17 -22.5981 44
    endloop
  endfacet
  facet normal -0 0 1
    outer loop
      vertex -17 -22.5981 10
      vertex 17 -24.9984 10
      vertex 17 -22.5981 10
    endloop
  endfacet
  facet normal 0 0 1
    outer loop
      vertex 17 -24.9984 10
      vertex -17 -22.5981 10
      vertex -17 -24.9984 10
    endloop
  endfacet
  facet normal 1 0 0
    outer loop
      vertex -16.8 -14 48
      vertex -16.8 -22.5981 45.6
      vertex -16.8 -14 45.6
    endloop
  endfacet
  facet normal 1 -0 0
    outer loop
      vertex -16.8 -22.6 48
      vertex -16.8 -22.5981 45.6
      vertex -16.8 -14 48
    endloop
  endfacet
  facet normal 1 0 0
    outer loop
      vertex -16.8 -22.6 45.4
      vertex -16.8 -22.5981 45.6
      vertex -16.8 -22.6 48
    endloop
  endfacet
  facet normal 1 0 0
    outer loop
      vertex -16.8 -22.5981 45.6
      vertex -16.8 -22.6 45.4
      vertex -16.8 -22.5981 45.4
    endloop
  endfacet
  facet normal -1 0 0
    outer loop
      vertex 16.8 -22.5981 45.4
      vertex 16.8 -22.6 45.4
      vertex 16.8 -22.5981 45.6
    endloop
  endfacet
  facet normal -1 0 0
    outer loop
      vertex 16.8 -22.5981 45.6
      vertex 16.8 -14 48
      vertex 16.8 -14 45.6
    endloop
  endfacet
  facet normal -1 0 0
    outer loop
      vertex 16.8 -22.5981 45.6
      vertex 16.8 -22.6 48
      vertex 16.8 -14 48
    endloop
  endfacet
  facet normal -1 0 0
    outer loop
      vertex 16.8 -22.6 48
      vertex 16.8 -22.5981 45.6
      vertex 16.8 -22.6 45.4
    endloop
  endfacet
  facet normal -0 0 1
    outer loop
      vertex -16.8 -22.5981 45.4
      vertex 16.8 -22.6 45.4
      vertex 16.8 -22.5981 45.4
    endloop
  endfacet
  facet normal 0 0 1
    outer loop
      vertex 16.8 -22.6 45.4
      vertex -16.8 -22.5981 45.4
      vertex -16.8 -22.6 45.4
    endloop
  endfacet
  facet normal 0 1 -0
    outer loop
      vertex 16.8 -22.6 45.4
      vertex -16.8 -22.6 48
      vertex 16.8 -22.6 48
    endloop
  endfacet
  facet normal 0 1 0
    outer loop
      vertex -16.8 -22.6 48
      vertex 16.8 -22.6 45.4
      vertex -16.8 -22.6 45.4
    endloop
  endfacet
  facet normal 1 -0 0
    outer loop
      vertex -6 -4 2.4
      vertex -6 4 0
      vertex -6 4 2.4
    endloop
  endfacet
  facet normal 1 0 0
    outer loop
      vertex -6 4 0
      vertex -6 -4 2.4
      vertex -6 -4 0
    endloop
  endfacet
  facet normal -1 0 0
    outer loop
      vertex 6 -4 0
      vertex 6 4 2.4
      vertex 6 4 0
    endloop
  endfacet
  facet normal -1 -0 0
    outer loop
      vertex 6 4 2.4
      vertex 6 -4 0
      vertex 6 -4 2.4
    endloop
  endfacet
  facet normal 0 -1 0
    outer loop
      vertex -6 4 0
      vertex 6 4 2.4
      vertex -6 4 2.4
    endloop
  endfacet
  facet normal 0 -1 -0
    outer loop
      vertex 6 4 2.4
      vertex -6 4 0
      vertex 6 4 0
    endloop
  endfacet
  facet normal 0 1 -0
    outer loop
      vertex 6 -4 0
      vertex -6 -4 2.4
      vertex 6 -4 2.4
    endloop
  endfacet
  facet normal 0 1 0
    outer loop
      vertex -6 -4 2.4
      vertex 6 -4 0
      vertex -6 -4 0
    endloop
  endfacet
  facet normal 1 -0 0
    outer loop
      vertex -6 -14 7.4
      vertex -6 -12 2.4
      vertex -6 -12 7.4
    endloop
  endfacet
  facet normal 1 0 0
    outer loop
      vertex -6 -12 2.4
      vertex -6 -14 7.4
      vertex -6 -14 2.4
    endloop
  endfacet
  facet normal 0 0 -1
    outer loop
      vertex -6 -14 7.4
      vertex 6 -12 7.4
      vertex 6 -14 7.4
    endloop
  endfacet
  facet normal -0 0 -1
    outer loop
      vertex 6 -12 7.4
      vertex -6 -14 7.4
      vertex -6 -12 7.4
    endloop
  endfacet
  facet normal -1 0 0
    outer loop
      vertex 6 -14 2.4
      vertex 6 -12 7.4
      vertex 6 -12 2.4
    endloop
  endfacet
  facet normal -1 -0 0
    outer loop
      vertex 6 -12 7.4
      vertex 6 -14 2.4
      vertex 6 -14 7.4
    endloop
  endfacet
endsolid OpenSCAD_Model
