solid OpenSCAD_Model
  facet normal -1 0 0
    outer loop
      vertex -41.9938 6.36742 45.0921
      vertex -41.9938 32.2492 62
      vertex -41.9938 32.2492 0
    endloop
  endfacet
  facet normal -1 0 0
    outer loop
      vertex -41.9938 32.2492 62
      vertex -41.9938 6.98216 47.5006
      vertex -41.9938 7 48
    endloop
  endfacet
  facet normal -1 0 0
    outer loop
      vertex -41.9938 32.2492 62
      vertex -41.9938 6.92875 47.0038
      vertex -41.9938 6.98216 47.5006
    endloop
  endfacet
  facet normal -1 0 0
    outer loop
      vertex -41.9938 32.2492 62
      vertex -41.9938 6.84003 46.512
      vertex -41.9938 6.92875 47.0038
    endloop
  endfacet
  facet normal -1 0 0
    outer loop
      vertex -41.9938 32.2492 62
      vertex -41.9938 6.71645 46.0279
      vertex -41.9938 6.84003 46.512
    endloop
  endfacet
  facet normal -1 0 0
    outer loop
      vertex -41.9938 32.2492 62
      vertex -41.9938 6.55865 45.5537
      vertex -41.9938 6.71645 46.0279
    endloop
  endfacet
  facet normal -1 0 0
    outer loop
      vertex -41.9938 32.2492 62
      vertex -41.9938 6.36742 45.0921
      vertex -41.9938 6.55865 45.5537
    endloop
  endfacet
  facet normal -1 0 0
    outer loop
      vertex -41.9938 32.2492 0
      vertex -41.9938 6.14375 44.6453
      vertex -41.9938 6.36742 45.0921
    endloop
  endfacet
  facet normal -1 0 0
    outer loop
      vertex -41.9938 32.2492 0
      vertex -41.9938 5.88877 44.2155
      vertex -41.9938 6.14375 44.6453
    endloop
  endfacet
  facet normal -1 0 0
    outer loop
      vertex -41.9938 32.2492 0
      vertex -41.9938 5.60379 43.8051
      vertex -41.9938 5.88877 44.2155
    endloop
  endfacet
  facet normal -1 0 0
    outer loop
      vertex -41.9938 32.2492 0
      vertex -41.9938 5.29025 43.416
      vertex -41.9938 5.60379 43.8051
    endloop
  endfacet
  facet normal -1 0 0
    outer loop
      vertex -41.9938 32.2492 0
      vertex -41.9938 4.94975 43.0503
      vertex -41.9938 5.29025 43.416
    endloop
  endfacet
  facet normal -1 0 0
    outer loop
      vertex -41.9938 32.2492 0
      vertex -41.9938 4.58402 42.7098
      vertex -41.9938 4.94975 43.0503
    endloop
  endfacet
  facet normal -1 0 0
    outer loop
      vertex -41.9938 32.2492 0
      vertex -41.9938 4.19494 42.3962
      vertex -41.9938 4.58402 42.7098
    endloop
  endfacet
  facet normal -1 0 0
    outer loop
      vertex -41.9938 32.2492 0
      vertex -41.9938 3.78448 42.1112
      vertex -41.9938 4.19494 42.3962
    endloop
  endfacet
  facet normal -1 0 0
    outer loop
      vertex -41.9938 32.2492 0
      vertex -41.9938 3.35474 41.8562
      vertex -41.9938 3.78448 42.1112
    endloop
  endfacet
  facet normal -1 0 0
    outer loop
      vertex -41.9938 32.2492 0
      vertex -41.9938 2.9079 41.6326
      vertex -41.9938 3.35474 41.8562
    endloop
  endfacet
  facet normal -1 0 0
    outer loop
      vertex -41.9938 32.2492 0
      vertex -41.9938 2.44625 41.4414
      vertex -41.9938 2.9079 41.6326
    endloop
  endfacet
  facet normal -1 0 0
    outer loop
      vertex -41.9938 32.2492 0
      vertex -41.9938 1.97213 41.2835
      vertex -41.9938 2.44625 41.4414
    endloop
  endfacet
  facet normal -1 0 0
    outer loop
      vertex -41.9938 32.2492 0
      vertex -41.9938 1.48796 41.16
      vertex -41.9938 1.97213 41.2835
    endloop
  endfacet
  facet normal -1 0 0
    outer loop
      vertex -41.9938 32.2492 0
      vertex -41.9938 0.996203 41.0713
      vertex -41.9938 1.48796 41.16
    endloop
  endfacet
  facet normal -1 0 0
    outer loop
      vertex -41.9938 32.2492 0
      vertex -41.9938 0.499373 41.0178
      vertex -41.9938 0.996203 41.0713
    endloop
  endfacet
  facet normal -1 0 0
    outer loop
      vertex -41.9938 32.2492 0
      vertex -41.9938 0 41
      vertex -41.9938 0.499373 41.0178
    endloop
  endfacet
  facet normal -1 0 0
    outer loop
      vertex -41.9938 -32.2492 0
      vertex -41.9938 0 41
      vertex -41.9938 32.2492 0
    endloop
  endfacet
  facet normal -1 -0 0
    outer loop
      vertex -41.9938 0 41
      vertex -41.9938 -32.2492 0
      vertex -41.9938 -0.499373 41.0178
    endloop
  endfacet
  facet normal -1 -0 0
    outer loop
      vertex -41.9938 -0.499373 41.0178
      vertex -41.9938 -32.2492 0
      vertex -41.9938 -0.996203 41.0713
    endloop
  endfacet
  facet normal -1 -0 0
    outer loop
      vertex -41.9938 -0.996203 41.0713
      vertex -41.9938 -32.2492 0
      vertex -41.9938 -1.48796 41.16
    endloop
  endfacet
  facet normal -1 -0 0
    outer loop
      vertex -41.9938 -1.48796 41.16
      vertex -41.9938 -32.2492 0
      vertex -41.9938 -1.97213 41.2835
    endloop
  endfacet
  facet normal -1 -0 0
    outer loop
      vertex -41.9938 -1.97213 41.2835
      vertex -41.9938 -32.2492 0
      vertex -41.9938 -2.44625 41.4414
    endloop
  endfacet
  facet normal -1 -0 0
    outer loop
      vertex -41.9938 -2.44625 41.4414
      vertex -41.9938 -32.2492 0
      vertex -41.9938 -2.9079 41.6326
    endloop
  endfacet
  facet normal -1 -0 0
    outer loop
      vertex -41.9938 -2.9079 41.6326
      vertex -41.9938 -32.2492 0
      vertex -41.9938 -3.35474 41.8562
    endloop
  endfacet
  facet normal -1 -0 0
    outer loop
      vertex -41.9938 -3.35474 41.8562
      vertex -41.9938 -32.2492 0
      vertex -41.9938 -3.78448 42.1112
    endloop
  endfacet
  facet normal -1 -0 0
    outer loop
      vertex -41.9938 -3.78448 42.1112
      vertex -41.9938 -32.2492 0
      vertex -41.9938 -4.19494 42.3962
    endloop
  endfacet
  facet normal -1 -0 0
    outer loop
      vertex -41.9938 -4.19494 42.3962
      vertex -41.9938 -32.2492 0
      vertex -41.9938 -4.58402 42.7098
    endloop
  endfacet
  facet normal -1 -0 0
    outer loop
      vertex -41.9938 -4.58402 42.7098
      vertex -41.9938 -32.2492 0
      vertex -41.9938 -4.94975 43.0503
    endloop
  endfacet
  facet normal -1 0 0
    outer loop
      vertex -41.9938 -6.92875 47.0038
      vertex -41.9938 -32.2492 62
      vertex -41.9938 -6.98216 47.5006
    endloop
  endfacet
  facet normal -1 0 0
    outer loop
      vertex -41.9938 -6.84003 46.512
      vertex -41.9938 -32.2492 62
      vertex -41.9938 -6.92875 47.0038
    endloop
  endfacet
  facet normal -1 0 0
    outer loop
      vertex -41.9938 -6.71645 46.0279
      vertex -41.9938 -32.2492 62
      vertex -41.9938 -6.84003 46.512
    endloop
  endfacet
  facet normal -1 0 0
    outer loop
      vertex -41.9938 -6.55865 45.5537
      vertex -41.9938 -32.2492 62
      vertex -41.9938 -6.71645 46.0279
    endloop
  endfacet
  facet normal -1 0 0
    outer loop
      vertex -41.9938 -6.36742 45.0921
      vertex -41.9938 -32.2492 62
      vertex -41.9938 -6.55865 45.5537
    endloop
  endfacet
  facet normal -1 0 0
    outer loop
      vertex -41.9938 -32.2492 62
      vertex -41.9938 -6.36742 45.0921
      vertex -41.9938 -32.2492 0
    endloop
  endfacet
  facet normal -1 -0 0
    outer loop
      vertex -41.9938 -6.14375 44.6453
      vertex -41.9938 -32.2492 0
      vertex -41.9938 -6.36742 45.0921
    endloop
  endfacet
  facet normal -1 -0 0
    outer loop
      vertex -41.9938 -5.88877 44.2155
      vertex -41.9938 -32.2492 0
      vertex -41.9938 -6.14375 44.6453
    endloop
  endfacet
  facet normal -1 -0 0
    outer loop
      vertex -41.9938 -5.60379 43.8051
      vertex -41.9938 -32.2492 0
      vertex -41.9938 -5.88877 44.2155
    endloop
  endfacet
  facet normal -1 -0 0
    outer loop
      vertex -41.9938 -5.29025 43.416
      vertex -41.9938 -32.2492 0
      vertex -41.9938 -5.60379 43.8051
    endloop
  endfacet
  facet normal -1 -0 0
    outer loop
      vertex -41.9938 -4.94975 43.0503
      vertex -41.9938 -32.2492 0
      vertex -41.9938 -5.29025 43.416
    endloop
  endfacet
  facet normal -1 0 0
    outer loop
      vertex -41.9938 6.98216 48.4994
      vertex -41.9938 32.2492 62
      vertex -41.9938 7 48
    endloop
  endfacet
  facet normal -1 0 0
    outer loop
      vertex -41.9938 6.92875 48.9962
      vertex -41.9938 32.2492 62
      vertex -41.9938 6.98216 48.4994
    endloop
  endfacet
  facet normal -1 0 0
    outer loop
      vertex -41.9938 6.84003 49.488
      vertex -41.9938 32.2492 62
      vertex -41.9938 6.92875 48.9962
    endloop
  endfacet
  facet normal -1 0 0
    outer loop
      vertex -41.9938 6.71645 49.9721
      vertex -41.9938 32.2492 62
      vertex -41.9938 6.84003 49.488
    endloop
  endfacet
  facet normal -1 0 0
    outer loop
      vertex -41.9938 6.55865 50.4463
      vertex -41.9938 32.2492 62
      vertex -41.9938 6.71645 49.9721
    endloop
  endfacet
  facet normal -1 0 0
    outer loop
      vertex -41.9938 6.36742 50.9079
      vertex -41.9938 32.2492 62
      vertex -41.9938 6.55865 50.4463
    endloop
  endfacet
  facet normal -1 0 0
    outer loop
      vertex -41.9938 6.14375 51.3547
      vertex -41.9938 32.2492 62
      vertex -41.9938 6.36742 50.9079
    endloop
  endfacet
  facet normal -1 0 0
    outer loop
      vertex -41.9938 5.88877 51.7845
      vertex -41.9938 32.2492 62
      vertex -41.9938 6.14375 51.3547
    endloop
  endfacet
  facet normal -1 0 0
    outer loop
      vertex -41.9938 5.60379 52.1949
      vertex -41.9938 32.2492 62
      vertex -41.9938 5.88877 51.7845
    endloop
  endfacet
  facet normal -1 0 0
    outer loop
      vertex -41.9938 5.29025 52.584
      vertex -41.9938 32.2492 62
      vertex -41.9938 5.60379 52.1949
    endloop
  endfacet
  facet normal -1 0 0
    outer loop
      vertex -41.9938 4.94975 52.9497
      vertex -41.9938 32.2492 62
      vertex -41.9938 5.29025 52.584
    endloop
  endfacet
  facet normal -1 0 0
    outer loop
      vertex -41.9938 4.58402 53.2902
      vertex -41.9938 32.2492 62
      vertex -41.9938 4.94975 52.9497
    endloop
  endfacet
  facet normal -1 0 0
    outer loop
      vertex -41.9938 4.19494 53.6038
      vertex -41.9938 32.2492 62
      vertex -41.9938 4.58402 53.2902
    endloop
  endfacet
  facet normal -1 0 0
    outer loop
      vertex -41.9938 3.78448 53.8888
      vertex -41.9938 32.2492 62
      vertex -41.9938 4.19494 53.6038
    endloop
  endfacet
  facet normal -1 0 0
    outer loop
      vertex -41.9938 3.35474 54.1438
      vertex -41.9938 32.2492 62
      vertex -41.9938 3.78448 53.8888
    endloop
  endfacet
  facet normal -1 0 0
    outer loop
      vertex -41.9938 2.9079 54.3674
      vertex -41.9938 32.2492 62
      vertex -41.9938 3.35474 54.1438
    endloop
  endfacet
  facet normal -1 0 0
    outer loop
      vertex -41.9938 2.44625 54.5586
      vertex -41.9938 32.2492 62
      vertex -41.9938 2.9079 54.3674
    endloop
  endfacet
  facet normal -1 0 0
    outer loop
      vertex -41.9938 1.97213 54.7164
      vertex -41.9938 32.2492 62
      vertex -41.9938 2.44625 54.5586
    endloop
  endfacet
  facet normal -1 0 0
    outer loop
      vertex -41.9938 1.48796 54.84
      vertex -41.9938 32.2492 62
      vertex -41.9938 1.97213 54.7164
    endloop
  endfacet
  facet normal -1 0 0
    outer loop
      vertex -41.9938 0.996203 54.9287
      vertex -41.9938 32.2492 62
      vertex -41.9938 1.48796 54.84
    endloop
  endfacet
  facet normal -1 0 0
    outer loop
      vertex -41.9938 0.499373 54.9822
      vertex -41.9938 32.2492 62
      vertex -41.9938 0.996203 54.9287
    endloop
  endfacet
  facet normal -1 0 0
    outer loop
      vertex -41.9938 0 55
      vertex -41.9938 32.2492 62
      vertex -41.9938 0.499373 54.9822
    endloop
  endfacet
  facet normal -1 0 0
    outer loop
      vertex -41.9938 -32.2492 62
      vertex -41.9938 0 55
      vertex -41.9938 -0.499373 54.9822
    endloop
  endfacet
  facet normal -1 0 0
    outer loop
      vertex -41.9938 -32.2492 62
      vertex -41.9938 -0.499373 54.9822
      vertex -41.9938 -0.996203 54.9287
    endloop
  endfacet
  facet normal -1 0 0
    outer loop
      vertex -41.9938 -32.2492 62
      vertex -41.9938 -0.996203 54.9287
      vertex -41.9938 -1.48796 54.84
    endloop
  endfacet
  facet normal -1 0 0
    outer loop
      vertex -41.9938 -6.98216 47.5006
      vertex -41.9938 -32.2492 62
      vertex -41.9938 -7 48
    endloop
  endfacet
  facet normal -1 0 0
    outer loop
      vertex -41.9938 -7 48
      vertex -41.9938 -32.2492 62
      vertex -41.9938 -6.98216 48.4994
    endloop
  endfacet
  facet normal -1 0 0
    outer loop
      vertex -41.9938 -6.98216 48.4994
      vertex -41.9938 -32.2492 62
      vertex -41.9938 -6.92875 48.9962
    endloop
  endfacet
  facet normal -1 0 0
    outer loop
      vertex -41.9938 -6.92875 48.9962
      vertex -41.9938 -32.2492 62
      vertex -41.9938 -6.84003 49.488
    endloop
  endfacet
  facet normal -1 0 0
    outer loop
      vertex -41.9938 -6.84003 49.488
      vertex -41.9938 -32.2492 62
      vertex -41.9938 -6.71645 49.9721
    endloop
  endfacet
  facet normal -1 0 0
    outer loop
      vertex -41.9938 -6.71645 49.9721
      vertex -41.9938 -32.2492 62
      vertex -41.9938 -6.55865 50.4463
    endloop
  endfacet
  facet normal -1 0 0
    outer loop
      vertex -41.9938 -6.55865 50.4463
      vertex -41.9938 -32.2492 62
      vertex -41.9938 -6.36742 50.9079
    endloop
  endfacet
  facet normal -1 0 0
    outer loop
      vertex -41.9938 0 55
      vertex -41.9938 -32.2492 62
      vertex -41.9938 32.2492 62
    endloop
  endfacet
  facet normal -1 0 0
    outer loop
      vertex -41.9938 -1.97213 54.7164
      vertex -41.9938 -32.2492 62
      vertex -41.9938 -1.48796 54.84
    endloop
  endfacet
  facet normal -1 0 0
    outer loop
      vertex -41.9938 -2.44625 54.5586
      vertex -41.9938 -32.2492 62
      vertex -41.9938 -1.97213 54.7164
    endloop
  endfacet
  facet normal -1 0 0
    outer loop
      vertex -41.9938 -2.9079 54.3674
      vertex -41.9938 -32.2492 62
      vertex -41.9938 -2.44625 54.5586
    endloop
  endfacet
  facet normal -1 0 0
    outer loop
      vertex -41.9938 -3.35474 54.1438
      vertex -41.9938 -32.2492 62
      vertex -41.9938 -2.9079 54.3674
    endloop
  endfacet
  facet normal -1 0 0
    outer loop
      vertex -41.9938 -3.78448 53.8888
      vertex -41.9938 -32.2492 62
      vertex -41.9938 -3.35474 54.1438
    endloop
  endfacet
  facet normal -1 0 0
    outer loop
      vertex -41.9938 -4.19494 53.6038
      vertex -41.9938 -32.2492 62
      vertex -41.9938 -3.78448 53.8888
    endloop
  endfacet
  facet normal -1 0 0
    outer loop
      vertex -41.9938 -4.58402 53.2902
      vertex -41.9938 -32.2492 62
      vertex -41.9938 -4.19494 53.6038
    endloop
  endfacet
  facet normal -1 0 0
    outer loop
      vertex -41.9938 -4.94975 52.9497
      vertex -41.9938 -32.2492 62
      vertex -41.9938 -4.58402 53.2902
    endloop
  endfacet
  facet normal -1 0 0
    outer loop
      vertex -41.9938 -5.29025 52.584
      vertex -41.9938 -32.2492 62
      vertex -41.9938 -4.94975 52.9497
    endloop
  endfacet
  facet normal -1 0 0
    outer loop
      vertex -41.9938 -5.60379 52.1949
      vertex -41.9938 -32.2492 62
      vertex -41.9938 -5.29025 52.584
    endloop
  endfacet
  facet normal -1 0 0
    outer loop
      vertex -41.9938 -5.88877 51.7845
      vertex -41.9938 -32.2492 62
      vertex -41.9938 -5.60379 52.1949
    endloop
  endfacet
  facet normal -1 0 0
    outer loop
      vertex -41.9938 -6.14375 51.3547
      vertex -41.9938 -32.2492 62
      vertex -41.9938 -5.88877 51.7845
    endloop
  endfacet
  facet normal -1 0 0
    outer loop
      vertex -41.9938 -6.36742 50.9079
      vertex -41.9938 -32.2492 62
      vertex -41.9938 -6.14375 51.3547
    endloop
  endfacet
  facet normal -0.995037 -0.0995037 0
    outer loop
      vertex -41.9442 -32.7452 0
      vertex -41.9938 -32.2492 62
      vertex -41.9938 -32.2492 0
    endloop
  endfacet
  facet normal -0.995037 -0.0995037 0
    outer loop
      vertex -41.9938 -32.2492 62
      vertex -41.9442 -32.7452 0
      vertex -41.9442 -32.7452 62
    endloop
  endfacet
  facet normal 0.0248769 0.999691 -0
    outer loop
      vertex 37.3736 36.986 0
      vertex 36.8753 36.9984 62
      vertex 37.3736 36.986 62
    endloop
  endfacet
  facet normal 0.0248769 0.999691 0
    outer loop
      vertex 36.8753 36.9984 62
      vertex 37.3736 36.986 0
      vertex 36.8753 36.9984 0
    endloop
  endfacet
  facet normal 1 0 0
    outer loop
      vertex 42 6.98216 47.5006
      vertex 42 32 62
      vertex 42 7 48
    endloop
  endfacet
  facet normal 1 0 0
    outer loop
      vertex 42 32 62
      vertex 42 6.98216 48.4994
      vertex 42 7 48
    endloop
  endfacet
  facet normal 1 0 0
    outer loop
      vertex 42 32 62
      vertex 42 6.92875 48.9962
      vertex 42 6.98216 48.4994
    endloop
  endfacet
  facet normal 1 0 0
    outer loop
      vertex 42 32 62
      vertex 42 6.84003 49.488
      vertex 42 6.92875 48.9962
    endloop
  endfacet
  facet normal 1 0 0
    outer loop
      vertex 42 32 62
      vertex 42 6.71645 49.9721
      vertex 42 6.84003 49.488
    endloop
  endfacet
  facet normal 1 0 0
    outer loop
      vertex 42 32 62
      vertex 42 6.55865 50.4463
      vertex 42 6.71645 49.9721
    endloop
  endfacet
  facet normal 1 0 0
    outer loop
      vertex 42 32 62
      vertex 42 6.36742 50.9079
      vertex 42 6.55865 50.4463
    endloop
  endfacet
  facet normal 1 0 0
    outer loop
      vertex 42 32 62
      vertex 42 6.14375 51.3547
      vertex 42 6.36742 50.9079
    endloop
  endfacet
  facet normal 1 0 0
    outer loop
      vertex 42 32 62
      vertex 42 5.88877 51.7845
      vertex 42 6.14375 51.3547
    endloop
  endfacet
  facet normal 1 0 0
    outer loop
      vertex 42 32 62
      vertex 42 5.60379 52.1949
      vertex 42 5.88877 51.7845
    endloop
  endfacet
  facet normal 1 0 0
    outer loop
      vertex 42 32 62
      vertex 42 5.29025 52.584
      vertex 42 5.60379 52.1949
    endloop
  endfacet
  facet normal 1 0 0
    outer loop
      vertex 42 32 62
      vertex 42 4.94975 52.9497
      vertex 42 5.29025 52.584
    endloop
  endfacet
  facet normal 1 0 0
    outer loop
      vertex 42 32 62
      vertex 42 4.58402 53.2902
      vertex 42 4.94975 52.9497
    endloop
  endfacet
  facet normal 1 0 0
    outer loop
      vertex 42 32 62
      vertex 42 4.19494 53.6038
      vertex 42 4.58402 53.2902
    endloop
  endfacet
  facet normal 1 0 0
    outer loop
      vertex 42 32 62
      vertex 42 3.78448 53.8888
      vertex 42 4.19494 53.6038
    endloop
  endfacet
  facet normal 1 0 0
    outer loop
      vertex 42 32 62
      vertex 42 3.35474 54.1438
      vertex 42 3.78448 53.8888
    endloop
  endfacet
  facet normal 1 0 0
    outer loop
      vertex 42 32 62
      vertex 42 2.9079 54.3674
      vertex 42 3.35474 54.1438
    endloop
  endfacet
  facet normal 1 0 0
    outer loop
      vertex 42 32 62
      vertex 42 2.44625 54.5586
      vertex 42 2.9079 54.3674
    endloop
  endfacet
  facet normal 1 0 0
    outer loop
      vertex 42 32 62
      vertex 42 1.97213 54.7164
      vertex 42 2.44625 54.5586
    endloop
  endfacet
  facet normal 1 0 0
    outer loop
      vertex 42 32 62
      vertex 42 1.48796 54.84
      vertex 42 1.97213 54.7164
    endloop
  endfacet
  facet normal 1 0 0
    outer loop
      vertex 42 32 62
      vertex 42 0.996203 54.9287
      vertex 42 1.48796 54.84
    endloop
  endfacet
  facet normal 1 0 0
    outer loop
      vertex 42 32 62
      vertex 42 0.499373 54.9822
      vertex 42 0.996203 54.9287
    endloop
  endfacet
  facet normal 1 0 0
    outer loop
      vertex 42 32 62
      vertex 42 0 55
      vertex 42 0.499373 54.9822
    endloop
  endfacet
  facet normal 1 -0 0
    outer loop
      vertex 42 -32 62
      vertex 42 0 55
      vertex 42 32 62
    endloop
  endfacet
  facet normal 1 0 0
    outer loop
      vertex 42 0 55
      vertex 42 -32 62
      vertex 42 -0.499373 54.9822
    endloop
  endfacet
  facet normal 1 0 0
    outer loop
      vertex 42 -0.499373 54.9822
      vertex 42 -32 62
      vertex 42 -0.996203 54.9287
    endloop
  endfacet
  facet normal 1 0 0
    outer loop
      vertex 42 -6.98216 48.4994
      vertex 42 -32 62
      vertex 42 -7 48
    endloop
  endfacet
  facet normal 1 0 0
    outer loop
      vertex 42 -6.92875 48.9962
      vertex 42 -32 62
      vertex 42 -6.98216 48.4994
    endloop
  endfacet
  facet normal 1 0 0
    outer loop
      vertex 42 -6.84003 49.488
      vertex 42 -32 62
      vertex 42 -6.92875 48.9962
    endloop
  endfacet
  facet normal 1 0 0
    outer loop
      vertex 42 -6.71645 49.9721
      vertex 42 -32 62
      vertex 42 -6.84003 49.488
    endloop
  endfacet
  facet normal 1 0 0
    outer loop
      vertex 42 -6.55865 50.4463
      vertex 42 -32 62
      vertex 42 -6.71645 49.9721
    endloop
  endfacet
  facet normal 1 0 0
    outer loop
      vertex 42 -6.36742 50.9079
      vertex 42 -32 62
      vertex 42 -6.55865 50.4463
    endloop
  endfacet
  facet normal 1 0 0
    outer loop
      vertex 42 -6.14375 51.3547
      vertex 42 -32 62
      vertex 42 -6.36742 50.9079
    endloop
  endfacet
  facet normal 1 0 0
    outer loop
      vertex 42 -5.88877 51.7845
      vertex 42 -32 62
      vertex 42 -6.14375 51.3547
    endloop
  endfacet
  facet normal 1 0 0
    outer loop
      vertex 42 -5.60379 52.1949
      vertex 42 -32 62
      vertex 42 -5.88877 51.7845
    endloop
  endfacet
  facet normal 1 0 0
    outer loop
      vertex 42 -5.29025 52.584
      vertex 42 -32 62
      vertex 42 -5.60379 52.1949
    endloop
  endfacet
  facet normal 1 0 0
    outer loop
      vertex 42 -4.94975 52.9497
      vertex 42 -32 62
      vertex 42 -5.29025 52.584
    endloop
  endfacet
  facet normal 1 0 0
    outer loop
      vertex 42 -4.58402 53.2902
      vertex 42 -32 62
      vertex 42 -4.94975 52.9497
    endloop
  endfacet
  facet normal 1 0 0
    outer loop
      vertex 42 -4.19494 53.6038
      vertex 42 -32 62
      vertex 42 -4.58402 53.2902
    endloop
  endfacet
  facet normal 1 0 0
    outer loop
      vertex 42 -3.78448 53.8888
      vertex 42 -32 62
      vertex 42 -4.19494 53.6038
    endloop
  endfacet
  facet normal 1 0 0
    outer loop
      vertex 42 -3.35474 54.1438
      vertex 42 -32 62
      vertex 42 -3.78448 53.8888
    endloop
  endfacet
  facet normal 1 0 0
    outer loop
      vertex 42 -2.9079 54.3674
      vertex 42 -32 62
      vertex 42 -3.35474 54.1438
    endloop
  endfacet
  facet normal 1 0 0
    outer loop
      vertex 42 -2.44625 54.5586
      vertex 42 -32 62
      vertex 42 -2.9079 54.3674
    endloop
  endfacet
  facet normal 1 0 0
    outer loop
      vertex 42 -1.97213 54.7164
      vertex 42 -32 62
      vertex 42 -2.44625 54.5586
    endloop
  endfacet
  facet normal 1 0 0
    outer loop
      vertex 42 -1.48796 54.84
      vertex 42 -32 62
      vertex 42 -1.97213 54.7164
    endloop
  endfacet
  facet normal 1 0 0
    outer loop
      vertex 42 -0.996203 54.9287
      vertex 42 -32 62
      vertex 42 -1.48796 54.84
    endloop
  endfacet
  facet normal 1 0 0
    outer loop
      vertex 42 6.92875 47.0038
      vertex 42 32 62
      vertex 42 6.98216 47.5006
    endloop
  endfacet
  facet normal 1 0 0
    outer loop
      vertex 42 6.84003 46.512
      vertex 42 32 62
      vertex 42 6.92875 47.0038
    endloop
  endfacet
  facet normal 1 0 0
    outer loop
      vertex 42 6.71645 46.0279
      vertex 42 32 62
      vertex 42 6.84003 46.512
    endloop
  endfacet
  facet normal 1 0 0
    outer loop
      vertex 42 6.55865 45.5537
      vertex 42 32 62
      vertex 42 6.71645 46.0279
    endloop
  endfacet
  facet normal 1 0 0
    outer loop
      vertex 42 6.36742 45.0921
      vertex 42 32 62
      vertex 42 6.55865 45.5537
    endloop
  endfacet
  facet normal 1 0 0
    outer loop
      vertex 42 32 62
      vertex 42 6.36742 45.0921
      vertex 42 32 0
    endloop
  endfacet
  facet normal 1 -0 0
    outer loop
      vertex 42 6.14375 44.6453
      vertex 42 32 0
      vertex 42 6.36742 45.0921
    endloop
  endfacet
  facet normal 1 -0 0
    outer loop
      vertex 42 5.88877 44.2155
      vertex 42 32 0
      vertex 42 6.14375 44.6453
    endloop
  endfacet
  facet normal 1 -0 0
    outer loop
      vertex 42 5.60379 43.8051
      vertex 42 32 0
      vertex 42 5.88877 44.2155
    endloop
  endfacet
  facet normal 1 -0 0
    outer loop
      vertex 42 5.29025 43.416
      vertex 42 32 0
      vertex 42 5.60379 43.8051
    endloop
  endfacet
  facet normal 1 -0 0
    outer loop
      vertex 42 4.94975 43.0503
      vertex 42 32 0
      vertex 42 5.29025 43.416
    endloop
  endfacet
  facet normal 1 -0 0
    outer loop
      vertex 42 4.58402 42.7098
      vertex 42 32 0
      vertex 42 4.94975 43.0503
    endloop
  endfacet
  facet normal 1 -0 0
    outer loop
      vertex 42 4.19494 42.3962
      vertex 42 32 0
      vertex 42 4.58402 42.7098
    endloop
  endfacet
  facet normal 1 -0 0
    outer loop
      vertex 42 3.78448 42.1112
      vertex 42 32 0
      vertex 42 4.19494 42.3962
    endloop
  endfacet
  facet normal 1 -0 0
    outer loop
      vertex 42 3.35474 41.8562
      vertex 42 32 0
      vertex 42 3.78448 42.1112
    endloop
  endfacet
  facet normal 1 -0 0
    outer loop
      vertex 42 2.9079 41.6326
      vertex 42 32 0
      vertex 42 3.35474 41.8562
    endloop
  endfacet
  facet normal 1 -0 0
    outer loop
      vertex 42 2.44625 41.4414
      vertex 42 32 0
      vertex 42 2.9079 41.6326
    endloop
  endfacet
  facet normal 1 -0 0
    outer loop
      vertex 42 1.97213 41.2835
      vertex 42 32 0
      vertex 42 2.44625 41.4414
    endloop
  endfacet
  facet normal 1 -0 0
    outer loop
      vertex 42 1.48796 41.16
      vertex 42 32 0
      vertex 42 1.97213 41.2835
    endloop
  endfacet
  facet normal 1 -0 0
    outer loop
      vertex 42 0.996203 41.0713
      vertex 42 32 0
      vertex 42 1.48796 41.16
    endloop
  endfacet
  facet normal 1 -0 0
    outer loop
      vertex 42 0.499373 41.0178
      vertex 42 32 0
      vertex 42 0.996203 41.0713
    endloop
  endfacet
  facet normal 1 -0 0
    outer loop
      vertex 42 0 41
      vertex 42 32 0
      vertex 42 0.499373 41.0178
    endloop
  endfacet
  facet normal 1 0 0
    outer loop
      vertex 42 -32 0
      vertex 42 0 41
      vertex 42 -0.499373 41.0178
    endloop
  endfacet
  facet normal 1 0 0
    outer loop
      vertex 42 -32 0
      vertex 42 -0.499373 41.0178
      vertex 42 -0.996203 41.0713
    endloop
  endfacet
  facet normal 1 0 0
    outer loop
      vertex 42 -32 0
      vertex 42 -0.996203 41.0713
      vertex 42 -1.48796 41.16
    endloop
  endfacet
  facet normal 1 0 0
    outer loop
      vertex 42 -32 0
      vertex 42 -1.48796 41.16
      vertex 42 -1.97213 41.2835
    endloop
  endfacet
  facet normal 1 0 0
    outer loop
      vertex 42 -32 0
      vertex 42 -1.97213 41.2835
      vertex 42 -2.44625 41.4414
    endloop
  endfacet
  facet normal 1 0 0
    outer loop
      vertex 42 -32 0
      vertex 42 -2.44625 41.4414
      vertex 42 -2.9079 41.6326
    endloop
  endfacet
  facet normal 1 0 0
    outer loop
      vertex 42 -32 0
      vertex 42 -2.9079 41.6326
      vertex 42 -3.35474 41.8562
    endloop
  endfacet
  facet normal 1 0 0
    outer loop
      vertex 42 -32 0
      vertex 42 -3.35474 41.8562
      vertex 42 -3.78448 42.1112
    endloop
  endfacet
  facet normal 1 0 0
    outer loop
      vertex 42 -32 0
      vertex 42 -3.78448 42.1112
      vertex 42 -4.19494 42.3962
    endloop
  endfacet
  facet normal 1 0 0
    outer loop
      vertex 42 -32 0
      vertex 42 -4.19494 42.3962
      vertex 42 -4.58402 42.7098
    endloop
  endfacet
  facet normal 1 0 0
    outer loop
      vertex 42 -32 0
      vertex 42 -4.58402 42.7098
      vertex 42 -4.94975 43.0503
    endloop
  endfacet
  facet normal 1 0 0
    outer loop
      vertex 42 -32 0
      vertex 42 -4.94975 43.0503
      vertex 42 -5.29025 43.416
    endloop
  endfacet
  facet normal 1 0 0
    outer loop
      vertex 42 -32 62
      vertex 42 -6.98216 47.5006
      vertex 42 -7 48
    endloop
  endfacet
  facet normal 1 0 0
    outer loop
      vertex 42 -32 62
      vertex 42 -6.92875 47.0038
      vertex 42 -6.98216 47.5006
    endloop
  endfacet
  facet normal 1 0 0
    outer loop
      vertex 42 -32 62
      vertex 42 -6.84003 46.512
      vertex 42 -6.92875 47.0038
    endloop
  endfacet
  facet normal 1 0 0
    outer loop
      vertex 42 -32 62
      vertex 42 -6.71645 46.0279
      vertex 42 -6.84003 46.512
    endloop
  endfacet
  facet normal 1 0 0
    outer loop
      vertex 42 -32 62
      vertex 42 -6.55865 45.5537
      vertex 42 -6.71645 46.0279
    endloop
  endfacet
  facet normal 1 0 0
    outer loop
      vertex 42 -32 62
      vertex 42 -6.36742 45.0921
      vertex 42 -6.55865 45.5537
    endloop
  endfacet
  facet normal 1 0 0
    outer loop
      vertex 42 -32 62
      vertex 42 -6.14375 44.6453
      vertex 42 -6.36742 45.0921
    endloop
  endfacet
  facet normal 1 0 0
    outer loop
      vertex 42 -32 0
      vertex 42 -6.14375 44.6453
      vertex 42 -32 62
    endloop
  endfacet
  facet normal 1 0 0
    outer loop
      vertex 42 -6.14375 44.6453
      vertex 42 -32 0
      vertex 42 -5.88877 44.2155
    endloop
  endfacet
  facet normal 1 0 0
    outer loop
      vertex 42 -5.88877 44.2155
      vertex 42 -32 0
      vertex 42 -5.60379 43.8051
    endloop
  endfacet
  facet normal 1 0 0
    outer loop
      vertex 42 -5.60379 43.8051
      vertex 42 -32 0
      vertex 42 -5.29025 43.416
    endloop
  endfacet
  facet normal 1 0 0
    outer loop
      vertex 42 0 41
      vertex 42 -32 0
      vertex 42 32 0
    endloop
  endfacet
  facet normal -0 0 1
    outer loop
      vertex -35.046 28.8163 62
      vertex -22.0984 17.1647 62
      vertex -34.6078 29.0556 62
    endloop
  endfacet
  facet normal 0 0 1
    outer loop
      vertex -26.1 -23 62
      vertex -33.0356 -31.5019 62
      vertex -33 -32 62
    endloop
  endfacet
  facet normal 0 0 1
    outer loop
      vertex -22.0984 17.1647 62
      vertex -35.046 28.8163 62
      vertex -22.2899 16.7185 62
    endloop
  endfacet
  facet normal 0 0 1
    outer loop
      vertex -26.1 -23 62
      vertex -33.1418 -31.0139 62
      vertex -33.0356 -31.5019 62
    endloop
  endfacet
  facet normal -0 0 1
    outer loop
      vertex -35.5139 28.6418 62
      vertex -22.2899 16.7185 62
      vertex -35.046 28.8163 62
    endloop
  endfacet
  facet normal 0 0 1
    outer loop
      vertex -26.1 -23 62
      vertex -33.3163 -30.546 62
      vertex -33.1418 -31.0139 62
    endloop
  endfacet
  facet normal 0 0 1
    outer loop
      vertex -22.2899 16.7185 62
      vertex -35.5139 28.6418 62
      vertex -22.3877 16.2428 62
    endloop
  endfacet
  facet normal 0 0 1
    outer loop
      vertex -26.1 -23 62
      vertex -33.5556 -30.1078 62
      vertex -33.3163 -30.546 62
    endloop
  endfacet
  facet normal -0 0 1
    outer loop
      vertex -36.0019 28.5356 62
      vertex -22.3877 16.2428 62
      vertex -35.5139 28.6418 62
    endloop
  endfacet
  facet normal 0 0 1
    outer loop
      vertex -26.1 -23 62
      vertex -33.8549 -29.708 62
      vertex -33.5556 -30.1078 62
    endloop
  endfacet
  facet normal 0 0 1
    outer loop
      vertex -22.3877 16.2428 62
      vertex -36.0019 28.5356 62
      vertex -22.3877 15.7572 62
    endloop
  endfacet
  facet normal 0 0 1
    outer loop
      vertex -26.1 -23 62
      vertex -34.208 -29.3549 62
      vertex -33.8549 -29.708 62
    endloop
  endfacet
  facet normal -0 0 1
    outer loop
      vertex -36.5 28.5 62
      vertex -22.3877 15.7572 62
      vertex -36.0019 28.5356 62
    endloop
  endfacet
  facet normal 0 0 1
    outer loop
      vertex -26.1 -23 62
      vertex -34.6078 -29.0556 62
      vertex -34.208 -29.3549 62
    endloop
  endfacet
  facet normal 0 0 1
    outer loop
      vertex -36.9981 28.5356 62
      vertex -22.3877 15.7572 62
      vertex -36.5 28.5 62
    endloop
  endfacet
  facet normal 0 0 1
    outer loop
      vertex -26.1 -23 62
      vertex -35.046 -28.8163 62
      vertex -34.6078 -29.0556 62
    endloop
  endfacet
  facet normal 0 0 1
    outer loop
      vertex -22.3877 15.7572 62
      vertex -36.9981 28.5356 62
      vertex -22.2899 15.2815 62
    endloop
  endfacet
  facet normal 0 0 1
    outer loop
      vertex -26.1 -23 62
      vertex -35.5139 -28.6418 62
      vertex -35.046 -28.8163 62
    endloop
  endfacet
  facet normal 0 0 1
    outer loop
      vertex -37.4861 28.6418 62
      vertex -22.2899 15.2815 62
      vertex -36.9981 28.5356 62
    endloop
  endfacet
  facet normal 0 0 1
    outer loop
      vertex -26.1 -23 62
      vertex -36.0019 -28.5356 62
      vertex -35.5139 -28.6418 62
    endloop
  endfacet
  facet normal 0 0 1
    outer loop
      vertex -37.954 28.8163 62
      vertex -22.2899 15.2815 62
      vertex -37.4861 28.6418 62
    endloop
  endfacet
  facet normal 0 0 1
    outer loop
      vertex -26.1 -23 62
      vertex -36.5 -28.5 62
      vertex -36.0019 -28.5356 62
    endloop
  endfacet
  facet normal 0 0 1
    outer loop
      vertex -22.2899 15.2815 62
      vertex -37.954 28.8163 62
      vertex -22.2899 -15.2815 62
    endloop
  endfacet
  facet normal 0 0 1
    outer loop
      vertex -26.1 -23 62
      vertex -36.9981 -28.5356 62
      vertex -36.5 -28.5 62
    endloop
  endfacet
  facet normal 0 -0 1
    outer loop
      vertex -36.9981 -28.5356 62
      vertex -22.2899 -15.2815 62
      vertex -37.4861 -28.6418 62
    endloop
  endfacet
  facet normal 0 0 1
    outer loop
      vertex -22.2899 -15.2815 62
      vertex -36.9981 -28.5356 62
      vertex -26.1 -23 62
    endloop
  endfacet
  facet normal 0 0 1
    outer loop
      vertex -37.954 -28.8163 62
      vertex -22.2899 -15.2815 62
      vertex -37.954 28.8163 62
    endloop
  endfacet
  facet normal 0 0 1
    outer loop
      vertex -22.2899 -15.2815 62
      vertex -37.954 -28.8163 62
      vertex -37.4861 -28.6418 62
    endloop
  endfacet
  facet normal 0 0 1
    outer loop
      vertex -38.3922 29.0556 62
      vertex -37.954 -28.8163 62
      vertex -37.954 28.8163 62
    endloop
  endfacet
  facet normal 0 0 1
    outer loop
      vertex -38.3922 29.0556 62
      vertex -38.3922 -29.0556 62
      vertex -37.954 -28.8163 62
    endloop
  endfacet
  facet normal 0 0 1
    outer loop
      vertex -38.792 29.3549 62
      vertex -38.3922 -29.0556 62
      vertex -38.3922 29.0556 62
    endloop
  endfacet
  facet normal 0 0 1
    outer loop
      vertex -38.792 29.3549 62
      vertex -38.792 -29.3549 62
      vertex -38.3922 -29.0556 62
    endloop
  endfacet
  facet normal 0 0 1
    outer loop
      vertex -39.1451 29.708 62
      vertex -38.792 -29.3549 62
      vertex -38.792 29.3549 62
    endloop
  endfacet
  facet normal 0 0 1
    outer loop
      vertex -39.1451 29.708 62
      vertex -39.1451 -29.708 62
      vertex -38.792 -29.3549 62
    endloop
  endfacet
  facet normal 0 0 1
    outer loop
      vertex -41.9938 32.2492 62
      vertex -39.1451 29.708 62
      vertex -39.4444 30.1078 62
    endloop
  endfacet
  facet normal 0 0 1
    outer loop
      vertex -39.1451 29.708 62
      vertex -41.9938 32.2492 62
      vertex -39.1451 -29.708 62
    endloop
  endfacet
  facet normal 0 0 1
    outer loop
      vertex -41.9938 32.2492 62
      vertex -39.4444 30.1078 62
      vertex -39.6837 30.546 62
    endloop
  endfacet
  facet normal 0 0 1
    outer loop
      vertex -41.9938 -32.2492 62
      vertex -39.1451 -29.708 62
      vertex -41.9938 32.2492 62
    endloop
  endfacet
  facet normal 0 0 1
    outer loop
      vertex -41.9938 32.2492 62
      vertex -39.6837 30.546 62
      vertex -39.8582 31.0139 62
    endloop
  endfacet
  facet normal 0 0 1
    outer loop
      vertex -39.1451 -29.708 62
      vertex -41.9938 -32.2492 62
      vertex -39.4444 -30.1078 62
    endloop
  endfacet
  facet normal 0 0 1
    outer loop
      vertex -41.9938 32.2492 62
      vertex -39.8582 31.0139 62
      vertex -39.9644 31.5019 62
    endloop
  endfacet
  facet normal 0 0 1
    outer loop
      vertex -39.4444 -30.1078 62
      vertex -41.9938 -32.2492 62
      vertex -39.6837 -30.546 62
    endloop
  endfacet
  facet normal 0 0 1
    outer loop
      vertex -41.9938 32.2492 62
      vertex -39.9644 31.5019 62
      vertex -40 32 62
    endloop
  endfacet
  facet normal 0 0 1
    outer loop
      vertex -39.6837 -30.546 62
      vertex -41.9938 -32.2492 62
      vertex -39.8582 -31.0139 62
    endloop
  endfacet
  facet normal -0 0 1
    outer loop
      vertex -18.0302 14.629 62
      vertex -6 4 62
      vertex -17.7945 15.0535 62
    endloop
  endfacet
  facet normal 0 0 1
    outer loop
      vertex -6 -4 62
      vertex -17.6491 -15.5169 62
      vertex -17.6 -16 62
    endloop
  endfacet
  facet normal -0 0 1
    outer loop
      vertex -18.3465 14.2605 62
      vertex -6 4 62
      vertex -18.0302 14.629 62
    endloop
  endfacet
  facet normal 0 0 1
    outer loop
      vertex -6 -4 62
      vertex -17.7945 -15.0535 62
      vertex -17.6491 -15.5169 62
    endloop
  endfacet
  facet normal -0 0 1
    outer loop
      vertex -18.7305 13.9633 62
      vertex -6 4 62
      vertex -18.3465 14.2605 62
    endloop
  endfacet
  facet normal 0 0 1
    outer loop
      vertex -6 -4 62
      vertex -18.0302 -14.629 62
      vertex -17.7945 -15.0535 62
    endloop
  endfacet
  facet normal -0 0 1
    outer loop
      vertex -19.1665 13.7494 62
      vertex -6 4 62
      vertex -18.7305 13.9633 62
    endloop
  endfacet
  facet normal 0 0 1
    outer loop
      vertex -6 -4 62
      vertex -18.3465 -14.2605 62
      vertex -18.0302 -14.629 62
    endloop
  endfacet
  facet normal -0 0 1
    outer loop
      vertex -19.6366 13.6277 62
      vertex -6 4 62
      vertex -19.1665 13.7494 62
    endloop
  endfacet
  facet normal 0 0 1
    outer loop
      vertex -6 -4 62
      vertex -18.7305 -13.9633 62
      vertex -18.3465 -14.2605 62
    endloop
  endfacet
  facet normal 0 0 1
    outer loop
      vertex -6 4 62
      vertex -19.6366 13.6277 62
      vertex -6 -4 62
    endloop
  endfacet
  facet normal 0 0 1
    outer loop
      vertex -6 -4 62
      vertex -19.1665 -13.7494 62
      vertex -18.7305 -13.9633 62
    endloop
  endfacet
  facet normal 0 0 1
    outer loop
      vertex -19.6366 -13.6277 62
      vertex -6 -4 62
      vertex -19.6366 13.6277 62
    endloop
  endfacet
  facet normal 0 0 1
    outer loop
      vertex -6 -4 62
      vertex -19.6366 -13.6277 62
      vertex -19.1665 -13.7494 62
    endloop
  endfacet
  facet normal -0 0 1
    outer loop
      vertex -20.1216 13.6031 62
      vertex -19.6366 -13.6277 62
      vertex -19.6366 13.6277 62
    endloop
  endfacet
  facet normal 0 0 1
    outer loop
      vertex -20.1216 13.6031 62
      vertex -20.1216 -13.6031 62
      vertex -19.6366 -13.6277 62
    endloop
  endfacet
  facet normal 0 0 1
    outer loop
      vertex -20.6016 13.6766 62
      vertex -20.1216 -13.6031 62
      vertex -20.1216 13.6031 62
    endloop
  endfacet
  facet normal 0 0 1
    outer loop
      vertex -20.6016 13.6766 62
      vertex -20.6016 -13.6766 62
      vertex -20.1216 -13.6031 62
    endloop
  endfacet
  facet normal 0 0 1
    outer loop
      vertex -21.0569 13.8453 62
      vertex -20.6016 -13.6766 62
      vertex -20.6016 13.6766 62
    endloop
  endfacet
  facet normal 0 0 1
    outer loop
      vertex -21.0569 13.8453 62
      vertex -21.0569 -13.8453 62
      vertex -20.6016 -13.6766 62
    endloop
  endfacet
  facet normal 0 0 1
    outer loop
      vertex -21.4691 14.1021 62
      vertex -21.0569 -13.8453 62
      vertex -21.0569 13.8453 62
    endloop
  endfacet
  facet normal 0 0 1
    outer loop
      vertex -21.4691 14.1021 62
      vertex -21.4691 -14.1021 62
      vertex -21.0569 -13.8453 62
    endloop
  endfacet
  facet normal 0 0 1
    outer loop
      vertex -21.821 14.4367 62
      vertex -21.4691 -14.1021 62
      vertex -21.4691 14.1021 62
    endloop
  endfacet
  facet normal 0 0 1
    outer loop
      vertex -21.821 14.4367 62
      vertex -21.821 -14.4367 62
      vertex -21.4691 -14.1021 62
    endloop
  endfacet
  facet normal 0 0 1
    outer loop
      vertex -22.0984 14.8353 62
      vertex -21.821 -14.4367 62
      vertex -21.821 14.4367 62
    endloop
  endfacet
  facet normal 0 0 1
    outer loop
      vertex -22.0984 14.8353 62
      vertex -22.0984 -14.8353 62
      vertex -21.821 -14.4367 62
    endloop
  endfacet
  facet normal 0 0 1
    outer loop
      vertex -22.2899 15.2815 62
      vertex -22.0984 -14.8353 62
      vertex -22.0984 14.8353 62
    endloop
  endfacet
  facet normal 0 0 1
    outer loop
      vertex -22.2899 15.2815 62
      vertex -22.2899 -15.2815 62
      vertex -22.0984 -14.8353 62
    endloop
  endfacet
  facet normal 0 0 1
    outer loop
      vertex -21.4691 17.8979 62
      vertex -33.8549 29.708 62
      vertex -21.821 17.5633 62
    endloop
  endfacet
  facet normal -0 0 1
    outer loop
      vertex -34.6078 29.0556 62
      vertex -22.0984 17.1647 62
      vertex -34.208 29.3549 62
    endloop
  endfacet
  facet normal -0 0 1
    outer loop
      vertex 22.2055 -15.0535 62
      vertex 37.954 -28.8163 62
      vertex 22.2055 15.0535 62
    endloop
  endfacet
  facet normal 0 0 1
    outer loop
      vertex 37.4861 -28.6418 62
      vertex 22.3509 -15.5169 62
      vertex 22.4 -16 62
    endloop
  endfacet
  facet normal 0 0 1
    outer loop
      vertex 37.954 -28.8163 62
      vertex 22.2055 -15.0535 62
      vertex 37.4861 -28.6418 62
    endloop
  endfacet
  facet normal 0 0 1
    outer loop
      vertex 37.4861 -28.6418 62
      vertex 22.2055 -15.0535 62
      vertex 22.3509 -15.5169 62
    endloop
  endfacet
  facet normal -0 0 1
    outer loop
      vertex 21.9698 14.629 62
      vertex 22.2055 -15.0535 62
      vertex 22.2055 15.0535 62
    endloop
  endfacet
  facet normal 0 0 1
    outer loop
      vertex 21.9698 14.629 62
      vertex 21.9698 -14.629 62
      vertex 22.2055 -15.0535 62
    endloop
  endfacet
  facet normal -0 0 1
    outer loop
      vertex 21.6535 14.2605 62
      vertex 21.9698 -14.629 62
      vertex 21.9698 14.629 62
    endloop
  endfacet
  facet normal 0 0 1
    outer loop
      vertex 21.6535 14.2605 62
      vertex 21.6535 -14.2605 62
      vertex 21.9698 -14.629 62
    endloop
  endfacet
  facet normal -0 0 1
    outer loop
      vertex 21.2695 13.9633 62
      vertex 21.6535 -14.2605 62
      vertex 21.6535 14.2605 62
    endloop
  endfacet
  facet normal 0 0 1
    outer loop
      vertex 21.2695 13.9633 62
      vertex 21.2695 -13.9633 62
      vertex 21.6535 -14.2605 62
    endloop
  endfacet
  facet normal -0 0 1
    outer loop
      vertex 20.8335 13.7494 62
      vertex 21.2695 -13.9633 62
      vertex 21.2695 13.9633 62
    endloop
  endfacet
  facet normal 0 0 1
    outer loop
      vertex 20.8335 13.7494 62
      vertex 20.8335 -13.7494 62
      vertex 21.2695 -13.9633 62
    endloop
  endfacet
  facet normal -0 0 1
    outer loop
      vertex 20.3634 13.6277 62
      vertex 20.8335 -13.7494 62
      vertex 20.8335 13.7494 62
    endloop
  endfacet
  facet normal 0 0 1
    outer loop
      vertex 20.3634 13.6277 62
      vertex 20.3634 -13.6277 62
      vertex 20.8335 -13.7494 62
    endloop
  endfacet
  facet normal -0 0 1
    outer loop
      vertex 19.8784 13.6031 62
      vertex 20.3634 -13.6277 62
      vertex 20.3634 13.6277 62
    endloop
  endfacet
  facet normal 0 0 1
    outer loop
      vertex 19.8784 13.6031 62
      vertex 19.8784 -13.6031 62
      vertex 20.3634 -13.6277 62
    endloop
  endfacet
  facet normal 0 0 1
    outer loop
      vertex 6 4 62
      vertex 19.8784 13.6031 62
      vertex 19.3984 13.6766 62
    endloop
  endfacet
  facet normal 0 0 1
    outer loop
      vertex 19.8784 13.6031 62
      vertex 6 4 62
      vertex 19.8784 -13.6031 62
    endloop
  endfacet
  facet normal 0 0 1
    outer loop
      vertex 6 4 62
      vertex 19.3984 13.6766 62
      vertex 18.9431 13.8453 62
    endloop
  endfacet
  facet normal -0 0 1
    outer loop
      vertex 6 -4 62
      vertex 19.8784 -13.6031 62
      vertex 6 4 62
    endloop
  endfacet
  facet normal 0 0 1
    outer loop
      vertex 6 4 62
      vertex 18.9431 13.8453 62
      vertex 18.5309 14.1021 62
    endloop
  endfacet
  facet normal 0 0 1
    outer loop
      vertex 19.8784 -13.6031 62
      vertex 6 -4 62
      vertex 19.3984 -13.6766 62
    endloop
  endfacet
  facet normal 0 0 1
    outer loop
      vertex 6 4 62
      vertex 18.5309 14.1021 62
      vertex 18.179 14.4367 62
    endloop
  endfacet
  facet normal 0 0 1
    outer loop
      vertex 19.3984 -13.6766 62
      vertex 6 -4 62
      vertex 18.9431 -13.8453 62
    endloop
  endfacet
  facet normal 0 0 1
    outer loop
      vertex 6 4 62
      vertex 18.179 14.4367 62
      vertex 17.9016 14.8353 62
    endloop
  endfacet
  facet normal 0 0 1
    outer loop
      vertex 18.9431 -13.8453 62
      vertex 6 -4 62
      vertex 18.5309 -14.1021 62
    endloop
  endfacet
  facet normal 0 0 1
    outer loop
      vertex 6 4 62
      vertex 17.9016 14.8353 62
      vertex 17.7101 15.2815 62
    endloop
  endfacet
  facet normal 0 0 1
    outer loop
      vertex 18.5309 -14.1021 62
      vertex 6 -4 62
      vertex 18.179 -14.4367 62
    endloop
  endfacet
  facet normal 0 0 1
    outer loop
      vertex 6 4 62
      vertex 17.7101 15.2815 62
      vertex 17.6123 15.7572 62
    endloop
  endfacet
  facet normal 0 0 1
    outer loop
      vertex 18.179 -14.4367 62
      vertex 6 -4 62
      vertex 17.9016 -14.8353 62
    endloop
  endfacet
  facet normal 0 0 1
    outer loop
      vertex 39.6837 30.546 62
      vertex 42 32 62
      vertex 39.8582 31.0139 62
    endloop
  endfacet
  facet normal 0 0 1
    outer loop
      vertex 42 -32 62
      vertex 39.9644 -31.5019 62
      vertex 40 -32 62
    endloop
  endfacet
  facet normal 0 0 1
    outer loop
      vertex 39.4444 30.1078 62
      vertex 42 32 62
      vertex 39.6837 30.546 62
    endloop
  endfacet
  facet normal 0 0 1
    outer loop
      vertex 42 -32 62
      vertex 39.8582 -31.0139 62
      vertex 39.9644 -31.5019 62
    endloop
  endfacet
  facet normal 0 0 1
    outer loop
      vertex 39.1451 29.708 62
      vertex 42 32 62
      vertex 39.4444 30.1078 62
    endloop
  endfacet
  facet normal 0 0 1
    outer loop
      vertex 42 -32 62
      vertex 39.6837 -30.546 62
      vertex 39.8582 -31.0139 62
    endloop
  endfacet
  facet normal 0 0 1
    outer loop
      vertex 38.792 29.3549 62
      vertex 42 32 62
      vertex 39.1451 29.708 62
    endloop
  endfacet
  facet normal 0 0 1
    outer loop
      vertex 42 -32 62
      vertex 39.4444 -30.1078 62
      vertex 39.6837 -30.546 62
    endloop
  endfacet
  facet normal 0 0 1
    outer loop
      vertex 42 32 62
      vertex 38.792 29.3549 62
      vertex 42 -32 62
    endloop
  endfacet
  facet normal 0 0 1
    outer loop
      vertex 42 -32 62
      vertex 39.1451 -29.708 62
      vertex 39.4444 -30.1078 62
    endloop
  endfacet
  facet normal -0 0 1
    outer loop
      vertex 38.792 -29.3549 62
      vertex 42 -32 62
      vertex 38.792 29.3549 62
    endloop
  endfacet
  facet normal 0 0 1
    outer loop
      vertex 42 -32 62
      vertex 38.792 -29.3549 62
      vertex 39.1451 -29.708 62
    endloop
  endfacet
  facet normal -0 0 1
    outer loop
      vertex 38.3922 29.0556 62
      vertex 38.792 -29.3549 62
      vertex 38.792 29.3549 62
    endloop
  endfacet
  facet normal 0 0 1
    outer loop
      vertex 38.3922 29.0556 62
      vertex 38.3922 -29.0556 62
      vertex 38.792 -29.3549 62
    endloop
  endfacet
  facet normal -0 0 1
    outer loop
      vertex 37.954 28.8163 62
      vertex 38.3922 -29.0556 62
      vertex 38.3922 29.0556 62
    endloop
  endfacet
  facet normal 0 0 1
    outer loop
      vertex 37.954 28.8163 62
      vertex 37.954 -28.8163 62
      vertex 38.3922 -29.0556 62
    endloop
  endfacet
  facet normal -0 0 1
    outer loop
      vertex 36.9981 28.5356 62
      vertex 22.2055 15.0535 62
      vertex 37.4861 28.6418 62
    endloop
  endfacet
  facet normal -0 0 1
    outer loop
      vertex 37.4861 28.6418 62
      vertex 22.2055 15.0535 62
      vertex 37.954 28.8163 62
    endloop
  endfacet
  facet normal -0 0 1
    outer loop
      vertex 36.5 28.5 62
      vertex 22.3509 15.5169 62
      vertex 36.9981 28.5356 62
    endloop
  endfacet
  facet normal 0 0 1
    outer loop
      vertex 22.2055 15.0535 62
      vertex 36.9981 28.5356 62
      vertex 22.3509 15.5169 62
    endloop
  endfacet
  facet normal 0 0 1
    outer loop
      vertex 22.3509 15.5169 62
      vertex 36.5 28.5 62
      vertex 22.4 16 62
    endloop
  endfacet
  facet normal 0 0 1
    outer loop
      vertex 37.954 28.8163 62
      vertex 22.2055 15.0535 62
      vertex 37.954 -28.8163 62
    endloop
  endfacet
  facet normal 0 0 1
    outer loop
      vertex 22.4 16 62
      vertex 36.5 28.5 62
      vertex 36.0019 28.5356 62
    endloop
  endfacet
  facet normal 0 0 1
    outer loop
      vertex 37.4861 -28.6418 62
      vertex 22.4 -16 62
      vertex 36.9981 -28.5356 62
    endloop
  endfacet
  facet normal 0 0 1
    outer loop
      vertex 22.3509 16.4831 62
      vertex 36.0019 28.5356 62
      vertex 35.5139 28.6418 62
    endloop
  endfacet
  facet normal -0 -0 1
    outer loop
      vertex 26.1 -23 62
      vertex 36.9981 -28.5356 62
      vertex 22.4 -16 62
    endloop
  endfacet
  facet normal 0 0 1
    outer loop
      vertex 22.3509 16.4831 62
      vertex 35.5139 28.6418 62
      vertex 35.046 28.8163 62
    endloop
  endfacet
  facet normal 0 0 1
    outer loop
      vertex 36.9981 -28.5356 62
      vertex 26.1 -23 62
      vertex 36.5 -28.5 62
    endloop
  endfacet
  facet normal 0 0 1
    outer loop
      vertex 22.2055 16.9465 62
      vertex 35.046 28.8163 62
      vertex 34.6078 29.0556 62
    endloop
  endfacet
  facet normal 0 0 1
    outer loop
      vertex 36.5 -28.5 62
      vertex 26.1 -23 62
      vertex 36.0019 -28.5356 62
    endloop
  endfacet
  facet normal 0 0 1
    outer loop
      vertex 21.9698 17.371 62
      vertex 34.6078 29.0556 62
      vertex 34.208 29.3549 62
    endloop
  endfacet
  facet normal 0 0 1
    outer loop
      vertex 36.0019 -28.5356 62
      vertex 26.1 -23 62
      vertex 35.5139 -28.6418 62
    endloop
  endfacet
  facet normal 0 0 1
    outer loop
      vertex 21.6535 17.7395 62
      vertex 34.208 29.3549 62
      vertex 33.8549 29.708 62
    endloop
  endfacet
  facet normal 0 0 1
    outer loop
      vertex 35.5139 -28.6418 62
      vertex 26.1 -23 62
      vertex 35.046 -28.8163 62
    endloop
  endfacet
  facet normal 0 0 1
    outer loop
      vertex 21.6535 17.7395 62
      vertex 33.8549 29.708 62
      vertex 33.5556 30.1078 62
    endloop
  endfacet
  facet normal 0 0 1
    outer loop
      vertex 35.046 -28.8163 62
      vertex 26.1 -23 62
      vertex 34.6078 -29.0556 62
    endloop
  endfacet
  facet normal 0 0 1
    outer loop
      vertex 21.2695 18.0367 62
      vertex 33.5556 30.1078 62
      vertex 33.3163 30.546 62
    endloop
  endfacet
  facet normal 0 0 1
    outer loop
      vertex 34.6078 -29.0556 62
      vertex 26.1 -23 62
      vertex 34.208 -29.3549 62
    endloop
  endfacet
  facet normal 0 0 1
    outer loop
      vertex 20.8335 18.2506 62
      vertex 33.3163 30.546 62
      vertex 33.1418 31.0139 62
    endloop
  endfacet
  facet normal 0 0 1
    outer loop
      vertex 34.208 -29.3549 62
      vertex 26.1 -23 62
      vertex 33.8549 -29.708 62
    endloop
  endfacet
  facet normal 0 0 1
    outer loop
      vertex 20.3634 18.3723 62
      vertex 33.1418 31.0139 62
      vertex 33.0356 31.5019 62
    endloop
  endfacet
  facet normal 0 0 1
    outer loop
      vertex 33.8549 -29.708 62
      vertex 26.1 -23 62
      vertex 33.5556 -30.1078 62
    endloop
  endfacet
  facet normal 0 0 1
    outer loop
      vertex 19.8784 18.3969 62
      vertex 33.0356 31.5019 62
      vertex 33 32 62
    endloop
  endfacet
  facet normal 0 0 1
    outer loop
      vertex 26.1 -34.6 62
      vertex 33.1418 -31.0139 62
      vertex 26.1 -23 62
    endloop
  endfacet
  facet normal 0 0 1
    outer loop
      vertex 40 32 62
      vertex 42 32 62
      vertex 41.9752 32.4978 62
    endloop
  endfacet
  facet normal 0 0 1
    outer loop
      vertex 39.9644 31.5019 62
      vertex 42 32 62
      vertex 40 32 62
    endloop
  endfacet
  facet normal -0 0 1
    outer loop
      vertex 39.9644 32.4981 62
      vertex 41.9752 32.4978 62
      vertex 41.9009 32.9907 62
    endloop
  endfacet
  facet normal 0 0 1
    outer loop
      vertex 39.8582 31.0139 62
      vertex 42 32 62
      vertex 39.9644 31.5019 62
    endloop
  endfacet
  facet normal 0 0 1
    outer loop
      vertex 39.8582 32.9861 62
      vertex 41.9009 32.9907 62
      vertex 41.7779 33.4738 62
    endloop
  endfacet
  facet normal 0 0 1
    outer loop
      vertex 42 -32 62
      vertex 40 -32 62
      vertex 41.9752 -32.4978 62
    endloop
  endfacet
  facet normal 0 0 1
    outer loop
      vertex 39.8582 32.9861 62
      vertex 41.7779 33.4738 62
      vertex 41.6074 33.9422 62
    endloop
  endfacet
  facet normal 0 0 1
    outer loop
      vertex 39.9644 -32.4981 62
      vertex 41.9752 -32.4978 62
      vertex 40 -32 62
    endloop
  endfacet
  facet normal 0 0 1
    outer loop
      vertex 39.6837 33.454 62
      vertex 41.6074 33.9422 62
      vertex 41.3911 34.3913 62
    endloop
  endfacet
  facet normal 0 0 1
    outer loop
      vertex 41.9752 -32.4978 62
      vertex 39.9644 -32.4981 62
      vertex 41.9009 -32.9907 62
    endloop
  endfacet
  facet normal 0 0 1
    outer loop
      vertex 39.6837 33.454 62
      vertex 41.3911 34.3913 62
      vertex 41.1312 34.8166 62
    endloop
  endfacet
  facet normal -0 0 1
    outer loop
      vertex 39.8582 -32.9861 62
      vertex 41.9009 -32.9907 62
      vertex 39.9644 -32.4981 62
    endloop
  endfacet
  facet normal 0 0 1
    outer loop
      vertex 39.4444 33.8922 62
      vertex 41.1312 34.8166 62
      vertex 40.8302 35.2139 62
    endloop
  endfacet
  facet normal 0 0 1
    outer loop
      vertex 41.9009 -32.9907 62
      vertex 39.8582 -32.9861 62
      vertex 41.7779 -33.4738 62
    endloop
  endfacet
  facet normal 0 0 1
    outer loop
      vertex 39.1451 34.292 62
      vertex 40.8302 35.2139 62
      vertex 40.4912 35.5793 62
    endloop
  endfacet
  facet normal 0 0 1
    outer loop
      vertex 41.7779 -33.4738 62
      vertex 39.8582 -32.9861 62
      vertex 41.6074 -33.9422 62
    endloop
  endfacet
  facet normal 0 0 1
    outer loop
      vertex 39.1451 34.292 62
      vertex 40.4912 35.5793 62
      vertex 40.1174 35.9092 62
    endloop
  endfacet
  facet normal -0 0 1
    outer loop
      vertex 39.6837 -33.454 62
      vertex 41.6074 -33.9422 62
      vertex 39.8582 -32.9861 62
    endloop
  endfacet
  facet normal 0 0 1
    outer loop
      vertex 41.6074 -33.9422 62
      vertex 39.6837 -33.454 62
      vertex 41.3911 -34.3913 62
    endloop
  endfacet
  facet normal 0 0 1
    outer loop
      vertex 41.9752 32.4978 62
      vertex 39.9644 32.4981 62
      vertex 40 32 62
    endloop
  endfacet
  facet normal 0 0 1
    outer loop
      vertex 41.9009 32.9907 62
      vertex 39.8582 32.9861 62
      vertex 39.9644 32.4981 62
    endloop
  endfacet
  facet normal 0 0 1
    outer loop
      vertex 38.792 34.6451 62
      vertex 40.1174 35.9092 62
      vertex 39.7127 36.2001 62
    endloop
  endfacet
  facet normal 0 0 1
    outer loop
      vertex 41.6074 33.9422 62
      vertex 39.6837 33.454 62
      vertex 39.8582 32.9861 62
    endloop
  endfacet
  facet normal 0 0 1
    outer loop
      vertex 41.1312 34.8166 62
      vertex 39.4444 33.8922 62
      vertex 39.6837 33.454 62
    endloop
  endfacet
  facet normal 0 0 1
    outer loop
      vertex 38.3922 34.9444 62
      vertex 39.7127 36.2001 62
      vertex 39.2811 36.4494 62
    endloop
  endfacet
  facet normal 0 0 1
    outer loop
      vertex 40.8302 35.2139 62
      vertex 39.1451 34.292 62
      vertex 39.4444 33.8922 62
    endloop
  endfacet
  facet normal 0 0 1
    outer loop
      vertex 38.3922 34.9444 62
      vertex 39.2811 36.4494 62
      vertex 38.8267 36.6544 62
    endloop
  endfacet
  facet normal 0 0 1
    outer loop
      vertex 40.1174 35.9092 62
      vertex 38.792 34.6451 62
      vertex 39.1451 34.292 62
    endloop
  endfacet
  facet normal 0 0 1
    outer loop
      vertex 39.7127 36.2001 62
      vertex 38.3922 34.9444 62
      vertex 38.792 34.6451 62
    endloop
  endfacet
  facet normal 0 0 1
    outer loop
      vertex 37.954 35.1837 62
      vertex 38.8267 36.6544 62
      vertex 38.3542 36.8131 62
    endloop
  endfacet
  facet normal 0 0 1
    outer loop
      vertex 38.8267 36.6544 62
      vertex 37.954 35.1837 62
      vertex 38.3922 34.9444 62
    endloop
  endfacet
  facet normal 0 0 1
    outer loop
      vertex 37.4861 35.3582 62
      vertex 38.3542 36.8131 62
      vertex 37.8682 36.924 62
    endloop
  endfacet
  facet normal 0 0 1
    outer loop
      vertex 38.3542 36.8131 62
      vertex 37.4861 35.3582 62
      vertex 37.954 35.1837 62
    endloop
  endfacet
  facet normal 0 0 1
    outer loop
      vertex 37.3736 36.986 62
      vertex 37.4861 35.3582 62
      vertex 37.8682 36.924 62
    endloop
  endfacet
  facet normal 0 0 1
    outer loop
      vertex 37.3736 36.986 62
      vertex 36.9981 35.4644 62
      vertex 37.4861 35.3582 62
    endloop
  endfacet
  facet normal 0 0 1
    outer loop
      vertex 36.8753 36.9984 62
      vertex 36.9981 35.4644 62
      vertex 37.3736 36.986 62
    endloop
  endfacet
  facet normal 0 0 1
    outer loop
      vertex 36.8753 36.9984 62
      vertex 36.5 35.5 62
      vertex 36.9981 35.4644 62
    endloop
  endfacet
  facet normal 0 0 1
    outer loop
      vertex 36.8753 36.9984 62
      vertex 36.0019 35.4644 62
      vertex 36.5 35.5 62
    endloop
  endfacet
  facet normal 0 0 1
    outer loop
      vertex 36.8753 36.9984 62
      vertex 35.5139 35.3582 62
      vertex 36.0019 35.4644 62
    endloop
  endfacet
  facet normal 0 0 1
    outer loop
      vertex 36.8753 36.9984 62
      vertex 35.046 35.1837 62
      vertex 35.5139 35.3582 62
    endloop
  endfacet
  facet normal 0 0 1
    outer loop
      vertex 36.8753 36.9984 62
      vertex 34.6078 34.9444 62
      vertex 35.046 35.1837 62
    endloop
  endfacet
  facet normal 0 0 1
    outer loop
      vertex 36.8753 36.9984 62
      vertex 34.208 34.6451 62
      vertex 34.6078 34.9444 62
    endloop
  endfacet
  facet normal 0 0 1
    outer loop
      vertex 33.1418 -31.0139 62
      vertex 26.1 -34.6 62
      vertex 33.0356 -31.5019 62
    endloop
  endfacet
  facet normal 0 0 1
    outer loop
      vertex 19.8784 18.3969 62
      vertex 33 32 62
      vertex 33.0356 32.4981 62
    endloop
  endfacet
  facet normal 0 0 1
    outer loop
      vertex 33.5556 -30.1078 62
      vertex 26.1 -23 62
      vertex 33.3163 -30.546 62
    endloop
  endfacet
  facet normal 0 0 1
    outer loop
      vertex 19.3984 18.3234 62
      vertex 33.0356 32.4981 62
      vertex 33.1418 32.9861 62
    endloop
  endfacet
  facet normal 0 0 1
    outer loop
      vertex 18.9431 18.1547 62
      vertex 33.1418 32.9861 62
      vertex 33.3163 33.454 62
    endloop
  endfacet
  facet normal 0 0 1
    outer loop
      vertex -33.3163 33.454 62
      vertex 33.3163 33.454 62
      vertex 33.5556 33.8922 62
    endloop
  endfacet
  facet normal 0 0 1
    outer loop
      vertex 36.0019 28.5356 62
      vertex 22.3509 16.4831 62
      vertex 22.4 16 62
    endloop
  endfacet
  facet normal 0 0 1
    outer loop
      vertex 35.046 28.8163 62
      vertex 22.2055 16.9465 62
      vertex 22.3509 16.4831 62
    endloop
  endfacet
  facet normal 0 0 1
    outer loop
      vertex 34.6078 29.0556 62
      vertex 21.9698 17.371 62
      vertex 22.2055 16.9465 62
    endloop
  endfacet
  facet normal 0 0 1
    outer loop
      vertex 34.208 29.3549 62
      vertex 21.6535 17.7395 62
      vertex 21.9698 17.371 62
    endloop
  endfacet
  facet normal 0 0 1
    outer loop
      vertex 33.5556 30.1078 62
      vertex 21.2695 18.0367 62
      vertex 21.6535 17.7395 62
    endloop
  endfacet
  facet normal 0 0 1
    outer loop
      vertex -33.5556 33.8922 62
      vertex 33.5556 33.8922 62
      vertex 33.8549 34.292 62
    endloop
  endfacet
  facet normal 0 0 1
    outer loop
      vertex 33.3163 30.546 62
      vertex 20.8335 18.2506 62
      vertex 21.2695 18.0367 62
    endloop
  endfacet
  facet normal 0 0 1
    outer loop
      vertex 33.1418 31.0139 62
      vertex 20.3634 18.3723 62
      vertex 20.8335 18.2506 62
    endloop
  endfacet
  facet normal 0 0 1
    outer loop
      vertex 33.0356 31.5019 62
      vertex 19.8784 18.3969 62
      vertex 20.3634 18.3723 62
    endloop
  endfacet
  facet normal 0 0 1
    outer loop
      vertex 33.0356 32.4981 62
      vertex 19.3984 18.3234 62
      vertex 19.8784 18.3969 62
    endloop
  endfacet
  facet normal 0 0 1
    outer loop
      vertex 33.1418 32.9861 62
      vertex 18.9431 18.1547 62
      vertex 19.3984 18.3234 62
    endloop
  endfacet
  facet normal 0 0 1
    outer loop
      vertex 33.3163 33.454 62
      vertex -18.7305 18.0367 62
      vertex 18.9431 18.1547 62
    endloop
  endfacet
  facet normal 0 0 1
    outer loop
      vertex 18.9431 18.1547 62
      vertex -18.7305 18.0367 62
      vertex 18.5309 17.8979 62
    endloop
  endfacet
  facet normal 0 0 1
    outer loop
      vertex 6 4 62
      vertex 17.6123 15.7572 62
      vertex 17.6123 16.2428 62
    endloop
  endfacet
  facet normal 0 0 1
    outer loop
      vertex 17.9016 -14.8353 62
      vertex 6 -4 62
      vertex 17.7101 -15.2815 62
    endloop
  endfacet
  facet normal 0 0 1
    outer loop
      vertex 17.7101 -15.2815 62
      vertex 6 -4 62
      vertex 17.6123 -15.7572 62
    endloop
  endfacet
  facet normal 0 0 1
    outer loop
      vertex 17.7101 16.7185 62
      vertex 6 4 62
      vertex 17.6123 16.2428 62
    endloop
  endfacet
  facet normal -0 0 1
    outer loop
      vertex -17.7945 16.9465 62
      vertex 17.7101 16.7185 62
      vertex 17.9016 17.1647 62
    endloop
  endfacet
  facet normal -0 0 1
    outer loop
      vertex -18.0302 17.371 62
      vertex 17.9016 17.1647 62
      vertex 18.179 17.5633 62
    endloop
  endfacet
  facet normal 0 0 1
    outer loop
      vertex 17.7101 16.7185 62
      vertex -17.6491 16.4831 62
      vertex 6 4 62
    endloop
  endfacet
  facet normal 0 -0 1
    outer loop
      vertex -18.3465 17.7395 62
      vertex 18.5309 17.8979 62
      vertex -18.7305 18.0367 62
    endloop
  endfacet
  facet normal 0 0 1
    outer loop
      vertex -33.8549 34.292 62
      vertex 33.8549 34.292 62
      vertex 34.208 34.6451 62
    endloop
  endfacet
  facet normal 0 0 1
    outer loop
      vertex -34.208 34.6451 62
      vertex 34.208 34.6451 62
      vertex 36.8753 36.9984 62
    endloop
  endfacet
  facet normal -0 0 1
    outer loop
      vertex -17.6491 15.5169 62
      vertex -6 4 62
      vertex -17.6 16 62
    endloop
  endfacet
  facet normal 0 0 1
    outer loop
      vertex 17.7101 16.7185 62
      vertex -17.7945 16.9465 62
      vertex -17.6491 16.4831 62
    endloop
  endfacet
  facet normal 0 0 1
    outer loop
      vertex -6 4 62
      vertex -17.6491 16.4831 62
      vertex -17.6 16 62
    endloop
  endfacet
  facet normal 0 0 1
    outer loop
      vertex 6 4 62
      vertex -17.6491 16.4831 62
      vertex -6 4 62
    endloop
  endfacet
  facet normal 0 0 1
    outer loop
      vertex 17.9016 17.1647 62
      vertex -18.0302 17.371 62
      vertex -17.7945 16.9465 62
    endloop
  endfacet
  facet normal 0 0 1
    outer loop
      vertex 18.179 17.5633 62
      vertex -18.3465 17.7395 62
      vertex -18.0302 17.371 62
    endloop
  endfacet
  facet normal 0 0 1
    outer loop
      vertex 18.5309 17.8979 62
      vertex -18.3465 17.7395 62
      vertex 18.179 17.5633 62
    endloop
  endfacet
  facet normal 0 0 1
    outer loop
      vertex 33.3163 33.454 62
      vertex -33.3163 33.454 62
      vertex -18.7305 18.0367 62
    endloop
  endfacet
  facet normal 0 0 1
    outer loop
      vertex -18.7305 18.0367 62
      vertex -33.3163 33.454 62
      vertex -19.1665 18.2506 62
    endloop
  endfacet
  facet normal -0 -0 1
    outer loop
      vertex -33.1418 32.9861 62
      vertex -19.1665 18.2506 62
      vertex -33.3163 33.454 62
    endloop
  endfacet
  facet normal -0 -0 1
    outer loop
      vertex -33.0356 32.4981 62
      vertex -19.1665 18.2506 62
      vertex -33.1418 32.9861 62
    endloop
  endfacet
  facet normal -0 0 1
    outer loop
      vertex -33.8549 29.708 62
      vertex -21.4691 17.8979 62
      vertex -33.5556 30.1078 62
    endloop
  endfacet
  facet normal 0 0 1
    outer loop
      vertex -22.2899 -15.2815 62
      vertex -26.1 -23 62
      vertex -22.3877 -15.7572 62
    endloop
  endfacet
  facet normal 0 0 1
    outer loop
      vertex -22.3877 -15.7572 62
      vertex -26.1 -23 62
      vertex -22.3877 -16.2428 62
    endloop
  endfacet
  facet normal 0 0 1
    outer loop
      vertex -21.821 17.5633 62
      vertex -34.208 29.3549 62
      vertex -22.0984 17.1647 62
    endloop
  endfacet
  facet normal -0 0 1
    outer loop
      vertex -34.208 29.3549 62
      vertex -21.821 17.5633 62
      vertex -33.8549 29.708 62
    endloop
  endfacet
  facet normal 0 0 1
    outer loop
      vertex -21.0569 18.1547 62
      vertex -33.5556 30.1078 62
      vertex -21.4691 17.8979 62
    endloop
  endfacet
  facet normal -0 0 1
    outer loop
      vertex -33.5556 30.1078 62
      vertex -21.0569 18.1547 62
      vertex -33.3163 30.546 62
    endloop
  endfacet
  facet normal -0 0 1
    outer loop
      vertex -33.3163 30.546 62
      vertex -21.0569 18.1547 62
      vertex -33.1418 31.0139 62
    endloop
  endfacet
  facet normal 0 0 1
    outer loop
      vertex -20.6016 18.3234 62
      vertex -33.1418 31.0139 62
      vertex -21.0569 18.1547 62
    endloop
  endfacet
  facet normal -0 0 1
    outer loop
      vertex -33.1418 31.0139 62
      vertex -20.6016 18.3234 62
      vertex -33.0356 31.5019 62
    endloop
  endfacet
  facet normal 0 0 1
    outer loop
      vertex -20.1216 18.3969 62
      vertex -33.0356 31.5019 62
      vertex -20.6016 18.3234 62
    endloop
  endfacet
  facet normal 0 0 1
    outer loop
      vertex -19.1665 18.2506 62
      vertex -33.0356 32.4981 62
      vertex -19.6366 18.3723 62
    endloop
  endfacet
  facet normal -0 0 1
    outer loop
      vertex -33.0356 31.5019 62
      vertex -20.1216 18.3969 62
      vertex -33 32 62
    endloop
  endfacet
  facet normal 0 0 1
    outer loop
      vertex -19.6366 18.3723 62
      vertex -33 32 62
      vertex -20.1216 18.3969 62
    endloop
  endfacet
  facet normal -0 -0 1
    outer loop
      vertex -33 32 62
      vertex -19.6366 18.3723 62
      vertex -33.0356 32.4981 62
    endloop
  endfacet
  facet normal 0 0 1
    outer loop
      vertex 33.5556 33.8922 62
      vertex -33.5556 33.8922 62
      vertex -33.3163 33.454 62
    endloop
  endfacet
  facet normal 0 0 1
    outer loop
      vertex 33.8549 34.292 62
      vertex -33.8549 34.292 62
      vertex -33.5556 33.8922 62
    endloop
  endfacet
  facet normal 0 0 1
    outer loop
      vertex 34.208 34.6451 62
      vertex -34.208 34.6451 62
      vertex -33.8549 34.292 62
    endloop
  endfacet
  facet normal 0 0 1
    outer loop
      vertex 36.8753 36.9984 62
      vertex -34.6078 34.9444 62
      vertex -34.208 34.6451 62
    endloop
  endfacet
  facet normal -0 0 1
    outer loop
      vertex -37.1247 36.9984 62
      vertex -34.6078 34.9444 62
      vertex 36.8753 36.9984 62
    endloop
  endfacet
  facet normal 0 0 1
    outer loop
      vertex -34.6078 34.9444 62
      vertex -37.1247 36.9984 62
      vertex -35.046 35.1837 62
    endloop
  endfacet
  facet normal 0 0 1
    outer loop
      vertex -35.046 35.1837 62
      vertex -37.1247 36.9984 62
      vertex -35.5139 35.3582 62
    endloop
  endfacet
  facet normal 0 0 1
    outer loop
      vertex -35.5139 35.3582 62
      vertex -37.1247 36.9984 62
      vertex -36.0019 35.4644 62
    endloop
  endfacet
  facet normal 0 0 1
    outer loop
      vertex -36.0019 35.4644 62
      vertex -37.1247 36.9984 62
      vertex -36.5 35.5 62
    endloop
  endfacet
  facet normal 0 0 1
    outer loop
      vertex -37.1247 36.9984 62
      vertex -36.9981 35.4644 62
      vertex -36.5 35.5 62
    endloop
  endfacet
  facet normal -0 0 1
    outer loop
      vertex -37.6217 36.9612 62
      vertex -36.9981 35.4644 62
      vertex -37.1247 36.9984 62
    endloop
  endfacet
  facet normal 0 0 1
    outer loop
      vertex -36.9981 35.4644 62
      vertex -37.6217 36.9612 62
      vertex -37.4861 35.3582 62
    endloop
  endfacet
  facet normal -0 0 1
    outer loop
      vertex -38.1126 36.8746 62
      vertex -37.4861 35.3582 62
      vertex -37.6217 36.9612 62
    endloop
  endfacet
  facet normal 0 0 1
    outer loop
      vertex -37.4861 35.3582 62
      vertex -38.1126 36.8746 62
      vertex -37.954 35.1837 62
    endloop
  endfacet
  facet normal -0 0 1
    outer loop
      vertex -38.5924 36.7396 62
      vertex -37.954 35.1837 62
      vertex -38.1126 36.8746 62
    endloop
  endfacet
  facet normal -0 0 1
    outer loop
      vertex -39.0564 36.5575 62
      vertex -37.954 35.1837 62
      vertex -38.5924 36.7396 62
    endloop
  endfacet
  facet normal 0 0 1
    outer loop
      vertex -37.954 35.1837 62
      vertex -39.0564 36.5575 62
      vertex -38.3922 34.9444 62
    endloop
  endfacet
  facet normal -0 0 1
    outer loop
      vertex -39.5 36.3301 62
      vertex -38.3922 34.9444 62
      vertex -39.0564 36.5575 62
    endloop
  endfacet
  facet normal 0 0 1
    outer loop
      vertex -38.3922 34.9444 62
      vertex -39.5 36.3301 62
      vertex -38.792 34.6451 62
    endloop
  endfacet
  facet normal -0 0 1
    outer loop
      vertex -39.9187 36.0597 62
      vertex -38.792 34.6451 62
      vertex -39.5 36.3301 62
    endloop
  endfacet
  facet normal -0 0 1
    outer loop
      vertex -40.3084 35.7489 62
      vertex -38.792 34.6451 62
      vertex -39.9187 36.0597 62
    endloop
  endfacet
  facet normal 0 0 1
    outer loop
      vertex -38.792 34.6451 62
      vertex -40.3084 35.7489 62
      vertex -39.1451 34.292 62
    endloop
  endfacet
  facet normal -0 0 1
    outer loop
      vertex -40.6653 35.4009 62
      vertex -39.1451 34.292 62
      vertex -40.3084 35.7489 62
    endloop
  endfacet
  facet normal 0 0 1
    outer loop
      vertex -39.1451 34.292 62
      vertex -40.6653 35.4009 62
      vertex -39.4444 33.8922 62
    endloop
  endfacet
  facet normal -0 0 1
    outer loop
      vertex -40.9857 35.019 62
      vertex -39.4444 33.8922 62
      vertex -40.6653 35.4009 62
    endloop
  endfacet
  facet normal -0 0 1
    outer loop
      vertex -41.2665 34.6072 62
      vertex -39.4444 33.8922 62
      vertex -40.9857 35.019 62
    endloop
  endfacet
  facet normal -0 0 1
    outer loop
      vertex -41.5048 34.1694 62
      vertex -39.6837 33.454 62
      vertex -41.2665 34.6072 62
    endloop
  endfacet
  facet normal 0 0 1
    outer loop
      vertex -39.4444 33.8922 62
      vertex -41.2665 34.6072 62
      vertex -39.6837 33.454 62
    endloop
  endfacet
  facet normal 0 0 1
    outer loop
      vertex 41.3911 -34.3913 62
      vertex 39.6837 -33.454 62
      vertex 41.1312 -34.8166 62
    endloop
  endfacet
  facet normal -0 0 1
    outer loop
      vertex 39.4444 -33.8922 62
      vertex 41.1312 -34.8166 62
      vertex 39.6837 -33.454 62
    endloop
  endfacet
  facet normal 0 0 1
    outer loop
      vertex 41.1312 -34.8166 62
      vertex 39.4444 -33.8922 62
      vertex 40.8302 -35.2139 62
    endloop
  endfacet
  facet normal -0 0 1
    outer loop
      vertex 39.1451 -34.292 62
      vertex 40.8302 -35.2139 62
      vertex 39.4444 -33.8922 62
    endloop
  endfacet
  facet normal 0 0 1
    outer loop
      vertex 40.8302 -35.2139 62
      vertex 39.1451 -34.292 62
      vertex 40.4912 -35.5793 62
    endloop
  endfacet
  facet normal 0 0 1
    outer loop
      vertex 40.4912 -35.5793 62
      vertex 39.1451 -34.292 62
      vertex 40.1174 -35.9092 62
    endloop
  endfacet
  facet normal -0 0 1
    outer loop
      vertex 38.792 -34.6451 62
      vertex 40.1174 -35.9092 62
      vertex 39.1451 -34.292 62
    endloop
  endfacet
  facet normal 0 0 1
    outer loop
      vertex 40.1174 -35.9092 62
      vertex 38.792 -34.6451 62
      vertex 39.7127 -36.2001 62
    endloop
  endfacet
  facet normal -0 0 1
    outer loop
      vertex 38.3922 -34.9444 62
      vertex 39.7127 -36.2001 62
      vertex 38.792 -34.6451 62
    endloop
  endfacet
  facet normal 0 0 1
    outer loop
      vertex 39.7127 -36.2001 62
      vertex 38.3922 -34.9444 62
      vertex 39.2811 -36.4494 62
    endloop
  endfacet
  facet normal 0 0 1
    outer loop
      vertex 39.2811 -36.4494 62
      vertex 38.3922 -34.9444 62
      vertex 38.8267 -36.6544 62
    endloop
  endfacet
  facet normal -0 0 1
    outer loop
      vertex 37.954 -35.1837 62
      vertex 38.8267 -36.6544 62
      vertex 38.3922 -34.9444 62
    endloop
  endfacet
  facet normal 0 0 1
    outer loop
      vertex 38.8267 -36.6544 62
      vertex 37.954 -35.1837 62
      vertex 38.3542 -36.8131 62
    endloop
  endfacet
  facet normal -0 0 1
    outer loop
      vertex 37.4861 -35.3582 62
      vertex 38.3542 -36.8131 62
      vertex 37.954 -35.1837 62
    endloop
  endfacet
  facet normal 0 0 1
    outer loop
      vertex 38.3542 -36.8131 62
      vertex 37.4861 -35.3582 62
      vertex 37.8682 -36.924 62
    endloop
  endfacet
  facet normal 0 0 1
    outer loop
      vertex 37.4861 -35.3582 62
      vertex 37.3736 -36.986 62
      vertex 37.8682 -36.924 62
    endloop
  endfacet
  facet normal -0 0 1
    outer loop
      vertex 36.9981 -35.4644 62
      vertex 37.3736 -36.986 62
      vertex 37.4861 -35.3582 62
    endloop
  endfacet
  facet normal 0 0 1
    outer loop
      vertex 36.9981 -35.4644 62
      vertex 36.8753 -36.9984 62
      vertex 37.3736 -36.986 62
    endloop
  endfacet
  facet normal -0 0 1
    outer loop
      vertex 36.5 -35.5 62
      vertex 36.8753 -36.9984 62
      vertex 36.9981 -35.4644 62
    endloop
  endfacet
  facet normal 0 0 1
    outer loop
      vertex 36.0019 -35.4644 62
      vertex 36.8753 -36.9984 62
      vertex 36.5 -35.5 62
    endloop
  endfacet
  facet normal 0 0 1
    outer loop
      vertex 35.5139 -35.3582 62
      vertex 36.8753 -36.9984 62
      vertex 36.0019 -35.4644 62
    endloop
  endfacet
  facet normal 0 0 1
    outer loop
      vertex 35.046 -35.1837 62
      vertex 36.8753 -36.9984 62
      vertex 35.5139 -35.3582 62
    endloop
  endfacet
  facet normal 0 0 1
    outer loop
      vertex 34.6078 -34.9444 62
      vertex 36.8753 -36.9984 62
      vertex 35.046 -35.1837 62
    endloop
  endfacet
  facet normal 0 0 1
    outer loop
      vertex 26.1 -34.6 62
      vertex 34.6078 -34.9444 62
      vertex 34.208 -34.6451 62
    endloop
  endfacet
  facet normal 0 0 1
    outer loop
      vertex 33.0356 -31.5019 62
      vertex 26.1 -34.6 62
      vertex 33 -32 62
    endloop
  endfacet
  facet normal 0 0 1
    outer loop
      vertex 33 -32 62
      vertex 26.1 -34.6 62
      vertex 33.0356 -32.4981 62
    endloop
  endfacet
  facet normal 0 0 1
    outer loop
      vertex 33.0356 -32.4981 62
      vertex 26.1 -34.6 62
      vertex 33.1418 -32.9861 62
    endloop
  endfacet
  facet normal 0 0 1
    outer loop
      vertex 33.1418 -32.9861 62
      vertex 26.1 -34.6 62
      vertex 33.3163 -33.454 62
    endloop
  endfacet
  facet normal 0 0 1
    outer loop
      vertex 33.3163 -33.454 62
      vertex 26.1 -34.6 62
      vertex 33.5556 -33.8922 62
    endloop
  endfacet
  facet normal 0 0 1
    outer loop
      vertex 26.1 -34.6 62
      vertex 33.8549 -34.292 62
      vertex 33.5556 -33.8922 62
    endloop
  endfacet
  facet normal -0 0 1
    outer loop
      vertex 26.1 -34.6 62
      vertex 34.208 -34.6451 62
      vertex 33.8549 -34.292 62
    endloop
  endfacet
  facet normal 0 0 1
    outer loop
      vertex 34.6078 -34.9444 62
      vertex 26.1 -34.6 62
      vertex 36.8753 -36.9984 62
    endloop
  endfacet
  facet normal -0 0 1
    outer loop
      vertex -26.1 -34.6 62
      vertex 36.8753 -36.9984 62
      vertex 26.1 -34.6 62
    endloop
  endfacet
  facet normal 0 0 1
    outer loop
      vertex -26.1 -23 62
      vertex -33 -32 62
      vertex -26.1 -34.6 62
    endloop
  endfacet
  facet normal -0 0 1
    outer loop
      vertex -33.0356 -32.4981 62
      vertex -26.1 -34.6 62
      vertex -33 -32 62
    endloop
  endfacet
  facet normal -0 0 1
    outer loop
      vertex -33.1418 -32.9861 62
      vertex -26.1 -34.6 62
      vertex -33.0356 -32.4981 62
    endloop
  endfacet
  facet normal -0 0 1
    outer loop
      vertex -33.3163 -33.454 62
      vertex -26.1 -34.6 62
      vertex -33.1418 -32.9861 62
    endloop
  endfacet
  facet normal -0 0 1
    outer loop
      vertex -33.5556 -33.8922 62
      vertex -26.1 -34.6 62
      vertex -33.3163 -33.454 62
    endloop
  endfacet
  facet normal -0 0 1
    outer loop
      vertex -33.8549 -34.292 62
      vertex -26.1 -34.6 62
      vertex -33.5556 -33.8922 62
    endloop
  endfacet
  facet normal 0 0 1
    outer loop
      vertex -34.208 -34.6451 62
      vertex -26.1 -34.6 62
      vertex -33.8549 -34.292 62
    endloop
  endfacet
  facet normal 0 0 1
    outer loop
      vertex -34.6078 -34.9444 62
      vertex -26.1 -34.6 62
      vertex -34.208 -34.6451 62
    endloop
  endfacet
  facet normal 0 0 1
    outer loop
      vertex -37.1247 -36.9984 62
      vertex -26.1 -34.6 62
      vertex -34.6078 -34.9444 62
    endloop
  endfacet
  facet normal 0 0 1
    outer loop
      vertex -37.1247 -36.9984 62
      vertex -34.6078 -34.9444 62
      vertex -35.046 -35.1837 62
    endloop
  endfacet
  facet normal 0 0 1
    outer loop
      vertex -37.1247 -36.9984 62
      vertex -35.046 -35.1837 62
      vertex -35.5139 -35.3582 62
    endloop
  endfacet
  facet normal 0 0 1
    outer loop
      vertex -37.1247 -36.9984 62
      vertex -35.5139 -35.3582 62
      vertex -36.0019 -35.4644 62
    endloop
  endfacet
  facet normal 0 0 1
    outer loop
      vertex -37.1247 -36.9984 62
      vertex -36.0019 -35.4644 62
      vertex -36.5 -35.5 62
    endloop
  endfacet
  facet normal 0 0 1
    outer loop
      vertex -26.1 -34.6 62
      vertex -37.1247 -36.9984 62
      vertex 36.8753 -36.9984 62
    endloop
  endfacet
  facet normal 0 0 1
    outer loop
      vertex -36.9981 -35.4644 62
      vertex -37.1247 -36.9984 62
      vertex -36.5 -35.5 62
    endloop
  endfacet
  facet normal 0 0 1
    outer loop
      vertex -37.6217 -36.9612 62
      vertex -36.9981 -35.4644 62
      vertex -37.4861 -35.3582 62
    endloop
  endfacet
  facet normal 0 0 1
    outer loop
      vertex -36.9981 -35.4644 62
      vertex -37.6217 -36.9612 62
      vertex -37.1247 -36.9984 62
    endloop
  endfacet
  facet normal 0 0 1
    outer loop
      vertex -38.1126 -36.8746 62
      vertex -37.4861 -35.3582 62
      vertex -37.954 -35.1837 62
    endloop
  endfacet
  facet normal 0 0 1
    outer loop
      vertex -37.4861 -35.3582 62
      vertex -38.1126 -36.8746 62
      vertex -37.6217 -36.9612 62
    endloop
  endfacet
  facet normal 0 0 1
    outer loop
      vertex -39.0564 -36.5575 62
      vertex -37.954 -35.1837 62
      vertex -38.3922 -34.9444 62
    endloop
  endfacet
  facet normal 0 0 1
    outer loop
      vertex -37.954 -35.1837 62
      vertex -38.5924 -36.7396 62
      vertex -38.1126 -36.8746 62
    endloop
  endfacet
  facet normal 0 0 1
    outer loop
      vertex -39.5 -36.3301 62
      vertex -38.3922 -34.9444 62
      vertex -38.792 -34.6451 62
    endloop
  endfacet
  facet normal 0 0 1
    outer loop
      vertex -37.954 -35.1837 62
      vertex -39.0564 -36.5575 62
      vertex -38.5924 -36.7396 62
    endloop
  endfacet
  facet normal 0 0 1
    outer loop
      vertex -40.3084 -35.7489 62
      vertex -38.792 -34.6451 62
      vertex -39.1451 -34.292 62
    endloop
  endfacet
  facet normal 0 0 1
    outer loop
      vertex -40.6653 -35.4009 62
      vertex -39.1451 -34.292 62
      vertex -39.4444 -33.8922 62
    endloop
  endfacet
  facet normal 0 0 1
    outer loop
      vertex -38.3922 -34.9444 62
      vertex -39.5 -36.3301 62
      vertex -39.0564 -36.5575 62
    endloop
  endfacet
  facet normal 0 0 1
    outer loop
      vertex -41.2665 -34.6072 62
      vertex -39.4444 -33.8922 62
      vertex -39.6837 -33.454 62
    endloop
  endfacet
  facet normal 0 0 1
    outer loop
      vertex -41.5048 -34.1694 62
      vertex -39.6837 -33.454 62
      vertex -39.8582 -32.9861 62
    endloop
  endfacet
  facet normal 0 0 1
    outer loop
      vertex -38.792 -34.6451 62
      vertex -39.9187 -36.0597 62
      vertex -39.5 -36.3301 62
    endloop
  endfacet
  facet normal 0 0 1
    outer loop
      vertex -41.8454 -33.2338 62
      vertex -39.8582 -32.9861 62
      vertex -39.9644 -32.4981 62
    endloop
  endfacet
  facet normal -0 0 1
    outer loop
      vertex -41.9938 -32.2492 62
      vertex -39.9644 -32.4981 62
      vertex -40 -32 62
    endloop
  endfacet
  facet normal 0 0 1
    outer loop
      vertex -38.792 -34.6451 62
      vertex -40.3084 -35.7489 62
      vertex -39.9187 -36.0597 62
    endloop
  endfacet
  facet normal 0 0 1
    outer loop
      vertex -39.8582 -31.0139 62
      vertex -41.9938 -32.2492 62
      vertex -39.9644 -31.5019 62
    endloop
  endfacet
  facet normal 0 0 1
    outer loop
      vertex -39.6837 33.454 62
      vertex -41.5048 34.1694 62
      vertex -39.8582 32.9861 62
    endloop
  endfacet
  facet normal 0 0 1
    outer loop
      vertex -39.9644 -31.5019 62
      vertex -41.9938 -32.2492 62
      vertex -40 -32 62
    endloop
  endfacet
  facet normal -0 0 1
    outer loop
      vertex -41.6985 33.7101 62
      vertex -39.8582 32.9861 62
      vertex -41.5048 34.1694 62
    endloop
  endfacet
  facet normal 0 0 1
    outer loop
      vertex -39.9644 -32.4981 62
      vertex -41.9938 -32.2492 62
      vertex -41.9442 -32.7452 62
    endloop
  endfacet
  facet normal -0 0 1
    outer loop
      vertex -41.8454 33.2338 62
      vertex -39.8582 32.9861 62
      vertex -41.6985 33.7101 62
    endloop
  endfacet
  facet normal 0 0 1
    outer loop
      vertex -39.1451 -34.292 62
      vertex -40.6653 -35.4009 62
      vertex -40.3084 -35.7489 62
    endloop
  endfacet
  facet normal 0 0 1
    outer loop
      vertex -39.8582 32.9861 62
      vertex -41.8454 33.2338 62
      vertex -39.9644 32.4981 62
    endloop
  endfacet
  facet normal 0 0 1
    outer loop
      vertex -39.4444 -33.8922 62
      vertex -40.9857 -35.019 62
      vertex -40.6653 -35.4009 62
    endloop
  endfacet
  facet normal -0 0 1
    outer loop
      vertex -41.9442 32.7452 62
      vertex -39.9644 32.4981 62
      vertex -41.8454 33.2338 62
    endloop
  endfacet
  facet normal 0 0 1
    outer loop
      vertex -39.4444 -33.8922 62
      vertex -41.2665 -34.6072 62
      vertex -40.9857 -35.019 62
    endloop
  endfacet
  facet normal 0 0 1
    outer loop
      vertex -41.9938 32.2492 62
      vertex -39.9644 32.4981 62
      vertex -41.9442 32.7452 62
    endloop
  endfacet
  facet normal 0 0 1
    outer loop
      vertex -39.6837 -33.454 62
      vertex -41.5048 -34.1694 62
      vertex -41.2665 -34.6072 62
    endloop
  endfacet
  facet normal 0 0 1
    outer loop
      vertex -39.9644 32.4981 62
      vertex -41.9938 32.2492 62
      vertex -40 32 62
    endloop
  endfacet
  facet normal 0 0 1
    outer loop
      vertex -39.8582 -32.9861 62
      vertex -41.6985 -33.7101 62
      vertex -41.5048 -34.1694 62
    endloop
  endfacet
  facet normal 0 0 1
    outer loop
      vertex -39.8582 -32.9861 62
      vertex -41.8454 -33.2338 62
      vertex -41.6985 -33.7101 62
    endloop
  endfacet
  facet normal 0 0 1
    outer loop
      vertex -39.9644 -32.4981 62
      vertex -41.9442 -32.7452 62
      vertex -41.8454 -33.2338 62
    endloop
  endfacet
  facet normal 0 0 1
    outer loop
      vertex 33.3163 -30.546 62
      vertex 26.1 -23 62
      vertex 33.1418 -31.0139 62
    endloop
  endfacet
  facet normal -0 0 1
    outer loop
      vertex 22.3509 -16.4831 62
      vertex 26.1 -23 62
      vertex 22.4 -16 62
    endloop
  endfacet
  facet normal -0 0 1
    outer loop
      vertex 22.2055 -16.9465 62
      vertex 26.1 -23 62
      vertex 22.3509 -16.4831 62
    endloop
  endfacet
  facet normal -0 0 1
    outer loop
      vertex 21.9698 -17.371 62
      vertex 26.1 -23 62
      vertex 22.2055 -16.9465 62
    endloop
  endfacet
  facet normal -0 0 1
    outer loop
      vertex 21.6535 -17.7395 62
      vertex 26.1 -23 62
      vertex 21.9698 -17.371 62
    endloop
  endfacet
  facet normal -0 0 1
    outer loop
      vertex 21.2695 -18.0367 62
      vertex 26.1 -23 62
      vertex 21.6535 -17.7395 62
    endloop
  endfacet
  facet normal -0 0 1
    outer loop
      vertex 20.8335 -18.2506 62
      vertex 26.1 -23 62
      vertex 21.2695 -18.0367 62
    endloop
  endfacet
  facet normal -0 0 1
    outer loop
      vertex 20.3634 -18.3723 62
      vertex 26.1 -23 62
      vertex 20.8335 -18.2506 62
    endloop
  endfacet
  facet normal -0 0 1
    outer loop
      vertex 19.8784 -18.3969 62
      vertex 26.1 -23 62
      vertex 20.3634 -18.3723 62
    endloop
  endfacet
  facet normal 0 0 1
    outer loop
      vertex 19.3984 -18.3234 62
      vertex 26.1 -23 62
      vertex 19.8784 -18.3969 62
    endloop
  endfacet
  facet normal 0 0 1
    outer loop
      vertex 18.9431 -18.1547 62
      vertex 26.1 -23 62
      vertex 19.3984 -18.3234 62
    endloop
  endfacet
  facet normal -0 0 1
    outer loop
      vertex -18.7305 -18.0367 62
      vertex 18.9431 -18.1547 62
      vertex 18.5309 -17.8979 62
    endloop
  endfacet
  facet normal 0 0 1
    outer loop
      vertex 17.6123 -15.7572 62
      vertex 6 -4 62
      vertex 17.6123 -16.2428 62
    endloop
  endfacet
  facet normal 0 0 1
    outer loop
      vertex 17.6123 -16.2428 62
      vertex 6 -4 62
      vertex 17.7101 -16.7185 62
    endloop
  endfacet
  facet normal -0 0 1
    outer loop
      vertex -17.6491 -16.4831 62
      vertex 17.7101 -16.7185 62
      vertex 6 -4 62
    endloop
  endfacet
  facet normal 0 0 1
    outer loop
      vertex -17.7945 -16.9465 62
      vertex 17.7101 -16.7185 62
      vertex -17.6491 -16.4831 62
    endloop
  endfacet
  facet normal 0 0 1
    outer loop
      vertex -17.6491 -16.4831 62
      vertex 6 -4 62
      vertex -6 -4 62
    endloop
  endfacet
  facet normal 0 0 1
    outer loop
      vertex 17.7101 -16.7185 62
      vertex -17.7945 -16.9465 62
      vertex 17.9016 -17.1647 62
    endloop
  endfacet
  facet normal 0 0 1
    outer loop
      vertex -18.0302 -17.371 62
      vertex 17.9016 -17.1647 62
      vertex -17.7945 -16.9465 62
    endloop
  endfacet
  facet normal -0 0 1
    outer loop
      vertex -17.7945 15.0535 62
      vertex -6 4 62
      vertex -17.6491 15.5169 62
    endloop
  endfacet
  facet normal 0 0 1
    outer loop
      vertex -17.6491 -16.4831 62
      vertex -6 -4 62
      vertex -17.6 -16 62
    endloop
  endfacet
  facet normal 0 0 1
    outer loop
      vertex 17.9016 -17.1647 62
      vertex -18.0302 -17.371 62
      vertex 18.179 -17.5633 62
    endloop
  endfacet
  facet normal 0 0 1
    outer loop
      vertex -18.3465 -17.7395 62
      vertex 18.179 -17.5633 62
      vertex -18.0302 -17.371 62
    endloop
  endfacet
  facet normal 0 0 1
    outer loop
      vertex 18.179 -17.5633 62
      vertex -18.3465 -17.7395 62
      vertex 18.5309 -17.8979 62
    endloop
  endfacet
  facet normal 0 0 1
    outer loop
      vertex -18.7305 -18.0367 62
      vertex 18.5309 -17.8979 62
      vertex -18.3465 -17.7395 62
    endloop
  endfacet
  facet normal 0 0 1
    outer loop
      vertex 18.9431 -18.1547 62
      vertex -18.7305 -18.0367 62
      vertex 26.1 -23 62
    endloop
  endfacet
  facet normal 0 0 1
    outer loop
      vertex -26.1 -23 62
      vertex -18.7305 -18.0367 62
      vertex -19.1665 -18.2506 62
    endloop
  endfacet
  facet normal 0 0 1
    outer loop
      vertex -26.1 -23 62
      vertex -19.1665 -18.2506 62
      vertex -19.6366 -18.3723 62
    endloop
  endfacet
  facet normal 0 0 1
    outer loop
      vertex -26.1 -23 62
      vertex -19.6366 -18.3723 62
      vertex -20.1216 -18.3969 62
    endloop
  endfacet
  facet normal 0 0 1
    outer loop
      vertex -18.7305 -18.0367 62
      vertex -26.1 -23 62
      vertex 26.1 -23 62
    endloop
  endfacet
  facet normal 0 0 1
    outer loop
      vertex -20.6016 -18.3234 62
      vertex -26.1 -23 62
      vertex -20.1216 -18.3969 62
    endloop
  endfacet
  facet normal 0 0 1
    outer loop
      vertex -21.0569 -18.1547 62
      vertex -26.1 -23 62
      vertex -20.6016 -18.3234 62
    endloop
  endfacet
  facet normal 0 0 1
    outer loop
      vertex -21.4691 -17.8979 62
      vertex -26.1 -23 62
      vertex -21.0569 -18.1547 62
    endloop
  endfacet
  facet normal 0 0 1
    outer loop
      vertex -21.821 -17.5633 62
      vertex -26.1 -23 62
      vertex -21.4691 -17.8979 62
    endloop
  endfacet
  facet normal 0 0 1
    outer loop
      vertex -22.0984 -17.1647 62
      vertex -26.1 -23 62
      vertex -21.821 -17.5633 62
    endloop
  endfacet
  facet normal 0 0 1
    outer loop
      vertex -22.2899 -16.7185 62
      vertex -26.1 -23 62
      vertex -22.0984 -17.1647 62
    endloop
  endfacet
  facet normal 0 0 1
    outer loop
      vertex -26.1 -23 62
      vertex -22.2899 -16.7185 62
      vertex -22.3877 -16.2428 62
    endloop
  endfacet
  facet normal 0.988829 0.149057 0
    outer loop
      vertex 41.9752 32.4978 62
      vertex 41.9009 32.9907 0
      vertex 41.9009 32.9907 62
    endloop
  endfacet
  facet normal 0.988829 0.149057 0
    outer loop
      vertex 41.9009 32.9907 0
      vertex 41.9752 32.4978 62
      vertex 41.9752 32.4978 0
    endloop
  endfacet
  facet normal -0.0746403 0.997211 0
    outer loop
      vertex -37.1247 36.9984 0
      vertex -37.6217 36.9612 62
      vertex -37.1247 36.9984 62
    endloop
  endfacet
  facet normal -0.0746403 0.997211 0
    outer loop
      vertex -37.6217 36.9612 62
      vertex -37.1247 36.9984 0
      vertex -37.6217 36.9612 0
    endloop
  endfacet
  facet normal 0 1 -0
    outer loop
      vertex 36.8753 36.9984 0
      vertex -37.1247 36.9984 62
      vertex 36.8753 36.9984 62
    endloop
  endfacet
  facet normal 0 1 0
    outer loop
      vertex -37.1247 36.9984 62
      vertex 36.8753 36.9984 0
      vertex -37.1247 36.9984 0
    endloop
  endfacet
  facet normal 0.998761 -0.0497575 0
    outer loop
      vertex 41.9752 -32.4978 62
      vertex 42 -32 0
      vertex 42 -32 62
    endloop
  endfacet
  facet normal 0.998761 -0.0497575 0
    outer loop
      vertex 42 -32 0
      vertex 41.9752 -32.4978 62
      vertex 41.9752 -32.4978 0
    endloop
  endfacet
  facet normal 0 -1 0
    outer loop
      vertex -11.2751 -36.9984 14.9552
      vertex -22 -36.9984 24
      vertex -11.7598 -36.9984 15.0747
    endloop
  endfacet
  facet normal 0 -1 0
    outer loop
      vertex 22 -36.9984 24
      vertex 12.2527 -36.9984 15.1548
      vertex 12.7504 -36.9984 15.195
    endloop
  endfacet
  facet normal 0 -1 0
    outer loop
      vertex -10.8014 -36.9984 14.7971
      vertex -22 -36.9984 24
      vertex -11.2751 -36.9984 14.9552
    endloop
  endfacet
  facet normal 0 -1 0
    outer loop
      vertex 22 -36.9984 24
      vertex 11.7598 -36.9984 15.0747
      vertex 12.2527 -36.9984 15.1548
    endloop
  endfacet
  facet normal 0 -1 0
    outer loop
      vertex -22 -36.9984 24
      vertex -10.8014 -36.9984 14.7971
      vertex 22 -36.9984 24
    endloop
  endfacet
  facet normal 0 -1 0
    outer loop
      vertex 22 -36.9984 24
      vertex 11.2751 -36.9984 14.9552
      vertex 11.7598 -36.9984 15.0747
    endloop
  endfacet
  facet normal 0 -1 0
    outer loop
      vertex 10.8014 -36.9984 14.7971
      vertex 22 -36.9984 24
      vertex -10.8014 -36.9984 14.7971
    endloop
  endfacet
  facet normal 0 -1 0
    outer loop
      vertex 22 -36.9984 24
      vertex 10.8014 -36.9984 14.7971
      vertex 11.2751 -36.9984 14.9552
    endloop
  endfacet
  facet normal 0 -1 0
    outer loop
      vertex -10.3421 -36.9984 14.6014
      vertex 10.8014 -36.9984 14.7971
      vertex -10.8014 -36.9984 14.7971
    endloop
  endfacet
  facet normal 0 -1 0
    outer loop
      vertex -10.3421 -36.9984 14.6014
      vertex 10.3421 -36.9984 14.6014
      vertex 10.8014 -36.9984 14.7971
    endloop
  endfacet
  facet normal 0 -1 0
    outer loop
      vertex -9.9 -36.9984 14.3694
      vertex 10.3421 -36.9984 14.6014
      vertex -10.3421 -36.9984 14.6014
    endloop
  endfacet
  facet normal 0 -1 0
    outer loop
      vertex -9.9 -36.9984 14.3694
      vertex 9.9 -36.9984 14.3694
      vertex 10.3421 -36.9984 14.6014
    endloop
  endfacet
  facet normal 0 -1 0
    outer loop
      vertex -9.478 -36.9984 14.1025
      vertex 9.9 -36.9984 14.3694
      vertex -9.9 -36.9984 14.3694
    endloop
  endfacet
  facet normal 0 -1 0
    outer loop
      vertex -9.478 -36.9984 14.1025
      vertex 9.478 -36.9984 14.1025
      vertex 9.9 -36.9984 14.3694
    endloop
  endfacet
  facet normal 0 -1 0
    outer loop
      vertex -9.07884 -36.9984 13.8026
      vertex 9.478 -36.9984 14.1025
      vertex -9.478 -36.9984 14.1025
    endloop
  endfacet
  facet normal 0 -1 0
    outer loop
      vertex -9.07884 -36.9984 13.8026
      vertex 9.07884 -36.9984 13.8026
      vertex 9.478 -36.9984 14.1025
    endloop
  endfacet
  facet normal 0 -1 0
    outer loop
      vertex -8.70511 -36.9984 13.4715
      vertex 9.07884 -36.9984 13.8026
      vertex -9.07884 -36.9984 13.8026
    endloop
  endfacet
  facet normal 0 -1 0
    outer loop
      vertex -8.70511 -36.9984 13.4715
      vertex 8.70511 -36.9984 13.4715
      vertex 9.07884 -36.9984 13.8026
    endloop
  endfacet
  facet normal 0 -1 0
    outer loop
      vertex -8.35923 -36.9984 13.1114
      vertex 8.70511 -36.9984 13.4715
      vertex -8.70511 -36.9984 13.4715
    endloop
  endfacet
  facet normal 0 -1 0
    outer loop
      vertex -8.35923 -36.9984 13.1114
      vertex 8.35923 -36.9984 13.1114
      vertex 8.70511 -36.9984 13.4715
    endloop
  endfacet
  facet normal 0 -1 0
    outer loop
      vertex -8.04345 -36.9984 12.7246
      vertex 8.35923 -36.9984 13.1114
      vertex -8.35923 -36.9984 13.1114
    endloop
  endfacet
  facet normal 0 -1 0
    outer loop
      vertex -8.04345 -36.9984 12.7246
      vertex 8.04345 -36.9984 12.7246
      vertex 8.35923 -36.9984 13.1114
    endloop
  endfacet
  facet normal 0 -1 0
    outer loop
      vertex -7.75982 -36.9984 12.3137
      vertex 8.04345 -36.9984 12.7246
      vertex -8.04345 -36.9984 12.7246
    endloop
  endfacet
  facet normal 0 -1 0
    outer loop
      vertex -7.75982 -36.9984 12.3137
      vertex 7.75982 -36.9984 12.3137
      vertex 8.04345 -36.9984 12.7246
    endloop
  endfacet
  facet normal 0 -1 0
    outer loop
      vertex -7.51017 -36.9984 11.8813
      vertex 7.75982 -36.9984 12.3137
      vertex -7.75982 -36.9984 12.3137
    endloop
  endfacet
  facet normal 0 -1 0
    outer loop
      vertex -7.51017 -36.9984 11.8813
      vertex 7.51017 -36.9984 11.8813
      vertex 7.75982 -36.9984 12.3137
    endloop
  endfacet
  facet normal 0 -1 0
    outer loop
      vertex -7.29613 -36.9984 11.4302
      vertex 7.51017 -36.9984 11.8813
      vertex -7.51017 -36.9984 11.8813
    endloop
  endfacet
  facet normal 0 -1 0
    outer loop
      vertex -7.29613 -36.9984 11.4302
      vertex 7.29613 -36.9984 11.4302
      vertex 7.51017 -36.9984 11.8813
    endloop
  endfacet
  facet normal 0 -1 0
    outer loop
      vertex -7.11907 -36.9984 10.9633
      vertex 7.29613 -36.9984 11.4302
      vertex -7.29613 -36.9984 11.4302
    endloop
  endfacet
  facet normal 0 -1 0
    outer loop
      vertex -7.11907 -36.9984 10.9633
      vertex 7.11907 -36.9984 10.9633
      vertex 7.29613 -36.9984 11.4302
    endloop
  endfacet
  facet normal 0 -1 0
    outer loop
      vertex -6.98016 -36.9984 10.4838
      vertex 7.11907 -36.9984 10.9633
      vertex -7.11907 -36.9984 10.9633
    endloop
  endfacet
  facet normal 0 -1 0
    outer loop
      vertex -6.98016 -36.9984 10.4838
      vertex 6.98016 -36.9984 10.4838
      vertex 7.11907 -36.9984 10.9633
    endloop
  endfacet
  facet normal 0 -1 0
    outer loop
      vertex -6.88029 -36.9984 9.99455
      vertex 6.98016 -36.9984 10.4838
      vertex -6.98016 -36.9984 10.4838
    endloop
  endfacet
  facet normal 0 -1 0
    outer loop
      vertex -6.88029 -36.9984 9.99455
      vertex 6.88029 -36.9984 9.99455
      vertex 6.98016 -36.9984 10.4838
    endloop
  endfacet
  facet normal 0 -1 0
    outer loop
      vertex -6.8201 -36.9984 9.49889
      vertex 6.88029 -36.9984 9.99455
      vertex -6.88029 -36.9984 9.99455
    endloop
  endfacet
  facet normal 0 -1 0
    outer loop
      vertex -6.8201 -36.9984 9.49889
      vertex 6.8201 -36.9984 9.49889
      vertex 6.88029 -36.9984 9.99455
    endloop
  endfacet
  facet normal 0 -1 0
    outer loop
      vertex -6.8 -36.9984 9
      vertex 6.8201 -36.9984 9.49889
      vertex -6.8201 -36.9984 9.49889
    endloop
  endfacet
  facet normal 0 -1 0
    outer loop
      vertex -6.8 -36.9984 9
      vertex 6.8 -36.9984 9
      vertex 6.8201 -36.9984 9.49889
    endloop
  endfacet
  facet normal 0 -1 0
    outer loop
      vertex -6.8201 -36.9984 8.50111
      vertex 6.8 -36.9984 9
      vertex -6.8 -36.9984 9
    endloop
  endfacet
  facet normal 0 -1 0
    outer loop
      vertex -6.8201 -36.9984 8.50111
      vertex 6.8201 -36.9984 8.50111
      vertex 6.8 -36.9984 9
    endloop
  endfacet
  facet normal 0 -1 0
    outer loop
      vertex -6.88029 -36.9984 8.00545
      vertex 6.8201 -36.9984 8.50111
      vertex -6.8201 -36.9984 8.50111
    endloop
  endfacet
  facet normal 0 -1 0
    outer loop
      vertex -6.88029 -36.9984 8.00545
      vertex 6.88029 -36.9984 8.00545
      vertex 6.8201 -36.9984 8.50111
    endloop
  endfacet
  facet normal 0 -1 0
    outer loop
      vertex -6.98016 -36.9984 7.51624
      vertex 6.88029 -36.9984 8.00545
      vertex -6.88029 -36.9984 8.00545
    endloop
  endfacet
  facet normal 0 -1 0
    outer loop
      vertex -6.98016 -36.9984 7.51624
      vertex 6.98016 -36.9984 7.51624
      vertex 6.88029 -36.9984 8.00545
    endloop
  endfacet
  facet normal 0 -1 0
    outer loop
      vertex -7.11907 -36.9984 7.03666
      vertex 6.98016 -36.9984 7.51624
      vertex -6.98016 -36.9984 7.51624
    endloop
  endfacet
  facet normal 0 -1 0
    outer loop
      vertex -7.11907 -36.9984 7.03666
      vertex 7.11907 -36.9984 7.03666
      vertex 6.98016 -36.9984 7.51624
    endloop
  endfacet
  facet normal 0 -1 0
    outer loop
      vertex -7.29613 -36.9984 6.56981
      vertex 7.11907 -36.9984 7.03666
      vertex -7.11907 -36.9984 7.03666
    endloop
  endfacet
  facet normal 0 -1 0
    outer loop
      vertex -7.29613 -36.9984 6.56981
      vertex 7.29613 -36.9984 6.56981
      vertex 7.11907 -36.9984 7.03666
    endloop
  endfacet
  facet normal 0 -1 0
    outer loop
      vertex -7.51017 -36.9984 6.11872
      vertex 7.29613 -36.9984 6.56981
      vertex -7.29613 -36.9984 6.56981
    endloop
  endfacet
  facet normal 0 -1 0
    outer loop
      vertex -7.51017 -36.9984 6.11872
      vertex 7.51017 -36.9984 6.11872
      vertex 7.29613 -36.9984 6.56981
    endloop
  endfacet
  facet normal 0 -1 0
    outer loop
      vertex -7.75982 -36.9984 5.68631
      vertex 7.51017 -36.9984 6.11872
      vertex -7.51017 -36.9984 6.11872
    endloop
  endfacet
  facet normal 0 -1 0
    outer loop
      vertex -7.75982 -36.9984 5.68631
      vertex 7.75982 -36.9984 5.68631
      vertex 7.51017 -36.9984 6.11872
    endloop
  endfacet
  facet normal 0 -1 0
    outer loop
      vertex -8.04345 -36.9984 5.2754
      vertex 7.75982 -36.9984 5.68631
      vertex -7.75982 -36.9984 5.68631
    endloop
  endfacet
  facet normal 0 -1 0
    outer loop
      vertex -8.04345 -36.9984 5.2754
      vertex 8.04345 -36.9984 5.2754
      vertex 7.75982 -36.9984 5.68631
    endloop
  endfacet
  facet normal 0 -1 0
    outer loop
      vertex -8.35923 -36.9984 4.88864
      vertex 8.04345 -36.9984 5.2754
      vertex -8.04345 -36.9984 5.2754
    endloop
  endfacet
  facet normal 0 -1 0
    outer loop
      vertex -8.35923 -36.9984 4.88864
      vertex 8.35923 -36.9984 4.88864
      vertex 8.04345 -36.9984 5.2754
    endloop
  endfacet
  facet normal 0 -1 0
    outer loop
      vertex -8.70511 -36.9984 4.52854
      vertex 8.35923 -36.9984 4.88864
      vertex -8.35923 -36.9984 4.88864
    endloop
  endfacet
  facet normal 0 -1 0
    outer loop
      vertex -8.70511 -36.9984 4.52854
      vertex 8.70511 -36.9984 4.52854
      vertex 8.35923 -36.9984 4.88864
    endloop
  endfacet
  facet normal 0 -1 0
    outer loop
      vertex -9.07884 -36.9984 4.19745
      vertex 8.70511 -36.9984 4.52854
      vertex -8.70511 -36.9984 4.52854
    endloop
  endfacet
  facet normal 0 -1 0
    outer loop
      vertex -9.07884 -36.9984 4.19745
      vertex 9.07884 -36.9984 4.19745
      vertex 8.70511 -36.9984 4.52854
    endloop
  endfacet
  facet normal 0 -1 0
    outer loop
      vertex -9.478 -36.9984 3.8975
      vertex 9.07884 -36.9984 4.19745
      vertex -9.07884 -36.9984 4.19745
    endloop
  endfacet
  facet normal 0 -1 0
    outer loop
      vertex -9.478 -36.9984 3.8975
      vertex 9.478 -36.9984 3.8975
      vertex 9.07884 -36.9984 4.19745
    endloop
  endfacet
  facet normal 0 -1 0
    outer loop
      vertex -9.9 -36.9984 3.63064
      vertex 9.478 -36.9984 3.8975
      vertex -9.478 -36.9984 3.8975
    endloop
  endfacet
  facet normal 0 -1 0
    outer loop
      vertex -9.9 -36.9984 3.63064
      vertex 9.9 -36.9984 3.63064
      vertex 9.478 -36.9984 3.8975
    endloop
  endfacet
  facet normal 0 -1 0
    outer loop
      vertex -10.3421 -36.9984 3.39861
      vertex 9.9 -36.9984 3.63064
      vertex -9.9 -36.9984 3.63064
    endloop
  endfacet
  facet normal 0 -1 0
    outer loop
      vertex -10.3421 -36.9984 3.39861
      vertex 10.3421 -36.9984 3.39861
      vertex 9.9 -36.9984 3.63064
    endloop
  endfacet
  facet normal 0 -1 0
    outer loop
      vertex -10.8014 -36.9984 3.2029
      vertex 10.3421 -36.9984 3.39861
      vertex -10.3421 -36.9984 3.39861
    endloop
  endfacet
  facet normal 0 -1 0
    outer loop
      vertex -10.8014 -36.9984 3.2029
      vertex 10.8014 -36.9984 3.2029
      vertex 10.3421 -36.9984 3.39861
    endloop
  endfacet
  facet normal 0 -1 0
    outer loop
      vertex -11.2751 -36.9984 3.04479
      vertex 10.8014 -36.9984 3.2029
      vertex -10.8014 -36.9984 3.2029
    endloop
  endfacet
  facet normal 0 -1 0
    outer loop
      vertex -11.2751 -36.9984 3.04479
      vertex 11.2751 -36.9984 3.04479
      vertex 10.8014 -36.9984 3.2029
    endloop
  endfacet
  facet normal 0 -1 0
    outer loop
      vertex -11.7598 -36.9984 2.9253
      vertex 11.2751 -36.9984 3.04479
      vertex -11.2751 -36.9984 3.04479
    endloop
  endfacet
  facet normal 0 -1 0
    outer loop
      vertex -11.7598 -36.9984 2.9253
      vertex 11.7598 -36.9984 2.9253
      vertex 11.2751 -36.9984 3.04479
    endloop
  endfacet
  facet normal 0 -1 0
    outer loop
      vertex -12.2527 -36.9984 2.8452
      vertex 11.7598 -36.9984 2.9253
      vertex -11.7598 -36.9984 2.9253
    endloop
  endfacet
  facet normal 0 -1 0
    outer loop
      vertex -12.2527 -36.9984 2.8452
      vertex 12.2527 -36.9984 2.8452
      vertex 11.7598 -36.9984 2.9253
    endloop
  endfacet
  facet normal 0 -1 0
    outer loop
      vertex -12.7504 -36.9984 2.80503
      vertex 12.2527 -36.9984 2.8452
      vertex -12.2527 -36.9984 2.8452
    endloop
  endfacet
  facet normal 0 -1 -0
    outer loop
      vertex 12.2527 -36.9984 2.8452
      vertex -12.7504 -36.9984 2.80503
      vertex 12.7504 -36.9984 2.80503
    endloop
  endfacet
  facet normal 0 -1 0
    outer loop
      vertex -37.1247 -36.9984 62
      vertex -22 -36.9984 56
      vertex 36.8753 -36.9984 62
    endloop
  endfacet
  facet normal 0 -1 0
    outer loop
      vertex -37.1247 -36.9984 62
      vertex -22 -36.9984 24
      vertex -22 -36.9984 56
    endloop
  endfacet
  facet normal 0 -1 0
    outer loop
      vertex -12.7504 -36.9984 15.195
      vertex -22 -36.9984 24
      vertex -13.2496 -36.9984 15.195
    endloop
  endfacet
  facet normal 0 -1 0
    outer loop
      vertex -22 -36.9984 24
      vertex -13.7473 -36.9984 15.1548
      vertex -13.2496 -36.9984 15.195
    endloop
  endfacet
  facet normal 0 -1 0
    outer loop
      vertex -22 -36.9984 24
      vertex -14.2402 -36.9984 15.0747
      vertex -13.7473 -36.9984 15.1548
    endloop
  endfacet
  facet normal 0 -1 0
    outer loop
      vertex -22 -36.9984 24
      vertex -14.7249 -36.9984 14.9552
      vertex -14.2402 -36.9984 15.0747
    endloop
  endfacet
  facet normal 0 -1 0
    outer loop
      vertex -22 -36.9984 24
      vertex -15.1986 -36.9984 14.7971
      vertex -14.7249 -36.9984 14.9552
    endloop
  endfacet
  facet normal 0 -1 0
    outer loop
      vertex -22 -36.9984 24
      vertex -15.6579 -36.9984 14.6014
      vertex -15.1986 -36.9984 14.7971
    endloop
  endfacet
  facet normal 0 -1 0
    outer loop
      vertex -22 -36.9984 24
      vertex -16.1 -36.9984 14.3694
      vertex -15.6579 -36.9984 14.6014
    endloop
  endfacet
  facet normal 0 -1 0
    outer loop
      vertex -22 -36.9984 24
      vertex -16.522 -36.9984 14.1025
      vertex -16.1 -36.9984 14.3694
    endloop
  endfacet
  facet normal 0 -1 0
    outer loop
      vertex -22 -36.9984 24
      vertex -16.9212 -36.9984 13.8026
      vertex -16.522 -36.9984 14.1025
    endloop
  endfacet
  facet normal 0 -1 0
    outer loop
      vertex -22 -36.9984 24
      vertex -17.2949 -36.9984 13.4715
      vertex -16.9212 -36.9984 13.8026
    endloop
  endfacet
  facet normal 0 -1 0
    outer loop
      vertex -22 -36.9984 24
      vertex -17.6408 -36.9984 13.1114
      vertex -17.2949 -36.9984 13.4715
    endloop
  endfacet
  facet normal 0 -1 0
    outer loop
      vertex -22 -36.9984 24
      vertex -17.9565 -36.9984 12.7246
      vertex -17.6408 -36.9984 13.1114
    endloop
  endfacet
  facet normal 0 -1 0
    outer loop
      vertex -37.1247 -36.9984 0
      vertex -22 -36.9984 24
      vertex -37.1247 -36.9984 62
    endloop
  endfacet
  facet normal -0 -1 0
    outer loop
      vertex -19.0198 -36.9984 10.4838
      vertex -22 -36.9984 24
      vertex -37.1247 -36.9984 0
    endloop
  endfacet
  facet normal 0 -1 0
    outer loop
      vertex -22 -36.9984 24
      vertex -18.2402 -36.9984 12.3137
      vertex -17.9565 -36.9984 12.7246
    endloop
  endfacet
  facet normal 0 -1 0
    outer loop
      vertex -22 -36.9984 24
      vertex -18.4898 -36.9984 11.8813
      vertex -18.2402 -36.9984 12.3137
    endloop
  endfacet
  facet normal 0 -1 0
    outer loop
      vertex -22 -36.9984 24
      vertex -18.7039 -36.9984 11.4302
      vertex -18.4898 -36.9984 11.8813
    endloop
  endfacet
  facet normal 0 -1 0
    outer loop
      vertex -22 -36.9984 24
      vertex -18.8809 -36.9984 10.9633
      vertex -18.7039 -36.9984 11.4302
    endloop
  endfacet
  facet normal 0 -1 0
    outer loop
      vertex -22 -36.9984 24
      vertex -19.0198 -36.9984 10.4838
      vertex -18.8809 -36.9984 10.9633
    endloop
  endfacet
  facet normal 0 -1 0
    outer loop
      vertex -19.0198 -36.9984 10.4838
      vertex -37.1247 -36.9984 0
      vertex -19.1197 -36.9984 9.99455
    endloop
  endfacet
  facet normal 0 -1 0
    outer loop
      vertex -19.1197 -36.9984 9.99455
      vertex -37.1247 -36.9984 0
      vertex -19.1799 -36.9984 9.49889
    endloop
  endfacet
  facet normal 0 -1 0
    outer loop
      vertex -19.1799 -36.9984 9.49889
      vertex -37.1247 -36.9984 0
      vertex -19.2 -36.9984 9
    endloop
  endfacet
  facet normal 0 -1 -0
    outer loop
      vertex -19.2 -36.9984 9
      vertex -37.1247 -36.9984 0
      vertex -19.1799 -36.9984 8.50111
    endloop
  endfacet
  facet normal 0 -1 -0
    outer loop
      vertex -19.1799 -36.9984 8.50111
      vertex -37.1247 -36.9984 0
      vertex -19.1197 -36.9984 8.00545
    endloop
  endfacet
  facet normal 0 -1 -0
    outer loop
      vertex -19.1197 -36.9984 8.00545
      vertex -37.1247 -36.9984 0
      vertex -19.0198 -36.9984 7.51624
    endloop
  endfacet
  facet normal 0 -1 0
    outer loop
      vertex -37.1247 -36.9984 0
      vertex -12.7504 -36.9984 2.80503
      vertex -13.2496 -36.9984 2.80503
    endloop
  endfacet
  facet normal 0 -1 -0
    outer loop
      vertex -12.7504 -36.9984 2.80503
      vertex -37.1247 -36.9984 0
      vertex 12.7504 -36.9984 2.80503
    endloop
  endfacet
  facet normal 0 -1 0
    outer loop
      vertex 36.8753 -36.9984 0
      vertex 12.7504 -36.9984 2.80503
      vertex -37.1247 -36.9984 0
    endloop
  endfacet
  facet normal 0 -1 -0
    outer loop
      vertex -13.7473 -36.9984 2.8452
      vertex -37.1247 -36.9984 0
      vertex -13.2496 -36.9984 2.80503
    endloop
  endfacet
  facet normal 0 -1 -0
    outer loop
      vertex -14.2402 -36.9984 2.9253
      vertex -37.1247 -36.9984 0
      vertex -13.7473 -36.9984 2.8452
    endloop
  endfacet
  facet normal 0 -1 -0
    outer loop
      vertex -14.7249 -36.9984 3.04479
      vertex -37.1247 -36.9984 0
      vertex -14.2402 -36.9984 2.9253
    endloop
  endfacet
  facet normal 0 -1 -0
    outer loop
      vertex -15.1986 -36.9984 3.2029
      vertex -37.1247 -36.9984 0
      vertex -14.7249 -36.9984 3.04479
    endloop
  endfacet
  facet normal 0 -1 -0
    outer loop
      vertex -15.6579 -36.9984 3.39861
      vertex -37.1247 -36.9984 0
      vertex -15.1986 -36.9984 3.2029
    endloop
  endfacet
  facet normal 0 -1 -0
    outer loop
      vertex -16.1 -36.9984 3.63064
      vertex -37.1247 -36.9984 0
      vertex -15.6579 -36.9984 3.39861
    endloop
  endfacet
  facet normal 0 -1 -0
    outer loop
      vertex -16.522 -36.9984 3.8975
      vertex -37.1247 -36.9984 0
      vertex -16.1 -36.9984 3.63064
    endloop
  endfacet
  facet normal 0 -1 -0
    outer loop
      vertex -16.9212 -36.9984 4.19745
      vertex -37.1247 -36.9984 0
      vertex -16.522 -36.9984 3.8975
    endloop
  endfacet
  facet normal 0 -1 -0
    outer loop
      vertex -17.2949 -36.9984 4.52854
      vertex -37.1247 -36.9984 0
      vertex -16.9212 -36.9984 4.19745
    endloop
  endfacet
  facet normal 0 -1 -0
    outer loop
      vertex -17.6408 -36.9984 4.88864
      vertex -37.1247 -36.9984 0
      vertex -17.2949 -36.9984 4.52854
    endloop
  endfacet
  facet normal 0 -1 -0
    outer loop
      vertex -17.9565 -36.9984 5.2754
      vertex -37.1247 -36.9984 0
      vertex -17.6408 -36.9984 4.88864
    endloop
  endfacet
  facet normal 0 -1 -0
    outer loop
      vertex -18.2402 -36.9984 5.68631
      vertex -37.1247 -36.9984 0
      vertex -17.9565 -36.9984 5.2754
    endloop
  endfacet
  facet normal 0 -1 -0
    outer loop
      vertex -18.4898 -36.9984 6.11872
      vertex -37.1247 -36.9984 0
      vertex -18.2402 -36.9984 5.68631
    endloop
  endfacet
  facet normal 0 -1 -0
    outer loop
      vertex -18.7039 -36.9984 6.56981
      vertex -37.1247 -36.9984 0
      vertex -18.4898 -36.9984 6.11872
    endloop
  endfacet
  facet normal 0 -1 -0
    outer loop
      vertex -18.8809 -36.9984 7.03666
      vertex -37.1247 -36.9984 0
      vertex -18.7039 -36.9984 6.56981
    endloop
  endfacet
  facet normal 0 -1 -0
    outer loop
      vertex -19.0198 -36.9984 7.51624
      vertex -37.1247 -36.9984 0
      vertex -18.8809 -36.9984 7.03666
    endloop
  endfacet
  facet normal 0 -1 0
    outer loop
      vertex 22 -36.9984 56
      vertex 36.8753 -36.9984 62
      vertex -22 -36.9984 56
    endloop
  endfacet
  facet normal 0 -1 0
    outer loop
      vertex 22 -36.9984 24
      vertex 36.8753 -36.9984 62
      vertex 22 -36.9984 56
    endloop
  endfacet
  facet normal 0 -1 0
    outer loop
      vertex -12.2527 -36.9984 15.1548
      vertex -22 -36.9984 24
      vertex -12.7504 -36.9984 15.195
    endloop
  endfacet
  facet normal 0 -1 0
    outer loop
      vertex -11.7598 -36.9984 15.0747
      vertex -22 -36.9984 24
      vertex -12.2527 -36.9984 15.1548
    endloop
  endfacet
  facet normal 0 -1 0
    outer loop
      vertex 13.2496 -36.9984 15.195
      vertex 22 -36.9984 24
      vertex 12.7504 -36.9984 15.195
    endloop
  endfacet
  facet normal 0 -1 0
    outer loop
      vertex 13.7473 -36.9984 15.1548
      vertex 22 -36.9984 24
      vertex 13.2496 -36.9984 15.195
    endloop
  endfacet
  facet normal 0 -1 0
    outer loop
      vertex 14.2402 -36.9984 15.0747
      vertex 22 -36.9984 24
      vertex 13.7473 -36.9984 15.1548
    endloop
  endfacet
  facet normal 0 -1 0
    outer loop
      vertex 14.7249 -36.9984 14.9552
      vertex 22 -36.9984 24
      vertex 14.2402 -36.9984 15.0747
    endloop
  endfacet
  facet normal 0 -1 0
    outer loop
      vertex 15.1986 -36.9984 14.7971
      vertex 22 -36.9984 24
      vertex 14.7249 -36.9984 14.9552
    endloop
  endfacet
  facet normal 0 -1 0
    outer loop
      vertex 15.6579 -36.9984 14.6014
      vertex 22 -36.9984 24
      vertex 15.1986 -36.9984 14.7971
    endloop
  endfacet
  facet normal 0 -1 0
    outer loop
      vertex 16.1 -36.9984 14.3694
      vertex 22 -36.9984 24
      vertex 15.6579 -36.9984 14.6014
    endloop
  endfacet
  facet normal 0 -1 0
    outer loop
      vertex 16.522 -36.9984 14.1025
      vertex 22 -36.9984 24
      vertex 16.1 -36.9984 14.3694
    endloop
  endfacet
  facet normal 0 -1 0
    outer loop
      vertex 16.9212 -36.9984 13.8026
      vertex 22 -36.9984 24
      vertex 16.522 -36.9984 14.1025
    endloop
  endfacet
  facet normal 0 -1 0
    outer loop
      vertex 17.2949 -36.9984 13.4715
      vertex 22 -36.9984 24
      vertex 16.9212 -36.9984 13.8026
    endloop
  endfacet
  facet normal 0 -1 0
    outer loop
      vertex 17.6408 -36.9984 13.1114
      vertex 22 -36.9984 24
      vertex 17.2949 -36.9984 13.4715
    endloop
  endfacet
  facet normal 0 -1 0
    outer loop
      vertex 17.9565 -36.9984 12.7246
      vertex 22 -36.9984 24
      vertex 17.6408 -36.9984 13.1114
    endloop
  endfacet
  facet normal 0 -1 0
    outer loop
      vertex 18.2402 -36.9984 12.3137
      vertex 22 -36.9984 24
      vertex 17.9565 -36.9984 12.7246
    endloop
  endfacet
  facet normal 0 -1 0
    outer loop
      vertex 18.4898 -36.9984 11.8813
      vertex 22 -36.9984 24
      vertex 18.2402 -36.9984 12.3137
    endloop
  endfacet
  facet normal 0 -1 0
    outer loop
      vertex 18.7039 -36.9984 11.4302
      vertex 22 -36.9984 24
      vertex 18.4898 -36.9984 11.8813
    endloop
  endfacet
  facet normal 0 -1 0
    outer loop
      vertex 18.8809 -36.9984 10.9633
      vertex 22 -36.9984 24
      vertex 18.7039 -36.9984 11.4302
    endloop
  endfacet
  facet normal 0 -1 0
    outer loop
      vertex 19.0198 -36.9984 10.4838
      vertex 22 -36.9984 24
      vertex 18.8809 -36.9984 10.9633
    endloop
  endfacet
  facet normal 0 -1 -0
    outer loop
      vertex 22 -36.9984 24
      vertex 19.0198 -36.9984 10.4838
      vertex 36.8753 -36.9984 0
    endloop
  endfacet
  facet normal 0 -1 0
    outer loop
      vertex 36.8753 -36.9984 0
      vertex 19.0198 -36.9984 10.4838
      vertex 19.1197 -36.9984 9.99455
    endloop
  endfacet
  facet normal 0 -1 0
    outer loop
      vertex 36.8753 -36.9984 0
      vertex 19.1197 -36.9984 9.99455
      vertex 19.1799 -36.9984 9.49889
    endloop
  endfacet
  facet normal 0 -1 0
    outer loop
      vertex 36.8753 -36.9984 0
      vertex 19.1799 -36.9984 9.49889
      vertex 19.2 -36.9984 9
    endloop
  endfacet
  facet normal 0 -1 0
    outer loop
      vertex 36.8753 -36.9984 0
      vertex 19.2 -36.9984 9
      vertex 19.1799 -36.9984 8.50111
    endloop
  endfacet
  facet normal 0 -1 0
    outer loop
      vertex 36.8753 -36.9984 0
      vertex 19.1799 -36.9984 8.50111
      vertex 19.1197 -36.9984 8.00545
    endloop
  endfacet
  facet normal 0 -1 0
    outer loop
      vertex 36.8753 -36.9984 0
      vertex 19.1197 -36.9984 8.00545
      vertex 19.0198 -36.9984 7.51624
    endloop
  endfacet
  facet normal 0 -1 0
    outer loop
      vertex 36.8753 -36.9984 0
      vertex 19.0198 -36.9984 7.51624
      vertex 18.8809 -36.9984 7.03666
    endloop
  endfacet
  facet normal 0 -1 0
    outer loop
      vertex 22 -36.9984 24
      vertex 36.8753 -36.9984 0
      vertex 36.8753 -36.9984 62
    endloop
  endfacet
  facet normal 0 -1 0
    outer loop
      vertex 18.7039 -36.9984 6.56981
      vertex 36.8753 -36.9984 0
      vertex 18.8809 -36.9984 7.03666
    endloop
  endfacet
  facet normal 0 -1 0
    outer loop
      vertex 18.4898 -36.9984 6.11872
      vertex 36.8753 -36.9984 0
      vertex 18.7039 -36.9984 6.56981
    endloop
  endfacet
  facet normal 0 -1 0
    outer loop
      vertex 18.2402 -36.9984 5.68631
      vertex 36.8753 -36.9984 0
      vertex 18.4898 -36.9984 6.11872
    endloop
  endfacet
  facet normal 0 -1 0
    outer loop
      vertex 17.9565 -36.9984 5.2754
      vertex 36.8753 -36.9984 0
      vertex 18.2402 -36.9984 5.68631
    endloop
  endfacet
  facet normal 0 -1 0
    outer loop
      vertex 17.6408 -36.9984 4.88864
      vertex 36.8753 -36.9984 0
      vertex 17.9565 -36.9984 5.2754
    endloop
  endfacet
  facet normal 0 -1 0
    outer loop
      vertex 17.2949 -36.9984 4.52854
      vertex 36.8753 -36.9984 0
      vertex 17.6408 -36.9984 4.88864
    endloop
  endfacet
  facet normal 0 -1 0
    outer loop
      vertex 16.9212 -36.9984 4.19745
      vertex 36.8753 -36.9984 0
      vertex 17.2949 -36.9984 4.52854
    endloop
  endfacet
  facet normal 0 -1 0
    outer loop
      vertex 16.522 -36.9984 3.8975
      vertex 36.8753 -36.9984 0
      vertex 16.9212 -36.9984 4.19745
    endloop
  endfacet
  facet normal 0 -1 0
    outer loop
      vertex 16.1 -36.9984 3.63064
      vertex 36.8753 -36.9984 0
      vertex 16.522 -36.9984 3.8975
    endloop
  endfacet
  facet normal 0 -1 0
    outer loop
      vertex 15.6579 -36.9984 3.39861
      vertex 36.8753 -36.9984 0
      vertex 16.1 -36.9984 3.63064
    endloop
  endfacet
  facet normal 0 -1 0
    outer loop
      vertex 15.1986 -36.9984 3.2029
      vertex 36.8753 -36.9984 0
      vertex 15.6579 -36.9984 3.39861
    endloop
  endfacet
  facet normal 0 -1 0
    outer loop
      vertex 14.7249 -36.9984 3.04479
      vertex 36.8753 -36.9984 0
      vertex 15.1986 -36.9984 3.2029
    endloop
  endfacet
  facet normal 0 -1 0
    outer loop
      vertex 14.2402 -36.9984 2.9253
      vertex 36.8753 -36.9984 0
      vertex 14.7249 -36.9984 3.04479
    endloop
  endfacet
  facet normal 0 -1 0
    outer loop
      vertex 13.7473 -36.9984 2.8452
      vertex 36.8753 -36.9984 0
      vertex 14.2402 -36.9984 2.9253
    endloop
  endfacet
  facet normal 0 -1 0
    outer loop
      vertex 13.2496 -36.9984 2.80503
      vertex 36.8753 -36.9984 0
      vertex 13.7473 -36.9984 2.8452
    endloop
  endfacet
  facet normal 0 -1 0
    outer loop
      vertex 12.7504 -36.9984 2.80503
      vertex 36.8753 -36.9984 0
      vertex 13.2496 -36.9984 2.80503
    endloop
  endfacet
  facet normal 0.733094 0.680128 0
    outer loop
      vertex 40.8302 35.2139 62
      vertex 40.4912 35.5793 0
      vertex 40.4912 35.5793 62
    endloop
  endfacet
  facet normal 0.733094 0.680128 0
    outer loop
      vertex 40.4912 35.5793 0
      vertex 40.8302 35.2139 62
      vertex 40.8302 35.2139 0
    endloop
  endfacet
  facet normal -0.766096 0.642726 0
    outer loop
      vertex -40.9857 35.019 0
      vertex -40.6653 35.4009 62
      vertex -40.6653 35.4009 0
    endloop
  endfacet
  facet normal -0.766096 0.642726 0
    outer loop
      vertex -40.6653 35.4009 62
      vertex -40.9857 35.019 0
      vertex -40.9857 35.019 62
    endloop
  endfacet
  facet normal -0.878317 0.478079 0
    outer loop
      vertex -41.5048 34.1694 0
      vertex -41.2665 34.6072 62
      vertex -41.2665 34.6072 0
    endloop
  endfacet
  facet normal -0.878317 0.478079 0
    outer loop
      vertex -41.2665 34.6072 62
      vertex -41.5048 34.1694 0
      vertex -41.5048 34.1694 62
    endloop
  endfacet
  facet normal -0.698123 0.715978 0
    outer loop
      vertex -40.3084 35.7489 0
      vertex -40.6653 35.4009 62
      vertex -40.3084 35.7489 62
    endloop
  endfacet
  facet normal -0.698123 0.715978 0
    outer loop
      vertex -40.6653 35.4009 62
      vertex -40.3084 35.7489 0
      vertex -40.6653 35.4009 0
    endloop
  endfacet
  facet normal 0.222471 -0.974939 0
    outer loop
      vertex 37.8682 -36.924 0
      vertex 38.3542 -36.8131 62
      vertex 37.8682 -36.924 62
    endloop
  endfacet
  facet normal 0.222471 -0.974939 0
    outer loop
      vertex 38.3542 -36.8131 62
      vertex 37.8682 -36.924 0
      vertex 38.3542 -36.8131 0
    endloop
  endfacet
  facet normal 0.998761 0.0497575 0
    outer loop
      vertex 42 32 62
      vertex 41.9752 32.4978 0
      vertex 41.9752 32.4978 62
    endloop
  endfacet
  facet normal 0.998761 0.0497575 0
    outer loop
      vertex 41.9752 32.4978 0
      vertex 42 32 62
      vertex 42 32 0
    endloop
  endfacet
  facet normal 0.0248769 -0.999691 0
    outer loop
      vertex 36.8753 -36.9984 0
      vertex 37.3736 -36.986 62
      vertex 36.8753 -36.9984 62
    endloop
  endfacet
  facet normal 0.0248769 -0.999691 0
    outer loop
      vertex 37.3736 -36.986 62
      vertex 36.8753 -36.9984 0
      vertex 37.3736 -36.986 0
    endloop
  endfacet
  facet normal 0.12438 -0.992235 0
    outer loop
      vertex 37.3736 -36.986 0
      vertex 37.8682 -36.924 62
      vertex 37.3736 -36.986 62
    endloop
  endfacet
  facet normal 0.12438 -0.992235 0
    outer loop
      vertex 37.8682 -36.924 62
      vertex 37.3736 -36.986 0
      vertex 37.8682 -36.924 0
    endloop
  endfacet
  facet normal -0.698123 -0.715978 0
    outer loop
      vertex -40.6653 -35.4009 0
      vertex -40.3084 -35.7489 62
      vertex -40.6653 -35.4009 62
    endloop
  endfacet
  facet normal -0.698123 -0.715978 -0
    outer loop
      vertex -40.3084 -35.7489 62
      vertex -40.6653 -35.4009 0
      vertex -40.3084 -35.7489 0
    endloop
  endfacet
  facet normal 0.411232 0.911531 -0
    outer loop
      vertex 39.2811 36.4494 0
      vertex 38.8267 36.6544 62
      vertex 39.2811 36.4494 62
    endloop
  endfacet
  facet normal 0.411232 0.911531 0
    outer loop
      vertex 38.8267 36.6544 62
      vertex 39.2811 36.4494 0
      vertex 38.8267 36.6544 0
    endloop
  endfacet
  facet normal -0.995037 0.0995037 0
    outer loop
      vertex -41.9938 32.2492 0
      vertex -41.9442 32.7452 62
      vertex -41.9442 32.7452 0
    endloop
  endfacet
  facet normal -0.995037 0.0995037 0
    outer loop
      vertex -41.9442 32.7452 62
      vertex -41.9938 32.2492 0
      vertex -41.9938 32.2492 62
    endloop
  endfacet
  facet normal -0.921412 0.388586 0
    outer loop
      vertex -41.6985 33.7101 0
      vertex -41.5048 34.1694 62
      vertex -41.5048 34.1694 0
    endloop
  endfacet
  facet normal -0.921412 0.388586 0
    outer loop
      vertex -41.5048 34.1694 62
      vertex -41.6985 33.7101 0
      vertex -41.6985 33.7101 62
    endloop
  endfacet
  facet normal -0.955584 0.29472 0
    outer loop
      vertex -41.8454 33.2338 0
      vertex -41.6985 33.7101 62
      vertex -41.6985 33.7101 0
    endloop
  endfacet
  facet normal -0.955584 0.29472 0
    outer loop
      vertex -41.6985 33.7101 62
      vertex -41.8454 33.2338 0
      vertex -41.8454 33.2338 62
    endloop
  endfacet
  facet normal -0.826202 0.563374 0
    outer loop
      vertex -41.2665 34.6072 0
      vertex -40.9857 35.019 62
      vertex -40.9857 35.019 0
    endloop
  endfacet
  facet normal -0.826202 0.563374 0
    outer loop
      vertex -40.9857 35.019 62
      vertex -41.2665 34.6072 0
      vertex -41.2665 34.6072 62
    endloop
  endfacet
  facet normal -0.27085 0.962622 0
    outer loop
      vertex -38.1126 36.8746 0
      vertex -38.5924 36.7396 62
      vertex -38.1126 36.8746 62
    endloop
  endfacet
  facet normal -0.27085 0.962622 0
    outer loop
      vertex -38.5924 36.7396 62
      vertex -38.1126 36.8746 0
      vertex -38.5924 36.7396 0
    endloop
  endfacet
  facet normal 0.939682 -0.342049 0
    outer loop
      vertex 41.6074 -33.9422 62
      vertex 41.7779 -33.4738 0
      vertex 41.7779 -33.4738 62
    endloop
  endfacet
  facet normal 0.939682 -0.342049 0
    outer loop
      vertex 41.7779 -33.4738 0
      vertex 41.6074 -33.9422 62
      vertex 41.6074 -33.9422 0
    endloop
  endfacet
  facet normal 0.500174 -0.865925 0
    outer loop
      vertex 39.2811 -36.4494 0
      vertex 39.7127 -36.2001 62
      vertex 39.2811 -36.4494 62
    endloop
  endfacet
  facet normal 0.500174 -0.865925 0
    outer loop
      vertex 39.7127 -36.2001 62
      vertex 39.2811 -36.4494 0
      vertex 39.7127 -36.2001 0
    endloop
  endfacet
  facet normal 0.661708 -0.749762 0
    outer loop
      vertex 40.1174 -35.9092 0
      vertex 40.4912 -35.5793 62
      vertex 40.1174 -35.9092 62
    endloop
  endfacet
  facet normal 0.661708 -0.749762 0
    outer loop
      vertex 40.4912 -35.5793 62
      vertex 40.1174 -35.9092 0
      vertex 40.4912 -35.5793 0
    endloop
  endfacet
  facet normal 0.318394 -0.947959 0
    outer loop
      vertex 38.3542 -36.8131 0
      vertex 38.8267 -36.6544 62
      vertex 38.3542 -36.8131 62
    endloop
  endfacet
  facet normal 0.318394 -0.947959 0
    outer loop
      vertex 38.8267 -36.6544 62
      vertex 38.3542 -36.8131 0
      vertex 38.8267 -36.6544 0
    endloop
  endfacet
  facet normal -0.0746403 -0.997211 0
    outer loop
      vertex -37.6217 -36.9612 0
      vertex -37.1247 -36.9984 62
      vertex -37.6217 -36.9612 62
    endloop
  endfacet
  facet normal -0.0746403 -0.997211 -0
    outer loop
      vertex -37.1247 -36.9984 62
      vertex -37.6217 -36.9612 0
      vertex -37.1247 -36.9984 0
    endloop
  endfacet
  facet normal -0.456178 -0.889888 0
    outer loop
      vertex -39.5 -36.3301 0
      vertex -39.0564 -36.5575 62
      vertex -39.5 -36.3301 62
    endloop
  endfacet
  facet normal -0.456178 -0.889888 -0
    outer loop
      vertex -39.0564 -36.5575 62
      vertex -39.5 -36.3301 0
      vertex -39.0564 -36.5575 0
    endloop
  endfacet
  facet normal -0.766096 -0.642726 0
    outer loop
      vertex -40.6653 -35.4009 0
      vertex -40.9857 -35.019 62
      vertex -40.9857 -35.019 0
    endloop
  endfacet
  facet normal -0.766096 -0.642726 0
    outer loop
      vertex -40.9857 -35.019 62
      vertex -40.6653 -35.4009 0
      vertex -40.6653 -35.4009 62
    endloop
  endfacet
  facet normal -0.826202 -0.563374 0
    outer loop
      vertex -40.9857 -35.019 0
      vertex -41.2665 -34.6072 62
      vertex -41.2665 -34.6072 0
    endloop
  endfacet
  facet normal -0.826202 -0.563374 0
    outer loop
      vertex -41.2665 -34.6072 62
      vertex -40.9857 -35.019 0
      vertex -40.9857 -35.019 62
    endloop
  endfacet
  facet normal 0.12438 0.992235 -0
    outer loop
      vertex 37.8682 36.924 0
      vertex 37.3736 36.986 62
      vertex 37.8682 36.924 62
    endloop
  endfacet
  facet normal 0.12438 0.992235 0
    outer loop
      vertex 37.3736 36.986 62
      vertex 37.8682 36.924 0
      vertex 37.3736 36.986 0
    endloop
  endfacet
  facet normal 0.222471 0.974939 -0
    outer loop
      vertex 38.3542 36.8131 0
      vertex 37.8682 36.924 62
      vertex 38.3542 36.8131 62
    endloop
  endfacet
  facet normal 0.222471 0.974939 0
    outer loop
      vertex 37.8682 36.924 62
      vertex 38.3542 36.8131 0
      vertex 37.8682 36.924 0
    endloop
  endfacet
  facet normal 0.318394 0.947959 -0
    outer loop
      vertex 38.8267 36.6544 0
      vertex 38.3542 36.8131 62
      vertex 38.8267 36.6544 62
    endloop
  endfacet
  facet normal 0.318394 0.947959 0
    outer loop
      vertex 38.3542 36.8131 62
      vertex 38.8267 36.6544 0
      vertex 38.3542 36.8131 0
    endloop
  endfacet
  facet normal 0.583665 0.811995 -0
    outer loop
      vertex 40.1174 35.9092 0
      vertex 39.7127 36.2001 62
      vertex 40.1174 35.9092 62
    endloop
  endfacet
  facet normal 0.583665 0.811995 0
    outer loop
      vertex 39.7127 36.2001 62
      vertex 40.1174 35.9092 0
      vertex 39.7127 36.2001 0
    endloop
  endfacet
  facet normal 0.661708 0.749762 -0
    outer loop
      vertex 40.4912 35.5793 0
      vertex 40.1174 35.9092 62
      vertex 40.4912 35.5793 62
    endloop
  endfacet
  facet normal 0.661708 0.749762 0
    outer loop
      vertex 40.1174 35.9092 62
      vertex 40.4912 35.5793 0
      vertex 40.1174 35.9092 0
    endloop
  endfacet
  facet normal 0.500174 0.865925 -0
    outer loop
      vertex 39.7127 36.2001 0
      vertex 39.2811 36.4494 62
      vertex 39.7127 36.2001 62
    endloop
  endfacet
  facet normal 0.500174 0.865925 0
    outer loop
      vertex 39.2811 36.4494 62
      vertex 39.7127 36.2001 0
      vertex 39.2811 36.4494 0
    endloop
  endfacet
  facet normal 0.939682 0.342049 0
    outer loop
      vertex 41.7779 33.4738 62
      vertex 41.6074 33.9422 0
      vertex 41.6074 33.9422 62
    endloop
  endfacet
  facet normal 0.939682 0.342049 0
    outer loop
      vertex 41.6074 33.9422 0
      vertex 41.7779 33.4738 62
      vertex 41.7779 33.4738 0
    endloop
  endfacet
  facet normal 0.969083 0.246734 0
    outer loop
      vertex 41.9009 32.9907 62
      vertex 41.7779 33.4738 0
      vertex 41.7779 33.4738 62
    endloop
  endfacet
  facet normal 0.969083 0.246734 0
    outer loop
      vertex 41.7779 33.4738 0
      vertex 41.9009 32.9907 62
      vertex 41.9009 32.9907 0
    endloop
  endfacet
  facet normal 0.797078 0.603877 0
    outer loop
      vertex 41.1312 34.8166 62
      vertex 40.8302 35.2139 0
      vertex 40.8302 35.2139 62
    endloop
  endfacet
  facet normal 0.797078 0.603877 0
    outer loop
      vertex 40.8302 35.2139 0
      vertex 41.1312 34.8166 62
      vertex 41.1312 34.8166 0
    endloop
  endfacet
  facet normal 0.853287 0.521442 0
    outer loop
      vertex 41.3911 34.3913 62
      vertex 41.1312 34.8166 0
      vertex 41.1312 34.8166 62
    endloop
  endfacet
  facet normal 0.853287 0.521442 0
    outer loop
      vertex 41.1312 34.8166 0
      vertex 41.3911 34.3913 62
      vertex 41.3911 34.3913 0
    endloop
  endfacet
  facet normal 0.900949 0.433924 0
    outer loop
      vertex 41.6074 33.9422 62
      vertex 41.3911 34.3913 0
      vertex 41.3911 34.3913 62
    endloop
  endfacet
  facet normal 0.900949 0.433924 0
    outer loop
      vertex 41.3911 34.3913 0
      vertex 41.6074 33.9422 62
      vertex 41.6074 33.9422 0
    endloop
  endfacet
  facet normal -0.980162 0.198199 0
    outer loop
      vertex -41.9442 32.7452 0
      vertex -41.8454 33.2338 62
      vertex -41.8454 33.2338 0
    endloop
  endfacet
  facet normal -0.980162 0.198199 0
    outer loop
      vertex -41.8454 33.2338 62
      vertex -41.9442 32.7452 0
      vertex -41.9442 32.7452 62
    endloop
  endfacet
  facet normal -0.542511 0.840049 0
    outer loop
      vertex -39.5 36.3301 0
      vertex -39.9187 36.0597 62
      vertex -39.5 36.3301 62
    endloop
  endfacet
  facet normal -0.542511 0.840049 0
    outer loop
      vertex -39.9187 36.0597 62
      vertex -39.5 36.3301 0
      vertex -39.9187 36.0597 0
    endloop
  endfacet
  facet normal -0.36533 0.930878 0
    outer loop
      vertex -38.5924 36.7396 0
      vertex -39.0564 36.5575 62
      vertex -38.5924 36.7396 62
    endloop
  endfacet
  facet normal -0.36533 0.930878 0
    outer loop
      vertex -39.0564 36.5575 62
      vertex -38.5924 36.7396 0
      vertex -39.0564 36.5575 0
    endloop
  endfacet
  facet normal 0.969083 -0.246734 0
    outer loop
      vertex 41.7779 -33.4738 62
      vertex 41.9009 -32.9907 0
      vertex 41.9009 -32.9907 62
    endloop
  endfacet
  facet normal 0.969083 -0.246734 0
    outer loop
      vertex 41.9009 -32.9907 0
      vertex 41.7779 -33.4738 62
      vertex 41.7779 -33.4738 0
    endloop
  endfacet
  facet normal 0.900949 -0.433924 0
    outer loop
      vertex 41.3911 -34.3913 62
      vertex 41.6074 -33.9422 0
      vertex 41.6074 -33.9422 62
    endloop
  endfacet
  facet normal 0.900949 -0.433924 0
    outer loop
      vertex 41.6074 -33.9422 0
      vertex 41.3911 -34.3913 62
      vertex 41.3911 -34.3913 0
    endloop
  endfacet
  facet normal 0.797078 -0.603877 0
    outer loop
      vertex 40.8302 -35.2139 62
      vertex 41.1312 -34.8166 0
      vertex 41.1312 -34.8166 62
    endloop
  endfacet
  facet normal 0.797078 -0.603877 0
    outer loop
      vertex 41.1312 -34.8166 0
      vertex 40.8302 -35.2139 62
      vertex 40.8302 -35.2139 0
    endloop
  endfacet
  facet normal 0.583665 -0.811995 0
    outer loop
      vertex 39.7127 -36.2001 0
      vertex 40.1174 -35.9092 62
      vertex 39.7127 -36.2001 62
    endloop
  endfacet
  facet normal 0.583665 -0.811995 0
    outer loop
      vertex 40.1174 -35.9092 62
      vertex 39.7127 -36.2001 0
      vertex 40.1174 -35.9092 0
    endloop
  endfacet
  facet normal 0.733094 -0.680128 0
    outer loop
      vertex 40.4912 -35.5793 62
      vertex 40.8302 -35.2139 0
      vertex 40.8302 -35.2139 62
    endloop
  endfacet
  facet normal 0.733094 -0.680128 0
    outer loop
      vertex 40.8302 -35.2139 0
      vertex 40.4912 -35.5793 62
      vertex 40.4912 -35.5793 0
    endloop
  endfacet
  facet normal 0.411232 -0.911531 0
    outer loop
      vertex 38.8267 -36.6544 0
      vertex 39.2811 -36.4494 62
      vertex 38.8267 -36.6544 62
    endloop
  endfacet
  facet normal 0.411232 -0.911531 0
    outer loop
      vertex 39.2811 -36.4494 62
      vertex 38.8267 -36.6544 0
      vertex 39.2811 -36.4494 0
    endloop
  endfacet
  facet normal -0.27085 -0.962622 0
    outer loop
      vertex -38.5924 -36.7396 0
      vertex -38.1126 -36.8746 62
      vertex -38.5924 -36.7396 62
    endloop
  endfacet
  facet normal -0.27085 -0.962622 -0
    outer loop
      vertex -38.1126 -36.8746 62
      vertex -38.5924 -36.7396 0
      vertex -38.1126 -36.8746 0
    endloop
  endfacet
  facet normal -0.36533 -0.930878 0
    outer loop
      vertex -39.0564 -36.5575 0
      vertex -38.5924 -36.7396 62
      vertex -39.0564 -36.5575 62
    endloop
  endfacet
  facet normal -0.36533 -0.930878 -0
    outer loop
      vertex -38.5924 -36.7396 62
      vertex -39.0564 -36.5575 0
      vertex -38.5924 -36.7396 0
    endloop
  endfacet
  facet normal -0.173728 -0.984794 0
    outer loop
      vertex -38.1126 -36.8746 0
      vertex -37.6217 -36.9612 62
      vertex -38.1126 -36.8746 62
    endloop
  endfacet
  facet normal -0.173728 -0.984794 -0
    outer loop
      vertex -37.6217 -36.9612 62
      vertex -38.1126 -36.8746 0
      vertex -37.6217 -36.9612 0
    endloop
  endfacet
  facet normal -0.62352 -0.781807 0
    outer loop
      vertex -40.3084 -35.7489 0
      vertex -39.9187 -36.0597 62
      vertex -40.3084 -35.7489 62
    endloop
  endfacet
  facet normal -0.62352 -0.781807 -0
    outer loop
      vertex -39.9187 -36.0597 62
      vertex -40.3084 -35.7489 0
      vertex -39.9187 -36.0597 0
    endloop
  endfacet
  facet normal 0 0 -1
    outer loop
      vertex -34.85 32 0
      vertex -31.5 32 0
      vertex -31.5248 31.5022 0
    endloop
  endfacet
  facet normal 0 0 -1
    outer loop
      vertex -34.85 32 0
      vertex -31.5248 31.5022 0
      vertex -31.5991 31.0093 0
    endloop
  endfacet
  facet normal 0 0 -1
    outer loop
      vertex -31.5 32 0
      vertex -34.85 32 0
      vertex -31.5248 32.4978 0
    endloop
  endfacet
  facet normal 0 0 -1
    outer loop
      vertex -34.9233 31.5137 0
      vertex -31.5991 31.0093 0
      vertex -31.7221 30.5262 0
    endloop
  endfacet
  facet normal -0 0 -1
    outer loop
      vertex -31.5248 32.4978 0
      vertex -34.85 32 0
      vertex -31.5991 32.9907 0
    endloop
  endfacet
  facet normal 0 0 -1
    outer loop
      vertex -34.9233 31.5137 0
      vertex -31.7221 30.5262 0
      vertex -31.8926 30.0578 0
    endloop
  endfacet
  facet normal 0 0 -1
    outer loop
      vertex -34.9233 32.4863 0
      vertex -31.5991 32.9907 0
      vertex -34.85 32 0
    endloop
  endfacet
  facet normal 0 0 -1
    outer loop
      vertex -34.9233 31.5137 0
      vertex -31.8926 30.0578 0
      vertex -32.1089 29.6087 0
    endloop
  endfacet
  facet normal -0 0 -1
    outer loop
      vertex -31.5991 32.9907 0
      vertex -34.9233 32.4863 0
      vertex -31.7221 33.4738 0
    endloop
  endfacet
  facet normal -0 0 -1
    outer loop
      vertex -31.7221 33.4738 0
      vertex -34.9233 32.4863 0
      vertex -31.8926 33.9422 0
    endloop
  endfacet
  facet normal 0 0 -1
    outer loop
      vertex -34.9233 31.5137 0
      vertex -32.1089 29.6087 0
      vertex -32.3688 29.1834 0
    endloop
  endfacet
  facet normal 0 0 -1
    outer loop
      vertex 31.6546 30.7662 0
      vertex 34.8684 31.7541 0
      vertex 31.8015 30.2899 0
    endloop
  endfacet
  facet normal 0 0 -1
    outer loop
      vertex 34.8684 32.2459 0
      vertex 31.9952 34.1694 0
      vertex 32.2286 34.5981 0
    endloop
  endfacet
  facet normal 0 0 -1
    outer loop
      vertex 31.5558 31.2548 0
      vertex 34.8684 31.7541 0
      vertex 31.6546 30.7662 0
    endloop
  endfacet
  facet normal 0 0 -1
    outer loop
      vertex 34.8684 32.2459 0
      vertex 31.8015 33.7101 0
      vertex 31.9952 34.1694 0
    endloop
  endfacet
  facet normal 0 0 -1
    outer loop
      vertex 31.5062 31.7508 0
      vertex 34.8684 31.7541 0
      vertex 31.5558 31.2548 0
    endloop
  endfacet
  facet normal 0 0 -1
    outer loop
      vertex 34.8684 32.2459 0
      vertex 31.6546 33.2338 0
      vertex 31.8015 33.7101 0
    endloop
  endfacet
  facet normal -0 0 -1
    outer loop
      vertex 34.8684 31.7541 0
      vertex 31.5062 31.7508 0
      vertex 34.8684 32.2459 0
    endloop
  endfacet
  facet normal 0 0 -1
    outer loop
      vertex 34.8684 32.2459 0
      vertex 31.5558 32.7452 0
      vertex 31.6546 33.2338 0
    endloop
  endfacet
  facet normal 0 0 -1
    outer loop
      vertex 31.5062 32.2492 0
      vertex 34.8684 32.2459 0
      vertex 31.5062 31.7508 0
    endloop
  endfacet
  facet normal 0 0 -1
    outer loop
      vertex 34.8684 32.2459 0
      vertex 31.5062 32.2492 0
      vertex 31.5558 32.7452 0
    endloop
  endfacet
  facet normal 0 0 -1
    outer loop
      vertex 31.6546 -33.2338 0
      vertex 34.8684 -32.2459 0
      vertex 31.8015 -33.7101 0
    endloop
  endfacet
  facet normal 0 0 -1
    outer loop
      vertex 34.8684 -31.7541 0
      vertex 31.9952 -29.8306 0
      vertex 32.2335 -29.3928 0
    endloop
  endfacet
  facet normal 0 0 -1
    outer loop
      vertex 31.5558 -32.7452 0
      vertex 34.8684 -32.2459 0
      vertex 31.6546 -33.2338 0
    endloop
  endfacet
  facet normal 0 0 -1
    outer loop
      vertex 34.8684 -31.7541 0
      vertex 31.8015 -30.2899 0
      vertex 31.9952 -29.8306 0
    endloop
  endfacet
  facet normal 0 0 -1
    outer loop
      vertex 31.5062 -32.2492 0
      vertex 34.8684 -32.2459 0
      vertex 31.5558 -32.7452 0
    endloop
  endfacet
  facet normal 0 0 -1
    outer loop
      vertex 34.8684 -31.7541 0
      vertex 31.6546 -30.7662 0
      vertex 31.8015 -30.2899 0
    endloop
  endfacet
  facet normal -0 0 -1
    outer loop
      vertex 34.8684 -32.2459 0
      vertex 31.5062 -32.2492 0
      vertex 34.8684 -31.7541 0
    endloop
  endfacet
  facet normal 0 0 -1
    outer loop
      vertex 34.8684 -31.7541 0
      vertex 31.5558 -31.2548 0
      vertex 31.6546 -30.7662 0
    endloop
  endfacet
  facet normal 0 0 -1
    outer loop
      vertex 31.5062 -31.7508 0
      vertex 34.8684 -31.7541 0
      vertex 31.5062 -32.2492 0
    endloop
  endfacet
  facet normal 0 0 -1
    outer loop
      vertex 34.8684 -31.7541 0
      vertex 31.5062 -31.7508 0
      vertex 31.5558 -31.2548 0
    endloop
  endfacet
  facet normal 0 0 -1
    outer loop
      vertex -34.85 -32 0
      vertex -31.5 -32 0
      vertex -31.5248 -32.4978 0
    endloop
  endfacet
  facet normal 0 0 -1
    outer loop
      vertex -34.85 -32 0
      vertex -31.5248 -32.4978 0
      vertex -31.5991 -32.9907 0
    endloop
  endfacet
  facet normal 0 0 -1
    outer loop
      vertex -31.5 -32 0
      vertex -34.85 -32 0
      vertex -31.5248 -31.5022 0
    endloop
  endfacet
  facet normal 0 0 -1
    outer loop
      vertex -34.9233 -32.4863 0
      vertex -31.5991 -32.9907 0
      vertex -31.7221 -33.4738 0
    endloop
  endfacet
  facet normal -0 0 -1
    outer loop
      vertex -31.5248 -31.5022 0
      vertex -34.85 -32 0
      vertex -31.5991 -31.0093 0
    endloop
  endfacet
  facet normal 0 0 -1
    outer loop
      vertex -34.9233 -32.4863 0
      vertex -31.7221 -33.4738 0
      vertex -31.8926 -33.9422 0
    endloop
  endfacet
  facet normal 0 0 -1
    outer loop
      vertex -34.9233 -31.5137 0
      vertex -31.5991 -31.0093 0
      vertex -34.85 -32 0
    endloop
  endfacet
  facet normal 0 0 -1
    outer loop
      vertex -34.9233 -32.4863 0
      vertex -31.8926 -33.9422 0
      vertex -32.1089 -34.3913 0
    endloop
  endfacet
  facet normal -0 0 -1
    outer loop
      vertex -31.5991 -31.0093 0
      vertex -34.9233 -31.5137 0
      vertex -31.7221 -30.5262 0
    endloop
  endfacet
  facet normal 0 0 -1
    outer loop
      vertex -35.1367 -32.9295 0
      vertex -32.1089 -34.3913 0
      vertex -32.2353 -34.5981 0
    endloop
  endfacet
  facet normal -0 0 -1
    outer loop
      vertex -31.7221 -30.5262 0
      vertex -34.9233 -31.5137 0
      vertex -31.8926 -30.0578 0
    endloop
  endfacet
  facet normal 0 0 -1
    outer loop
      vertex -31.5991 31.0093 0
      vertex -34.9233 31.5137 0
      vertex -34.85 32 0
    endloop
  endfacet
  facet normal 0 0 -1
    outer loop
      vertex -34.2189 27.5506 0
      vertex -35.1367 31.0705 0
      vertex -34.9233 31.5137 0
    endloop
  endfacet
  facet normal 0 0 -1
    outer loop
      vertex -35.8972 30.4641 0
      vertex -34.6733 27.3456 0
      vertex -35.1458 27.1869 0
    endloop
  endfacet
  facet normal 0 0 -1
    outer loop
      vertex -34.2189 27.5506 0
      vertex -35.4712 30.71 0
      vertex -35.1367 31.0705 0
    endloop
  endfacet
  facet normal 0 0 -1
    outer loop
      vertex -35.8972 30.4641 0
      vertex -35.1458 27.1869 0
      vertex -35.6318 27.076 0
    endloop
  endfacet
  facet normal 0 0 -1
    outer loop
      vertex -34.2189 27.5506 0
      vertex -35.8972 30.4641 0
      vertex -35.4712 30.71 0
    endloop
  endfacet
  facet normal 0 0 -1
    outer loop
      vertex -36.3767 30.3546 0
      vertex -35.6318 27.076 0
      vertex -36.1264 27.014 0
    endloop
  endfacet
  facet normal 0 0 -1
    outer loop
      vertex -35.6318 27.076 0
      vertex -36.3767 30.3546 0
      vertex -35.8972 30.4641 0
    endloop
  endfacet
  facet normal 0 0 -1
    outer loop
      vertex -36.6247 27.0016 0
      vertex -36.3767 30.3546 0
      vertex -36.1264 27.014 0
    endloop
  endfacet
  facet normal 0 0 -1
    outer loop
      vertex -36.6247 27.0016 0
      vertex -36.8672 30.3914 0
      vertex -36.3767 30.3546 0
    endloop
  endfacet
  facet normal 0 0 -1
    outer loop
      vertex -37.1217 27.0388 0
      vertex -36.8672 30.3914 0
      vertex -36.6247 27.0016 0
    endloop
  endfacet
  facet normal 0 0 -1
    outer loop
      vertex -37.6126 27.1254 0
      vertex -36.8672 30.3914 0
      vertex -37.1217 27.0388 0
    endloop
  endfacet
  facet normal 0 0 -1
    outer loop
      vertex -38.0924 27.2604 0
      vertex -36.8672 30.3914 0
      vertex -37.6126 27.1254 0
    endloop
  endfacet
  facet normal -0 0 -1
    outer loop
      vertex -36.8672 30.3914 0
      vertex -38.0924 27.2604 0
      vertex -37.325 30.5711 0
    endloop
  endfacet
  facet normal 0 0 -1
    outer loop
      vertex -38.5564 27.4425 0
      vertex -37.325 30.5711 0
      vertex -38.0924 27.2604 0
    endloop
  endfacet
  facet normal 0 0 -1
    outer loop
      vertex -39 27.6699 0
      vertex -37.325 30.5711 0
      vertex -38.5564 27.4425 0
    endloop
  endfacet
  facet normal 0 0 -1
    outer loop
      vertex -39.4187 27.9403 0
      vertex -37.325 30.5711 0
      vertex -39 27.6699 0
    endloop
  endfacet
  facet normal -0 0 -1
    outer loop
      vertex -37.325 30.5711 0
      vertex -39.5924 28.0788 0
      vertex -37.7095 30.8777 0
    endloop
  endfacet
  facet normal 0 0 -1
    outer loop
      vertex -39.5924 28.0788 0
      vertex -37.325 30.5711 0
      vertex -39.4187 27.9403 0
    endloop
  endfacet
  facet normal -0 0 -1
    outer loop
      vertex -33.3825 -28.0908 0
      vertex -35.4712 -30.71 0
      vertex -33.7873 -27.7999 0
    endloop
  endfacet
  facet normal -0 0 -1
    outer loop
      vertex -33.7873 -27.7999 0
      vertex -35.4712 -30.71 0
      vertex -34.2189 -27.5506 0
    endloop
  endfacet
  facet normal 0 0 -1
    outer loop
      vertex -35.8972 -30.4641 0
      vertex -34.2189 -27.5506 0
      vertex -35.4712 -30.71 0
    endloop
  endfacet
  facet normal -0 0 -1
    outer loop
      vertex -34.2189 -27.5506 0
      vertex -35.8972 -30.4641 0
      vertex -34.6733 -27.3456 0
    endloop
  endfacet
  facet normal -0 0 -1
    outer loop
      vertex -34.6733 -27.3456 0
      vertex -35.8972 -30.4641 0
      vertex -35.1458 -27.1869 0
    endloop
  endfacet
  facet normal -0 0 -1
    outer loop
      vertex -35.1458 -27.1869 0
      vertex -35.8972 -30.4641 0
      vertex -35.6318 -27.076 0
    endloop
  endfacet
  facet normal 0 0 -1
    outer loop
      vertex -36.3767 -30.3546 0
      vertex -35.6318 -27.076 0
      vertex -35.8972 -30.4641 0
    endloop
  endfacet
  facet normal -0 0 -1
    outer loop
      vertex -35.6318 -27.076 0
      vertex -36.3767 -30.3546 0
      vertex -36.1264 -27.014 0
    endloop
  endfacet
  facet normal 0 0 -1
    outer loop
      vertex -36.3767 -30.3546 0
      vertex -36.6247 -27.0016 0
      vertex -36.1264 -27.014 0
    endloop
  endfacet
  facet normal 0 0 -1
    outer loop
      vertex -36.8672 -30.3914 0
      vertex -36.6247 -27.0016 0
      vertex -36.3767 -30.3546 0
    endloop
  endfacet
  facet normal 0 0 -1
    outer loop
      vertex -36.8672 -30.3914 0
      vertex -37.1217 -27.0388 0
      vertex -36.6247 -27.0016 0
    endloop
  endfacet
  facet normal 0 0 -1
    outer loop
      vertex -38.0924 -27.2604 0
      vertex -36.8672 -30.3914 0
      vertex -37.325 -30.5711 0
    endloop
  endfacet
  facet normal 0 0 -1
    outer loop
      vertex -36.8672 -30.3914 0
      vertex -37.6126 -27.1254 0
      vertex -37.1217 -27.0388 0
    endloop
  endfacet
  facet normal 0 0 -1
    outer loop
      vertex -39.5924 -28.0788 0
      vertex -37.325 -30.5711 0
      vertex -37.7095 -30.8777 0
    endloop
  endfacet
  facet normal 0 0 -1
    outer loop
      vertex -39.5924 -28.0788 0
      vertex -37.7095 -30.8777 0
      vertex -37.9866 -31.2841 0
    endloop
  endfacet
  facet normal 0 0 -1
    outer loop
      vertex -36.8672 -30.3914 0
      vertex -38.0924 -27.2604 0
      vertex -37.6126 -27.1254 0
    endloop
  endfacet
  facet normal 0 0 -1
    outer loop
      vertex -41.9938 -32.2492 0
      vertex -37.9866 -31.2841 0
      vertex -38.1316 -31.7541 0
    endloop
  endfacet
  facet normal 0 0 -1
    outer loop
      vertex -37.325 -30.5711 0
      vertex -38.5564 -27.4425 0
      vertex -38.0924 -27.2604 0
    endloop
  endfacet
  facet normal -0 0 -1
    outer loop
      vertex 42 32 0
      vertex 38.0767 31.5137 0
      vertex 38.15 32 0
    endloop
  endfacet
  facet normal 0 0 -1
    outer loop
      vertex 38.7811 27.5506 0
      vertex 37.8633 31.0705 0
      vertex 38.0767 31.5137 0
    endloop
  endfacet
  facet normal 0 0 -1
    outer loop
      vertex 37.1028 30.4641 0
      vertex 38.3267 27.3456 0
      vertex 37.8542 27.1869 0
    endloop
  endfacet
  facet normal 0 0 -1
    outer loop
      vertex 38.7811 27.5506 0
      vertex 37.5288 30.71 0
      vertex 37.8633 31.0705 0
    endloop
  endfacet
  facet normal 0 0 -1
    outer loop
      vertex 37.1028 30.4641 0
      vertex 37.8542 27.1869 0
      vertex 37.3682 27.076 0
    endloop
  endfacet
  facet normal 0 0 -1
    outer loop
      vertex 38.7811 27.5506 0
      vertex 37.1028 30.4641 0
      vertex 37.5288 30.71 0
    endloop
  endfacet
  facet normal 0 0 -1
    outer loop
      vertex 36.6233 30.3546 0
      vertex 37.3682 27.076 0
      vertex 36.8736 27.014 0
    endloop
  endfacet
  facet normal 0 0 -1
    outer loop
      vertex 37.3682 27.076 0
      vertex 36.6233 30.3546 0
      vertex 37.1028 30.4641 0
    endloop
  endfacet
  facet normal 0 0 -1
    outer loop
      vertex 36.3753 27.0016 0
      vertex 36.6233 30.3546 0
      vertex 36.8736 27.014 0
    endloop
  endfacet
  facet normal 0 0 -1
    outer loop
      vertex 36.3753 27.0016 0
      vertex 36.1328 30.3914 0
      vertex 36.6233 30.3546 0
    endloop
  endfacet
  facet normal 0 0 -1
    outer loop
      vertex 35.8783 27.0388 0
      vertex 36.1328 30.3914 0
      vertex 36.3753 27.0016 0
    endloop
  endfacet
  facet normal 0 0 -1
    outer loop
      vertex 35.3874 27.1254 0
      vertex 36.1328 30.3914 0
      vertex 35.8783 27.0388 0
    endloop
  endfacet
  facet normal 0 0 -1
    outer loop
      vertex 34.9076 27.2604 0
      vertex 36.1328 30.3914 0
      vertex 35.3874 27.1254 0
    endloop
  endfacet
  facet normal -0 0 -1
    outer loop
      vertex 36.1328 30.3914 0
      vertex 34.9076 27.2604 0
      vertex 35.675 30.5711 0
    endloop
  endfacet
  facet normal 0 0 -1
    outer loop
      vertex 34.4436 27.4425 0
      vertex 35.675 30.5711 0
      vertex 34.9076 27.2604 0
    endloop
  endfacet
  facet normal 0 0 -1
    outer loop
      vertex 34 27.6699 0
      vertex 35.675 30.5711 0
      vertex 34.4436 27.4425 0
    endloop
  endfacet
  facet normal 0 0 -1
    outer loop
      vertex 33.5813 27.9403 0
      vertex 35.675 30.5711 0
      vertex 34 27.6699 0
    endloop
  endfacet
  facet normal 0 0 -1
    outer loop
      vertex 33.1916 28.2511 0
      vertex 35.2905 30.8777 0
      vertex 33.5813 27.9403 0
    endloop
  endfacet
  facet normal -0 0 -1
    outer loop
      vertex 35.675 30.5711 0
      vertex 33.5813 27.9403 0
      vertex 35.2905 30.8777 0
    endloop
  endfacet
  facet normal 0 0 -1
    outer loop
      vertex 38.15 -32 0
      vertex 42 -32 0
      vertex 41.9752 -32.4978 0
    endloop
  endfacet
  facet normal 0 0 -1
    outer loop
      vertex 42 -32 0
      vertex 39.6 -28.0783 0
      vertex 42 32 0
    endloop
  endfacet
  facet normal 0 0 -1
    outer loop
      vertex 38.15 -32 0
      vertex 41.9752 -32.4978 0
      vertex 41.9009 -32.9907 0
    endloop
  endfacet
  facet normal 0 0 -1
    outer loop
      vertex 39.6 28.0783 0
      vertex 42 32 0
      vertex 39.6 -28.0783 0
    endloop
  endfacet
  facet normal 0 0 -1
    outer loop
      vertex 38.0767 -32.4863 0
      vertex 41.9009 -32.9907 0
      vertex 41.7779 -33.4738 0
    endloop
  endfacet
  facet normal 0 0 -1
    outer loop
      vertex 38.0767 31.5137 0
      vertex 42 32 0
      vertex 39.6 28.0783 0
    endloop
  endfacet
  facet normal 0 0 -1
    outer loop
      vertex 38.0767 -32.4863 0
      vertex 41.7779 -33.4738 0
      vertex 41.6074 -33.9422 0
    endloop
  endfacet
  facet normal 0 0 -1
    outer loop
      vertex 42 32 0
      vertex 38.15 32 0
      vertex 41.9752 32.4978 0
    endloop
  endfacet
  facet normal 0 0 -1
    outer loop
      vertex 38.0767 -32.4863 0
      vertex 41.6074 -33.9422 0
      vertex 41.3911 -34.3913 0
    endloop
  endfacet
  facet normal -0 0 -1
    outer loop
      vertex 41.9752 32.4978 0
      vertex 38.15 32 0
      vertex 41.9009 32.9907 0
    endloop
  endfacet
  facet normal 0 0 -1
    outer loop
      vertex 37.8633 -32.9295 0
      vertex 41.3911 -34.3913 0
      vertex 41.1312 -34.8166 0
    endloop
  endfacet
  facet normal 0 0 -1
    outer loop
      vertex 38.0767 32.4863 0
      vertex 41.9009 32.9907 0
      vertex 38.15 32 0
    endloop
  endfacet
  facet normal 0 0 -1
    outer loop
      vertex 37.8633 -32.9295 0
      vertex 41.1312 -34.8166 0
      vertex 40.8302 -35.2139 0
    endloop
  endfacet
  facet normal -0 0 -1
    outer loop
      vertex 41.9009 32.9907 0
      vertex 38.0767 32.4863 0
      vertex 41.7779 33.4738 0
    endloop
  endfacet
  facet normal 0 0 -1
    outer loop
      vertex 37.8633 -32.9295 0
      vertex 40.8302 -35.2139 0
      vertex 40.4912 -35.5793 0
    endloop
  endfacet
  facet normal -0 0 -1
    outer loop
      vertex 41.7779 33.4738 0
      vertex 38.0767 32.4863 0
      vertex 41.6074 33.9422 0
    endloop
  endfacet
  facet normal 0 0 -1
    outer loop
      vertex 37.8633 -32.9295 0
      vertex 40.4912 -35.5793 0
      vertex 40.1174 -35.9092 0
    endloop
  endfacet
  facet normal -0 0 -1
    outer loop
      vertex 41.6074 33.9422 0
      vertex 38.0767 32.4863 0
      vertex 41.3911 34.3913 0
    endloop
  endfacet
  facet normal 0 0 -1
    outer loop
      vertex 37.5288 -33.29 0
      vertex 40.1174 -35.9092 0
      vertex 39.7127 -36.2001 0
    endloop
  endfacet
  facet normal 0 0 -1
    outer loop
      vertex 37.8633 32.9295 0
      vertex 41.3911 34.3913 0
      vertex 38.0767 32.4863 0
    endloop
  endfacet
  facet normal -0 0 -1
    outer loop
      vertex 41.3911 34.3913 0
      vertex 37.8633 32.9295 0
      vertex 41.1312 34.8166 0
    endloop
  endfacet
  facet normal 0 0 -1
    outer loop
      vertex 37.5288 -33.29 0
      vertex 39.7127 -36.2001 0
      vertex 39.2811 -36.4494 0
    endloop
  endfacet
  facet normal 0 0 -1
    outer loop
      vertex 42 -32 0
      vertex 38.15 -32 0
      vertex 38.0767 -31.5137 0
    endloop
  endfacet
  facet normal 0 0 -1
    outer loop
      vertex 37.5288 -33.29 0
      vertex 39.2811 -36.4494 0
      vertex 38.8267 -36.6544 0
    endloop
  endfacet
  facet normal 0 0 -1
    outer loop
      vertex 42 -32 0
      vertex 38.0767 -31.5137 0
      vertex 39.6 -28.0783 0
    endloop
  endfacet
  facet normal 0 0 -1
    outer loop
      vertex 37.1028 -33.5359 0
      vertex 38.8267 -36.6544 0
      vertex 38.3542 -36.8131 0
    endloop
  endfacet
  facet normal 0 0 -1
    outer loop
      vertex 37.8633 -31.0705 0
      vertex 39.6 -28.0783 0
      vertex 38.0767 -31.5137 0
    endloop
  endfacet
  facet normal 0 0 -1
    outer loop
      vertex 37.5288 -30.71 0
      vertex 39.6 -28.0783 0
      vertex 37.8633 -31.0705 0
    endloop
  endfacet
  facet normal 0 0 -1
    outer loop
      vertex 41.9009 -32.9907 0
      vertex 38.0767 -32.4863 0
      vertex 38.15 -32 0
    endloop
  endfacet
  facet normal 0 0 -1
    outer loop
      vertex 37.1028 -33.5359 0
      vertex 38.3542 -36.8131 0
      vertex 37.8682 -36.924 0
    endloop
  endfacet
  facet normal 0 0 -1
    outer loop
      vertex 41.3911 -34.3913 0
      vertex 37.8633 -32.9295 0
      vertex 38.0767 -32.4863 0
    endloop
  endfacet
  facet normal 0 0 -1
    outer loop
      vertex 40.1174 -35.9092 0
      vertex 37.5288 -33.29 0
      vertex 37.8633 -32.9295 0
    endloop
  endfacet
  facet normal 0 0 -1
    outer loop
      vertex 37.1028 -33.5359 0
      vertex 37.8682 -36.924 0
      vertex 37.3736 -36.986 0
    endloop
  endfacet
  facet normal 0 0 -1
    outer loop
      vertex 38.8267 -36.6544 0
      vertex 37.1028 -33.5359 0
      vertex 37.5288 -33.29 0
    endloop
  endfacet
  facet normal 0 0 -1
    outer loop
      vertex 36.6233 -33.6454 0
      vertex 37.3736 -36.986 0
      vertex 36.8753 -36.9984 0
    endloop
  endfacet
  facet normal 0 0 -1
    outer loop
      vertex 37.3736 -36.986 0
      vertex 36.6233 -33.6454 0
      vertex 37.1028 -33.5359 0
    endloop
  endfacet
  facet normal 0 0 -1
    outer loop
      vertex 36.8753 -36.9984 0
      vertex 36.1328 -33.6086 0
      vertex 36.6233 -33.6454 0
    endloop
  endfacet
  facet normal 0 0 -1
    outer loop
      vertex 36.8753 -36.9984 0
      vertex 35.675 -33.4289 0
      vertex 36.1328 -33.6086 0
    endloop
  endfacet
  facet normal 0 0 -1
    outer loop
      vertex 32.2286 -34.5981 0
      vertex 35.675 -33.4289 0
      vertex 36.8753 -36.9984 0
    endloop
  endfacet
  facet normal -0 0 -1
    outer loop
      vertex 35.675 -33.4289 0
      vertex 32.2286 -34.5981 0
      vertex 35.2905 -33.1223 0
    endloop
  endfacet
  facet normal -0 0 -1
    outer loop
      vertex 35.0134 -32.7159 0
      vertex 31.8015 -33.7101 0
      vertex 34.8684 -32.2459 0
    endloop
  endfacet
  facet normal 0 0 -1
    outer loop
      vertex 34.8684 -31.7541 0
      vertex 34 -27.6699 0
      vertex 34.4436 -27.4425 0
    endloop
  endfacet
  facet normal 0 0 -1
    outer loop
      vertex 34.8684 -31.7541 0
      vertex 33.5813 -27.9403 0
      vertex 34 -27.6699 0
    endloop
  endfacet
  facet normal 0 0 -1
    outer loop
      vertex 34.8684 -31.7541 0
      vertex 33.1916 -28.2511 0
      vertex 33.5813 -27.9403 0
    endloop
  endfacet
  facet normal 0 0 -1
    outer loop
      vertex 31.9952 -34.1694 0
      vertex 35.0134 -32.7159 0
      vertex 32.2286 -34.5981 0
    endloop
  endfacet
  facet normal 0 0 -1
    outer loop
      vertex 34.8684 -31.7541 0
      vertex 32.8347 -28.5991 0
      vertex 33.1916 -28.2511 0
    endloop
  endfacet
  facet normal -0 0 -1
    outer loop
      vertex 35.2905 -33.1223 0
      vertex 32.2286 -34.5981 0
      vertex 35.0134 -32.7159 0
    endloop
  endfacet
  facet normal 0 0 -1
    outer loop
      vertex 34.8684 -31.7541 0
      vertex 32.5143 -28.981 0
      vertex 32.8347 -28.5991 0
    endloop
  endfacet
  facet normal 0 0 -1
    outer loop
      vertex 34.8684 -31.7541 0
      vertex 32.2335 -29.3928 0
      vertex 32.5143 -28.981 0
    endloop
  endfacet
  facet normal 0 0 -1
    outer loop
      vertex 31.8015 -33.7101 0
      vertex 35.0134 -32.7159 0
      vertex 31.9952 -34.1694 0
    endloop
  endfacet
  facet normal 0 0 -1
    outer loop
      vertex 36.8753 -36.9984 0
      vertex -32.2353 -34.5981 0
      vertex 32.2286 -34.5981 0
    endloop
  endfacet
  facet normal -0 0 -1
    outer loop
      vertex -31.8926 -30.0578 0
      vertex -34.9233 -31.5137 0
      vertex -32.1089 -29.6087 0
    endloop
  endfacet
  facet normal 0 0 -1
    outer loop
      vertex -35.1367 -31.0705 0
      vertex -32.1089 -29.6087 0
      vertex -34.9233 -31.5137 0
    endloop
  endfacet
  facet normal -0 0 -1
    outer loop
      vertex -32.1089 -29.6087 0
      vertex -35.1367 -31.0705 0
      vertex -32.3688 -29.1834 0
    endloop
  endfacet
  facet normal -0 0 -1
    outer loop
      vertex -32.3688 -29.1834 0
      vertex -35.1367 -31.0705 0
      vertex -32.6698 -28.7861 0
    endloop
  endfacet
  facet normal -0 0 -1
    outer loop
      vertex -32.6698 -28.7861 0
      vertex -35.1367 -31.0705 0
      vertex -33.0088 -28.4207 0
    endloop
  endfacet
  facet normal 0 0 -1
    outer loop
      vertex -35.4712 -30.71 0
      vertex -33.0088 -28.4207 0
      vertex -35.1367 -31.0705 0
    endloop
  endfacet
  facet normal -0 0 -1
    outer loop
      vertex -33.0088 -28.4207 0
      vertex -35.4712 -30.71 0
      vertex -33.3825 -28.0908 0
    endloop
  endfacet
  facet normal 0 0 -1
    outer loop
      vertex -31.5991 -32.9907 0
      vertex -34.9233 -32.4863 0
      vertex -34.85 -32 0
    endloop
  endfacet
  facet normal 0 0 -1
    outer loop
      vertex -32.1089 -34.3913 0
      vertex -35.1367 -32.9295 0
      vertex -34.9233 -32.4863 0
    endloop
  endfacet
  facet normal 0 0 -1
    outer loop
      vertex -32.2353 -34.5981 0
      vertex -35.4712 -33.29 0
      vertex -35.1367 -32.9295 0
    endloop
  endfacet
  facet normal 0 0 -1
    outer loop
      vertex -32.2353 -34.5981 0
      vertex -35.8972 -33.5359 0
      vertex -35.4712 -33.29 0
    endloop
  endfacet
  facet normal 0 0 -1
    outer loop
      vertex -37.1247 -36.9984 0
      vertex -35.8972 -33.5359 0
      vertex -32.2353 -34.5981 0
    endloop
  endfacet
  facet normal 0 0 -1
    outer loop
      vertex -35.8972 -33.5359 0
      vertex -37.1247 -36.9984 0
      vertex -36.3767 -33.6454 0
    endloop
  endfacet
  facet normal 0 0 -1
    outer loop
      vertex -37.1247 -36.9984 0
      vertex -32.2353 -34.5981 0
      vertex 36.8753 -36.9984 0
    endloop
  endfacet
  facet normal -0 0 -1
    outer loop
      vertex -36.3767 -33.6454 0
      vertex -37.1247 -36.9984 0
      vertex -36.8672 -33.6086 0
    endloop
  endfacet
  facet normal 0 0 -1
    outer loop
      vertex -37.6217 -36.9612 0
      vertex -36.8672 -33.6086 0
      vertex -37.1247 -36.9984 0
    endloop
  endfacet
  facet normal 0 0 -1
    outer loop
      vertex -38.1126 -36.8746 0
      vertex -36.8672 -33.6086 0
      vertex -37.6217 -36.9612 0
    endloop
  endfacet
  facet normal -0 0 -1
    outer loop
      vertex -36.8672 -33.6086 0
      vertex -38.1126 -36.8746 0
      vertex -37.325 -33.4289 0
    endloop
  endfacet
  facet normal 0 0 -1
    outer loop
      vertex -38.5924 -36.7396 0
      vertex -37.325 -33.4289 0
      vertex -38.1126 -36.8746 0
    endloop
  endfacet
  facet normal 0 0 -1
    outer loop
      vertex -39.0564 -36.5575 0
      vertex -37.325 -33.4289 0
      vertex -38.5924 -36.7396 0
    endloop
  endfacet
  facet normal 0 0 -1
    outer loop
      vertex -39.5 -36.3301 0
      vertex -37.325 -33.4289 0
      vertex -39.0564 -36.5575 0
    endloop
  endfacet
  facet normal 0 0 -1
    outer loop
      vertex -41.9938 -32.2492 0
      vertex -38.1316 -31.7541 0
      vertex -38.1316 -32.2459 0
    endloop
  endfacet
  facet normal -0 0 -1
    outer loop
      vertex -37.325 -33.4289 0
      vertex -39.5 -36.3301 0
      vertex -37.7095 -33.1223 0
    endloop
  endfacet
  facet normal 0 0 -1
    outer loop
      vertex -39.9187 -36.0597 0
      vertex -37.7095 -33.1223 0
      vertex -39.5 -36.3301 0
    endloop
  endfacet
  facet normal 0 0 -1
    outer loop
      vertex -37.325 -30.5711 0
      vertex -39.5924 -28.0788 0
      vertex -39.4187 -27.9403 0
    endloop
  endfacet
  facet normal 0 0 -1
    outer loop
      vertex -40.3084 -35.7489 0
      vertex -37.7095 -33.1223 0
      vertex -39.9187 -36.0597 0
    endloop
  endfacet
  facet normal 0 0 -1
    outer loop
      vertex -37.325 -30.5711 0
      vertex -39 -27.6699 0
      vertex -38.5564 -27.4425 0
    endloop
  endfacet
  facet normal 0 0 -1
    outer loop
      vertex -40.6653 -35.4009 0
      vertex -37.7095 -33.1223 0
      vertex -40.3084 -35.7489 0
    endloop
  endfacet
  facet normal 0 0 -1
    outer loop
      vertex -37.325 -30.5711 0
      vertex -39.4187 -27.9403 0
      vertex -39 -27.6699 0
    endloop
  endfacet
  facet normal -0 0 -1
    outer loop
      vertex -37.7095 -33.1223 0
      vertex -40.9857 -35.019 0
      vertex -37.9866 -32.7159 0
    endloop
  endfacet
  facet normal 0 0 -1
    outer loop
      vertex -40.9857 -35.019 0
      vertex -37.7095 -33.1223 0
      vertex -40.6653 -35.4009 0
    endloop
  endfacet
  facet normal -0 0 -1
    outer loop
      vertex 41.1312 34.8166 0
      vertex 37.8633 32.9295 0
      vertex 40.8302 35.2139 0
    endloop
  endfacet
  facet normal -0 0 -1
    outer loop
      vertex 40.8302 35.2139 0
      vertex 37.8633 32.9295 0
      vertex 40.4912 35.5793 0
    endloop
  endfacet
  facet normal 0 0 -1
    outer loop
      vertex 38.0767 31.5137 0
      vertex 39.6 28.0783 0
      vertex 39.2127 27.7999 0
    endloop
  endfacet
  facet normal -0 0 -1
    outer loop
      vertex 40.4912 35.5793 0
      vertex 37.8633 32.9295 0
      vertex 40.1174 35.9092 0
    endloop
  endfacet
  facet normal 0 0 -1
    outer loop
      vertex 38.0767 31.5137 0
      vertex 39.2127 27.7999 0
      vertex 38.7811 27.5506 0
    endloop
  endfacet
  facet normal 0 0 -1
    outer loop
      vertex 37.5288 33.29 0
      vertex 40.1174 35.9092 0
      vertex 37.8633 32.9295 0
    endloop
  endfacet
  facet normal 0 0 -1
    outer loop
      vertex 37.1028 30.4641 0
      vertex 38.7811 27.5506 0
      vertex 38.3267 27.3456 0
    endloop
  endfacet
  facet normal -0 0 -1
    outer loop
      vertex 40.1174 35.9092 0
      vertex 37.5288 33.29 0
      vertex 39.7127 36.2001 0
    endloop
  endfacet
  facet normal -0 0 -1
    outer loop
      vertex 39.7127 36.2001 0
      vertex 37.5288 33.29 0
      vertex 39.2811 36.4494 0
    endloop
  endfacet
  facet normal -0 0 -1
    outer loop
      vertex 39.2811 36.4494 0
      vertex 37.5288 33.29 0
      vertex 38.8267 36.6544 0
    endloop
  endfacet
  facet normal 0 0 -1
    outer loop
      vertex 37.1028 33.5359 0
      vertex 38.8267 36.6544 0
      vertex 37.5288 33.29 0
    endloop
  endfacet
  facet normal -0 0 -1
    outer loop
      vertex 38.8267 36.6544 0
      vertex 37.1028 33.5359 0
      vertex 38.3542 36.8131 0
    endloop
  endfacet
  facet normal -0 0 -1
    outer loop
      vertex 38.3542 36.8131 0
      vertex 37.1028 33.5359 0
      vertex 37.8682 36.924 0
    endloop
  endfacet
  facet normal -0 0 -1
    outer loop
      vertex 37.8682 36.924 0
      vertex 37.1028 33.5359 0
      vertex 37.3736 36.986 0
    endloop
  endfacet
  facet normal 0 0 -1
    outer loop
      vertex 36.6233 33.6454 0
      vertex 37.3736 36.986 0
      vertex 37.1028 33.5359 0
    endloop
  endfacet
  facet normal -0 0 -1
    outer loop
      vertex 37.3736 36.986 0
      vertex 36.6233 33.6454 0
      vertex 36.8753 36.9984 0
    endloop
  endfacet
  facet normal 0 0 -1
    outer loop
      vertex 36.1328 33.6086 0
      vertex 36.8753 36.9984 0
      vertex 36.6233 33.6454 0
    endloop
  endfacet
  facet normal 0 0 -1
    outer loop
      vertex 35.675 33.4289 0
      vertex 36.8753 36.9984 0
      vertex 36.1328 33.6086 0
    endloop
  endfacet
  facet normal 0 0 -1
    outer loop
      vertex 32.2286 34.5981 0
      vertex 35.675 33.4289 0
      vertex 35.2905 33.1223 0
    endloop
  endfacet
  facet normal 0 0 -1
    outer loop
      vertex 32.2286 34.5981 0
      vertex 35.2905 33.1223 0
      vertex 35.0134 32.7159 0
    endloop
  endfacet
  facet normal 0 0 -1
    outer loop
      vertex 32.8347 28.5991 0
      vertex 35.2905 30.8777 0
      vertex 33.1916 28.2511 0
    endloop
  endfacet
  facet normal 0 0 -1
    outer loop
      vertex 32.5143 28.981 0
      vertex 35.2905 30.8777 0
      vertex 32.8347 28.5991 0
    endloop
  endfacet
  facet normal -0 0 -1
    outer loop
      vertex 35.2905 30.8777 0
      vertex 32.5143 28.981 0
      vertex 35.0134 31.2841 0
    endloop
  endfacet
  facet normal 0 0 -1
    outer loop
      vertex 32.2335 29.3928 0
      vertex 35.0134 31.2841 0
      vertex 32.5143 28.981 0
    endloop
  endfacet
  facet normal 0 0 -1
    outer loop
      vertex 31.9952 29.8306 0
      vertex 35.0134 31.2841 0
      vertex 32.2335 29.3928 0
    endloop
  endfacet
  facet normal 0 0 -1
    outer loop
      vertex 31.8015 30.2899 0
      vertex 35.0134 31.2841 0
      vertex 31.9952 29.8306 0
    endloop
  endfacet
  facet normal -0 0 -1
    outer loop
      vertex 35.0134 31.2841 0
      vertex 31.8015 30.2899 0
      vertex 34.8684 31.7541 0
    endloop
  endfacet
  facet normal 0 0 -1
    outer loop
      vertex 34.8684 32.2459 0
      vertex 32.2286 34.5981 0
      vertex 35.0134 32.7159 0
    endloop
  endfacet
  facet normal 0 0 -1
    outer loop
      vertex 35.675 33.4289 0
      vertex 32.2286 34.5981 0
      vertex 36.8753 36.9984 0
    endloop
  endfacet
  facet normal 0 0 -1
    outer loop
      vertex -32.2353 34.5981 0
      vertex 36.8753 36.9984 0
      vertex 32.2286 34.5981 0
    endloop
  endfacet
  facet normal 0 0 -1
    outer loop
      vertex -34.9233 31.5137 0
      vertex -32.3688 29.1834 0
      vertex -32.6698 28.7861 0
    endloop
  endfacet
  facet normal 0 0 -1
    outer loop
      vertex -34.9233 31.5137 0
      vertex -32.6698 28.7861 0
      vertex -33.0088 28.4207 0
    endloop
  endfacet
  facet normal 0 0 -1
    outer loop
      vertex -34.9233 31.5137 0
      vertex -33.0088 28.4207 0
      vertex -33.3825 28.0908 0
    endloop
  endfacet
  facet normal 0 0 -1
    outer loop
      vertex -34.9233 31.5137 0
      vertex -33.3825 28.0908 0
      vertex -33.7873 27.7999 0
    endloop
  endfacet
  facet normal 0 0 -1
    outer loop
      vertex -34.9233 31.5137 0
      vertex -33.7873 27.7999 0
      vertex -34.2189 27.5506 0
    endloop
  endfacet
  facet normal 0 0 -1
    outer loop
      vertex -35.8972 30.4641 0
      vertex -34.2189 27.5506 0
      vertex -34.6733 27.3456 0
    endloop
  endfacet
  facet normal -0 0 -1
    outer loop
      vertex -31.8926 33.9422 0
      vertex -34.9233 32.4863 0
      vertex -32.1089 34.3913 0
    endloop
  endfacet
  facet normal 0 0 -1
    outer loop
      vertex -35.1367 32.9295 0
      vertex -32.1089 34.3913 0
      vertex -34.9233 32.4863 0
    endloop
  endfacet
  facet normal -0 0 -1
    outer loop
      vertex -32.1089 34.3913 0
      vertex -35.1367 32.9295 0
      vertex -32.2353 34.5981 0
    endloop
  endfacet
  facet normal 0 0 -1
    outer loop
      vertex -35.4712 33.29 0
      vertex -32.2353 34.5981 0
      vertex -35.1367 32.9295 0
    endloop
  endfacet
  facet normal 0 0 -1
    outer loop
      vertex -35.8972 33.5359 0
      vertex -32.2353 34.5981 0
      vertex -35.4712 33.29 0
    endloop
  endfacet
  facet normal 0 0 -1
    outer loop
      vertex -37.1247 36.9984 0
      vertex -35.8972 33.5359 0
      vertex -36.3767 33.6454 0
    endloop
  endfacet
  facet normal 0 0 -1
    outer loop
      vertex -37.1247 36.9984 0
      vertex -36.3767 33.6454 0
      vertex -36.8672 33.6086 0
    endloop
  endfacet
  facet normal 0 0 -1
    outer loop
      vertex -32.2353 34.5981 0
      vertex -37.1247 36.9984 0
      vertex 36.8753 36.9984 0
    endloop
  endfacet
  facet normal 0 0 -1
    outer loop
      vertex -35.8972 33.5359 0
      vertex -37.1247 36.9984 0
      vertex -32.2353 34.5981 0
    endloop
  endfacet
  facet normal 0 0 -1
    outer loop
      vertex -38.1126 36.8746 0
      vertex -36.8672 33.6086 0
      vertex -37.325 33.4289 0
    endloop
  endfacet
  facet normal 0 0 -1
    outer loop
      vertex -36.8672 33.6086 0
      vertex -37.6217 36.9612 0
      vertex -37.1247 36.9984 0
    endloop
  endfacet
  facet normal 0 0 -1
    outer loop
      vertex -39.5 36.3301 0
      vertex -37.325 33.4289 0
      vertex -37.7095 33.1223 0
    endloop
  endfacet
  facet normal 0 0 -1
    outer loop
      vertex -40.9857 35.019 0
      vertex -37.7095 33.1223 0
      vertex -37.9866 32.7159 0
    endloop
  endfacet
  facet normal 0 0 -1
    outer loop
      vertex -36.8672 33.6086 0
      vertex -38.1126 36.8746 0
      vertex -37.6217 36.9612 0
    endloop
  endfacet
  facet normal 0 0 -1
    outer loop
      vertex -41.6985 33.7101 0
      vertex -37.9866 32.7159 0
      vertex -38.1316 32.2459 0
    endloop
  endfacet
  facet normal -0 0 -1
    outer loop
      vertex -37.7095 30.8777 0
      vertex -39.5924 28.0788 0
      vertex -37.9866 31.2841 0
    endloop
  endfacet
  facet normal 0 0 -1
    outer loop
      vertex -38.1316 31.7541 0
      vertex -41.9938 32.2492 0
      vertex -38.1316 32.2459 0
    endloop
  endfacet
  facet normal 0 0 -1
    outer loop
      vertex -41.9938 32.2492 0
      vertex -37.9866 31.2841 0
      vertex -39.5924 28.0788 0
    endloop
  endfacet
  facet normal 0 0 -1
    outer loop
      vertex -37.325 33.4289 0
      vertex -38.5924 36.7396 0
      vertex -38.1126 36.8746 0
    endloop
  endfacet
  facet normal 0 0 -1
    outer loop
      vertex -37.9866 31.2841 0
      vertex -41.9938 32.2492 0
      vertex -38.1316 31.7541 0
    endloop
  endfacet
  facet normal 0 0 -1
    outer loop
      vertex -37.325 33.4289 0
      vertex -39.0564 36.5575 0
      vertex -38.5924 36.7396 0
    endloop
  endfacet
  facet normal 0 0 -1
    outer loop
      vertex -37.325 33.4289 0
      vertex -39.5 36.3301 0
      vertex -39.0564 36.5575 0
    endloop
  endfacet
  facet normal 0 0 -1
    outer loop
      vertex -37.7095 33.1223 0
      vertex -39.9187 36.0597 0
      vertex -39.5 36.3301 0
    endloop
  endfacet
  facet normal -0 0 -1
    outer loop
      vertex -39.5924 -28.0788 0
      vertex -41.9938 -32.2492 0
      vertex -39.5924 28.0788 0
    endloop
  endfacet
  facet normal 0 0 -1
    outer loop
      vertex -41.2665 -34.6072 0
      vertex -37.9866 -32.7159 0
      vertex -40.9857 -35.019 0
    endloop
  endfacet
  facet normal 0 0 -1
    outer loop
      vertex -41.9938 32.2492 0
      vertex -39.5924 28.0788 0
      vertex -41.9938 -32.2492 0
    endloop
  endfacet
  facet normal 0 0 -1
    outer loop
      vertex -41.5048 -34.1694 0
      vertex -37.9866 -32.7159 0
      vertex -41.2665 -34.6072 0
    endloop
  endfacet
  facet normal 0 0 -1
    outer loop
      vertex -38.1316 32.2459 0
      vertex -41.9938 32.2492 0
      vertex -41.9442 32.7452 0
    endloop
  endfacet
  facet normal 0 0 -1
    outer loop
      vertex -41.6985 -33.7101 0
      vertex -37.9866 -32.7159 0
      vertex -41.5048 -34.1694 0
    endloop
  endfacet
  facet normal 0 0 -1
    outer loop
      vertex -37.7095 33.1223 0
      vertex -40.3084 35.7489 0
      vertex -39.9187 36.0597 0
    endloop
  endfacet
  facet normal -0 0 -1
    outer loop
      vertex -37.9866 -32.7159 0
      vertex -41.6985 -33.7101 0
      vertex -38.1316 -32.2459 0
    endloop
  endfacet
  facet normal 0 0 -1
    outer loop
      vertex -37.7095 33.1223 0
      vertex -40.6653 35.4009 0
      vertex -40.3084 35.7489 0
    endloop
  endfacet
  facet normal 0 0 -1
    outer loop
      vertex -41.8454 -33.2338 0
      vertex -38.1316 -32.2459 0
      vertex -41.6985 -33.7101 0
    endloop
  endfacet
  facet normal 0 0 -1
    outer loop
      vertex -37.7095 33.1223 0
      vertex -40.9857 35.019 0
      vertex -40.6653 35.4009 0
    endloop
  endfacet
  facet normal 0 0 -1
    outer loop
      vertex -41.9442 -32.7452 0
      vertex -38.1316 -32.2459 0
      vertex -41.8454 -33.2338 0
    endloop
  endfacet
  facet normal 0 0 -1
    outer loop
      vertex -37.9866 32.7159 0
      vertex -41.2665 34.6072 0
      vertex -40.9857 35.019 0
    endloop
  endfacet
  facet normal 0 0 -1
    outer loop
      vertex -41.9938 -32.2492 0
      vertex -38.1316 -32.2459 0
      vertex -41.9442 -32.7452 0
    endloop
  endfacet
  facet normal 0 0 -1
    outer loop
      vertex -37.9866 32.7159 0
      vertex -41.5048 34.1694 0
      vertex -41.2665 34.6072 0
    endloop
  endfacet
  facet normal -0 0 -1
    outer loop
      vertex -37.9866 -31.2841 0
      vertex -41.9938 -32.2492 0
      vertex -39.5924 -28.0788 0
    endloop
  endfacet
  facet normal 0 0 -1
    outer loop
      vertex -37.9866 32.7159 0
      vertex -41.6985 33.7101 0
      vertex -41.5048 34.1694 0
    endloop
  endfacet
  facet normal 0 0 -1
    outer loop
      vertex -38.1316 32.2459 0
      vertex -41.8454 33.2338 0
      vertex -41.6985 33.7101 0
    endloop
  endfacet
  facet normal 0 0 -1
    outer loop
      vertex -38.1316 32.2459 0
      vertex -41.9442 32.7452 0
      vertex -41.8454 33.2338 0
    endloop
  endfacet
  facet normal -0 0 -1
    outer loop
      vertex 39.6 -28.0783 0
      vertex 37.5288 -30.71 0
      vertex 39.2127 -27.7999 0
    endloop
  endfacet
  facet normal -0 0 -1
    outer loop
      vertex 39.2127 -27.7999 0
      vertex 37.5288 -30.71 0
      vertex 38.7811 -27.5506 0
    endloop
  endfacet
  facet normal 0 0 -1
    outer loop
      vertex 37.1028 -30.4641 0
      vertex 38.7811 -27.5506 0
      vertex 37.5288 -30.71 0
    endloop
  endfacet
  facet normal -0 0 -1
    outer loop
      vertex 38.7811 -27.5506 0
      vertex 37.1028 -30.4641 0
      vertex 38.3267 -27.3456 0
    endloop
  endfacet
  facet normal -0 0 -1
    outer loop
      vertex 38.3267 -27.3456 0
      vertex 37.1028 -30.4641 0
      vertex 37.8542 -27.1869 0
    endloop
  endfacet
  facet normal -0 0 -1
    outer loop
      vertex 37.8542 -27.1869 0
      vertex 37.1028 -30.4641 0
      vertex 37.3682 -27.076 0
    endloop
  endfacet
  facet normal 0 0 -1
    outer loop
      vertex 36.6233 -30.3546 0
      vertex 37.3682 -27.076 0
      vertex 37.1028 -30.4641 0
    endloop
  endfacet
  facet normal -0 0 -1
    outer loop
      vertex 37.3682 -27.076 0
      vertex 36.6233 -30.3546 0
      vertex 36.8736 -27.014 0
    endloop
  endfacet
  facet normal 0 0 -1
    outer loop
      vertex 36.6233 -30.3546 0
      vertex 36.3753 -27.0016 0
      vertex 36.8736 -27.014 0
    endloop
  endfacet
  facet normal 0 0 -1
    outer loop
      vertex 36.1328 -30.3914 0
      vertex 36.3753 -27.0016 0
      vertex 36.6233 -30.3546 0
    endloop
  endfacet
  facet normal 0 0 -1
    outer loop
      vertex 36.1328 -30.3914 0
      vertex 35.8783 -27.0388 0
      vertex 36.3753 -27.0016 0
    endloop
  endfacet
  facet normal 0 0 -1
    outer loop
      vertex 34.9076 -27.2604 0
      vertex 36.1328 -30.3914 0
      vertex 35.675 -30.5711 0
    endloop
  endfacet
  facet normal 0 0 -1
    outer loop
      vertex 36.1328 -30.3914 0
      vertex 35.3874 -27.1254 0
      vertex 35.8783 -27.0388 0
    endloop
  endfacet
  facet normal 0 0 -1
    outer loop
      vertex 34.4436 -27.4425 0
      vertex 35.675 -30.5711 0
      vertex 35.2905 -30.8777 0
    endloop
  endfacet
  facet normal 0 0 -1
    outer loop
      vertex 34.4436 -27.4425 0
      vertex 35.2905 -30.8777 0
      vertex 35.0134 -31.2841 0
    endloop
  endfacet
  facet normal 0 0 -1
    outer loop
      vertex 36.1328 -30.3914 0
      vertex 34.9076 -27.2604 0
      vertex 35.3874 -27.1254 0
    endloop
  endfacet
  facet normal 0 0 -1
    outer loop
      vertex 34.4436 -27.4425 0
      vertex 35.0134 -31.2841 0
      vertex 34.8684 -31.7541 0
    endloop
  endfacet
  facet normal 0 0 -1
    outer loop
      vertex 35.675 -30.5711 0
      vertex 34.4436 -27.4425 0
      vertex 34.9076 -27.2604 0
    endloop
  endfacet
  facet normal -0.878317 -0.478079 0
    outer loop
      vertex -41.2665 -34.6072 0
      vertex -41.5048 -34.1694 62
      vertex -41.5048 -34.1694 0
    endloop
  endfacet
  facet normal -0.878317 -0.478079 0
    outer loop
      vertex -41.5048 -34.1694 62
      vertex -41.2665 -34.6072 0
      vertex -41.2665 -34.6072 62
    endloop
  endfacet
  facet normal -0.62352 0.781807 0
    outer loop
      vertex -39.9187 36.0597 0
      vertex -40.3084 35.7489 62
      vertex -39.9187 36.0597 62
    endloop
  endfacet
  facet normal -0.62352 0.781807 0
    outer loop
      vertex -40.3084 35.7489 62
      vertex -39.9187 36.0597 0
      vertex -40.3084 35.7489 0
    endloop
  endfacet
  facet normal -0.456178 0.889888 0
    outer loop
      vertex -39.0564 36.5575 0
      vertex -39.5 36.3301 62
      vertex -39.0564 36.5575 62
    endloop
  endfacet
  facet normal -0.456178 0.889888 0
    outer loop
      vertex -39.5 36.3301 62
      vertex -39.0564 36.5575 0
      vertex -39.5 36.3301 0
    endloop
  endfacet
  facet normal -0.173728 0.984794 0
    outer loop
      vertex -37.6217 36.9612 0
      vertex -38.1126 36.8746 62
      vertex -37.6217 36.9612 62
    endloop
  endfacet
  facet normal -0.173728 0.984794 0
    outer loop
      vertex -38.1126 36.8746 62
      vertex -37.6217 36.9612 0
      vertex -38.1126 36.8746 0
    endloop
  endfacet
  facet normal 0.988829 -0.149057 0
    outer loop
      vertex 41.9009 -32.9907 62
      vertex 41.9752 -32.4978 0
      vertex 41.9752 -32.4978 62
    endloop
  endfacet
  facet normal 0.988829 -0.149057 0
    outer loop
      vertex 41.9752 -32.4978 0
      vertex 41.9009 -32.9907 62
      vertex 41.9009 -32.9907 0
    endloop
  endfacet
  facet normal 0.853287 -0.521442 0
    outer loop
      vertex 41.1312 -34.8166 62
      vertex 41.3911 -34.3913 0
      vertex 41.3911 -34.3913 62
    endloop
  endfacet
  facet normal 0.853287 -0.521442 0
    outer loop
      vertex 41.3911 -34.3913 0
      vertex 41.1312 -34.8166 62
      vertex 41.1312 -34.8166 0
    endloop
  endfacet
  facet normal -0.542511 -0.840049 0
    outer loop
      vertex -39.9187 -36.0597 0
      vertex -39.5 -36.3301 62
      vertex -39.9187 -36.0597 62
    endloop
  endfacet
  facet normal -0.542511 -0.840049 -0
    outer loop
      vertex -39.5 -36.3301 62
      vertex -39.9187 -36.0597 0
      vertex -39.5 -36.3301 0
    endloop
  endfacet
  facet normal -0.955584 -0.29472 0
    outer loop
      vertex -41.6985 -33.7101 0
      vertex -41.8454 -33.2338 62
      vertex -41.8454 -33.2338 0
    endloop
  endfacet
  facet normal -0.955584 -0.29472 0
    outer loop
      vertex -41.8454 -33.2338 62
      vertex -41.6985 -33.7101 0
      vertex -41.6985 -33.7101 62
    endloop
  endfacet
  facet normal -0.980162 -0.198199 0
    outer loop
      vertex -41.8454 -33.2338 0
      vertex -41.9442 -32.7452 62
      vertex -41.9442 -32.7452 0
    endloop
  endfacet
  facet normal -0.980162 -0.198199 0
    outer loop
      vertex -41.9442 -32.7452 62
      vertex -41.8454 -33.2338 0
      vertex -41.8454 -33.2338 62
    endloop
  endfacet
  facet normal -0.921412 -0.388586 0
    outer loop
      vertex -41.5048 -34.1694 0
      vertex -41.6985 -33.7101 62
      vertex -41.6985 -33.7101 0
    endloop
  endfacet
  facet normal -0.921412 -0.388586 0
    outer loop
      vertex -41.6985 -33.7101 62
      vertex -41.5048 -34.1694 0
      vertex -41.5048 -34.1694 62
    endloop
  endfacet
  facet normal -1 0 0
    outer loop
      vertex 39.6 -28.0783 6
      vertex 39.6 28.0783 6
      vertex 39.6 28.0783 0
    endloop
  endfacet
  facet normal -1 0 0
    outer loop
      vertex 39.6 28.0783 6
      vertex 39.6 2.14484 47.5105
      vertex 39.6 2.2 48
    endloop
  endfacet
  facet normal -1 0 0
    outer loop
      vertex 39.6 28.0783 6
      vertex 39.6 1.98213 47.0455
      vertex 39.6 2.14484 47.5105
    endloop
  endfacet
  facet normal -1 0 0
    outer loop
      vertex 39.6 28.0783 6
      vertex 39.6 1.72003 46.6283
      vertex 39.6 1.98213 47.0455
    endloop
  endfacet
  facet normal -1 0 0
    outer loop
      vertex 39.6 28.0783 6
      vertex 39.6 1.37168 46.28
      vertex 39.6 1.72003 46.6283
    endloop
  endfacet
  facet normal -1 0 0
    outer loop
      vertex 39.6 28.0783 6
      vertex 39.6 0.954544 46.0179
      vertex 39.6 1.37168 46.28
    endloop
  endfacet
  facet normal -1 0 0
    outer loop
      vertex 39.6 28.0783 6
      vertex 39.6 0.489546 45.8552
      vertex 39.6 0.954544 46.0179
    endloop
  endfacet
  facet normal -1 0 0
    outer loop
      vertex 39.6 28.0783 6
      vertex 39.6 0 45.8
      vertex 39.6 0.489546 45.8552
    endloop
  endfacet
  facet normal -1 0 0
    outer loop
      vertex 39.6 28.0783 6
      vertex 39.6 -28.0783 6
      vertex 39.6 0 45.8
    endloop
  endfacet
  facet normal -1 -0 0
    outer loop
      vertex 39.6 0 45.8
      vertex 39.6 -28.0783 6
      vertex 39.6 -0.489546 45.8552
    endloop
  endfacet
  facet normal -1 -0 0
    outer loop
      vertex 39.6 -0.489546 45.8552
      vertex 39.6 -28.0783 6
      vertex 39.6 -0.954544 46.0179
    endloop
  endfacet
  facet normal -1 -0 0
    outer loop
      vertex 39.6 -0.954544 46.0179
      vertex 39.6 -28.0783 6
      vertex 39.6 -1.37168 46.28
    endloop
  endfacet
  facet normal -1 0 0
    outer loop
      vertex 39.6 -30.3927 59.6
      vertex 39.6 -1.98213 47.0455
      vertex 39.6 -28.0783 6
    endloop
  endfacet
  facet normal -1 -0 0
    outer loop
      vertex 39.6 -1.72003 46.6283
      vertex 39.6 -28.0783 6
      vertex 39.6 -1.98213 47.0455
    endloop
  endfacet
  facet normal -1 -0 0
    outer loop
      vertex 39.6 -1.37168 46.28
      vertex 39.6 -28.0783 6
      vertex 39.6 -1.72003 46.6283
    endloop
  endfacet
  facet normal -1 0 0
    outer loop
      vertex 39.6 -28.0783 6
      vertex 39.6 28.0783 0
      vertex 39.6 -28.0783 0
    endloop
  endfacet
  facet normal -1 0 0
    outer loop
      vertex 39.6 28.0783 6
      vertex 39.6 30.3927 59.6
      vertex 39.6 30.3927 6
    endloop
  endfacet
  facet normal -1 0 0
    outer loop
      vertex 39.6 2.2 48
      vertex 39.6 30.3927 59.6
      vertex 39.6 28.0783 6
    endloop
  endfacet
  facet normal -1 0 0
    outer loop
      vertex 39.6 2.14484 48.4895
      vertex 39.6 30.3927 59.6
      vertex 39.6 2.2 48
    endloop
  endfacet
  facet normal -1 0 0
    outer loop
      vertex 39.6 1.98213 48.9545
      vertex 39.6 30.3927 59.6
      vertex 39.6 2.14484 48.4895
    endloop
  endfacet
  facet normal -1 0 0
    outer loop
      vertex 39.6 1.72003 49.3717
      vertex 39.6 30.3927 59.6
      vertex 39.6 1.98213 48.9545
    endloop
  endfacet
  facet normal -1 0 0
    outer loop
      vertex 39.6 1.37168 49.72
      vertex 39.6 30.3927 59.6
      vertex 39.6 1.72003 49.3717
    endloop
  endfacet
  facet normal -1 0 0
    outer loop
      vertex 39.6 0.954544 49.9821
      vertex 39.6 30.3927 59.6
      vertex 39.6 1.37168 49.72
    endloop
  endfacet
  facet normal -1 0 0
    outer loop
      vertex 39.6 0.489546 50.1448
      vertex 39.6 30.3927 59.6
      vertex 39.6 0.954544 49.9821
    endloop
  endfacet
  facet normal -1 0 0
    outer loop
      vertex 39.6 0 50.2
      vertex 39.6 30.3927 59.6
      vertex 39.6 0.489546 50.1448
    endloop
  endfacet
  facet normal -1 0 0
    outer loop
      vertex 39.6 -30.3927 59.6
      vertex 39.6 0 50.2
      vertex 39.6 -0.489546 50.1448
    endloop
  endfacet
  facet normal -1 0 0
    outer loop
      vertex 39.6 -1.98213 47.0455
      vertex 39.6 -30.3927 59.6
      vertex 39.6 -2.14484 47.5105
    endloop
  endfacet
  facet normal -1 0 0
    outer loop
      vertex 39.6 -2.14484 47.5105
      vertex 39.6 -30.3927 59.6
      vertex 39.6 -2.2 48
    endloop
  endfacet
  facet normal -1 0 0
    outer loop
      vertex 39.6 -2.2 48
      vertex 39.6 -30.3927 59.6
      vertex 39.6 -2.14484 48.4895
    endloop
  endfacet
  facet normal -1 0 0
    outer loop
      vertex 39.6 -30.3927 59.6
      vertex 39.6 -28.0783 6
      vertex 39.6 -30.3927 6
    endloop
  endfacet
  facet normal -1 0 0
    outer loop
      vertex 39.6 -2.14484 48.4895
      vertex 39.6 -30.3927 59.6
      vertex 39.6 -1.98213 48.9545
    endloop
  endfacet
  facet normal -1 0 0
    outer loop
      vertex 39.6 0 50.2
      vertex 39.6 -30.3927 59.6
      vertex 39.6 30.3927 59.6
    endloop
  endfacet
  facet normal -1 0 0
    outer loop
      vertex 39.6 -0.954544 49.9821
      vertex 39.6 -30.3927 59.6
      vertex 39.6 -0.489546 50.1448
    endloop
  endfacet
  facet normal -1 0 0
    outer loop
      vertex 39.6 -1.37168 49.72
      vertex 39.6 -30.3927 59.6
      vertex 39.6 -0.954544 49.9821
    endloop
  endfacet
  facet normal -1 0 0
    outer loop
      vertex 39.6 -1.72003 49.3717
      vertex 39.6 -30.3927 59.6
      vertex 39.6 -1.37168 49.72
    endloop
  endfacet
  facet normal -1 0 0
    outer loop
      vertex 39.6 -1.98213 48.9545
      vertex 39.6 -30.3927 59.6
      vertex 39.6 -1.72003 49.3717
    endloop
  endfacet
  facet normal 0 -1 0
    outer loop
      vertex -32.2353 34.5981 0
      vertex 32.2286 34.5981 6
      vertex -32.2353 34.5981 6
    endloop
  endfacet
  facet normal 0 -1 -0
    outer loop
      vertex 32.2286 34.5981 6
      vertex -32.2353 34.5981 0
      vertex 32.2286 34.5981 0
    endloop
  endfacet
  facet normal 0 -1 0
    outer loop
      vertex -32.2353 34.5981 6
      vertex -34.161 34.5981 59.6
      vertex -34.161 34.5981 6
    endloop
  endfacet
  facet normal 0 -1 0
    outer loop
      vertex -34.161 34.5981 59.6
      vertex -32.2353 34.5981 6
      vertex 34.161 34.5981 59.6
    endloop
  endfacet
  facet normal 0 -1 0
    outer loop
      vertex 32.2286 34.5981 6
      vertex 34.161 34.5981 59.6
      vertex -32.2353 34.5981 6
    endloop
  endfacet
  facet normal 0 -1 -0
    outer loop
      vertex 34.161 34.5981 59.6
      vertex 32.2286 34.5981 6
      vertex 34.161 34.5981 6
    endloop
  endfacet
  facet normal 0 0 -1
    outer loop
      vertex -33.3163 -30.546 59.6
      vertex -30.8 -22.9 59.6
      vertex -33.1418 -31.0139 59.6
    endloop
  endfacet
  facet normal 0 0 -1
    outer loop
      vertex -30.8 -21 59.6
      vertex -33.0356 31.5019 59.6
      vertex -33 32 59.6
    endloop
  endfacet
  facet normal 0 0 -1
    outer loop
      vertex -33.5556 -30.1078 59.6
      vertex -30.8 -22.9 59.6
      vertex -33.3163 -30.546 59.6
    endloop
  endfacet
  facet normal 0 0 -1
    outer loop
      vertex -30.8 -21 59.6
      vertex -33.1418 31.0139 59.6
      vertex -33.0356 31.5019 59.6
    endloop
  endfacet
  facet normal 0 0 -1
    outer loop
      vertex -33.8549 -29.708 59.6
      vertex -30.8 -22.9 59.6
      vertex -33.5556 -30.1078 59.6
    endloop
  endfacet
  facet normal 0 0 -1
    outer loop
      vertex -30.8 -21 59.6
      vertex -33.3163 30.546 59.6
      vertex -33.1418 31.0139 59.6
    endloop
  endfacet
  facet normal 0 0 -1
    outer loop
      vertex -34.208 -29.3549 59.6
      vertex -30.8 -22.9 59.6
      vertex -33.8549 -29.708 59.6
    endloop
  endfacet
  facet normal 0 0 -1
    outer loop
      vertex -30.8 -21 59.6
      vertex -33.5556 30.1078 59.6
      vertex -33.3163 30.546 59.6
    endloop
  endfacet
  facet normal 0 0 -1
    outer loop
      vertex -34.6078 -29.0556 59.6
      vertex -30.8 -22.9 59.6
      vertex -34.208 -29.3549 59.6
    endloop
  endfacet
  facet normal 0 0 -1
    outer loop
      vertex -30.8 -21 59.6
      vertex -33.8549 29.708 59.6
      vertex -33.5556 30.1078 59.6
    endloop
  endfacet
  facet normal 0 0 -1
    outer loop
      vertex -35.046 -28.8163 59.6
      vertex -30.8 -22.9 59.6
      vertex -34.6078 -29.0556 59.6
    endloop
  endfacet
  facet normal 0 0 -1
    outer loop
      vertex -30.8 -21 59.6
      vertex -34.208 29.3549 59.6
      vertex -33.8549 29.708 59.6
    endloop
  endfacet
  facet normal 0 0 -1
    outer loop
      vertex -35.5139 -28.6418 59.6
      vertex -30.8 -22.9 59.6
      vertex -35.046 -28.8163 59.6
    endloop
  endfacet
  facet normal 0 0 -1
    outer loop
      vertex -30.8 -21 59.6
      vertex -34.6078 29.0556 59.6
      vertex -34.208 29.3549 59.6
    endloop
  endfacet
  facet normal 0 0 -1
    outer loop
      vertex -36.0019 -28.5356 59.6
      vertex -30.8 -22.9 59.6
      vertex -35.5139 -28.6418 59.6
    endloop
  endfacet
  facet normal 0 0 -1
    outer loop
      vertex -30.8 -21 59.6
      vertex -35.046 28.8163 59.6
      vertex -34.6078 29.0556 59.6
    endloop
  endfacet
  facet normal 0 0 -1
    outer loop
      vertex -36.5 -28.5 59.6
      vertex -30.8 -22.9 59.6
      vertex -36.0019 -28.5356 59.6
    endloop
  endfacet
  facet normal 0 0 -1
    outer loop
      vertex -30.8 -21 59.6
      vertex -35.5139 28.6418 59.6
      vertex -35.046 28.8163 59.6
    endloop
  endfacet
  facet normal 0 0 -1
    outer loop
      vertex -36.9981 -28.5356 59.6
      vertex -30.8 -22.9 59.6
      vertex -36.5 -28.5 59.6
    endloop
  endfacet
  facet normal 0 0 -1
    outer loop
      vertex -30.8 -21 59.6
      vertex -36.0019 28.5356 59.6
      vertex -35.5139 28.6418 59.6
    endloop
  endfacet
  facet normal -0 0 -1
    outer loop
      vertex -30.8 -22.9 59.6
      vertex -36.9981 -28.5356 59.6
      vertex -30.8 -21 59.6
    endloop
  endfacet
  facet normal 0 0 -1
    outer loop
      vertex -30.8 -21 59.6
      vertex -36.5 28.5 59.6
      vertex -36.0019 28.5356 59.6
    endloop
  endfacet
  facet normal 0 0 -1
    outer loop
      vertex -37.4861 -28.6418 59.6
      vertex -30.8 -21 59.6
      vertex -36.9981 -28.5356 59.6
    endloop
  endfacet
  facet normal 0 0 -1
    outer loop
      vertex -30.8 -21 59.6
      vertex -36.9981 28.5356 59.6
      vertex -36.5 28.5 59.6
    endloop
  endfacet
  facet normal 0 0 -1
    outer loop
      vertex -37.954 -28.8163 59.6
      vertex -30.8 -21 59.6
      vertex -37.4861 -28.6418 59.6
    endloop
  endfacet
  facet normal 0 0 -1
    outer loop
      vertex -30.8 -21 59.6
      vertex -37.4861 28.6418 59.6
      vertex -36.9981 28.5356 59.6
    endloop
  endfacet
  facet normal 0 0 -1
    outer loop
      vertex -38.3922 -29.0556 59.6
      vertex -30.8 -21 59.6
      vertex -37.954 -28.8163 59.6
    endloop
  endfacet
  facet normal 0 0 -1
    outer loop
      vertex -30.8 -21 59.6
      vertex -37.954 28.8163 59.6
      vertex -37.4861 28.6418 59.6
    endloop
  endfacet
  facet normal 0 0 -1
    outer loop
      vertex -38.792 -29.3549 59.6
      vertex -30.8 -21 59.6
      vertex -38.3922 -29.0556 59.6
    endloop
  endfacet
  facet normal 0 0 -1
    outer loop
      vertex -30.8 -21 59.6
      vertex -38.3922 29.0556 59.6
      vertex -37.954 28.8163 59.6
    endloop
  endfacet
  facet normal 0 0 -1
    outer loop
      vertex -38.792 29.3549 59.6
      vertex -30.8 -21 59.6
      vertex -38.792 -29.3549 59.6
    endloop
  endfacet
  facet normal 0 0 -1
    outer loop
      vertex -30.8 -21 59.6
      vertex -38.792 29.3549 59.6
      vertex -38.3922 29.0556 59.6
    endloop
  endfacet
  facet normal 0 0 -1
    outer loop
      vertex -39.1451 -29.708 59.6
      vertex -38.792 29.3549 59.6
      vertex -38.792 -29.3549 59.6
    endloop
  endfacet
  facet normal 0 0 -1
    outer loop
      vertex -39.1451 -29.708 59.6
      vertex -39.1451 29.708 59.6
      vertex -38.792 29.3549 59.6
    endloop
  endfacet
  facet normal 0 0 -1
    outer loop
      vertex -39.4444 -30.1078 59.6
      vertex -39.1451 29.708 59.6
      vertex -39.1451 -29.708 59.6
    endloop
  endfacet
  facet normal 0 0 -1
    outer loop
      vertex -39.4444 -30.1078 59.6
      vertex -39.4444 30.1078 59.6
      vertex -39.1451 29.708 59.6
    endloop
  endfacet
  facet normal 0 0 -1
    outer loop
      vertex -39.5924 -30.3788 59.6
      vertex -39.4444 30.1078 59.6
      vertex -39.4444 -30.1078 59.6
    endloop
  endfacet
  facet normal -0 0 -1
    outer loop
      vertex -39.4444 30.1078 59.6
      vertex -39.5924 -30.3788 59.6
      vertex -39.5924 30.3788 59.6
    endloop
  endfacet
  facet normal 0 0 -1
    outer loop
      vertex -33.0356 -31.5019 59.6
      vertex -30.8 -34.5981 59.6
      vertex -33 -32 59.6
    endloop
  endfacet
  facet normal 0 0 -1
    outer loop
      vertex -33.1418 -31.0139 59.6
      vertex -30.8 -34.5981 59.6
      vertex -33.0356 -31.5019 59.6
    endloop
  endfacet
  facet normal 0 0 -1
    outer loop
      vertex -30.8 -34.5981 59.6
      vertex -33.0356 -32.4981 59.6
      vertex -33 -32 59.6
    endloop
  endfacet
  facet normal 0 0 -1
    outer loop
      vertex -30.8 -34.5981 59.6
      vertex -33.1418 -32.9861 59.6
      vertex -33.0356 -32.4981 59.6
    endloop
  endfacet
  facet normal 0 0 -1
    outer loop
      vertex -30.8 -34.5981 59.6
      vertex -33.3163 -33.454 59.6
      vertex -33.1418 -32.9861 59.6
    endloop
  endfacet
  facet normal 0 0 -1
    outer loop
      vertex -30.8 -34.5981 59.6
      vertex -33.5556 -33.8922 59.6
      vertex -33.3163 -33.454 59.6
    endloop
  endfacet
  facet normal 0 0 -1
    outer loop
      vertex -30.8 -34.5981 59.6
      vertex -33.8549 -34.292 59.6
      vertex -33.5556 -33.8922 59.6
    endloop
  endfacet
  facet normal 0 -0 -1
    outer loop
      vertex -33.8549 -34.292 59.6
      vertex -30.8 -34.5981 59.6
      vertex -34.161 -34.5981 59.6
    endloop
  endfacet
  facet normal -0 0 -1
    outer loop
      vertex 33.5556 30.1078 59.6
      vertex 6 4 59.6
      vertex 33.3163 30.546 59.6
    endloop
  endfacet
  facet normal -0 0 -1
    outer loop
      vertex 33.0356 -32.4981 59.6
      vertex 30.8 -34.5981 59.6
      vertex 33 -32 59.6
    endloop
  endfacet
  facet normal -0 0 -1
    outer loop
      vertex 33.1418 -32.9861 59.6
      vertex 30.8 -34.5981 59.6
      vertex 33.0356 -32.4981 59.6
    endloop
  endfacet
  facet normal -0 0 -1
    outer loop
      vertex 33.3163 -33.454 59.6
      vertex 30.8 -34.5981 59.6
      vertex 33.1418 -32.9861 59.6
    endloop
  endfacet
  facet normal -0 0 -1
    outer loop
      vertex 33.5556 -33.8922 59.6
      vertex 30.8 -34.5981 59.6
      vertex 33.3163 -33.454 59.6
    endloop
  endfacet
  facet normal -0 0 -1
    outer loop
      vertex 33.8549 -34.292 59.6
      vertex 30.8 -34.5981 59.6
      vertex 33.5556 -33.8922 59.6
    endloop
  endfacet
  facet normal 0 0 -1
    outer loop
      vertex 30.8 -34.5981 59.6
      vertex 33.8549 -34.292 59.6
      vertex 34.161 -34.5981 59.6
    endloop
  endfacet
  facet normal 0 0 -1
    outer loop
      vertex 39.4444 -30.1078 59.6
      vertex 39.6 30.3927 59.6
      vertex 39.6 -30.3927 59.6
    endloop
  endfacet
  facet normal 0 0 -1
    outer loop
      vertex 39.4444 -30.1078 59.6
      vertex 39.4444 30.1078 59.6
      vertex 39.6 30.3927 59.6
    endloop
  endfacet
  facet normal 0 0 -1
    outer loop
      vertex 39.1451 -29.708 59.6
      vertex 39.4444 30.1078 59.6
      vertex 39.4444 -30.1078 59.6
    endloop
  endfacet
  facet normal 0 0 -1
    outer loop
      vertex 39.1451 -29.708 59.6
      vertex 39.1451 29.708 59.6
      vertex 39.4444 30.1078 59.6
    endloop
  endfacet
  facet normal 0 0 -1
    outer loop
      vertex 38.792 -29.3549 59.6
      vertex 39.1451 29.708 59.6
      vertex 39.1451 -29.708 59.6
    endloop
  endfacet
  facet normal 0 0 -1
    outer loop
      vertex 38.792 -29.3549 59.6
      vertex 38.792 29.3549 59.6
      vertex 39.1451 29.708 59.6
    endloop
  endfacet
  facet normal 0 0 -1
    outer loop
      vertex 30.8 -21 59.6
      vertex 38.792 -29.3549 59.6
      vertex 38.3922 -29.0556 59.6
    endloop
  endfacet
  facet normal 0 0 -1
    outer loop
      vertex 38.792 -29.3549 59.6
      vertex 30.8 -21 59.6
      vertex 38.792 29.3549 59.6
    endloop
  endfacet
  facet normal 0 0 -1
    outer loop
      vertex 37.4861 -28.6418 59.6
      vertex 30.8 -21 59.6
      vertex 37.954 -28.8163 59.6
    endloop
  endfacet
  facet normal 0 0 -1
    outer loop
      vertex 37.954 -28.8163 59.6
      vertex 30.8 -21 59.6
      vertex 38.3922 -29.0556 59.6
    endloop
  endfacet
  facet normal 0 0 -1
    outer loop
      vertex 36.9981 -28.5356 59.6
      vertex 30.8 -21 59.6
      vertex 37.4861 -28.6418 59.6
    endloop
  endfacet
  facet normal 0 0 -1
    outer loop
      vertex 38.792 29.3549 59.6
      vertex 30.8 -21 59.6
      vertex 38.3922 29.0556 59.6
    endloop
  endfacet
  facet normal 0 0 -1
    outer loop
      vertex 30.8 -21 59.6
      vertex 36.9981 -28.5356 59.6
      vertex 30.8 -22.9 59.6
    endloop
  endfacet
  facet normal 0 0 -1
    outer loop
      vertex 38.3922 29.0556 59.6
      vertex 30.8 -21 59.6
      vertex 37.954 28.8163 59.6
    endloop
  endfacet
  facet normal 0 0 -1
    outer loop
      vertex 30.8 -22.9 59.6
      vertex 36.9981 -28.5356 59.6
      vertex 36.5 -28.5 59.6
    endloop
  endfacet
  facet normal 0 0 -1
    outer loop
      vertex 37.954 28.8163 59.6
      vertex 30.8 -21 59.6
      vertex 37.4861 28.6418 59.6
    endloop
  endfacet
  facet normal 0 0 -1
    outer loop
      vertex 30.8 -22.9 59.6
      vertex 36.5 -28.5 59.6
      vertex 36.0019 -28.5356 59.6
    endloop
  endfacet
  facet normal 0 0 -1
    outer loop
      vertex 37.4861 28.6418 59.6
      vertex 30.8 -21 59.6
      vertex 36.9981 28.5356 59.6
    endloop
  endfacet
  facet normal 0 0 -1
    outer loop
      vertex 30.8 -22.9 59.6
      vertex 36.0019 -28.5356 59.6
      vertex 35.5139 -28.6418 59.6
    endloop
  endfacet
  facet normal 0 0 -1
    outer loop
      vertex 36.9981 28.5356 59.6
      vertex 30.8 -21 59.6
      vertex 36.5 28.5 59.6
    endloop
  endfacet
  facet normal 0 0 -1
    outer loop
      vertex 30.8 -22.9 59.6
      vertex 35.5139 -28.6418 59.6
      vertex 35.046 -28.8163 59.6
    endloop
  endfacet
  facet normal -0 0 -1
    outer loop
      vertex 36.5 28.5 59.6
      vertex 30.8 -21 59.6
      vertex 36.0019 28.5356 59.6
    endloop
  endfacet
  facet normal 0 0 -1
    outer loop
      vertex 30.8 -22.9 59.6
      vertex 35.046 -28.8163 59.6
      vertex 34.6078 -29.0556 59.6
    endloop
  endfacet
  facet normal 0 0 -1
    outer loop
      vertex 6 4 59.6
      vertex 36.0019 28.5356 59.6
      vertex 30.8 -21 59.6
    endloop
  endfacet
  facet normal 0 0 -1
    outer loop
      vertex 30.8 -22.9 59.6
      vertex 34.6078 -29.0556 59.6
      vertex 34.208 -29.3549 59.6
    endloop
  endfacet
  facet normal -0 0 -1
    outer loop
      vertex 36.0019 28.5356 59.6
      vertex 6 4 59.6
      vertex 35.5139 28.6418 59.6
    endloop
  endfacet
  facet normal 0 0 -1
    outer loop
      vertex 30.8 -22.9 59.6
      vertex 34.208 -29.3549 59.6
      vertex 33.8549 -29.708 59.6
    endloop
  endfacet
  facet normal -0 0 -1
    outer loop
      vertex 35.5139 28.6418 59.6
      vertex 6 4 59.6
      vertex 35.046 28.8163 59.6
    endloop
  endfacet
  facet normal 0 0 -1
    outer loop
      vertex 30.8 -22.9 59.6
      vertex 33.8549 -29.708 59.6
      vertex 33.5556 -30.1078 59.6
    endloop
  endfacet
  facet normal -0 0 -1
    outer loop
      vertex 35.046 28.8163 59.6
      vertex 6 4 59.6
      vertex 34.6078 29.0556 59.6
    endloop
  endfacet
  facet normal 0 0 -1
    outer loop
      vertex 33.1418 -31.0139 59.6
      vertex 30.8 -22.9 59.6
      vertex 33.3163 -30.546 59.6
    endloop
  endfacet
  facet normal 0 0 -1
    outer loop
      vertex 33.3163 -30.546 59.6
      vertex 30.8 -22.9 59.6
      vertex 33.5556 -30.1078 59.6
    endloop
  endfacet
  facet normal 0 0 -1
    outer loop
      vertex 30.8 -22.9 59.6
      vertex 33.1418 -31.0139 59.6
      vertex 30.8 -34.5981 59.6
    endloop
  endfacet
  facet normal -0 0 -1
    outer loop
      vertex 34.6078 29.0556 59.6
      vertex 6 4 59.6
      vertex 34.208 29.3549 59.6
    endloop
  endfacet
  facet normal 0 0 -1
    outer loop
      vertex 30.8 -34.5981 59.6
      vertex 33.1418 -31.0139 59.6
      vertex 33.0356 -31.5019 59.6
    endloop
  endfacet
  facet normal -0 0 -1
    outer loop
      vertex 34.208 29.3549 59.6
      vertex 6 4 59.6
      vertex 33.8549 29.708 59.6
    endloop
  endfacet
  facet normal 0 0 -1
    outer loop
      vertex 30.8 -34.5981 59.6
      vertex 33.0356 -31.5019 59.6
      vertex 33 -32 59.6
    endloop
  endfacet
  facet normal -0 0 -1
    outer loop
      vertex 33.8549 29.708 59.6
      vertex 6 4 59.6
      vertex 33.5556 30.1078 59.6
    endloop
  endfacet
  facet normal -0 0 -1
    outer loop
      vertex 33.3163 30.546 59.6
      vertex 6 4 59.6
      vertex 33.1418 31.0139 59.6
    endloop
  endfacet
  facet normal -0 0 -1
    outer loop
      vertex 33.1418 31.0139 59.6
      vertex 6 4 59.6
      vertex 33.0356 31.5019 59.6
    endloop
  endfacet
  facet normal 0 0 -1
    outer loop
      vertex 6 4 59.6
      vertex 30.8 -21 59.6
      vertex 6 -4 59.6
    endloop
  endfacet
  facet normal -0 0 -1
    outer loop
      vertex 33.0356 31.5019 59.6
      vertex 6 4 59.6
      vertex 33 32 59.6
    endloop
  endfacet
  facet normal -0 0 -1
    outer loop
      vertex 33 32 59.6
      vertex 6 4 59.6
      vertex 33.0356 32.4981 59.6
    endloop
  endfacet
  facet normal 0 0 -1
    outer loop
      vertex -33.0356 32.4981 59.6
      vertex 33.0356 32.4981 59.6
      vertex 6 4 59.6
    endloop
  endfacet
  facet normal 0 0 -1
    outer loop
      vertex 33.0356 32.4981 59.6
      vertex -33.0356 32.4981 59.6
      vertex 33.1418 32.9861 59.6
    endloop
  endfacet
  facet normal 0 0 -1
    outer loop
      vertex -33.1418 32.9861 59.6
      vertex 33.1418 32.9861 59.6
      vertex -33.0356 32.4981 59.6
    endloop
  endfacet
  facet normal 0 0 -1
    outer loop
      vertex 33.1418 32.9861 59.6
      vertex -33.1418 32.9861 59.6
      vertex 33.3163 33.454 59.6
    endloop
  endfacet
  facet normal 0 0 -1
    outer loop
      vertex -33.0356 32.4981 59.6
      vertex 6 4 59.6
      vertex -6 4 59.6
    endloop
  endfacet
  facet normal 0 0 -1
    outer loop
      vertex -33.3163 33.454 59.6
      vertex 33.3163 33.454 59.6
      vertex -33.1418 32.9861 59.6
    endloop
  endfacet
  facet normal 0 0 -1
    outer loop
      vertex -30.8 -34.5981 59.6
      vertex -33.1418 -31.0139 59.6
      vertex -30.8 -22.9 59.6
    endloop
  endfacet
  facet normal 0 0 -1
    outer loop
      vertex -33 32 59.6
      vertex -6 4 59.6
      vertex -30.8 -21 59.6
    endloop
  endfacet
  facet normal 0 0 -1
    outer loop
      vertex -33.0356 32.4981 59.6
      vertex -6 4 59.6
      vertex -33 32 59.6
    endloop
  endfacet
  facet normal 0 0 -1
    outer loop
      vertex 33.3163 33.454 59.6
      vertex -33.3163 33.454 59.6
      vertex 33.5556 33.8922 59.6
    endloop
  endfacet
  facet normal 0 0 -1
    outer loop
      vertex -33.5556 33.8922 59.6
      vertex 33.5556 33.8922 59.6
      vertex -33.3163 33.454 59.6
    endloop
  endfacet
  facet normal 0 0 -1
    outer loop
      vertex 33.5556 33.8922 59.6
      vertex -33.5556 33.8922 59.6
      vertex 33.8549 34.292 59.6
    endloop
  endfacet
  facet normal 0 0 -1
    outer loop
      vertex -33.8549 34.292 59.6
      vertex 33.8549 34.292 59.6
      vertex -33.5556 33.8922 59.6
    endloop
  endfacet
  facet normal 0 0 -1
    outer loop
      vertex 33.8549 34.292 59.6
      vertex -33.8549 34.292 59.6
      vertex 34.161 34.5981 59.6
    endloop
  endfacet
  facet normal -0 0 -1
    outer loop
      vertex 34.161 34.5981 59.6
      vertex -33.8549 34.292 59.6
      vertex -34.161 34.5981 59.6
    endloop
  endfacet
  facet normal 0 0 -1
    outer loop
      vertex 30.8 -21 59.6
      vertex -6 -4 59.6
      vertex 6 -4 59.6
    endloop
  endfacet
  facet normal -0 0 -1
    outer loop
      vertex -6 -4 59.6
      vertex -30.8 -21 59.6
      vertex -6 4 59.6
    endloop
  endfacet
  facet normal 0 0 -1
    outer loop
      vertex -30.8 -21 59.6
      vertex -6 -4 59.6
      vertex 30.8 -21 59.6
    endloop
  endfacet
  facet normal 0 0 -1
    outer loop
      vertex -28.8 -30.5 59.6
      vertex -26.8 -27.1 59.6
      vertex -26.8 -30.5 59.6
    endloop
  endfacet
  facet normal -0 0 -1
    outer loop
      vertex -26.8 -27.1 59.6
      vertex -28.8 -30.5 59.6
      vertex -28.8 -27.1 59.6
    endloop
  endfacet
  facet normal 0 0 -1
    outer loop
      vertex -26.8 -30.5 59.6
      vertex -26.1 -34.5981 59.6
      vertex -26.8 -34.5981 59.6
    endloop
  endfacet
  facet normal 0 0 -1
    outer loop
      vertex -26.1 -34.5981 59.6
      vertex -26.8 -30.5 59.6
      vertex -26.1 -23 59.6
    endloop
  endfacet
  facet normal 0 0 -1
    outer loop
      vertex -26.8 -27.1 59.6
      vertex -26.1 -23 59.6
      vertex -26.8 -30.5 59.6
    endloop
  endfacet
  facet normal -0 0 -1
    outer loop
      vertex -26.1 -23 59.6
      vertex -26.8 -27.1 59.6
      vertex -26.8 -23 59.6
    endloop
  endfacet
  facet normal 0 0 -1
    outer loop
      vertex 26.1 -34.5981 59.6
      vertex 26.8 -30.5 59.6
      vertex 26.8 -34.5981 59.6
    endloop
  endfacet
  facet normal -0 0 -1
    outer loop
      vertex 26.8 -30.5 59.6
      vertex 26.1 -34.5981 59.6
      vertex 26.8 -27.1 59.6
    endloop
  endfacet
  facet normal 0 0 -1
    outer loop
      vertex 26.1 -23 59.6
      vertex 26.8 -27.1 59.6
      vertex 26.1 -34.5981 59.6
    endloop
  endfacet
  facet normal 0 0 -1
    outer loop
      vertex 26.8 -27.1 59.6
      vertex 26.1 -23 59.6
      vertex 26.8 -23 59.6
    endloop
  endfacet
  facet normal 0 0 -1
    outer loop
      vertex 26.8 -30.5 59.6
      vertex 28.8 -27.1 59.6
      vertex 28.8 -30.5 59.6
    endloop
  endfacet
  facet normal -0 0 -1
    outer loop
      vertex 28.8 -27.1 59.6
      vertex 26.8 -30.5 59.6
      vertex 26.8 -27.1 59.6
    endloop
  endfacet
  facet normal 0 1 0
    outer loop
      vertex 26.8 -34.5981 59.6
      vertex 26.1 -34.5981 59.4
      vertex 26.1 -34.5981 59.6
    endloop
  endfacet
  facet normal 0 1 0
    outer loop
      vertex 26.1 -34.5981 59.4
      vertex 22 -34.5981 56
      vertex -26.1 -34.5981 59.4
    endloop
  endfacet
  facet normal 0 1 0
    outer loop
      vertex 26.8 -34.5981 59.6
      vertex 22 -34.5981 56
      vertex 26.1 -34.5981 59.4
    endloop
  endfacet
  facet normal 0 1 0
    outer loop
      vertex 26.8 -34.5981 59.6
      vertex 22 -34.5981 24
      vertex 22 -34.5981 56
    endloop
  endfacet
  facet normal 0 1 -0
    outer loop
      vertex 24.25 -34.5981 18
      vertex 22 -34.5981 24
      vertex 26.8 -34.5981 18
    endloop
  endfacet
  facet normal 0 1 -0
    outer loop
      vertex 26.8 -34.5981 18
      vertex 22 -34.5981 24
      vertex 26.8 -34.5981 59.6
    endloop
  endfacet
  facet normal 0 1 -0
    outer loop
      vertex -26.1 -34.5981 59.4
      vertex -26.8 -34.5981 59.6
      vertex -26.1 -34.5981 59.6
    endloop
  endfacet
  facet normal 0 1 -0
    outer loop
      vertex -22 -34.5981 56
      vertex -26.1 -34.5981 59.4
      vertex 22 -34.5981 56
    endloop
  endfacet
  facet normal 0 1 0
    outer loop
      vertex -22 -34.5981 56
      vertex -26.8 -34.5981 59.6
      vertex -26.1 -34.5981 59.4
    endloop
  endfacet
  facet normal 0 1 -0
    outer loop
      vertex -22 -34.5981 24
      vertex -26.8 -34.5981 59.6
      vertex -22 -34.5981 56
    endloop
  endfacet
  facet normal 0 1 0
    outer loop
      vertex 14.7249 -34.5981 14.9552
      vertex 22 -34.5981 24
      vertex 24.25 -34.5981 18
    endloop
  endfacet
  facet normal 0 1 0
    outer loop
      vertex 11.7598 -34.5981 15.0747
      vertex 22 -34.5981 24
      vertex 12.2527 -34.5981 15.1548
    endloop
  endfacet
  facet normal 0 1 0
    outer loop
      vertex -26.8 -34.5981 18
      vertex -22 -34.5981 24
      vertex -24.25 -34.5981 18
    endloop
  endfacet
  facet normal 0 1 0
    outer loop
      vertex -22 -34.5981 24
      vertex -26.8 -34.5981 18
      vertex -26.8 -34.5981 59.6
    endloop
  endfacet
  facet normal 0 1 0
    outer loop
      vertex -32.2353 -34.5981 0
      vertex -18.4898 -34.5981 6.11872
      vertex -18.2402 -34.5981 5.68631
    endloop
  endfacet
  facet normal 0 1 0
    outer loop
      vertex -32.2353 -34.5981 0
      vertex -18.2402 -34.5981 5.68631
      vertex -17.9565 -34.5981 5.2754
    endloop
  endfacet
  facet normal 0 1 0
    outer loop
      vertex -32.2353 -34.5981 0
      vertex -17.9565 -34.5981 5.2754
      vertex -17.6408 -34.5981 4.88864
    endloop
  endfacet
  facet normal 0 1 0
    outer loop
      vertex -32.2353 -34.5981 0
      vertex -17.6408 -34.5981 4.88864
      vertex -17.2949 -34.5981 4.52854
    endloop
  endfacet
  facet normal 0 1 0
    outer loop
      vertex -32.2353 -34.5981 0
      vertex -17.2949 -34.5981 4.52854
      vertex -16.9212 -34.5981 4.19745
    endloop
  endfacet
  facet normal 0 1 0
    outer loop
      vertex -32.2353 -34.5981 0
      vertex -16.9212 -34.5981 4.19745
      vertex -16.522 -34.5981 3.8975
    endloop
  endfacet
  facet normal 0 1 0
    outer loop
      vertex -32.2353 -34.5981 0
      vertex -16.522 -34.5981 3.8975
      vertex -16.1 -34.5981 3.63064
    endloop
  endfacet
  facet normal 0 1 0
    outer loop
      vertex -32.2353 -34.5981 0
      vertex -16.1 -34.5981 3.63064
      vertex -15.6579 -34.5981 3.39861
    endloop
  endfacet
  facet normal 0 1 0
    outer loop
      vertex -32.2353 -34.5981 0
      vertex -15.6579 -34.5981 3.39861
      vertex -15.1986 -34.5981 3.2029
    endloop
  endfacet
  facet normal 0 1 0
    outer loop
      vertex -32.2353 -34.5981 0
      vertex -15.1986 -34.5981 3.2029
      vertex -14.7249 -34.5981 3.04479
    endloop
  endfacet
  facet normal 0 1 0
    outer loop
      vertex -32.2353 -34.5981 0
      vertex -14.7249 -34.5981 3.04479
      vertex -14.2402 -34.5981 2.9253
    endloop
  endfacet
  facet normal 0 1 0
    outer loop
      vertex -18.4898 -34.5981 6.11872
      vertex -32.2353 -34.5981 0
      vertex -32.2353 -34.5981 6
    endloop
  endfacet
  facet normal 0 1 0
    outer loop
      vertex -13.7473 -34.5981 2.8452
      vertex -32.2353 -34.5981 0
      vertex -14.2402 -34.5981 2.9253
    endloop
  endfacet
  facet normal 0 1 0
    outer loop
      vertex -13.2496 -34.5981 2.80503
      vertex -32.2353 -34.5981 0
      vertex -13.7473 -34.5981 2.8452
    endloop
  endfacet
  facet normal 0 1 0
    outer loop
      vertex -12.7504 -34.5981 2.80503
      vertex -32.2353 -34.5981 0
      vertex -13.2496 -34.5981 2.80503
    endloop
  endfacet
  facet normal 0 1 -0
    outer loop
      vertex 32.2286 -34.5981 6
      vertex 24.25 -34.5981 15
      vertex 34.161 -34.5981 15
    endloop
  endfacet
  facet normal 0 1 0
    outer loop
      vertex 24.25 -34.5981 15
      vertex 15.1986 -34.5981 14.7971
      vertex 14.7249 -34.5981 14.9552
    endloop
  endfacet
  facet normal 0 1 0
    outer loop
      vertex 24.25 -34.5981 15
      vertex 15.6579 -34.5981 14.6014
      vertex 15.1986 -34.5981 14.7971
    endloop
  endfacet
  facet normal 0 1 0
    outer loop
      vertex 24.25 -34.5981 15
      vertex 16.1 -34.5981 14.3694
      vertex 15.6579 -34.5981 14.6014
    endloop
  endfacet
  facet normal 0 1 0
    outer loop
      vertex 24.25 -34.5981 15
      vertex 16.522 -34.5981 14.1025
      vertex 16.1 -34.5981 14.3694
    endloop
  endfacet
  facet normal 0 1 0
    outer loop
      vertex 24.25 -34.5981 15
      vertex 16.9212 -34.5981 13.8026
      vertex 16.522 -34.5981 14.1025
    endloop
  endfacet
  facet normal 0 1 0
    outer loop
      vertex 24.25 -34.5981 15
      vertex 17.2949 -34.5981 13.4715
      vertex 16.9212 -34.5981 13.8026
    endloop
  endfacet
  facet normal 0 1 0
    outer loop
      vertex 24.25 -34.5981 15
      vertex 17.6408 -34.5981 13.1114
      vertex 17.2949 -34.5981 13.4715
    endloop
  endfacet
  facet normal 0 1 0
    outer loop
      vertex 24.25 -34.5981 15
      vertex 17.9565 -34.5981 12.7246
      vertex 17.6408 -34.5981 13.1114
    endloop
  endfacet
  facet normal 0 1 0
    outer loop
      vertex 24.25 -34.5981 15
      vertex 18.2402 -34.5981 12.3137
      vertex 17.9565 -34.5981 12.7246
    endloop
  endfacet
  facet normal 0 1 0
    outer loop
      vertex 24.25 -34.5981 15
      vertex 18.4898 -34.5981 11.8813
      vertex 18.2402 -34.5981 12.3137
    endloop
  endfacet
  facet normal 0 1 0
    outer loop
      vertex 24.25 -34.5981 15
      vertex 18.7039 -34.5981 11.4302
      vertex 18.4898 -34.5981 11.8813
    endloop
  endfacet
  facet normal 0 1 0
    outer loop
      vertex 24.25 -34.5981 15
      vertex 18.8809 -34.5981 10.9633
      vertex 18.7039 -34.5981 11.4302
    endloop
  endfacet
  facet normal 0 1 0
    outer loop
      vertex 24.25 -34.5981 15
      vertex 19.0198 -34.5981 10.4838
      vertex 18.8809 -34.5981 10.9633
    endloop
  endfacet
  facet normal 0 1 0
    outer loop
      vertex 24.25 -34.5981 15
      vertex 19.1197 -34.5981 9.99455
      vertex 19.0198 -34.5981 10.4838
    endloop
  endfacet
  facet normal -0 1 0
    outer loop
      vertex 19.2 -34.5981 9
      vertex 24.25 -34.5981 15
      vertex 32.2286 -34.5981 6
    endloop
  endfacet
  facet normal 0 1 0
    outer loop
      vertex 24.25 -34.5981 15
      vertex 19.1799 -34.5981 9.49889
      vertex 19.1197 -34.5981 9.99455
    endloop
  endfacet
  facet normal 0 1 0
    outer loop
      vertex 24.25 -34.5981 15
      vertex 19.2 -34.5981 9
      vertex 19.1799 -34.5981 9.49889
    endloop
  endfacet
  facet normal 0 1 0
    outer loop
      vertex 19.2 -34.5981 9
      vertex 32.2286 -34.5981 6
      vertex 19.1799 -34.5981 8.50111
    endloop
  endfacet
  facet normal 0 1 0
    outer loop
      vertex 19.1799 -34.5981 8.50111
      vertex 32.2286 -34.5981 6
      vertex 19.1197 -34.5981 8.00545
    endloop
  endfacet
  facet normal 0 1 0
    outer loop
      vertex 19.1197 -34.5981 8.00545
      vertex 32.2286 -34.5981 6
      vertex 19.0198 -34.5981 7.51624
    endloop
  endfacet
  facet normal 0 1 0
    outer loop
      vertex 19.0198 -34.5981 7.51624
      vertex 32.2286 -34.5981 6
      vertex 18.8809 -34.5981 7.03666
    endloop
  endfacet
  facet normal 0 1 0
    outer loop
      vertex 18.8809 -34.5981 7.03666
      vertex 32.2286 -34.5981 6
      vertex 18.7039 -34.5981 6.56981
    endloop
  endfacet
  facet normal 0 1 0
    outer loop
      vertex 32.2286 -34.5981 6
      vertex 34.161 -34.5981 15
      vertex 34.161 -34.5981 6
    endloop
  endfacet
  facet normal 0 1 0
    outer loop
      vertex 18.7039 -34.5981 6.56981
      vertex 32.2286 -34.5981 6
      vertex 18.4898 -34.5981 6.11872
    endloop
  endfacet
  facet normal 0 1 -0
    outer loop
      vertex 32.2286 -34.5981 0
      vertex 18.4898 -34.5981 6.11872
      vertex 32.2286 -34.5981 6
    endloop
  endfacet
  facet normal 0 1 0
    outer loop
      vertex 18.4898 -34.5981 6.11872
      vertex 32.2286 -34.5981 0
      vertex 18.2402 -34.5981 5.68631
    endloop
  endfacet
  facet normal 0 1 0
    outer loop
      vertex 18.2402 -34.5981 5.68631
      vertex 32.2286 -34.5981 0
      vertex 17.9565 -34.5981 5.2754
    endloop
  endfacet
  facet normal 0 1 0
    outer loop
      vertex 17.9565 -34.5981 5.2754
      vertex 32.2286 -34.5981 0
      vertex 17.6408 -34.5981 4.88864
    endloop
  endfacet
  facet normal 0 1 0
    outer loop
      vertex 17.6408 -34.5981 4.88864
      vertex 32.2286 -34.5981 0
      vertex 17.2949 -34.5981 4.52854
    endloop
  endfacet
  facet normal 0 1 0
    outer loop
      vertex 17.2949 -34.5981 4.52854
      vertex 32.2286 -34.5981 0
      vertex 16.9212 -34.5981 4.19745
    endloop
  endfacet
  facet normal 0 1 0
    outer loop
      vertex 16.9212 -34.5981 4.19745
      vertex 32.2286 -34.5981 0
      vertex 16.522 -34.5981 3.8975
    endloop
  endfacet
  facet normal 0 1 0
    outer loop
      vertex 16.522 -34.5981 3.8975
      vertex 32.2286 -34.5981 0
      vertex 16.1 -34.5981 3.63064
    endloop
  endfacet
  facet normal 0 1 0
    outer loop
      vertex 16.1 -34.5981 3.63064
      vertex 32.2286 -34.5981 0
      vertex 15.6579 -34.5981 3.39861
    endloop
  endfacet
  facet normal 0 1 0
    outer loop
      vertex 15.6579 -34.5981 3.39861
      vertex 32.2286 -34.5981 0
      vertex 15.1986 -34.5981 3.2029
    endloop
  endfacet
  facet normal 0 1 0
    outer loop
      vertex 15.1986 -34.5981 3.2029
      vertex 32.2286 -34.5981 0
      vertex 14.7249 -34.5981 3.04479
    endloop
  endfacet
  facet normal 0 1 0
    outer loop
      vertex 32.2286 -34.5981 0
      vertex 12.7504 -34.5981 2.80503
      vertex 13.2496 -34.5981 2.80503
    endloop
  endfacet
  facet normal 0 1 0
    outer loop
      vertex 12.7504 -34.5981 2.80503
      vertex 32.2286 -34.5981 0
      vertex -12.7504 -34.5981 2.80503
    endloop
  endfacet
  facet normal 0 1 0
    outer loop
      vertex -32.2353 -34.5981 0
      vertex -12.7504 -34.5981 2.80503
      vertex 32.2286 -34.5981 0
    endloop
  endfacet
  facet normal 0 1 0
    outer loop
      vertex 13.7473 -34.5981 2.8452
      vertex 32.2286 -34.5981 0
      vertex 13.2496 -34.5981 2.80503
    endloop
  endfacet
  facet normal 0 1 0
    outer loop
      vertex 14.2402 -34.5981 2.9253
      vertex 32.2286 -34.5981 0
      vertex 13.7473 -34.5981 2.8452
    endloop
  endfacet
  facet normal 0 1 0
    outer loop
      vertex 14.7249 -34.5981 3.04479
      vertex 32.2286 -34.5981 0
      vertex 14.2402 -34.5981 2.9253
    endloop
  endfacet
  facet normal -0 1 -0
    outer loop
      vertex -12.7504 -34.5981 15.195
      vertex -22 -34.5981 24
      vertex -12.2527 -34.5981 15.1548
    endloop
  endfacet
  facet normal 0 1 -0
    outer loop
      vertex -13.2496 -34.5981 15.195
      vertex -22 -34.5981 24
      vertex -12.7504 -34.5981 15.195
    endloop
  endfacet
  facet normal 0 1 0
    outer loop
      vertex 10.8014 -34.5981 14.7971
      vertex 22 -34.5981 24
      vertex 11.2751 -34.5981 14.9552
    endloop
  endfacet
  facet normal 0 1 0
    outer loop
      vertex -22 -34.5981 24
      vertex -11.7598 -34.5981 15.0747
      vertex -12.2527 -34.5981 15.1548
    endloop
  endfacet
  facet normal 0 1 0
    outer loop
      vertex 22 -34.5981 24
      vertex 10.8014 -34.5981 14.7971
      vertex -22 -34.5981 24
    endloop
  endfacet
  facet normal 0 1 0
    outer loop
      vertex -22 -34.5981 24
      vertex -11.2751 -34.5981 14.9552
      vertex -11.7598 -34.5981 15.0747
    endloop
  endfacet
  facet normal 0 1 -0
    outer loop
      vertex -10.8014 -34.5981 14.7971
      vertex -22 -34.5981 24
      vertex 10.8014 -34.5981 14.7971
    endloop
  endfacet
  facet normal 0 1 0
    outer loop
      vertex -22 -34.5981 24
      vertex -10.8014 -34.5981 14.7971
      vertex -11.2751 -34.5981 14.9552
    endloop
  endfacet
  facet normal 0 1 -0
    outer loop
      vertex 10.3421 -34.5981 14.6014
      vertex -10.8014 -34.5981 14.7971
      vertex 10.8014 -34.5981 14.7971
    endloop
  endfacet
  facet normal 0 1 0
    outer loop
      vertex 10.3421 -34.5981 14.6014
      vertex -10.3421 -34.5981 14.6014
      vertex -10.8014 -34.5981 14.7971
    endloop
  endfacet
  facet normal 0 1 -0
    outer loop
      vertex 9.9 -34.5981 14.3694
      vertex -10.3421 -34.5981 14.6014
      vertex 10.3421 -34.5981 14.6014
    endloop
  endfacet
  facet normal 0 1 0
    outer loop
      vertex 9.9 -34.5981 14.3694
      vertex -9.9 -34.5981 14.3694
      vertex -10.3421 -34.5981 14.6014
    endloop
  endfacet
  facet normal 0 1 -0
    outer loop
      vertex 9.478 -34.5981 14.1025
      vertex -9.9 -34.5981 14.3694
      vertex 9.9 -34.5981 14.3694
    endloop
  endfacet
  facet normal 0 1 0
    outer loop
      vertex 9.478 -34.5981 14.1025
      vertex -9.478 -34.5981 14.1025
      vertex -9.9 -34.5981 14.3694
    endloop
  endfacet
  facet normal 0 1 -0
    outer loop
      vertex 9.07884 -34.5981 13.8026
      vertex -9.478 -34.5981 14.1025
      vertex 9.478 -34.5981 14.1025
    endloop
  endfacet
  facet normal 0 1 0
    outer loop
      vertex 9.07884 -34.5981 13.8026
      vertex -9.07884 -34.5981 13.8026
      vertex -9.478 -34.5981 14.1025
    endloop
  endfacet
  facet normal 0 1 -0
    outer loop
      vertex 8.70511 -34.5981 13.4715
      vertex -9.07884 -34.5981 13.8026
      vertex 9.07884 -34.5981 13.8026
    endloop
  endfacet
  facet normal 0 1 0
    outer loop
      vertex 8.70511 -34.5981 13.4715
      vertex -8.70511 -34.5981 13.4715
      vertex -9.07884 -34.5981 13.8026
    endloop
  endfacet
  facet normal 0 1 -0
    outer loop
      vertex 8.35923 -34.5981 13.1114
      vertex -8.70511 -34.5981 13.4715
      vertex 8.70511 -34.5981 13.4715
    endloop
  endfacet
  facet normal 0 1 0
    outer loop
      vertex 8.35923 -34.5981 13.1114
      vertex -8.35923 -34.5981 13.1114
      vertex -8.70511 -34.5981 13.4715
    endloop
  endfacet
  facet normal 0 1 -0
    outer loop
      vertex 8.04345 -34.5981 12.7246
      vertex -8.35923 -34.5981 13.1114
      vertex 8.35923 -34.5981 13.1114
    endloop
  endfacet
  facet normal 0 1 0
    outer loop
      vertex 8.04345 -34.5981 12.7246
      vertex -8.04345 -34.5981 12.7246
      vertex -8.35923 -34.5981 13.1114
    endloop
  endfacet
  facet normal 0 1 -0
    outer loop
      vertex 7.75982 -34.5981 12.3137
      vertex -8.04345 -34.5981 12.7246
      vertex 8.04345 -34.5981 12.7246
    endloop
  endfacet
  facet normal 0 1 0
    outer loop
      vertex 7.75982 -34.5981 12.3137
      vertex -7.75982 -34.5981 12.3137
      vertex -8.04345 -34.5981 12.7246
    endloop
  endfacet
  facet normal 0 1 -0
    outer loop
      vertex 7.51017 -34.5981 11.8813
      vertex -7.75982 -34.5981 12.3137
      vertex 7.75982 -34.5981 12.3137
    endloop
  endfacet
  facet normal 0 1 0
    outer loop
      vertex 7.51017 -34.5981 11.8813
      vertex -7.51017 -34.5981 11.8813
      vertex -7.75982 -34.5981 12.3137
    endloop
  endfacet
  facet normal 0 1 -0
    outer loop
      vertex 7.29613 -34.5981 11.4302
      vertex -7.51017 -34.5981 11.8813
      vertex 7.51017 -34.5981 11.8813
    endloop
  endfacet
  facet normal 0 1 0
    outer loop
      vertex 7.29613 -34.5981 11.4302
      vertex -7.29613 -34.5981 11.4302
      vertex -7.51017 -34.5981 11.8813
    endloop
  endfacet
  facet normal 0 1 -0
    outer loop
      vertex 7.11907 -34.5981 10.9633
      vertex -7.29613 -34.5981 11.4302
      vertex 7.29613 -34.5981 11.4302
    endloop
  endfacet
  facet normal 0 1 0
    outer loop
      vertex 7.11907 -34.5981 10.9633
      vertex -7.11907 -34.5981 10.9633
      vertex -7.29613 -34.5981 11.4302
    endloop
  endfacet
  facet normal 0 1 -0
    outer loop
      vertex 6.98016 -34.5981 10.4838
      vertex -7.11907 -34.5981 10.9633
      vertex 7.11907 -34.5981 10.9633
    endloop
  endfacet
  facet normal 0 1 0
    outer loop
      vertex 6.98016 -34.5981 10.4838
      vertex -6.98016 -34.5981 10.4838
      vertex -7.11907 -34.5981 10.9633
    endloop
  endfacet
  facet normal 0 1 -0
    outer loop
      vertex 6.88029 -34.5981 9.99455
      vertex -6.98016 -34.5981 10.4838
      vertex 6.98016 -34.5981 10.4838
    endloop
  endfacet
  facet normal 0 1 0
    outer loop
      vertex 6.88029 -34.5981 9.99455
      vertex -6.88029 -34.5981 9.99455
      vertex -6.98016 -34.5981 10.4838
    endloop
  endfacet
  facet normal 0 1 -0
    outer loop
      vertex 6.8201 -34.5981 9.49889
      vertex -6.88029 -34.5981 9.99455
      vertex 6.88029 -34.5981 9.99455
    endloop
  endfacet
  facet normal 0 1 0
    outer loop
      vertex 6.8201 -34.5981 9.49889
      vertex -6.8201 -34.5981 9.49889
      vertex -6.88029 -34.5981 9.99455
    endloop
  endfacet
  facet normal 0 1 -0
    outer loop
      vertex 6.8 -34.5981 9
      vertex -6.8201 -34.5981 9.49889
      vertex 6.8201 -34.5981 9.49889
    endloop
  endfacet
  facet normal 0 1 0
    outer loop
      vertex 6.8 -34.5981 9
      vertex -6.8 -34.5981 9
      vertex -6.8201 -34.5981 9.49889
    endloop
  endfacet
  facet normal 0 1 0
    outer loop
      vertex 6.8201 -34.5981 8.50111
      vertex -6.8 -34.5981 9
      vertex 6.8 -34.5981 9
    endloop
  endfacet
  facet normal 0 1 0
    outer loop
      vertex 6.8201 -34.5981 8.50111
      vertex -6.8201 -34.5981 8.50111
      vertex -6.8 -34.5981 9
    endloop
  endfacet
  facet normal 0 1 0
    outer loop
      vertex 6.88029 -34.5981 8.00545
      vertex -6.8201 -34.5981 8.50111
      vertex 6.8201 -34.5981 8.50111
    endloop
  endfacet
  facet normal 0 1 0
    outer loop
      vertex 6.88029 -34.5981 8.00545
      vertex -6.88029 -34.5981 8.00545
      vertex -6.8201 -34.5981 8.50111
    endloop
  endfacet
  facet normal 0 1 0
    outer loop
      vertex 6.98016 -34.5981 7.51624
      vertex -6.88029 -34.5981 8.00545
      vertex 6.88029 -34.5981 8.00545
    endloop
  endfacet
  facet normal 0 1 0
    outer loop
      vertex 6.98016 -34.5981 7.51624
      vertex -6.98016 -34.5981 7.51624
      vertex -6.88029 -34.5981 8.00545
    endloop
  endfacet
  facet normal 0 1 0
    outer loop
      vertex 7.11907 -34.5981 7.03666
      vertex -6.98016 -34.5981 7.51624
      vertex 6.98016 -34.5981 7.51624
    endloop
  endfacet
  facet normal 0 1 0
    outer loop
      vertex 7.11907 -34.5981 7.03666
      vertex -7.11907 -34.5981 7.03666
      vertex -6.98016 -34.5981 7.51624
    endloop
  endfacet
  facet normal 0 1 0
    outer loop
      vertex 7.29613 -34.5981 6.56981
      vertex -7.11907 -34.5981 7.03666
      vertex 7.11907 -34.5981 7.03666
    endloop
  endfacet
  facet normal 0 1 0
    outer loop
      vertex 7.29613 -34.5981 6.56981
      vertex -7.29613 -34.5981 6.56981
      vertex -7.11907 -34.5981 7.03666
    endloop
  endfacet
  facet normal 0 1 0
    outer loop
      vertex 7.51017 -34.5981 6.11872
      vertex -7.29613 -34.5981 6.56981
      vertex 7.29613 -34.5981 6.56981
    endloop
  endfacet
  facet normal 0 1 0
    outer loop
      vertex 7.51017 -34.5981 6.11872
      vertex -7.51017 -34.5981 6.11872
      vertex -7.29613 -34.5981 6.56981
    endloop
  endfacet
  facet normal 0 1 0
    outer loop
      vertex 7.75982 -34.5981 5.68631
      vertex -7.51017 -34.5981 6.11872
      vertex 7.51017 -34.5981 6.11872
    endloop
  endfacet
  facet normal 0 1 0
    outer loop
      vertex 7.75982 -34.5981 5.68631
      vertex -7.75982 -34.5981 5.68631
      vertex -7.51017 -34.5981 6.11872
    endloop
  endfacet
  facet normal 0 1 0
    outer loop
      vertex 8.04345 -34.5981 5.2754
      vertex -7.75982 -34.5981 5.68631
      vertex 7.75982 -34.5981 5.68631
    endloop
  endfacet
  facet normal 0 1 0
    outer loop
      vertex 8.04345 -34.5981 5.2754
      vertex -8.04345 -34.5981 5.2754
      vertex -7.75982 -34.5981 5.68631
    endloop
  endfacet
  facet normal 0 1 0
    outer loop
      vertex 8.35923 -34.5981 4.88864
      vertex -8.04345 -34.5981 5.2754
      vertex 8.04345 -34.5981 5.2754
    endloop
  endfacet
  facet normal 0 1 0
    outer loop
      vertex 8.35923 -34.5981 4.88864
      vertex -8.35923 -34.5981 4.88864
      vertex -8.04345 -34.5981 5.2754
    endloop
  endfacet
  facet normal 0 1 0
    outer loop
      vertex 8.70511 -34.5981 4.52854
      vertex -8.35923 -34.5981 4.88864
      vertex 8.35923 -34.5981 4.88864
    endloop
  endfacet
  facet normal 0 1 0
    outer loop
      vertex 8.70511 -34.5981 4.52854
      vertex -8.70511 -34.5981 4.52854
      vertex -8.35923 -34.5981 4.88864
    endloop
  endfacet
  facet normal 0 1 0
    outer loop
      vertex 9.07884 -34.5981 4.19745
      vertex -8.70511 -34.5981 4.52854
      vertex 8.70511 -34.5981 4.52854
    endloop
  endfacet
  facet normal 0 1 0
    outer loop
      vertex 9.07884 -34.5981 4.19745
      vertex -9.07884 -34.5981 4.19745
      vertex -8.70511 -34.5981 4.52854
    endloop
  endfacet
  facet normal 0 1 0
    outer loop
      vertex 9.478 -34.5981 3.8975
      vertex -9.07884 -34.5981 4.19745
      vertex 9.07884 -34.5981 4.19745
    endloop
  endfacet
  facet normal 0 1 0
    outer loop
      vertex 9.478 -34.5981 3.8975
      vertex -9.478 -34.5981 3.8975
      vertex -9.07884 -34.5981 4.19745
    endloop
  endfacet
  facet normal 0 1 0
    outer loop
      vertex 9.9 -34.5981 3.63064
      vertex -9.478 -34.5981 3.8975
      vertex 9.478 -34.5981 3.8975
    endloop
  endfacet
  facet normal 0 1 0
    outer loop
      vertex 9.9 -34.5981 3.63064
      vertex -9.9 -34.5981 3.63064
      vertex -9.478 -34.5981 3.8975
    endloop
  endfacet
  facet normal 0 1 0
    outer loop
      vertex 10.3421 -34.5981 3.39861
      vertex -9.9 -34.5981 3.63064
      vertex 9.9 -34.5981 3.63064
    endloop
  endfacet
  facet normal 0 1 0
    outer loop
      vertex 10.3421 -34.5981 3.39861
      vertex -10.3421 -34.5981 3.39861
      vertex -9.9 -34.5981 3.63064
    endloop
  endfacet
  facet normal 0 1 0
    outer loop
      vertex 10.8014 -34.5981 3.2029
      vertex -10.3421 -34.5981 3.39861
      vertex 10.3421 -34.5981 3.39861
    endloop
  endfacet
  facet normal 0 1 0
    outer loop
      vertex 10.8014 -34.5981 3.2029
      vertex -10.8014 -34.5981 3.2029
      vertex -10.3421 -34.5981 3.39861
    endloop
  endfacet
  facet normal 0 1 0
    outer loop
      vertex 11.2751 -34.5981 3.04479
      vertex -10.8014 -34.5981 3.2029
      vertex 10.8014 -34.5981 3.2029
    endloop
  endfacet
  facet normal 0 1 0
    outer loop
      vertex 11.2751 -34.5981 3.04479
      vertex -11.2751 -34.5981 3.04479
      vertex -10.8014 -34.5981 3.2029
    endloop
  endfacet
  facet normal 0 1 0
    outer loop
      vertex 11.7598 -34.5981 2.9253
      vertex -11.2751 -34.5981 3.04479
      vertex 11.2751 -34.5981 3.04479
    endloop
  endfacet
  facet normal 0 1 0
    outer loop
      vertex 11.7598 -34.5981 2.9253
      vertex -11.7598 -34.5981 2.9253
      vertex -11.2751 -34.5981 3.04479
    endloop
  endfacet
  facet normal 0 1 0
    outer loop
      vertex 12.2527 -34.5981 2.8452
      vertex -11.7598 -34.5981 2.9253
      vertex 11.7598 -34.5981 2.9253
    endloop
  endfacet
  facet normal 0 1 0
    outer loop
      vertex 12.2527 -34.5981 2.8452
      vertex -12.2527 -34.5981 2.8452
      vertex -11.7598 -34.5981 2.9253
    endloop
  endfacet
  facet normal 0 1 0
    outer loop
      vertex 12.7504 -34.5981 2.80503
      vertex -12.2527 -34.5981 2.8452
      vertex 12.2527 -34.5981 2.8452
    endloop
  endfacet
  facet normal 0 1 0
    outer loop
      vertex -12.2527 -34.5981 2.8452
      vertex 12.7504 -34.5981 2.80503
      vertex -12.7504 -34.5981 2.80503
    endloop
  endfacet
  facet normal 0 1 0
    outer loop
      vertex 22 -34.5981 24
      vertex 13.2496 -34.5981 15.195
      vertex 12.7504 -34.5981 15.195
    endloop
  endfacet
  facet normal 0 1 0
    outer loop
      vertex 22 -34.5981 24
      vertex 13.7473 -34.5981 15.1548
      vertex 13.2496 -34.5981 15.195
    endloop
  endfacet
  facet normal 0 1 0
    outer loop
      vertex 22 -34.5981 24
      vertex 14.2402 -34.5981 15.0747
      vertex 13.7473 -34.5981 15.1548
    endloop
  endfacet
  facet normal 0 1 0
    outer loop
      vertex 14.7249 -34.5981 14.9552
      vertex 24.25 -34.5981 18
      vertex 24.25 -34.5981 15
    endloop
  endfacet
  facet normal 0 1 0
    outer loop
      vertex 22 -34.5981 24
      vertex 14.7249 -34.5981 14.9552
      vertex 14.2402 -34.5981 15.0747
    endloop
  endfacet
  facet normal 0 1 0
    outer loop
      vertex 22 -34.5981 24
      vertex 12.7504 -34.5981 15.195
      vertex 12.2527 -34.5981 15.1548
    endloop
  endfacet
  facet normal 0 1 0
    outer loop
      vertex 11.2751 -34.5981 14.9552
      vertex 22 -34.5981 24
      vertex 11.7598 -34.5981 15.0747
    endloop
  endfacet
  facet normal 0 1 -0
    outer loop
      vertex -13.7473 -34.5981 15.1548
      vertex -22 -34.5981 24
      vertex -13.2496 -34.5981 15.195
    endloop
  endfacet
  facet normal 0 1 -0
    outer loop
      vertex -14.2402 -34.5981 15.0747
      vertex -22 -34.5981 24
      vertex -13.7473 -34.5981 15.1548
    endloop
  endfacet
  facet normal 0 1 -0
    outer loop
      vertex -14.7249 -34.5981 14.9552
      vertex -22 -34.5981 24
      vertex -14.2402 -34.5981 15.0747
    endloop
  endfacet
  facet normal 0 1 -0
    outer loop
      vertex -15.1986 -34.5981 14.7971
      vertex -22 -34.5981 24
      vertex -14.7249 -34.5981 14.9552
    endloop
  endfacet
  facet normal 0 1 -0
    outer loop
      vertex -15.6579 -34.5981 14.6014
      vertex -22 -34.5981 24
      vertex -15.1986 -34.5981 14.7971
    endloop
  endfacet
  facet normal 0 1 -0
    outer loop
      vertex -16.1 -34.5981 14.3694
      vertex -22 -34.5981 24
      vertex -15.6579 -34.5981 14.6014
    endloop
  endfacet
  facet normal 0 1 0
    outer loop
      vertex -22 -34.5981 24
      vertex -16.1 -34.5981 14.3694
      vertex -24.25 -34.5981 18
    endloop
  endfacet
  facet normal 0 1 -0
    outer loop
      vertex -16.522 -34.5981 14.1025
      vertex -24.25 -34.5981 18
      vertex -16.1 -34.5981 14.3694
    endloop
  endfacet
  facet normal 0 1 -0
    outer loop
      vertex -16.9212 -34.5981 13.8026
      vertex -24.25 -34.5981 18
      vertex -16.522 -34.5981 14.1025
    endloop
  endfacet
  facet normal 0 1 -0
    outer loop
      vertex -17.2949 -34.5981 13.4715
      vertex -24.25 -34.5981 18
      vertex -16.9212 -34.5981 13.8026
    endloop
  endfacet
  facet normal 0 1 0
    outer loop
      vertex -24.25 -34.5981 18
      vertex -17.2949 -34.5981 13.4715
      vertex -24.25 -34.5981 15
    endloop
  endfacet
  facet normal 0 1 -0
    outer loop
      vertex -17.6408 -34.5981 13.1114
      vertex -24.25 -34.5981 15
      vertex -17.2949 -34.5981 13.4715
    endloop
  endfacet
  facet normal 0 1 -0
    outer loop
      vertex -17.9565 -34.5981 12.7246
      vertex -24.25 -34.5981 15
      vertex -17.6408 -34.5981 13.1114
    endloop
  endfacet
  facet normal 0 1 -0
    outer loop
      vertex -18.2402 -34.5981 12.3137
      vertex -24.25 -34.5981 15
      vertex -17.9565 -34.5981 12.7246
    endloop
  endfacet
  facet normal 0 1 -0
    outer loop
      vertex -18.4898 -34.5981 11.8813
      vertex -24.25 -34.5981 15
      vertex -18.2402 -34.5981 12.3137
    endloop
  endfacet
  facet normal 0 1 -0
    outer loop
      vertex -18.7039 -34.5981 11.4302
      vertex -24.25 -34.5981 15
      vertex -18.4898 -34.5981 11.8813
    endloop
  endfacet
  facet normal 0 1 -0
    outer loop
      vertex -18.8809 -34.5981 10.9633
      vertex -24.25 -34.5981 15
      vertex -18.7039 -34.5981 11.4302
    endloop
  endfacet
  facet normal 0 1 -0
    outer loop
      vertex -19.0198 -34.5981 10.4838
      vertex -24.25 -34.5981 15
      vertex -18.8809 -34.5981 10.9633
    endloop
  endfacet
  facet normal 0 1 -0
    outer loop
      vertex -19.1197 -34.5981 9.99455
      vertex -24.25 -34.5981 15
      vertex -19.0198 -34.5981 10.4838
    endloop
  endfacet
  facet normal 0 1 -0
    outer loop
      vertex -19.1799 -34.5981 9.49889
      vertex -24.25 -34.5981 15
      vertex -19.1197 -34.5981 9.99455
    endloop
  endfacet
  facet normal 0 1 -0
    outer loop
      vertex -19.2 -34.5981 9
      vertex -24.25 -34.5981 15
      vertex -19.1799 -34.5981 9.49889
    endloop
  endfacet
  facet normal 0 1 0
    outer loop
      vertex -24.25 -34.5981 15
      vertex -19.2 -34.5981 9
      vertex -32.2353 -34.5981 6
    endloop
  endfacet
  facet normal 0 1 0
    outer loop
      vertex -32.2353 -34.5981 6
      vertex -19.2 -34.5981 9
      vertex -19.1799 -34.5981 8.50111
    endloop
  endfacet
  facet normal 0 1 0
    outer loop
      vertex -32.2353 -34.5981 6
      vertex -19.1799 -34.5981 8.50111
      vertex -19.1197 -34.5981 8.00545
    endloop
  endfacet
  facet normal 0 1 0
    outer loop
      vertex -32.2353 -34.5981 6
      vertex -19.1197 -34.5981 8.00545
      vertex -19.0198 -34.5981 7.51624
    endloop
  endfacet
  facet normal 0 1 0
    outer loop
      vertex -32.2353 -34.5981 6
      vertex -19.0198 -34.5981 7.51624
      vertex -18.8809 -34.5981 7.03666
    endloop
  endfacet
  facet normal 0 1 0
    outer loop
      vertex -32.2353 -34.5981 6
      vertex -18.8809 -34.5981 7.03666
      vertex -18.7039 -34.5981 6.56981
    endloop
  endfacet
  facet normal 0 1 0
    outer loop
      vertex -32.2353 -34.5981 6
      vertex -18.7039 -34.5981 6.56981
      vertex -18.4898 -34.5981 6.11872
    endloop
  endfacet
  facet normal 0 1 0
    outer loop
      vertex -24.25 -34.5981 15
      vertex -32.2353 -34.5981 6
      vertex -34.161 -34.5981 15
    endloop
  endfacet
  facet normal 0 1 0
    outer loop
      vertex -34.161 -34.5981 15
      vertex -32.2353 -34.5981 6
      vertex -34.161 -34.5981 6
    endloop
  endfacet
  facet normal 0 1 -0
    outer loop
      vertex -30.8 -34.5981 18
      vertex -34.161 -34.5981 59.6
      vertex -30.8 -34.5981 59.6
    endloop
  endfacet
  facet normal 0 1 0
    outer loop
      vertex -34.161 -34.5981 59.6
      vertex -30.8 -34.5981 18
      vertex -34.161 -34.5981 18
    endloop
  endfacet
  facet normal 0 1 -0
    outer loop
      vertex 34.161 -34.5981 18
      vertex 30.8 -34.5981 59.6
      vertex 34.161 -34.5981 59.6
    endloop
  endfacet
  facet normal 0 1 0
    outer loop
      vertex 30.8 -34.5981 59.6
      vertex 34.161 -34.5981 18
      vertex 30.8 -34.5981 18
    endloop
  endfacet
  facet normal 1 0 0
    outer loop
      vertex -39.5924 30.3788 59.6
      vertex -39.5924 28.0788 6
      vertex -39.5924 30.3788 6
    endloop
  endfacet
  facet normal 1 0 0
    outer loop
      vertex -39.5924 1.98213 47.0455
      vertex -39.5924 30.3788 59.6
      vertex -39.5924 2.14484 47.5105
    endloop
  endfacet
  facet normal 1 0 0
    outer loop
      vertex -39.5924 2.14484 47.5105
      vertex -39.5924 30.3788 59.6
      vertex -39.5924 2.2 48
    endloop
  endfacet
  facet normal 1 0 0
    outer loop
      vertex -39.5924 30.3788 59.6
      vertex -39.5924 2.14484 48.4895
      vertex -39.5924 2.2 48
    endloop
  endfacet
  facet normal 1 0 0
    outer loop
      vertex -39.5924 30.3788 59.6
      vertex -39.5924 1.98213 48.9545
      vertex -39.5924 2.14484 48.4895
    endloop
  endfacet
  facet normal 1 0 0
    outer loop
      vertex -39.5924 30.3788 59.6
      vertex -39.5924 1.72003 49.3717
      vertex -39.5924 1.98213 48.9545
    endloop
  endfacet
  facet normal 1 0 0
    outer loop
      vertex -39.5924 30.3788 59.6
      vertex -39.5924 1.37168 49.72
      vertex -39.5924 1.72003 49.3717
    endloop
  endfacet
  facet normal 1 0 0
    outer loop
      vertex -39.5924 30.3788 59.6
      vertex -39.5924 0.954544 49.9821
      vertex -39.5924 1.37168 49.72
    endloop
  endfacet
  facet normal 1 0 0
    outer loop
      vertex -39.5924 30.3788 59.6
      vertex -39.5924 0.489546 50.1448
      vertex -39.5924 0.954544 49.9821
    endloop
  endfacet
  facet normal 1 0 0
    outer loop
      vertex -39.5924 30.3788 59.6
      vertex -39.5924 0 50.2
      vertex -39.5924 0.489546 50.1448
    endloop
  endfacet
  facet normal 1 -0 0
    outer loop
      vertex -39.5924 -30.3788 59.6
      vertex -39.5924 0 50.2
      vertex -39.5924 30.3788 59.6
    endloop
  endfacet
  facet normal 1 0 0
    outer loop
      vertex -39.5924 -30.3788 59.6
      vertex -39.5924 -2.2 48
      vertex -39.5924 -2.14484 48.4895
    endloop
  endfacet
  facet normal 1 0 0
    outer loop
      vertex -39.5924 -30.3788 59.6
      vertex -39.5924 -2.14484 48.4895
      vertex -39.5924 -1.98213 48.9545
    endloop
  endfacet
  facet normal 1 0 0
    outer loop
      vertex -39.5924 0 50.2
      vertex -39.5924 -30.3788 59.6
      vertex -39.5924 -0.489546 50.1448
    endloop
  endfacet
  facet normal 1 0 0
    outer loop
      vertex -39.5924 -30.3788 59.6
      vertex -39.5924 -0.954544 49.9821
      vertex -39.5924 -0.489546 50.1448
    endloop
  endfacet
  facet normal 1 0 0
    outer loop
      vertex -39.5924 -30.3788 59.6
      vertex -39.5924 -1.37168 49.72
      vertex -39.5924 -0.954544 49.9821
    endloop
  endfacet
  facet normal 1 0 0
    outer loop
      vertex -39.5924 -30.3788 59.6
      vertex -39.5924 -1.72003 49.3717
      vertex -39.5924 -1.37168 49.72
    endloop
  endfacet
  facet normal 1 0 0
    outer loop
      vertex -39.5924 -30.3788 59.6
      vertex -39.5924 -1.98213 48.9545
      vertex -39.5924 -1.72003 49.3717
    endloop
  endfacet
  facet normal 1 0 0
    outer loop
      vertex -39.5924 -2.2 48
      vertex -39.5924 -30.3788 59.6
      vertex -39.5924 -28.0788 6
    endloop
  endfacet
  facet normal 1 0 0
    outer loop
      vertex -39.5924 -28.0788 6
      vertex -39.5924 -30.3788 59.6
      vertex -39.5924 -30.3788 6
    endloop
  endfacet
  facet normal 1 0 0
    outer loop
      vertex -39.5924 30.3788 59.6
      vertex -39.5924 1.98213 47.0455
      vertex -39.5924 28.0788 6
    endloop
  endfacet
  facet normal 1 -0 0
    outer loop
      vertex -39.5924 1.72003 46.6283
      vertex -39.5924 28.0788 6
      vertex -39.5924 1.98213 47.0455
    endloop
  endfacet
  facet normal 1 -0 0
    outer loop
      vertex -39.5924 1.37168 46.28
      vertex -39.5924 28.0788 6
      vertex -39.5924 1.72003 46.6283
    endloop
  endfacet
  facet normal 1 -0 0
    outer loop
      vertex -39.5924 0.954544 46.0179
      vertex -39.5924 28.0788 6
      vertex -39.5924 1.37168 46.28
    endloop
  endfacet
  facet normal 1 -0 0
    outer loop
      vertex -39.5924 0.489546 45.8552
      vertex -39.5924 28.0788 6
      vertex -39.5924 0.954544 46.0179
    endloop
  endfacet
  facet normal 1 -0 0
    outer loop
      vertex -39.5924 0 45.8
      vertex -39.5924 28.0788 6
      vertex -39.5924 0.489546 45.8552
    endloop
  endfacet
  facet normal 1 0 0
    outer loop
      vertex -39.5924 -28.0788 6
      vertex -39.5924 28.0788 6
      vertex -39.5924 0 45.8
    endloop
  endfacet
  facet normal 1 0 0
    outer loop
      vertex -39.5924 -28.0788 6
      vertex -39.5924 0 45.8
      vertex -39.5924 -0.489546 45.8552
    endloop
  endfacet
  facet normal 1 0 0
    outer loop
      vertex -39.5924 -28.0788 6
      vertex -39.5924 -0.489546 45.8552
      vertex -39.5924 -0.954544 46.0179
    endloop
  endfacet
  facet normal 1 0 0
    outer loop
      vertex -39.5924 -28.0788 6
      vertex -39.5924 -0.954544 46.0179
      vertex -39.5924 -1.37168 46.28
    endloop
  endfacet
  facet normal 1 0 0
    outer loop
      vertex -39.5924 -28.0788 6
      vertex -39.5924 -1.37168 46.28
      vertex -39.5924 -1.72003 46.6283
    endloop
  endfacet
  facet normal 1 0 0
    outer loop
      vertex -39.5924 -28.0788 6
      vertex -39.5924 -2.14484 47.5105
      vertex -39.5924 -2.2 48
    endloop
  endfacet
  facet normal 1 0 0
    outer loop
      vertex -39.5924 -28.0788 6
      vertex -39.5924 -1.98213 47.0455
      vertex -39.5924 -2.14484 47.5105
    endloop
  endfacet
  facet normal 1 0 0
    outer loop
      vertex -39.5924 -28.0788 6
      vertex -39.5924 -1.72003 46.6283
      vertex -39.5924 -1.98213 47.0455
    endloop
  endfacet
  facet normal 1 0 0
    outer loop
      vertex -39.5924 28.0788 6
      vertex -39.5924 -28.0788 6
      vertex -39.5924 28.0788 0
    endloop
  endfacet
  facet normal 1 0 0
    outer loop
      vertex -39.5924 28.0788 0
      vertex -39.5924 -28.0788 6
      vertex -39.5924 -28.0788 0
    endloop
  endfacet
  facet normal -1 0 0
    outer loop
      vertex -30.8 -34.5981 18
      vertex -30.8 -22.9 59.6
      vertex -30.8 -22.9 18
    endloop
  endfacet
  facet normal -1 -0 0
    outer loop
      vertex -30.8 -22.9 59.6
      vertex -30.8 -34.5981 18
      vertex -30.8 -34.5981 59.6
    endloop
  endfacet
  facet normal 1 -0 0
    outer loop
      vertex -26.8 -34.5981 59.6
      vertex -26.8 -30.5 18
      vertex -26.8 -30.5 59.6
    endloop
  endfacet
  facet normal 1 0 0
    outer loop
      vertex -26.8 -30.5 18
      vertex -26.8 -34.5981 59.6
      vertex -26.8 -34.5981 18
    endloop
  endfacet
  facet normal 1 -0 0
    outer loop
      vertex -26.8 -27.1 59.6
      vertex -26.8 -23 18
      vertex -26.8 -23 59.6
    endloop
  endfacet
  facet normal 1 0 0
    outer loop
      vertex -26.8 -23 18
      vertex -26.8 -27.1 59.6
      vertex -26.8 -27.1 18
    endloop
  endfacet
  facet normal -0 0 1
    outer loop
      vertex -33.1418 -31.0139 18
      vertex -30.8 -34.5981 18
      vertex -30.8 -22.9 18
    endloop
  endfacet
  facet normal 0 0 1
    outer loop
      vertex -30.8 -34.5981 18
      vertex -33.0356 -31.5019 18
      vertex -33 -32 18
    endloop
  endfacet
  facet normal 0 0 1
    outer loop
      vertex -30.8 -34.5981 18
      vertex -33.1418 -31.0139 18
      vertex -33.0356 -31.5019 18
    endloop
  endfacet
  facet normal 0 0 1
    outer loop
      vertex -30.8 -22.9 18
      vertex -33.3163 -30.546 18
      vertex -33.1418 -31.0139 18
    endloop
  endfacet
  facet normal 0 0 1
    outer loop
      vertex -30.8 -22.9 18
      vertex -33.5556 -30.1078 18
      vertex -33.3163 -30.546 18
    endloop
  endfacet
  facet normal 0 0 1
    outer loop
      vertex -30.8 -22.9 18
      vertex -33.8549 -29.708 18
      vertex -33.5556 -30.1078 18
    endloop
  endfacet
  facet normal 0 0 1
    outer loop
      vertex -30.8 -22.9 18
      vertex -34.208 -29.3549 18
      vertex -33.8549 -29.708 18
    endloop
  endfacet
  facet normal 0 0 1
    outer loop
      vertex -30.8 -22.9 18
      vertex -34.6078 -29.0556 18
      vertex -34.208 -29.3549 18
    endloop
  endfacet
  facet normal 0 0 1
    outer loop
      vertex -30.8 -22.9 18
      vertex -35.046 -28.8163 18
      vertex -34.6078 -29.0556 18
    endloop
  endfacet
  facet normal -0 0 1
    outer loop
      vertex -35.75 -22.9 18
      vertex -35.046 -28.8163 18
      vertex -30.8 -22.9 18
    endloop
  endfacet
  facet normal 0 0 1
    outer loop
      vertex -35.046 -28.8163 18
      vertex -35.75 -22.9 18
      vertex -35.5139 -28.6418 18
    endloop
  endfacet
  facet normal 0 0 1
    outer loop
      vertex -35.5139 -28.6418 18
      vertex -35.75 -22.9 18
      vertex -35.75 -28.5904 18
    endloop
  endfacet
  facet normal -0 0 1
    outer loop
      vertex -33.0356 -32.4981 18
      vertex -30.8 -34.5981 18
      vertex -33 -32 18
    endloop
  endfacet
  facet normal -0 0 1
    outer loop
      vertex -33.1418 -32.9861 18
      vertex -30.8 -34.5981 18
      vertex -33.0356 -32.4981 18
    endloop
  endfacet
  facet normal -0 0 1
    outer loop
      vertex -33.3163 -33.454 18
      vertex -30.8 -34.5981 18
      vertex -33.1418 -32.9861 18
    endloop
  endfacet
  facet normal -0 0 1
    outer loop
      vertex -33.5556 -33.8922 18
      vertex -30.8 -34.5981 18
      vertex -33.3163 -33.454 18
    endloop
  endfacet
  facet normal -0 0 1
    outer loop
      vertex -33.8549 -34.292 18
      vertex -30.8 -34.5981 18
      vertex -33.5556 -33.8922 18
    endloop
  endfacet
  facet normal 0 0 1
    outer loop
      vertex -30.8 -34.5981 18
      vertex -33.8549 -34.292 18
      vertex -34.161 -34.5981 18
    endloop
  endfacet
  facet normal -0 0 1
    outer loop
      vertex -28.8 -27.1 18
      vertex -26.8 -30.5 18
      vertex -26.8 -27.1 18
    endloop
  endfacet
  facet normal 0 0 1
    outer loop
      vertex -26.8 -30.5 18
      vertex -28.8 -27.1 18
      vertex -28.8 -30.5 18
    endloop
  endfacet
  facet normal 0 0 1
    outer loop
      vertex -26.8 -27.1 18
      vertex -24.25 -23 18
      vertex -26.8 -23 18
    endloop
  endfacet
  facet normal 0 0 1
    outer loop
      vertex -24.25 -23 18
      vertex -26.8 -27.1 18
      vertex -24.25 -34.5981 18
    endloop
  endfacet
  facet normal -0 0 1
    outer loop
      vertex -26.8 -30.5 18
      vertex -24.25 -34.5981 18
      vertex -26.8 -27.1 18
    endloop
  endfacet
  facet normal 0 0 1
    outer loop
      vertex -24.25 -34.5981 18
      vertex -26.8 -30.5 18
      vertex -26.8 -34.5981 18
    endloop
  endfacet
  facet normal 1 -0 0
    outer loop
      vertex -28.8 -30.5 59.6
      vertex -28.8 -27.1 18
      vertex -28.8 -27.1 59.6
    endloop
  endfacet
  facet normal 1 0 0
    outer loop
      vertex -28.8 -27.1 18
      vertex -28.8 -30.5 59.6
      vertex -28.8 -30.5 18
    endloop
  endfacet
  facet normal 0 -1 0
    outer loop
      vertex -28.8 -27.1 18
      vertex -26.8 -27.1 59.6
      vertex -28.8 -27.1 59.6
    endloop
  endfacet
  facet normal 0 -1 -0
    outer loop
      vertex -26.8 -27.1 59.6
      vertex -28.8 -27.1 18
      vertex -26.8 -27.1 18
    endloop
  endfacet
  facet normal 0 1 -0
    outer loop
      vertex -26.8 -30.5 18
      vertex -28.8 -30.5 59.6
      vertex -26.8 -30.5 59.6
    endloop
  endfacet
  facet normal 0 1 0
    outer loop
      vertex -28.8 -30.5 59.6
      vertex -26.8 -30.5 18
      vertex -28.8 -30.5 18
    endloop
  endfacet
  facet normal -1 0 0
    outer loop
      vertex 26.8 -34.5981 18
      vertex 26.8 -30.5 59.6
      vertex 26.8 -30.5 18
    endloop
  endfacet
  facet normal -1 -0 0
    outer loop
      vertex 26.8 -30.5 59.6
      vertex 26.8 -34.5981 18
      vertex 26.8 -34.5981 59.6
    endloop
  endfacet
  facet normal -1 0 0
    outer loop
      vertex 26.8 -27.1 18
      vertex 26.8 -23 59.6
      vertex 26.8 -23 18
    endloop
  endfacet
  facet normal -1 -0 0
    outer loop
      vertex 26.8 -23 59.6
      vertex 26.8 -27.1 18
      vertex 26.8 -27.1 59.6
    endloop
  endfacet
  facet normal 1 -0 0
    outer loop
      vertex 30.8 -34.5981 59.6
      vertex 30.8 -22.9 18
      vertex 30.8 -22.9 59.6
    endloop
  endfacet
  facet normal 1 0 0
    outer loop
      vertex 30.8 -22.9 18
      vertex 30.8 -34.5981 59.6
      vertex 30.8 -34.5981 18
    endloop
  endfacet
  facet normal 0 0 1
    outer loop
      vertex 35.75 -22.9 18
      vertex 35.5139 -28.6418 18
      vertex 35.75 -28.5904 18
    endloop
  endfacet
  facet normal 0 0 1
    outer loop
      vertex 35.75 -22.9 18
      vertex 35.046 -28.8163 18
      vertex 35.5139 -28.6418 18
    endloop
  endfacet
  facet normal -0 0 1
    outer loop
      vertex 30.8 -22.9 18
      vertex 35.046 -28.8163 18
      vertex 35.75 -22.9 18
    endloop
  endfacet
  facet normal 0 0 1
    outer loop
      vertex 35.046 -28.8163 18
      vertex 30.8 -22.9 18
      vertex 34.6078 -29.0556 18
    endloop
  endfacet
  facet normal 0 0 1
    outer loop
      vertex 34.6078 -29.0556 18
      vertex 30.8 -22.9 18
      vertex 34.208 -29.3549 18
    endloop
  endfacet
  facet normal 0 0 1
    outer loop
      vertex 34.208 -29.3549 18
      vertex 30.8 -22.9 18
      vertex 33.8549 -29.708 18
    endloop
  endfacet
  facet normal 0 0 1
    outer loop
      vertex 33.8549 -29.708 18
      vertex 30.8 -22.9 18
      vertex 33.5556 -30.1078 18
    endloop
  endfacet
  facet normal 0 0 1
    outer loop
      vertex 33.5556 -30.1078 18
      vertex 30.8 -22.9 18
      vertex 33.3163 -30.546 18
    endloop
  endfacet
  facet normal 0 0 1
    outer loop
      vertex 33.1418 -31.0139 18
      vertex 30.8 -34.5981 18
      vertex 33.0356 -31.5019 18
    endloop
  endfacet
  facet normal 0 0 1
    outer loop
      vertex 30.8 -34.5981 18
      vertex 33.1418 -31.0139 18
      vertex 30.8 -22.9 18
    endloop
  endfacet
  facet normal 0 0 1
    outer loop
      vertex 33.3163 -30.546 18
      vertex 30.8 -22.9 18
      vertex 33.1418 -31.0139 18
    endloop
  endfacet
  facet normal 0 0 1
    outer loop
      vertex 33.0356 -31.5019 18
      vertex 30.8 -34.5981 18
      vertex 33 -32 18
    endloop
  endfacet
  facet normal 0 0 1
    outer loop
      vertex 33 -32 18
      vertex 30.8 -34.5981 18
      vertex 33.0356 -32.4981 18
    endloop
  endfacet
  facet normal 0 0 1
    outer loop
      vertex 33.8549 -34.292 18
      vertex 30.8 -34.5981 18
      vertex 34.161 -34.5981 18
    endloop
  endfacet
  facet normal 0 0 1
    outer loop
      vertex 33.5556 -33.8922 18
      vertex 30.8 -34.5981 18
      vertex 33.8549 -34.292 18
    endloop
  endfacet
  facet normal 0 0 1
    outer loop
      vertex 33.3163 -33.454 18
      vertex 30.8 -34.5981 18
      vertex 33.5556 -33.8922 18
    endloop
  endfacet
  facet normal 0 0 1
    outer loop
      vertex 33.1418 -32.9861 18
      vertex 30.8 -34.5981 18
      vertex 33.3163 -33.454 18
    endloop
  endfacet
  facet normal 0 0 1
    outer loop
      vertex 33.0356 -32.4981 18
      vertex 30.8 -34.5981 18
      vertex 33.1418 -32.9861 18
    endloop
  endfacet
  facet normal -0 0 1
    outer loop
      vertex 24.25 -23 18
      vertex 26.8 -27.1 18
      vertex 26.8 -23 18
    endloop
  endfacet
  facet normal 0 0 1
    outer loop
      vertex 26.8 -27.1 18
      vertex 24.25 -23 18
      vertex 26.8 -30.5 18
    endloop
  endfacet
  facet normal 0 0 1
    outer loop
      vertex 24.25 -34.5981 18
      vertex 26.8 -30.5 18
      vertex 24.25 -23 18
    endloop
  endfacet
  facet normal 0 0 1
    outer loop
      vertex 26.8 -30.5 18
      vertex 24.25 -34.5981 18
      vertex 26.8 -34.5981 18
    endloop
  endfacet
  facet normal -0 0 1
    outer loop
      vertex 26.8 -27.1 18
      vertex 28.8 -30.5 18
      vertex 28.8 -27.1 18
    endloop
  endfacet
  facet normal 0 0 1
    outer loop
      vertex 28.8 -30.5 18
      vertex 26.8 -27.1 18
      vertex 26.8 -30.5 18
    endloop
  endfacet
  facet normal -1 0 0
    outer loop
      vertex 28.8 -30.5 18
      vertex 28.8 -27.1 59.6
      vertex 28.8 -27.1 18
    endloop
  endfacet
  facet normal -1 -0 0
    outer loop
      vertex 28.8 -27.1 59.6
      vertex 28.8 -30.5 18
      vertex 28.8 -30.5 59.6
    endloop
  endfacet
  facet normal 0 -1 0
    outer loop
      vertex 26.8 -27.1 18
      vertex 28.8 -27.1 59.6
      vertex 26.8 -27.1 59.6
    endloop
  endfacet
  facet normal 0 -1 -0
    outer loop
      vertex 28.8 -27.1 59.6
      vertex 26.8 -27.1 18
      vertex 28.8 -27.1 18
    endloop
  endfacet
  facet normal 0 1 -0
    outer loop
      vertex 28.8 -30.5 18
      vertex 26.8 -30.5 59.6
      vertex 28.8 -30.5 59.6
    endloop
  endfacet
  facet normal 0 1 0
    outer loop
      vertex 26.8 -30.5 59.6
      vertex 28.8 -30.5 18
      vertex 26.8 -30.5 18
    endloop
  endfacet
  facet normal -1 0 0
    outer loop
      vertex -35.75 -28.5904 15
      vertex -35.75 -22.9 18
      vertex -35.75 -22.9 15
    endloop
  endfacet
  facet normal -1 -0 0
    outer loop
      vertex -35.75 -22.9 18
      vertex -35.75 -28.5904 15
      vertex -35.75 -28.5904 18
    endloop
  endfacet
  facet normal 1 -0 0
    outer loop
      vertex -24.25 -34.5981 18
      vertex -24.25 -23 15
      vertex -24.25 -23 18
    endloop
  endfacet
  facet normal 1 0 0
    outer loop
      vertex -24.25 -23 15
      vertex -24.25 -34.5981 18
      vertex -24.25 -34.5981 15
    endloop
  endfacet
  facet normal 0 1 -0
    outer loop
      vertex -30.8 -22.9 15
      vertex -35.75 -22.9 18
      vertex -30.8 -22.9 18
    endloop
  endfacet
  facet normal 0 1 0
    outer loop
      vertex -35.75 -22.9 18
      vertex -30.8 -22.9 15
      vertex -35.75 -22.9 15
    endloop
  endfacet
  facet normal 0 0 -1
    outer loop
      vertex -33.1418 -31.0139 15
      vertex -24.25 -23 15
      vertex -24.25 -34.5981 15
    endloop
  endfacet
  facet normal 0 0 -1
    outer loop
      vertex -33.1418 -31.0139 15
      vertex -24.25 -34.5981 15
      vertex -33.0356 -31.5019 15
    endloop
  endfacet
  facet normal 0 0 -1
    outer loop
      vertex -33.0356 -31.5019 15
      vertex -24.25 -34.5981 15
      vertex -33 -32 15
    endloop
  endfacet
  facet normal 0 0 -1
    outer loop
      vertex -24.25 -34.5981 15
      vertex -33.0356 -32.4981 15
      vertex -33 -32 15
    endloop
  endfacet
  facet normal 0 0 -1
    outer loop
      vertex -24.25 -34.5981 15
      vertex -33.1418 -32.9861 15
      vertex -33.0356 -32.4981 15
    endloop
  endfacet
  facet normal 0 0 -1
    outer loop
      vertex -24.25 -34.5981 15
      vertex -33.3163 -33.454 15
      vertex -33.1418 -32.9861 15
    endloop
  endfacet
  facet normal 0 0 -1
    outer loop
      vertex -24.25 -34.5981 15
      vertex -33.5556 -33.8922 15
      vertex -33.3163 -33.454 15
    endloop
  endfacet
  facet normal 0 0 -1
    outer loop
      vertex -24.25 -34.5981 15
      vertex -33.8549 -34.292 15
      vertex -33.5556 -33.8922 15
    endloop
  endfacet
  facet normal 0 -0 -1
    outer loop
      vertex -33.8549 -34.292 15
      vertex -24.25 -34.5981 15
      vertex -34.161 -34.5981 15
    endloop
  endfacet
  facet normal 0 0 -1
    outer loop
      vertex -33.3163 -30.546 15
      vertex -24.25 -23 15
      vertex -33.1418 -31.0139 15
    endloop
  endfacet
  facet normal -0 0 -1
    outer loop
      vertex -24.25 -23 15
      vertex -33.3163 -30.546 15
      vertex -30.8 -23 15
    endloop
  endfacet
  facet normal 0 0 -1
    outer loop
      vertex -33.5556 -30.1078 15
      vertex -30.8 -23 15
      vertex -33.3163 -30.546 15
    endloop
  endfacet
  facet normal 0 0 -1
    outer loop
      vertex -33.8549 -29.708 15
      vertex -30.8 -23 15
      vertex -33.5556 -30.1078 15
    endloop
  endfacet
  facet normal 0 0 -1
    outer loop
      vertex -34.208 -29.3549 15
      vertex -30.8 -23 15
      vertex -33.8549 -29.708 15
    endloop
  endfacet
  facet normal 0 0 -1
    outer loop
      vertex -34.6078 -29.0556 15
      vertex -30.8 -23 15
      vertex -34.208 -29.3549 15
    endloop
  endfacet
  facet normal 0 0 -1
    outer loop
      vertex -35.046 -28.8163 15
      vertex -30.8 -23 15
      vertex -34.6078 -29.0556 15
    endloop
  endfacet
  facet normal 0 0 -1
    outer loop
      vertex -35.75 -22.9 15
      vertex -30.8 -23 15
      vertex -35.046 -28.8163 15
    endloop
  endfacet
  facet normal 0 0 -1
    outer loop
      vertex -35.75 -22.9 15
      vertex -35.046 -28.8163 15
      vertex -35.5139 -28.6418 15
    endloop
  endfacet
  facet normal 0 0 -1
    outer loop
      vertex -35.75 -22.9 15
      vertex -35.5139 -28.6418 15
      vertex -35.75 -28.5904 15
    endloop
  endfacet
  facet normal 0 0 -1
    outer loop
      vertex -30.8 -23 15
      vertex -35.75 -22.9 15
      vertex -30.8 -22.9 15
    endloop
  endfacet
  facet normal -1 0 0
    outer loop
      vertex 24.25 -34.5981 15
      vertex 24.25 -23 18
      vertex 24.25 -23 15
    endloop
  endfacet
  facet normal -1 -0 0
    outer loop
      vertex 24.25 -23 18
      vertex 24.25 -34.5981 15
      vertex 24.25 -34.5981 18
    endloop
  endfacet
  facet normal 1 -0 0
    outer loop
      vertex 35.75 -28.5904 18
      vertex 35.75 -22.9 15
      vertex 35.75 -22.9 18
    endloop
  endfacet
  facet normal 1 0 0
    outer loop
      vertex 35.75 -22.9 15
      vertex 35.75 -28.5904 18
      vertex 35.75 -28.5904 15
    endloop
  endfacet
  facet normal 0 1 -0
    outer loop
      vertex 35.75 -22.9 15
      vertex 30.8 -22.9 18
      vertex 35.75 -22.9 18
    endloop
  endfacet
  facet normal 0 1 0
    outer loop
      vertex 30.8 -22.9 18
      vertex 35.75 -22.9 15
      vertex 30.8 -22.9 15
    endloop
  endfacet
  facet normal 0 0 -1
    outer loop
      vertex 35.5139 -28.6418 15
      vertex 35.75 -22.9 15
      vertex 35.75 -28.5904 15
    endloop
  endfacet
  facet normal 0 0 -1
    outer loop
      vertex 35.046 -28.8163 15
      vertex 35.75 -22.9 15
      vertex 35.5139 -28.6418 15
    endloop
  endfacet
  facet normal 0 0 -1
    outer loop
      vertex 30.8 -23 15
      vertex 35.046 -28.8163 15
      vertex 34.6078 -29.0556 15
    endloop
  endfacet
  facet normal 0 0 -1
    outer loop
      vertex 30.8 -23 15
      vertex 34.6078 -29.0556 15
      vertex 34.208 -29.3549 15
    endloop
  endfacet
  facet normal 0 0 -1
    outer loop
      vertex 30.8 -23 15
      vertex 34.208 -29.3549 15
      vertex 33.8549 -29.708 15
    endloop
  endfacet
  facet normal 0 0 -1
    outer loop
      vertex 30.8 -23 15
      vertex 33.8549 -29.708 15
      vertex 33.5556 -30.1078 15
    endloop
  endfacet
  facet normal 0 0 -1
    outer loop
      vertex 30.8 -23 15
      vertex 33.5556 -30.1078 15
      vertex 33.3163 -30.546 15
    endloop
  endfacet
  facet normal 0 0 -1
    outer loop
      vertex 24.25 -23 15
      vertex 33.3163 -30.546 15
      vertex 33.1418 -31.0139 15
    endloop
  endfacet
  facet normal 0 0 -1
    outer loop
      vertex 24.25 -34.5981 15
      vertex 33.0356 -31.5019 15
      vertex 33 -32 15
    endloop
  endfacet
  facet normal 0 0 -1
    outer loop
      vertex 24.25 -23 15
      vertex 33.1418 -31.0139 15
      vertex 33.0356 -31.5019 15
    endloop
  endfacet
  facet normal 0 0 -1
    outer loop
      vertex 35.046 -28.8163 15
      vertex 30.8 -23 15
      vertex 35.75 -22.9 15
    endloop
  endfacet
  facet normal -0 0 -1
    outer loop
      vertex 35.75 -22.9 15
      vertex 30.8 -23 15
      vertex 30.8 -22.9 15
    endloop
  endfacet
  facet normal 0 0 -1
    outer loop
      vertex 24.25 -34.5981 15
      vertex 33 -32 15
      vertex 33.0356 -32.4981 15
    endloop
  endfacet
  facet normal 0 0 -1
    outer loop
      vertex 24.25 -34.5981 15
      vertex 33.0356 -32.4981 15
      vertex 33.1418 -32.9861 15
    endloop
  endfacet
  facet normal 0 0 -1
    outer loop
      vertex 24.25 -34.5981 15
      vertex 33.8549 -34.292 15
      vertex 34.161 -34.5981 15
    endloop
  endfacet
  facet normal 0 0 -1
    outer loop
      vertex 24.25 -34.5981 15
      vertex 33.5556 -33.8922 15
      vertex 33.8549 -34.292 15
    endloop
  endfacet
  facet normal 0 0 -1
    outer loop
      vertex 24.25 -34.5981 15
      vertex 33.3163 -33.454 15
      vertex 33.5556 -33.8922 15
    endloop
  endfacet
  facet normal 0 0 -1
    outer loop
      vertex 24.25 -34.5981 15
      vertex 33.1418 -32.9861 15
      vertex 33.3163 -33.454 15
    endloop
  endfacet
  facet normal -0 0 -1
    outer loop
      vertex 33.0356 -31.5019 15
      vertex 24.25 -34.5981 15
      vertex 24.25 -23 15
    endloop
  endfacet
  facet normal 0 0 -1
    outer loop
      vertex 33.3163 -30.546 15
      vertex 24.25 -23 15
      vertex 30.8 -23 15
    endloop
  endfacet
  facet normal 0 0.0356221 -0.999365
    outer loop
      vertex -47 0 41
      vertex -41.9938 0.499373 41.0178
      vertex -41.9938 0 41
    endloop
  endfacet
  facet normal 0 0.0356221 -0.999365
    outer loop
      vertex -41.9938 0.499373 41.0178
      vertex -47 0 41
      vertex -47 0.499373 41.0178
    endloop
  endfacet
  facet normal -0 0.0356221 0.999365
    outer loop
      vertex -47 0.499373 54.9822
      vertex -41.9938 0 55
      vertex -41.9938 0.499373 54.9822
    endloop
  endfacet
  facet normal 0 0.0356221 0.999365
    outer loop
      vertex -41.9938 0 55
      vertex -47 0.499373 54.9822
      vertex -47 0 55
    endloop
  endfacet
  facet normal 0 -0.999363 0.0357001
    outer loop
      vertex -47 -7 48
      vertex -41.9938 -6.98216 48.4994
      vertex -47 -6.98216 48.4994
    endloop
  endfacet
  facet normal 0 -0.999363 0.0357001
    outer loop
      vertex -41.9938 -6.98216 48.4994
      vertex -47 -7 48
      vertex -41.9938 -7 48
    endloop
  endfacet
  facet normal 0 0.731873 0.681441
    outer loop
      vertex -41.9938 5.29025 52.584
      vertex -47 4.94975 52.9497
      vertex -41.9938 4.94975 52.9497
    endloop
  endfacet
  facet normal 0 0.731873 0.681441
    outer loop
      vertex -47 4.94975 52.9497
      vertex -41.9938 5.29025 52.584
      vertex -47 5.29025 52.584
    endloop
  endfacet
  facet normal 0 0.948843 0.315748
    outer loop
      vertex -41.9938 6.71645 49.9721
      vertex -47 6.55865 50.4463
      vertex -41.9938 6.55865 50.4463
    endloop
  endfacet
  facet normal 0 0.948843 0.315748
    outer loop
      vertex -47 6.55865 50.4463
      vertex -41.9938 6.71645 49.9721
      vertex -47 6.71645 49.9721
    endloop
  endfacet
  facet normal 0 0.731873 -0.681441
    outer loop
      vertex -41.9938 4.94975 43.0503
      vertex -47 5.29025 43.416
      vertex -41.9938 5.29025 43.416
    endloop
  endfacet
  facet normal 0 0.731873 -0.681441
    outer loop
      vertex -47 5.29025 43.416
      vertex -41.9938 4.94975 43.0503
      vertex -47 4.94975 43.0503
    endloop
  endfacet
  facet normal 0 0.923859 -0.382733
    outer loop
      vertex -41.9938 6.36742 45.0921
      vertex -47 6.55865 45.5537
      vertex -41.9938 6.55865 45.5537
    endloop
  endfacet
  facet normal 0 0.923859 -0.382733
    outer loop
      vertex -47 6.55865 45.5537
      vertex -41.9938 6.36742 45.0921
      vertex -47 6.36742 45.0921
    endloop
  endfacet
  facet normal -0 0.57034 0.821409
    outer loop
      vertex -47 4.19494 53.6038
      vertex -41.9938 3.78448 53.8888
      vertex -41.9938 4.19494 53.6038
    endloop
  endfacet
  facet normal 0 0.57034 0.821409
    outer loop
      vertex -41.9938 3.78448 53.8888
      vertex -47 4.19494 53.6038
      vertex -47 3.78448 53.8888
    endloop
  endfacet
  facet normal 0 0.984115 0.177533
    outer loop
      vertex -41.9938 6.92875 48.9962
      vertex -47 6.84003 49.488
      vertex -41.9938 6.84003 49.488
    endloop
  endfacet
  facet normal 0 0.984115 0.177533
    outer loop
      vertex -47 6.84003 49.488
      vertex -41.9938 6.92875 48.9962
      vertex -47 6.92875 48.9962
    endloop
  endfacet
  facet normal 0 -0.510305 -0.859994
    outer loop
      vertex -47 -3.78448 42.1112
      vertex -41.9938 -3.35474 41.8562
      vertex -41.9938 -3.78448 42.1112
    endloop
  endfacet
  facet normal -0 -0.510305 -0.859994
    outer loop
      vertex -41.9938 -3.35474 41.8562
      vertex -47 -3.78448 42.1112
      vertex -47 -3.35474 41.8562
    endloop
  endfacet
  facet normal 0 -0.968927 -0.247346
    outer loop
      vertex -47 -6.71645 46.0279
      vertex -41.9938 -6.84003 46.512
      vertex -47 -6.84003 46.512
    endloop
  endfacet
  facet normal 0 -0.968927 -0.247346
    outer loop
      vertex -41.9938 -6.84003 46.512
      vertex -47 -6.71645 46.0279
      vertex -41.9938 -6.71645 46.0279
    endloop
  endfacet
  facet normal 0 -0.731873 -0.681441
    outer loop
      vertex -47 -4.94975 43.0503
      vertex -41.9938 -5.29025 43.416
      vertex -47 -5.29025 43.416
    endloop
  endfacet
  facet normal 0 -0.731873 -0.681441
    outer loop
      vertex -41.9938 -5.29025 43.416
      vertex -47 -4.94975 43.0503
      vertex -41.9938 -4.94975 43.0503
    endloop
  endfacet
  facet normal 0 -0.923859 0.382733
    outer loop
      vertex -47 -6.55865 50.4463
      vertex -41.9938 -6.36742 50.9079
      vertex -47 -6.36742 50.9079
    endloop
  endfacet
  facet normal 0 -0.923859 0.382733
    outer loop
      vertex -41.9938 -6.36742 50.9079
      vertex -47 -6.55865 50.4463
      vertex -41.9938 -6.55865 50.4463
    endloop
  endfacet
  facet normal 0 -0.948843 0.315748
    outer loop
      vertex -47 -6.71645 49.9721
      vertex -41.9938 -6.55865 50.4463
      vertex -47 -6.55865 50.4463
    endloop
  endfacet
  facet normal 0 -0.948843 0.315748
    outer loop
      vertex -41.9938 -6.55865 50.4463
      vertex -47 -6.71645 49.9721
      vertex -41.9938 -6.71645 49.9721
    endloop
  endfacet
  facet normal 0 0.107064 -0.994252
    outer loop
      vertex -47 0.499373 41.0178
      vertex -41.9938 0.996203 41.0713
      vertex -41.9938 0.499373 41.0178
    endloop
  endfacet
  facet normal 0 0.107064 -0.994252
    outer loop
      vertex -41.9938 0.996203 41.0713
      vertex -47 0.499373 41.0178
      vertex -47 0.996203 41.0713
    endloop
  endfacet
  facet normal 0 0.382646 -0.923895
    outer loop
      vertex -47 2.44625 41.4414
      vertex -41.9938 2.9079 41.6326
      vertex -41.9938 2.44625 41.4414
    endloop
  endfacet
  facet normal 0 0.382646 -0.923895
    outer loop
      vertex -41.9938 2.9079 41.6326
      vertex -47 2.44625 41.4414
      vertex -47 2.9079 41.6326
    endloop
  endfacet
  facet normal 0 0.247162 -0.968974
    outer loop
      vertex -47 1.48796 41.16
      vertex -41.9938 1.97213 41.2835
      vertex -41.9938 1.48796 41.16
    endloop
  endfacet
  facet normal 0 0.247162 -0.968974
    outer loop
      vertex -41.9938 1.97213 41.2835
      vertex -47 1.48796 41.16
      vertex -47 1.97213 41.2835
    endloop
  endfacet
  facet normal 0 0.57034 -0.821409
    outer loop
      vertex -47 3.78448 42.1112
      vertex -41.9938 4.19494 42.3962
      vertex -41.9938 3.78448 42.1112
    endloop
  endfacet
  facet normal 0 0.57034 -0.821409
    outer loop
      vertex -41.9938 4.19494 42.3962
      vertex -47 3.78448 42.1112
      vertex -47 4.19494 42.3962
    endloop
  endfacet
  facet normal 0 0.447502 -0.894283
    outer loop
      vertex -47 2.9079 41.6326
      vertex -41.9938 3.35474 41.8562
      vertex -41.9938 2.9079 41.6326
    endloop
  endfacet
  facet normal 0 0.447502 -0.894283
    outer loop
      vertex -41.9938 3.35474 41.8562
      vertex -47 2.9079 41.6326
      vertex -47 3.35474 41.8562
    endloop
  endfacet
  facet normal 0 0.968927 -0.247346
    outer loop
      vertex -41.9938 6.71645 46.0279
      vertex -47 6.84003 46.512
      vertex -41.9938 6.84003 46.512
    endloop
  endfacet
  facet normal 0 0.968927 -0.247346
    outer loop
      vertex -47 6.84003 46.512
      vertex -41.9938 6.71645 46.0279
      vertex -47 6.71645 46.0279
    endloop
  endfacet
  facet normal 0 0.948843 -0.315748
    outer loop
      vertex -41.9938 6.55865 45.5537
      vertex -47 6.71645 46.0279
      vertex -41.9938 6.71645 46.0279
    endloop
  endfacet
  facet normal 0 0.948843 -0.315748
    outer loop
      vertex -47 6.71645 46.0279
      vertex -41.9938 6.55865 45.5537
      vertex -47 6.55865 45.5537
    endloop
  endfacet
  facet normal 0 0.984115 -0.177533
    outer loop
      vertex -41.9938 6.84003 46.512
      vertex -47 6.92875 47.0038
      vertex -41.9938 6.92875 47.0038
    endloop
  endfacet
  facet normal 0 0.984115 -0.177533
    outer loop
      vertex -47 6.92875 47.0038
      vertex -41.9938 6.84003 46.512
      vertex -47 6.84003 46.512
    endloop
  endfacet
  facet normal 0 0.999363 -0.0357001
    outer loop
      vertex -41.9938 6.98216 47.5006
      vertex -47 7 48
      vertex -41.9938 7 48
    endloop
  endfacet
  facet normal 0 0.999363 -0.0357001
    outer loop
      vertex -47 7 48
      vertex -41.9938 6.98216 47.5006
      vertex -47 6.98216 47.5006
    endloop
  endfacet
  facet normal 0 0.894211 -0.447646
    outer loop
      vertex -41.9938 6.14375 44.6453
      vertex -47 6.36742 45.0921
      vertex -41.9938 6.36742 45.0921
    endloop
  endfacet
  facet normal 0 0.894211 -0.447646
    outer loop
      vertex -47 6.36742 45.0921
      vertex -41.9938 6.14375 44.6453
      vertex -47 6.14375 44.6453
    endloop
  endfacet
  facet normal 0 0.860042 -0.510222
    outer loop
      vertex -41.9938 5.88877 44.2155
      vertex -47 6.14375 44.6453
      vertex -41.9938 6.14375 44.6453
    endloop
  endfacet
  facet normal 0 0.860042 -0.510222
    outer loop
      vertex -47 6.14375 44.6453
      vertex -41.9938 5.88877 44.2155
      vertex -47 5.88877 44.2155
    endloop
  endfacet
  facet normal 0 0.778658 -0.627449
    outer loop
      vertex -41.9938 5.29025 43.416
      vertex -47 5.60379 43.8051
      vertex -41.9938 5.60379 43.8051
    endloop
  endfacet
  facet normal 0 0.778658 -0.627449
    outer loop
      vertex -47 5.60379 43.8051
      vertex -41.9938 5.29025 43.416
      vertex -47 5.29025 43.416
    endloop
  endfacet
  facet normal -0 0.24735 0.968926
    outer loop
      vertex -47 1.97213 54.7164
      vertex -41.9938 1.48796 54.84
      vertex -41.9938 1.97213 54.7164
    endloop
  endfacet
  facet normal 0 0.24735 0.968926
    outer loop
      vertex -41.9938 1.48796 54.84
      vertex -47 1.97213 54.7164
      vertex -47 1.48796 54.84
    endloop
  endfacet
  facet normal -0 0.627541 0.778583
    outer loop
      vertex -47 4.58402 53.2902
      vertex -41.9938 4.19494 53.6038
      vertex -41.9938 4.58402 53.2902
    endloop
  endfacet
  facet normal 0 0.627541 0.778583
    outer loop
      vertex -41.9938 4.19494 53.6038
      vertex -47 4.58402 53.2902
      vertex -47 4.19494 53.6038
    endloop
  endfacet
  facet normal -0 0.382646 0.923895
    outer loop
      vertex -47 2.9079 54.3674
      vertex -41.9938 2.44625 54.5586
      vertex -41.9938 2.9079 54.3674
    endloop
  endfacet
  facet normal 0 0.382646 0.923895
    outer loop
      vertex -41.9938 2.44625 54.5586
      vertex -47 2.9079 54.3674
      vertex -47 2.44625 54.5586
    endloop
  endfacet
  facet normal -0 0.447502 0.894283
    outer loop
      vertex -47 3.35474 54.1438
      vertex -41.9938 2.9079 54.3674
      vertex -41.9938 3.35474 54.1438
    endloop
  endfacet
  facet normal 0 0.447502 0.894283
    outer loop
      vertex -41.9938 2.9079 54.3674
      vertex -47 3.35474 54.1438
      vertex -47 2.9079 54.3674
    endloop
  endfacet
  facet normal -0 0.177509 0.984119
    outer loop
      vertex -47 1.48796 54.84
      vertex -41.9938 0.996203 54.9287
      vertex -41.9938 1.48796 54.84
    endloop
  endfacet
  facet normal 0 0.177509 0.984119
    outer loop
      vertex -41.9938 0.996203 54.9287
      vertex -47 1.48796 54.84
      vertex -47 0.996203 54.9287
    endloop
  endfacet
  facet normal 0 0.923859 0.382733
    outer loop
      vertex -41.9938 6.55865 50.4463
      vertex -47 6.36742 50.9079
      vertex -41.9938 6.36742 50.9079
    endloop
  endfacet
  facet normal 0 0.923859 0.382733
    outer loop
      vertex -47 6.36742 50.9079
      vertex -41.9938 6.55865 50.4463
      vertex -47 6.55865 50.4463
    endloop
  endfacet
  facet normal 0 0.894211 0.447646
    outer loop
      vertex -41.9938 6.36742 50.9079
      vertex -47 6.14375 51.3547
      vertex -41.9938 6.14375 51.3547
    endloop
  endfacet
  facet normal 0 0.894211 0.447646
    outer loop
      vertex -47 6.14375 51.3547
      vertex -41.9938 6.36742 50.9079
      vertex -47 6.36742 50.9079
    endloop
  endfacet
  facet normal 0 0.821389 0.570369
    outer loop
      vertex -41.9938 5.88877 51.7845
      vertex -47 5.60379 52.1949
      vertex -41.9938 5.60379 52.1949
    endloop
  endfacet
  facet normal 0 0.821389 0.570369
    outer loop
      vertex -47 5.60379 52.1949
      vertex -41.9938 5.88877 51.7845
      vertex -47 5.88877 51.7845
    endloop
  endfacet
  facet normal 0 0.968927 0.247346
    outer loop
      vertex -41.9938 6.84003 49.488
      vertex -47 6.71645 49.9721
      vertex -41.9938 6.71645 49.9721
    endloop
  endfacet
  facet normal 0 0.968927 0.247346
    outer loop
      vertex -47 6.71645 49.9721
      vertex -41.9938 6.84003 49.488
      vertex -47 6.84003 49.488
    endloop
  endfacet
  facet normal 0 0.999363 0.0357001
    outer loop
      vertex -41.9938 7 48
      vertex -47 6.98216 48.4994
      vertex -41.9938 6.98216 48.4994
    endloop
  endfacet
  facet normal 0 0.999363 0.0357001
    outer loop
      vertex -47 6.98216 48.4994
      vertex -41.9938 7 48
      vertex -47 7 48
    endloop
  endfacet
  facet normal 0 -0.247162 -0.968974
    outer loop
      vertex -47 -1.97213 41.2835
      vertex -41.9938 -1.48796 41.16
      vertex -41.9938 -1.97213 41.2835
    endloop
  endfacet
  facet normal -0 -0.247162 -0.968974
    outer loop
      vertex -41.9938 -1.48796 41.16
      vertex -47 -1.97213 41.2835
      vertex -47 -1.48796 41.16
    endloop
  endfacet
  facet normal -1 0 0
    outer loop
      vertex -47 2.2 48
      vertex -47 7 48
      vertex -47 6.98216 47.5006
    endloop
  endfacet
  facet normal -1 0 0
    outer loop
      vertex -47 2.2 48
      vertex -47 6.98216 47.5006
      vertex -47 6.92875 47.0038
    endloop
  endfacet
  facet normal -1 0 0
    outer loop
      vertex -47 7 48
      vertex -47 2.2 48
      vertex -47 6.98216 48.4994
    endloop
  endfacet
  facet normal -1 0 0
    outer loop
      vertex -47 2.14484 47.5105
      vertex -47 6.92875 47.0038
      vertex -47 6.84003 46.512
    endloop
  endfacet
  facet normal -1 -0 0
    outer loop
      vertex -47 6.98216 48.4994
      vertex -47 2.2 48
      vertex -47 6.92875 48.9962
    endloop
  endfacet
  facet normal -1 0 0
    outer loop
      vertex -47 2.14484 47.5105
      vertex -47 6.84003 46.512
      vertex -47 6.71645 46.0279
    endloop
  endfacet
  facet normal -1 0 0
    outer loop
      vertex -47 2.14484 48.4895
      vertex -47 6.92875 48.9962
      vertex -47 2.2 48
    endloop
  endfacet
  facet normal -1 0 0
    outer loop
      vertex -47 2.14484 47.5105
      vertex -47 6.71645 46.0279
      vertex -47 6.55865 45.5537
    endloop
  endfacet
  facet normal -1 -0 0
    outer loop
      vertex -47 6.92875 48.9962
      vertex -47 2.14484 48.4895
      vertex -47 6.84003 49.488
    endloop
  endfacet
  facet normal -1 0 0
    outer loop
      vertex -47 1.98213 47.0455
      vertex -47 6.55865 45.5537
      vertex -47 6.36742 45.0921
    endloop
  endfacet
  facet normal -1 -0 0
    outer loop
      vertex -47 6.84003 49.488
      vertex -47 2.14484 48.4895
      vertex -47 6.71645 49.9721
    endloop
  endfacet
  facet normal -1 0 0
    outer loop
      vertex -47 1.98213 47.0455
      vertex -47 6.36742 45.0921
      vertex -47 6.14375 44.6453
    endloop
  endfacet
  facet normal -1 -0 0
    outer loop
      vertex -47 6.71645 49.9721
      vertex -47 2.14484 48.4895
      vertex -47 6.55865 50.4463
    endloop
  endfacet
  facet normal -1 0 0
    outer loop
      vertex -47 1.98213 47.0455
      vertex -47 6.14375 44.6453
      vertex -47 5.88877 44.2155
    endloop
  endfacet
  facet normal -1 0 0
    outer loop
      vertex -47 1.98213 48.9545
      vertex -47 6.55865 50.4463
      vertex -47 2.14484 48.4895
    endloop
  endfacet
  facet normal -1 0 0
    outer loop
      vertex -47 1.72003 46.6283
      vertex -47 5.88877 44.2155
      vertex -47 5.60379 43.8051
    endloop
  endfacet
  facet normal -1 -0 0
    outer loop
      vertex -47 6.55865 50.4463
      vertex -47 1.98213 48.9545
      vertex -47 6.36742 50.9079
    endloop
  endfacet
  facet normal -1 0 0
    outer loop
      vertex -47 1.72003 46.6283
      vertex -47 5.60379 43.8051
      vertex -47 5.29025 43.416
    endloop
  endfacet
  facet normal -1 -0 0
    outer loop
      vertex -47 6.36742 50.9079
      vertex -47 1.98213 48.9545
      vertex -47 6.14375 51.3547
    endloop
  endfacet
  facet normal -1 0 0
    outer loop
      vertex -47 1.72003 46.6283
      vertex -47 5.29025 43.416
      vertex -47 4.94975 43.0503
    endloop
  endfacet
  facet normal -1 -0 0
    outer loop
      vertex -47 6.14375 51.3547
      vertex -47 1.98213 48.9545
      vertex -47 5.88877 51.7845
    endloop
  endfacet
  facet normal -1 0 0
    outer loop
      vertex -47 1.37168 46.28
      vertex -47 4.94975 43.0503
      vertex -47 4.58402 42.7098
    endloop
  endfacet
  facet normal -1 0 0
    outer loop
      vertex -47 1.72003 49.3717
      vertex -47 5.88877 51.7845
      vertex -47 1.98213 48.9545
    endloop
  endfacet
  facet normal -1 0 0
    outer loop
      vertex -47 1.37168 46.28
      vertex -47 4.58402 42.7098
      vertex -47 4.19494 42.3962
    endloop
  endfacet
  facet normal -1 -0 0
    outer loop
      vertex -47 5.88877 51.7845
      vertex -47 1.72003 49.3717
      vertex -47 5.60379 52.1949
    endloop
  endfacet
  facet normal -1 0 0
    outer loop
      vertex -47 1.37168 46.28
      vertex -47 4.19494 42.3962
      vertex -47 3.78448 42.1112
    endloop
  endfacet
  facet normal -1 -0 0
    outer loop
      vertex -47 5.60379 52.1949
      vertex -47 1.72003 49.3717
      vertex -47 5.29025 52.584
    endloop
  endfacet
  facet normal -1 0 0
    outer loop
      vertex -47 0.954544 46.0179
      vertex -47 3.78448 42.1112
      vertex -47 3.35474 41.8562
    endloop
  endfacet
  facet normal -1 -0 0
    outer loop
      vertex -47 5.29025 52.584
      vertex -47 1.72003 49.3717
      vertex -47 4.94975 52.9497
    endloop
  endfacet
  facet normal -1 0 0
    outer loop
      vertex -47 0.954544 46.0179
      vertex -47 3.35474 41.8562
      vertex -47 2.9079 41.6326
    endloop
  endfacet
  facet normal -1 0 0
    outer loop
      vertex -47 1.37168 49.72
      vertex -47 4.94975 52.9497
      vertex -47 1.72003 49.3717
    endloop
  endfacet
  facet normal -1 0 0
    outer loop
      vertex -47 0.954544 46.0179
      vertex -47 2.9079 41.6326
      vertex -47 2.44625 41.4414
    endloop
  endfacet
  facet normal -1 -0 0
    outer loop
      vertex -47 4.94975 52.9497
      vertex -47 1.37168 49.72
      vertex -47 4.58402 53.2902
    endloop
  endfacet
  facet normal -1 -0 0
    outer loop
      vertex -47 4.58402 53.2902
      vertex -47 1.37168 49.72
      vertex -47 4.19494 53.6038
    endloop
  endfacet
  facet normal -1 0 0
    outer loop
      vertex -47 6.92875 47.0038
      vertex -47 2.14484 47.5105
      vertex -47 2.2 48
    endloop
  endfacet
  facet normal -1 0 0
    outer loop
      vertex -47 6.55865 45.5537
      vertex -47 1.98213 47.0455
      vertex -47 2.14484 47.5105
    endloop
  endfacet
  facet normal -1 0 0
    outer loop
      vertex -47 0.489546 45.8552
      vertex -47 2.44625 41.4414
      vertex -47 1.97213 41.2835
    endloop
  endfacet
  facet normal -1 0 0
    outer loop
      vertex -47 5.88877 44.2155
      vertex -47 1.72003 46.6283
      vertex -47 1.98213 47.0455
    endloop
  endfacet
  facet normal -1 0 0
    outer loop
      vertex -47 0.489546 45.8552
      vertex -47 1.97213 41.2835
      vertex -47 1.48796 41.16
    endloop
  endfacet
  facet normal -1 0 0
    outer loop
      vertex -47 4.94975 43.0503
      vertex -47 1.37168 46.28
      vertex -47 1.72003 46.6283
    endloop
  endfacet
  facet normal -1 0 0
    outer loop
      vertex -47 0.489546 45.8552
      vertex -47 1.48796 41.16
      vertex -47 0.996203 41.0713
    endloop
  endfacet
  facet normal -1 0 0
    outer loop
      vertex -47 3.78448 42.1112
      vertex -47 0.954544 46.0179
      vertex -47 1.37168 46.28
    endloop
  endfacet
  facet normal -1 0 0
    outer loop
      vertex -47 0.489546 45.8552
      vertex -47 0.996203 41.0713
      vertex -47 0.499373 41.0178
    endloop
  endfacet
  facet normal -1 0 0
    outer loop
      vertex -47 2.44625 41.4414
      vertex -47 0.489546 45.8552
      vertex -47 0.954544 46.0179
    endloop
  endfacet
  facet normal -1 0 0
    outer loop
      vertex -47 0 45.8
      vertex -47 0.499373 41.0178
      vertex -47 0 41
    endloop
  endfacet
  facet normal -1 0 0
    outer loop
      vertex -47 0.499373 41.0178
      vertex -47 0 45.8
      vertex -47 0.489546 45.8552
    endloop
  endfacet
  facet normal -1 0 0
    outer loop
      vertex -47 -0.499373 41.0178
      vertex -47 0 45.8
      vertex -47 0 41
    endloop
  endfacet
  facet normal -1 -0 0
    outer loop
      vertex -47 0 45.8
      vertex -47 -0.499373 41.0178
      vertex -47 -0.489546 45.8552
    endloop
  endfacet
  facet normal -1 0 0
    outer loop
      vertex -47 -0.996203 41.0713
      vertex -47 -0.489546 45.8552
      vertex -47 -0.499373 41.0178
    endloop
  endfacet
  facet normal -1 0 0
    outer loop
      vertex -47 -1.48796 41.16
      vertex -47 -0.489546 45.8552
      vertex -47 -0.996203 41.0713
    endloop
  endfacet
  facet normal -1 0 0
    outer loop
      vertex -47 -1.97213 41.2835
      vertex -47 -0.489546 45.8552
      vertex -47 -1.48796 41.16
    endloop
  endfacet
  facet normal -1 0 0
    outer loop
      vertex -47 -2.44625 41.4414
      vertex -47 -0.489546 45.8552
      vertex -47 -1.97213 41.2835
    endloop
  endfacet
  facet normal -1 -0 0
    outer loop
      vertex -47 -0.489546 45.8552
      vertex -47 -2.44625 41.4414
      vertex -47 -0.954544 46.0179
    endloop
  endfacet
  facet normal -1 0 0
    outer loop
      vertex -47 -2.9079 41.6326
      vertex -47 -0.954544 46.0179
      vertex -47 -2.44625 41.4414
    endloop
  endfacet
  facet normal -1 0 0
    outer loop
      vertex -47 -3.35474 41.8562
      vertex -47 -0.954544 46.0179
      vertex -47 -2.9079 41.6326
    endloop
  endfacet
  facet normal -1 0 0
    outer loop
      vertex -47 -3.78448 42.1112
      vertex -47 -0.954544 46.0179
      vertex -47 -3.35474 41.8562
    endloop
  endfacet
  facet normal -1 -0 0
    outer loop
      vertex -47 -0.954544 46.0179
      vertex -47 -3.78448 42.1112
      vertex -47 -1.37168 46.28
    endloop
  endfacet
  facet normal -1 0 0
    outer loop
      vertex -47 -4.19494 42.3962
      vertex -47 -1.37168 46.28
      vertex -47 -3.78448 42.1112
    endloop
  endfacet
  facet normal -1 -0 0
    outer loop
      vertex -47 4.19494 53.6038
      vertex -47 1.37168 49.72
      vertex -47 3.78448 53.8888
    endloop
  endfacet
  facet normal -1 0 0
    outer loop
      vertex -47 0.954544 49.9821
      vertex -47 3.78448 53.8888
      vertex -47 1.37168 49.72
    endloop
  endfacet
  facet normal -1 -0 0
    outer loop
      vertex -47 3.78448 53.8888
      vertex -47 0.954544 49.9821
      vertex -47 3.35474 54.1438
    endloop
  endfacet
  facet normal -1 -0 0
    outer loop
      vertex -47 3.35474 54.1438
      vertex -47 0.954544 49.9821
      vertex -47 2.9079 54.3674
    endloop
  endfacet
  facet normal -1 -0 0
    outer loop
      vertex -47 2.9079 54.3674
      vertex -47 0.954544 49.9821
      vertex -47 2.44625 54.5586
    endloop
  endfacet
  facet normal -1 0 0
    outer loop
      vertex -47 0.489546 50.1448
      vertex -47 2.44625 54.5586
      vertex -47 0.954544 49.9821
    endloop
  endfacet
  facet normal -1 -0 0
    outer loop
      vertex -47 2.44625 54.5586
      vertex -47 0.489546 50.1448
      vertex -47 1.97213 54.7164
    endloop
  endfacet
  facet normal -1 -0 0
    outer loop
      vertex -47 1.97213 54.7164
      vertex -47 0.489546 50.1448
      vertex -47 1.48796 54.84
    endloop
  endfacet
  facet normal -1 -0 0
    outer loop
      vertex -47 1.48796 54.84
      vertex -47 0.489546 50.1448
      vertex -47 0.996203 54.9287
    endloop
  endfacet
  facet normal -1 -0 0
    outer loop
      vertex -47 0.996203 54.9287
      vertex -47 0.489546 50.1448
      vertex -47 0.499373 54.9822
    endloop
  endfacet
  facet normal -1 0 0
    outer loop
      vertex -47 0 50.2
      vertex -47 0.499373 54.9822
      vertex -47 0.489546 50.1448
    endloop
  endfacet
  facet normal -1 0 0
    outer loop
      vertex -47 0 50.2
      vertex -47 0 55
      vertex -47 0.499373 54.9822
    endloop
  endfacet
  facet normal -1 0 0
    outer loop
      vertex -47 -0.499373 54.9822
      vertex -47 0 50.2
      vertex -47 -0.489546 50.1448
    endloop
  endfacet
  facet normal -1 0 0
    outer loop
      vertex -47 0 50.2
      vertex -47 -0.499373 54.9822
      vertex -47 0 55
    endloop
  endfacet
  facet normal -1 0 0
    outer loop
      vertex -47 -2.44625 54.5586
      vertex -47 -0.489546 50.1448
      vertex -47 -0.954544 49.9821
    endloop
  endfacet
  facet normal -1 0 0
    outer loop
      vertex -47 -0.489546 50.1448
      vertex -47 -0.996203 54.9287
      vertex -47 -0.499373 54.9822
    endloop
  endfacet
  facet normal -1 0 0
    outer loop
      vertex -47 -3.78448 53.8888
      vertex -47 -0.954544 49.9821
      vertex -47 -1.37168 49.72
    endloop
  endfacet
  facet normal -1 0 0
    outer loop
      vertex -47 -0.489546 50.1448
      vertex -47 -1.48796 54.84
      vertex -47 -0.996203 54.9287
    endloop
  endfacet
  facet normal -1 0 0
    outer loop
      vertex -47 -4.94975 52.9497
      vertex -47 -1.37168 49.72
      vertex -47 -1.72003 49.3717
    endloop
  endfacet
  facet normal -1 0 0
    outer loop
      vertex -47 -0.489546 50.1448
      vertex -47 -1.97213 54.7164
      vertex -47 -1.48796 54.84
    endloop
  endfacet
  facet normal -1 0 0
    outer loop
      vertex -47 -5.88877 51.7845
      vertex -47 -1.72003 49.3717
      vertex -47 -1.98213 48.9545
    endloop
  endfacet
  facet normal -1 0 0
    outer loop
      vertex -47 -6.55865 50.4463
      vertex -47 -1.98213 48.9545
      vertex -47 -2.14484 48.4895
    endloop
  endfacet
  facet normal -1 0 0
    outer loop
      vertex -47 -6.92875 48.9962
      vertex -47 -2.14484 48.4895
      vertex -47 -2.2 48
    endloop
  endfacet
  facet normal -1 0 0
    outer loop
      vertex -47 -4.58402 42.7098
      vertex -47 -1.37168 46.28
      vertex -47 -4.19494 42.3962
    endloop
  endfacet
  facet normal -1 0 0
    outer loop
      vertex -47 -0.489546 50.1448
      vertex -47 -2.44625 54.5586
      vertex -47 -1.97213 54.7164
    endloop
  endfacet
  facet normal -1 0 0
    outer loop
      vertex -47 -4.94975 43.0503
      vertex -47 -1.37168 46.28
      vertex -47 -4.58402 42.7098
    endloop
  endfacet
  facet normal -1 0 0
    outer loop
      vertex -47 -0.954544 49.9821
      vertex -47 -2.9079 54.3674
      vertex -47 -2.44625 54.5586
    endloop
  endfacet
  facet normal -1 -0 0
    outer loop
      vertex -47 -1.37168 46.28
      vertex -47 -4.94975 43.0503
      vertex -47 -1.72003 46.6283
    endloop
  endfacet
  facet normal -1 0 0
    outer loop
      vertex -47 -0.954544 49.9821
      vertex -47 -3.35474 54.1438
      vertex -47 -2.9079 54.3674
    endloop
  endfacet
  facet normal -1 0 0
    outer loop
      vertex -47 -5.29025 43.416
      vertex -47 -1.72003 46.6283
      vertex -47 -4.94975 43.0503
    endloop
  endfacet
  facet normal -1 0 0
    outer loop
      vertex -47 -0.954544 49.9821
      vertex -47 -3.78448 53.8888
      vertex -47 -3.35474 54.1438
    endloop
  endfacet
  facet normal -1 0 0
    outer loop
      vertex -47 -5.60379 43.8051
      vertex -47 -1.72003 46.6283
      vertex -47 -5.29025 43.416
    endloop
  endfacet
  facet normal -1 0 0
    outer loop
      vertex -47 -1.37168 49.72
      vertex -47 -4.19494 53.6038
      vertex -47 -3.78448 53.8888
    endloop
  endfacet
  facet normal -1 0 0
    outer loop
      vertex -47 -5.88877 44.2155
      vertex -47 -1.72003 46.6283
      vertex -47 -5.60379 43.8051
    endloop
  endfacet
  facet normal -1 0 0
    outer loop
      vertex -47 -1.37168 49.72
      vertex -47 -4.58402 53.2902
      vertex -47 -4.19494 53.6038
    endloop
  endfacet
  facet normal -1 -0 0
    outer loop
      vertex -47 -1.72003 46.6283
      vertex -47 -5.88877 44.2155
      vertex -47 -1.98213 47.0455
    endloop
  endfacet
  facet normal -1 0 0
    outer loop
      vertex -47 -1.37168 49.72
      vertex -47 -4.94975 52.9497
      vertex -47 -4.58402 53.2902
    endloop
  endfacet
  facet normal -1 0 0
    outer loop
      vertex -47 -6.14375 44.6453
      vertex -47 -1.98213 47.0455
      vertex -47 -5.88877 44.2155
    endloop
  endfacet
  facet normal -1 0 0
    outer loop
      vertex -47 -1.72003 49.3717
      vertex -47 -5.29025 52.584
      vertex -47 -4.94975 52.9497
    endloop
  endfacet
  facet normal -1 0 0
    outer loop
      vertex -47 -6.36742 45.0921
      vertex -47 -1.98213 47.0455
      vertex -47 -6.14375 44.6453
    endloop
  endfacet
  facet normal -1 0 0
    outer loop
      vertex -47 -1.72003 49.3717
      vertex -47 -5.60379 52.1949
      vertex -47 -5.29025 52.584
    endloop
  endfacet
  facet normal -1 0 0
    outer loop
      vertex -47 -6.55865 45.5537
      vertex -47 -1.98213 47.0455
      vertex -47 -6.36742 45.0921
    endloop
  endfacet
  facet normal -1 0 0
    outer loop
      vertex -47 -1.72003 49.3717
      vertex -47 -5.88877 51.7845
      vertex -47 -5.60379 52.1949
    endloop
  endfacet
  facet normal -1 -0 0
    outer loop
      vertex -47 -1.98213 47.0455
      vertex -47 -6.55865 45.5537
      vertex -47 -2.14484 47.5105
    endloop
  endfacet
  facet normal -1 0 0
    outer loop
      vertex -47 -1.98213 48.9545
      vertex -47 -6.14375 51.3547
      vertex -47 -5.88877 51.7845
    endloop
  endfacet
  facet normal -1 0 0
    outer loop
      vertex -47 -6.71645 46.0279
      vertex -47 -2.14484 47.5105
      vertex -47 -6.55865 45.5537
    endloop
  endfacet
  facet normal -1 0 0
    outer loop
      vertex -47 -1.98213 48.9545
      vertex -47 -6.36742 50.9079
      vertex -47 -6.14375 51.3547
    endloop
  endfacet
  facet normal -1 0 0
    outer loop
      vertex -47 -6.84003 46.512
      vertex -47 -2.14484 47.5105
      vertex -47 -6.71645 46.0279
    endloop
  endfacet
  facet normal -1 0 0
    outer loop
      vertex -47 -1.98213 48.9545
      vertex -47 -6.55865 50.4463
      vertex -47 -6.36742 50.9079
    endloop
  endfacet
  facet normal -1 0 0
    outer loop
      vertex -47 -6.92875 47.0038
      vertex -47 -2.14484 47.5105
      vertex -47 -6.84003 46.512
    endloop
  endfacet
  facet normal -1 0 0
    outer loop
      vertex -47 -2.14484 48.4895
      vertex -47 -6.71645 49.9721
      vertex -47 -6.55865 50.4463
    endloop
  endfacet
  facet normal -1 -0 0
    outer loop
      vertex -47 -2.14484 47.5105
      vertex -47 -6.92875 47.0038
      vertex -47 -2.2 48
    endloop
  endfacet
  facet normal -1 0 0
    outer loop
      vertex -47 -2.14484 48.4895
      vertex -47 -6.84003 49.488
      vertex -47 -6.71645 49.9721
    endloop
  endfacet
  facet normal -1 0 0
    outer loop
      vertex -47 -6.98216 47.5006
      vertex -47 -2.2 48
      vertex -47 -6.92875 47.0038
    endloop
  endfacet
  facet normal -1 0 0
    outer loop
      vertex -47 -2.14484 48.4895
      vertex -47 -6.92875 48.9962
      vertex -47 -6.84003 49.488
    endloop
  endfacet
  facet normal -1 0 0
    outer loop
      vertex -47 -7 48
      vertex -47 -2.2 48
      vertex -47 -6.98216 47.5006
    endloop
  endfacet
  facet normal -1 0 0
    outer loop
      vertex -47 -2.2 48
      vertex -47 -6.98216 48.4994
      vertex -47 -6.92875 48.9962
    endloop
  endfacet
  facet normal -1 0 0
    outer loop
      vertex -47 -2.2 48
      vertex -47 -7 48
      vertex -47 -6.98216 48.4994
    endloop
  endfacet
  facet normal 0 -0.923859 -0.382733
    outer loop
      vertex -47 -6.36742 45.0921
      vertex -41.9938 -6.55865 45.5537
      vertex -47 -6.55865 45.5537
    endloop
  endfacet
  facet normal 0 -0.923859 -0.382733
    outer loop
      vertex -41.9938 -6.55865 45.5537
      vertex -47 -6.36742 45.0921
      vertex -41.9938 -6.36742 45.0921
    endloop
  endfacet
  facet normal 0 -0.821389 -0.570369
    outer loop
      vertex -47 -5.60379 43.8051
      vertex -41.9938 -5.88877 44.2155
      vertex -47 -5.88877 44.2155
    endloop
  endfacet
  facet normal 0 -0.821389 -0.570369
    outer loop
      vertex -41.9938 -5.88877 44.2155
      vertex -47 -5.60379 43.8051
      vertex -41.9938 -5.60379 43.8051
    endloop
  endfacet
  facet normal 0 -0.894211 -0.447646
    outer loop
      vertex -47 -6.14375 44.6453
      vertex -41.9938 -6.36742 45.0921
      vertex -47 -6.36742 45.0921
    endloop
  endfacet
  facet normal 0 -0.894211 -0.447646
    outer loop
      vertex -41.9938 -6.36742 45.0921
      vertex -47 -6.14375 44.6453
      vertex -41.9938 -6.14375 44.6453
    endloop
  endfacet
  facet normal 0 -0.315976 -0.948767
    outer loop
      vertex -47 -2.44625 41.4414
      vertex -41.9938 -1.97213 41.2835
      vertex -41.9938 -2.44625 41.4414
    endloop
  endfacet
  facet normal -0 -0.315976 -0.948767
    outer loop
      vertex -41.9938 -1.97213 41.2835
      vertex -47 -2.44625 41.4414
      vertex -47 -1.97213 41.2835
    endloop
  endfacet
  facet normal 0 -0.107064 -0.994252
    outer loop
      vertex -47 -0.996203 41.0713
      vertex -41.9938 -0.499373 41.0178
      vertex -41.9938 -0.996203 41.0713
    endloop
  endfacet
  facet normal -0 -0.107064 -0.994252
    outer loop
      vertex -41.9938 -0.499373 41.0178
      vertex -47 -0.996203 41.0713
      vertex -47 -0.499373 41.0178
    endloop
  endfacet
  facet normal 0 -0.968927 0.247346
    outer loop
      vertex -47 -6.84003 49.488
      vertex -41.9938 -6.71645 49.9721
      vertex -47 -6.71645 49.9721
    endloop
  endfacet
  facet normal 0 -0.968927 0.247346
    outer loop
      vertex -41.9938 -6.71645 49.9721
      vertex -47 -6.84003 49.488
      vertex -41.9938 -6.84003 49.488
    endloop
  endfacet
  facet normal 0 -0.778658 0.627449
    outer loop
      vertex -47 -5.60379 52.1949
      vertex -41.9938 -5.29025 52.584
      vertex -47 -5.29025 52.584
    endloop
  endfacet
  facet normal 0 -0.778658 0.627449
    outer loop
      vertex -41.9938 -5.29025 52.584
      vertex -47 -5.60379 52.1949
      vertex -41.9938 -5.60379 52.1949
    endloop
  endfacet
  facet normal 0 -0.821389 0.570369
    outer loop
      vertex -47 -5.88877 51.7845
      vertex -41.9938 -5.60379 52.1949
      vertex -47 -5.60379 52.1949
    endloop
  endfacet
  facet normal 0 -0.821389 0.570369
    outer loop
      vertex -41.9938 -5.60379 52.1949
      vertex -47 -5.88877 51.7845
      vertex -41.9938 -5.88877 51.7845
    endloop
  endfacet
  facet normal 0 -0.984115 0.177533
    outer loop
      vertex -47 -6.92875 48.9962
      vertex -41.9938 -6.84003 49.488
      vertex -47 -6.84003 49.488
    endloop
  endfacet
  facet normal 0 -0.984115 0.177533
    outer loop
      vertex -41.9938 -6.84003 49.488
      vertex -47 -6.92875 48.9962
      vertex -41.9938 -6.92875 48.9962
    endloop
  endfacet
  facet normal 0 -0.510305 0.859994
    outer loop
      vertex -47 -3.35474 54.1438
      vertex -41.9938 -3.78448 53.8888
      vertex -41.9938 -3.35474 54.1438
    endloop
  endfacet
  facet normal 0 -0.510305 0.859994
    outer loop
      vertex -41.9938 -3.78448 53.8888
      vertex -47 -3.35474 54.1438
      vertex -47 -3.78448 53.8888
    endloop
  endfacet
  facet normal 0 -0.382646 0.923895
    outer loop
      vertex -47 -2.44625 54.5586
      vertex -41.9938 -2.9079 54.3674
      vertex -41.9938 -2.44625 54.5586
    endloop
  endfacet
  facet normal 0 -0.382646 0.923895
    outer loop
      vertex -41.9938 -2.9079 54.3674
      vertex -47 -2.44625 54.5586
      vertex -47 -2.9079 54.3674
    endloop
  endfacet
  facet normal 0 -0.57034 0.821409
    outer loop
      vertex -47 -3.78448 53.8888
      vertex -41.9938 -4.19494 53.6038
      vertex -41.9938 -3.78448 53.8888
    endloop
  endfacet
  facet normal 0 -0.57034 0.821409
    outer loop
      vertex -41.9938 -4.19494 53.6038
      vertex -47 -3.78448 53.8888
      vertex -47 -4.19494 53.6038
    endloop
  endfacet
  facet normal 0 -0.315795 0.948827
    outer loop
      vertex -47 -1.97213 54.7164
      vertex -41.9938 -2.44625 54.5586
      vertex -41.9938 -1.97213 54.7164
    endloop
  endfacet
  facet normal 0 -0.315795 0.948827
    outer loop
      vertex -41.9938 -2.44625 54.5586
      vertex -47 -1.97213 54.7164
      vertex -47 -2.44625 54.5586
    endloop
  endfacet
  facet normal 0 -0.107064 0.994252
    outer loop
      vertex -47 -0.499373 54.9822
      vertex -41.9938 -0.996203 54.9287
      vertex -41.9938 -0.499373 54.9822
    endloop
  endfacet
  facet normal 0 -0.107064 0.994252
    outer loop
      vertex -41.9938 -0.996203 54.9287
      vertex -47 -0.499373 54.9822
      vertex -47 -0.996203 54.9287
    endloop
  endfacet
  facet normal 0 -0.177509 0.984119
    outer loop
      vertex -47 -0.996203 54.9287
      vertex -41.9938 -1.48796 54.84
      vertex -41.9938 -0.996203 54.9287
    endloop
  endfacet
  facet normal 0 -0.177509 0.984119
    outer loop
      vertex -41.9938 -1.48796 54.84
      vertex -47 -0.996203 54.9287
      vertex -47 -1.48796 54.84
    endloop
  endfacet
  facet normal 0 0.177509 -0.984119
    outer loop
      vertex -47 0.996203 41.0713
      vertex -41.9938 1.48796 41.16
      vertex -41.9938 0.996203 41.0713
    endloop
  endfacet
  facet normal 0 0.177509 -0.984119
    outer loop
      vertex -41.9938 1.48796 41.16
      vertex -47 0.996203 41.0713
      vertex -47 1.48796 41.16
    endloop
  endfacet
  facet normal 0 0.315976 -0.948767
    outer loop
      vertex -47 1.97213 41.2835
      vertex -41.9938 2.44625 41.4414
      vertex -41.9938 1.97213 41.2835
    endloop
  endfacet
  facet normal 0 0.315976 -0.948767
    outer loop
      vertex -41.9938 2.44625 41.4414
      vertex -47 1.97213 41.2835
      vertex -47 2.44625 41.4414
    endloop
  endfacet
  facet normal 0 0.627541 -0.778583
    outer loop
      vertex -47 4.19494 42.3962
      vertex -41.9938 4.58402 42.7098
      vertex -41.9938 4.19494 42.3962
    endloop
  endfacet
  facet normal 0 0.627541 -0.778583
    outer loop
      vertex -41.9938 4.58402 42.7098
      vertex -47 4.19494 42.3962
      vertex -47 4.58402 42.7098
    endloop
  endfacet
  facet normal 0 0.510305 -0.859994
    outer loop
      vertex -47 3.35474 41.8562
      vertex -41.9938 3.78448 42.1112
      vertex -41.9938 3.35474 41.8562
    endloop
  endfacet
  facet normal 0 0.510305 -0.859994
    outer loop
      vertex -41.9938 3.78448 42.1112
      vertex -47 3.35474 41.8562
      vertex -47 3.78448 42.1112
    endloop
  endfacet
  facet normal 0 0.994271 -0.106892
    outer loop
      vertex -41.9938 6.92875 47.0038
      vertex -47 6.98216 47.5006
      vertex -41.9938 6.98216 47.5006
    endloop
  endfacet
  facet normal 0 0.994271 -0.106892
    outer loop
      vertex -47 6.98216 47.5006
      vertex -41.9938 6.92875 47.0038
      vertex -47 6.92875 47.0038
    endloop
  endfacet
  facet normal 0 0.821389 -0.570369
    outer loop
      vertex -41.9938 5.60379 43.8051
      vertex -47 5.88877 44.2155
      vertex -41.9938 5.88877 44.2155
    endloop
  endfacet
  facet normal 0 0.821389 -0.570369
    outer loop
      vertex -47 5.88877 44.2155
      vertex -41.9938 5.60379 43.8051
      vertex -47 5.60379 43.8051
    endloop
  endfacet
  facet normal -0 0.681411 0.731901
    outer loop
      vertex -47 4.94975 52.9497
      vertex -41.9938 4.58402 53.2902
      vertex -41.9938 4.94975 52.9497
    endloop
  endfacet
  facet normal 0 0.681411 0.731901
    outer loop
      vertex -41.9938 4.58402 53.2902
      vertex -47 4.94975 52.9497
      vertex -47 4.58402 53.2902
    endloop
  endfacet
  facet normal -0 0.315795 0.948827
    outer loop
      vertex -47 2.44625 54.5586
      vertex -41.9938 1.97213 54.7164
      vertex -41.9938 2.44625 54.5586
    endloop
  endfacet
  facet normal 0 0.315795 0.948827
    outer loop
      vertex -41.9938 1.97213 54.7164
      vertex -47 2.44625 54.5586
      vertex -47 1.97213 54.7164
    endloop
  endfacet
  facet normal -0 0.107064 0.994252
    outer loop
      vertex -47 0.996203 54.9287
      vertex -41.9938 0.499373 54.9822
      vertex -41.9938 0.996203 54.9287
    endloop
  endfacet
  facet normal 0 0.107064 0.994252
    outer loop
      vertex -41.9938 0.499373 54.9822
      vertex -47 0.996203 54.9287
      vertex -47 0.499373 54.9822
    endloop
  endfacet
  facet normal 0 0.778658 0.627449
    outer loop
      vertex -41.9938 5.60379 52.1949
      vertex -47 5.29025 52.584
      vertex -41.9938 5.29025 52.584
    endloop
  endfacet
  facet normal 0 0.778658 0.627449
    outer loop
      vertex -47 5.29025 52.584
      vertex -41.9938 5.60379 52.1949
      vertex -47 5.60379 52.1949
    endloop
  endfacet
  facet normal 0 0.860042 0.510222
    outer loop
      vertex -41.9938 6.14375 51.3547
      vertex -47 5.88877 51.7845
      vertex -41.9938 5.88877 51.7845
    endloop
  endfacet
  facet normal 0 0.860042 0.510222
    outer loop
      vertex -47 5.88877 51.7845
      vertex -41.9938 6.14375 51.3547
      vertex -47 6.14375 51.3547
    endloop
  endfacet
  facet normal 0 0.994271 0.106892
    outer loop
      vertex -41.9938 6.98216 48.4994
      vertex -47 6.92875 48.9962
      vertex -41.9938 6.92875 48.9962
    endloop
  endfacet
  facet normal 0 0.994271 0.106892
    outer loop
      vertex -47 6.92875 48.9962
      vertex -41.9938 6.98216 48.4994
      vertex -47 6.98216 48.4994
    endloop
  endfacet
  facet normal 0 -0.984115 -0.177533
    outer loop
      vertex -47 -6.84003 46.512
      vertex -41.9938 -6.92875 47.0038
      vertex -47 -6.92875 47.0038
    endloop
  endfacet
  facet normal 0 -0.984115 -0.177533
    outer loop
      vertex -41.9938 -6.92875 47.0038
      vertex -47 -6.84003 46.512
      vertex -41.9938 -6.84003 46.512
    endloop
  endfacet
  facet normal 0 -0.999363 -0.0357001
    outer loop
      vertex -47 -6.98216 47.5006
      vertex -41.9938 -7 48
      vertex -47 -7 48
    endloop
  endfacet
  facet normal 0 -0.999363 -0.0357001
    outer loop
      vertex -41.9938 -7 48
      vertex -47 -6.98216 47.5006
      vertex -41.9938 -6.98216 47.5006
    endloop
  endfacet
  facet normal 0 -0.994271 -0.106892
    outer loop
      vertex -47 -6.92875 47.0038
      vertex -41.9938 -6.98216 47.5006
      vertex -47 -6.98216 47.5006
    endloop
  endfacet
  facet normal 0 -0.994271 -0.106892
    outer loop
      vertex -41.9938 -6.98216 47.5006
      vertex -47 -6.92875 47.0038
      vertex -41.9938 -6.92875 47.0038
    endloop
  endfacet
  facet normal 0 -0.948843 -0.315748
    outer loop
      vertex -47 -6.55865 45.5537
      vertex -41.9938 -6.71645 46.0279
      vertex -47 -6.71645 46.0279
    endloop
  endfacet
  facet normal 0 -0.948843 -0.315748
    outer loop
      vertex -41.9938 -6.71645 46.0279
      vertex -47 -6.55865 45.5537
      vertex -41.9938 -6.55865 45.5537
    endloop
  endfacet
  facet normal 0 -0.778658 -0.627449
    outer loop
      vertex -47 -5.29025 43.416
      vertex -41.9938 -5.60379 43.8051
      vertex -47 -5.60379 43.8051
    endloop
  endfacet
  facet normal 0 -0.778658 -0.627449
    outer loop
      vertex -41.9938 -5.60379 43.8051
      vertex -47 -5.29025 43.416
      vertex -41.9938 -5.29025 43.416
    endloop
  endfacet
  facet normal 0 -0.57034 -0.821409
    outer loop
      vertex -47 -4.19494 42.3962
      vertex -41.9938 -3.78448 42.1112
      vertex -41.9938 -4.19494 42.3962
    endloop
  endfacet
  facet normal -0 -0.57034 -0.821409
    outer loop
      vertex -41.9938 -3.78448 42.1112
      vertex -47 -4.19494 42.3962
      vertex -47 -3.78448 42.1112
    endloop
  endfacet
  facet normal 0 -0.681411 -0.731901
    outer loop
      vertex -47 -4.94975 43.0503
      vertex -41.9938 -4.58402 42.7098
      vertex -41.9938 -4.94975 43.0503
    endloop
  endfacet
  facet normal -0 -0.681411 -0.731901
    outer loop
      vertex -41.9938 -4.58402 42.7098
      vertex -47 -4.94975 43.0503
      vertex -47 -4.58402 42.7098
    endloop
  endfacet
  facet normal 0 -0.627541 -0.778583
    outer loop
      vertex -47 -4.58402 42.7098
      vertex -41.9938 -4.19494 42.3962
      vertex -41.9938 -4.58402 42.7098
    endloop
  endfacet
  facet normal -0 -0.627541 -0.778583
    outer loop
      vertex -41.9938 -4.19494 42.3962
      vertex -47 -4.58402 42.7098
      vertex -47 -4.19494 42.3962
    endloop
  endfacet
  facet normal 0 -0.382646 -0.923895
    outer loop
      vertex -47 -2.9079 41.6326
      vertex -41.9938 -2.44625 41.4414
      vertex -41.9938 -2.9079 41.6326
    endloop
  endfacet
  facet normal -0 -0.382646 -0.923895
    outer loop
      vertex -41.9938 -2.44625 41.4414
      vertex -47 -2.9079 41.6326
      vertex -47 -2.44625 41.4414
    endloop
  endfacet
  facet normal 0 -0.447502 -0.894283
    outer loop
      vertex -47 -3.35474 41.8562
      vertex -41.9938 -2.9079 41.6326
      vertex -41.9938 -3.35474 41.8562
    endloop
  endfacet
  facet normal -0 -0.447502 -0.894283
    outer loop
      vertex -41.9938 -2.9079 41.6326
      vertex -47 -3.35474 41.8562
      vertex -47 -2.9079 41.6326
    endloop
  endfacet
  facet normal 0 -0.0356221 -0.999365
    outer loop
      vertex -47 -0.499373 41.0178
      vertex -41.9938 0 41
      vertex -41.9938 -0.499373 41.0178
    endloop
  endfacet
  facet normal -0 -0.0356221 -0.999365
    outer loop
      vertex -41.9938 0 41
      vertex -47 -0.499373 41.0178
      vertex -47 0 41
    endloop
  endfacet
  facet normal 0 -0.994271 0.106892
    outer loop
      vertex -47 -6.98216 48.4994
      vertex -41.9938 -6.92875 48.9962
      vertex -47 -6.92875 48.9962
    endloop
  endfacet
  facet normal 0 -0.994271 0.106892
    outer loop
      vertex -41.9938 -6.92875 48.9962
      vertex -47 -6.98216 48.4994
      vertex -41.9938 -6.98216 48.4994
    endloop
  endfacet
  facet normal 0 -0.860042 0.510222
    outer loop
      vertex -47 -6.14375 51.3547
      vertex -41.9938 -5.88877 51.7845
      vertex -47 -5.88877 51.7845
    endloop
  endfacet
  facet normal 0 -0.860042 0.510222
    outer loop
      vertex -41.9938 -5.88877 51.7845
      vertex -47 -6.14375 51.3547
      vertex -41.9938 -6.14375 51.3547
    endloop
  endfacet
  facet normal 0 -0.894211 0.447646
    outer loop
      vertex -47 -6.36742 50.9079
      vertex -41.9938 -6.14375 51.3547
      vertex -47 -6.14375 51.3547
    endloop
  endfacet
  facet normal 0 -0.894211 0.447646
    outer loop
      vertex -41.9938 -6.14375 51.3547
      vertex -47 -6.36742 50.9079
      vertex -41.9938 -6.36742 50.9079
    endloop
  endfacet
  facet normal 0 -0.681411 0.731901
    outer loop
      vertex -47 -4.58402 53.2902
      vertex -41.9938 -4.94975 52.9497
      vertex -41.9938 -4.58402 53.2902
    endloop
  endfacet
  facet normal 0 -0.681411 0.731901
    outer loop
      vertex -41.9938 -4.94975 52.9497
      vertex -47 -4.58402 53.2902
      vertex -47 -4.94975 52.9497
    endloop
  endfacet
  facet normal 0 -0.447502 0.894283
    outer loop
      vertex -47 -2.9079 54.3674
      vertex -41.9938 -3.35474 54.1438
      vertex -41.9938 -2.9079 54.3674
    endloop
  endfacet
  facet normal 0 -0.447502 0.894283
    outer loop
      vertex -41.9938 -3.35474 54.1438
      vertex -47 -2.9079 54.3674
      vertex -47 -3.35474 54.1438
    endloop
  endfacet
  facet normal 0 -0.24735 0.968926
    outer loop
      vertex -47 -1.48796 54.84
      vertex -41.9938 -1.97213 54.7164
      vertex -41.9938 -1.48796 54.84
    endloop
  endfacet
  facet normal 0 -0.24735 0.968926
    outer loop
      vertex -41.9938 -1.97213 54.7164
      vertex -47 -1.48796 54.84
      vertex -47 -1.97213 54.7164
    endloop
  endfacet
  facet normal 0 -0.0356221 0.999365
    outer loop
      vertex -47 0 55
      vertex -41.9938 -0.499373 54.9822
      vertex -41.9938 0 55
    endloop
  endfacet
  facet normal 0 -0.0356221 0.999365
    outer loop
      vertex -41.9938 -0.499373 54.9822
      vertex -47 0 55
      vertex -47 -0.499373 54.9822
    endloop
  endfacet
  facet normal 0 0.681411 -0.731901
    outer loop
      vertex -47 4.58402 42.7098
      vertex -41.9938 4.94975 43.0503
      vertex -41.9938 4.58402 42.7098
    endloop
  endfacet
  facet normal 0 0.681411 -0.731901
    outer loop
      vertex -41.9938 4.94975 43.0503
      vertex -47 4.58402 42.7098
      vertex -47 4.94975 43.0503
    endloop
  endfacet
  facet normal -0 0.510305 0.859994
    outer loop
      vertex -47 3.78448 53.8888
      vertex -41.9938 3.35474 54.1438
      vertex -41.9938 3.78448 53.8888
    endloop
  endfacet
  facet normal 0 0.510305 0.859994
    outer loop
      vertex -41.9938 3.35474 54.1438
      vertex -47 3.78448 53.8888
      vertex -47 3.35474 54.1438
    endloop
  endfacet
  facet normal 0 -0.860042 -0.510222
    outer loop
      vertex -47 -5.88877 44.2155
      vertex -41.9938 -6.14375 44.6453
      vertex -47 -6.14375 44.6453
    endloop
  endfacet
  facet normal 0 -0.860042 -0.510222
    outer loop
      vertex -41.9938 -6.14375 44.6453
      vertex -47 -5.88877 44.2155
      vertex -41.9938 -5.88877 44.2155
    endloop
  endfacet
  facet normal 0 -0.177509 -0.984119
    outer loop
      vertex -47 -1.48796 41.16
      vertex -41.9938 -0.996203 41.0713
      vertex -41.9938 -1.48796 41.16
    endloop
  endfacet
  facet normal -0 -0.177509 -0.984119
    outer loop
      vertex -41.9938 -0.996203 41.0713
      vertex -47 -1.48796 41.16
      vertex -47 -0.996203 41.0713
    endloop
  endfacet
  facet normal 0 -0.731873 0.681441
    outer loop
      vertex -47 -5.29025 52.584
      vertex -41.9938 -4.94975 52.9497
      vertex -47 -4.94975 52.9497
    endloop
  endfacet
  facet normal 0 -0.731873 0.681441
    outer loop
      vertex -41.9938 -4.94975 52.9497
      vertex -47 -5.29025 52.584
      vertex -41.9938 -5.29025 52.584
    endloop
  endfacet
  facet normal 0 -0.627541 0.778583
    outer loop
      vertex -47 -4.19494 53.6038
      vertex -41.9938 -4.58402 53.2902
      vertex -41.9938 -4.19494 53.6038
    endloop
  endfacet
  facet normal 0 -0.627541 0.778583
    outer loop
      vertex -41.9938 -4.58402 53.2902
      vertex -47 -4.19494 53.6038
      vertex -47 -4.58402 53.2902
    endloop
  endfacet
  facet normal 0 0.0356221 -0.999365
    outer loop
      vertex 42 0 41
      vertex 47 0.499373 41.0178
      vertex 47 0 41
    endloop
  endfacet
  facet normal 0 0.0356221 -0.999365
    outer loop
      vertex 47 0.499373 41.0178
      vertex 42 0 41
      vertex 42 0.499373 41.0178
    endloop
  endfacet
  facet normal -0 0.0356221 0.999365
    outer loop
      vertex 42 0.499373 54.9822
      vertex 47 0 55
      vertex 47 0.499373 54.9822
    endloop
  endfacet
  facet normal 0 0.0356221 0.999365
    outer loop
      vertex 47 0 55
      vertex 42 0.499373 54.9822
      vertex 42 0 55
    endloop
  endfacet
  facet normal 0 -0.999363 0.0357001
    outer loop
      vertex 42 -7 48
      vertex 47 -6.98216 48.4994
      vertex 42 -6.98216 48.4994
    endloop
  endfacet
  facet normal 0 -0.999363 0.0357001
    outer loop
      vertex 47 -6.98216 48.4994
      vertex 42 -7 48
      vertex 47 -7 48
    endloop
  endfacet
  facet normal 0 0.731873 0.681441
    outer loop
      vertex 47 5.29025 52.584
      vertex 42 4.94975 52.9497
      vertex 47 4.94975 52.9497
    endloop
  endfacet
  facet normal 0 0.731873 0.681441
    outer loop
      vertex 42 4.94975 52.9497
      vertex 47 5.29025 52.584
      vertex 42 5.29025 52.584
    endloop
  endfacet
  facet normal 0 0.948843 0.315748
    outer loop
      vertex 47 6.71645 49.9721
      vertex 42 6.55865 50.4463
      vertex 47 6.55865 50.4463
    endloop
  endfacet
  facet normal 0 0.948843 0.315748
    outer loop
      vertex 42 6.55865 50.4463
      vertex 47 6.71645 49.9721
      vertex 42 6.71645 49.9721
    endloop
  endfacet
  facet normal 0 0.731873 -0.681441
    outer loop
      vertex 47 4.94975 43.0503
      vertex 42 5.29025 43.416
      vertex 47 5.29025 43.416
    endloop
  endfacet
  facet normal 0 0.731873 -0.681441
    outer loop
      vertex 42 5.29025 43.416
      vertex 47 4.94975 43.0503
      vertex 42 4.94975 43.0503
    endloop
  endfacet
  facet normal 0 0.923859 -0.382733
    outer loop
      vertex 47 6.36742 45.0921
      vertex 42 6.55865 45.5537
      vertex 47 6.55865 45.5537
    endloop
  endfacet
  facet normal 0 0.923859 -0.382733
    outer loop
      vertex 42 6.55865 45.5537
      vertex 47 6.36742 45.0921
      vertex 42 6.36742 45.0921
    endloop
  endfacet
  facet normal -0 0.510305 0.859994
    outer loop
      vertex 42 3.78448 53.8888
      vertex 47 3.35474 54.1438
      vertex 47 3.78448 53.8888
    endloop
  endfacet
  facet normal 0 0.510305 0.859994
    outer loop
      vertex 47 3.35474 54.1438
      vertex 42 3.78448 53.8888
      vertex 42 3.35474 54.1438
    endloop
  endfacet
  facet normal -0 0.57034 0.821409
    outer loop
      vertex 42 4.19494 53.6038
      vertex 47 3.78448 53.8888
      vertex 47 4.19494 53.6038
    endloop
  endfacet
  facet normal 0 0.57034 0.821409
    outer loop
      vertex 47 3.78448 53.8888
      vertex 42 4.19494 53.6038
      vertex 42 3.78448 53.8888
    endloop
  endfacet
  facet normal 0 0.984115 0.177533
    outer loop
      vertex 47 6.92875 48.9962
      vertex 42 6.84003 49.488
      vertex 47 6.84003 49.488
    endloop
  endfacet
  facet normal 0 0.984115 0.177533
    outer loop
      vertex 42 6.84003 49.488
      vertex 47 6.92875 48.9962
      vertex 42 6.92875 48.9962
    endloop
  endfacet
  facet normal 0 -0.510305 -0.859994
    outer loop
      vertex 42 -3.78448 42.1112
      vertex 47 -3.35474 41.8562
      vertex 47 -3.78448 42.1112
    endloop
  endfacet
  facet normal -0 -0.510305 -0.859994
    outer loop
      vertex 47 -3.35474 41.8562
      vertex 42 -3.78448 42.1112
      vertex 42 -3.35474 41.8562
    endloop
  endfacet
  facet normal 0 -0.968927 -0.247346
    outer loop
      vertex 42 -6.71645 46.0279
      vertex 47 -6.84003 46.512
      vertex 42 -6.84003 46.512
    endloop
  endfacet
  facet normal 0 -0.968927 -0.247346
    outer loop
      vertex 47 -6.84003 46.512
      vertex 42 -6.71645 46.0279
      vertex 47 -6.71645 46.0279
    endloop
  endfacet
  facet normal 0 -0.731873 -0.681441
    outer loop
      vertex 42 -4.94975 43.0503
      vertex 47 -5.29025 43.416
      vertex 42 -5.29025 43.416
    endloop
  endfacet
  facet normal 0 -0.731873 -0.681441
    outer loop
      vertex 47 -5.29025 43.416
      vertex 42 -4.94975 43.0503
      vertex 47 -4.94975 43.0503
    endloop
  endfacet
  facet normal 0 -0.923859 0.382733
    outer loop
      vertex 42 -6.55865 50.4463
      vertex 47 -6.36742 50.9079
      vertex 42 -6.36742 50.9079
    endloop
  endfacet
  facet normal 0 -0.923859 0.382733
    outer loop
      vertex 47 -6.36742 50.9079
      vertex 42 -6.55865 50.4463
      vertex 47 -6.55865 50.4463
    endloop
  endfacet
  facet normal 0 -0.948843 0.315748
    outer loop
      vertex 42 -6.71645 49.9721
      vertex 47 -6.55865 50.4463
      vertex 42 -6.55865 50.4463
    endloop
  endfacet
  facet normal 0 -0.948843 0.315748
    outer loop
      vertex 47 -6.55865 50.4463
      vertex 42 -6.71645 49.9721
      vertex 47 -6.71645 49.9721
    endloop
  endfacet
  facet normal 0 -0.627541 0.778583
    outer loop
      vertex 42 -4.19494 53.6038
      vertex 47 -4.58402 53.2902
      vertex 47 -4.19494 53.6038
    endloop
  endfacet
  facet normal 0 -0.627541 0.778583
    outer loop
      vertex 47 -4.58402 53.2902
      vertex 42 -4.19494 53.6038
      vertex 42 -4.58402 53.2902
    endloop
  endfacet
  facet normal 0 0.107064 -0.994252
    outer loop
      vertex 42 0.499373 41.0178
      vertex 47 0.996203 41.0713
      vertex 47 0.499373 41.0178
    endloop
  endfacet
  facet normal 0 0.107064 -0.994252
    outer loop
      vertex 47 0.996203 41.0713
      vertex 42 0.499373 41.0178
      vertex 42 0.996203 41.0713
    endloop
  endfacet
  facet normal 0 0.382646 -0.923895
    outer loop
      vertex 42 2.44625 41.4414
      vertex 47 2.9079 41.6326
      vertex 47 2.44625 41.4414
    endloop
  endfacet
  facet normal 0 0.382646 -0.923895
    outer loop
      vertex 47 2.9079 41.6326
      vertex 42 2.44625 41.4414
      vertex 42 2.9079 41.6326
    endloop
  endfacet
  facet normal 0 0.247162 -0.968974
    outer loop
      vertex 42 1.48796 41.16
      vertex 47 1.97213 41.2835
      vertex 47 1.48796 41.16
    endloop
  endfacet
  facet normal 0 0.247162 -0.968974
    outer loop
      vertex 47 1.97213 41.2835
      vertex 42 1.48796 41.16
      vertex 42 1.97213 41.2835
    endloop
  endfacet
  facet normal 0 0.57034 -0.821409
    outer loop
      vertex 42 3.78448 42.1112
      vertex 47 4.19494 42.3962
      vertex 47 3.78448 42.1112
    endloop
  endfacet
  facet normal 0 0.57034 -0.821409
    outer loop
      vertex 47 4.19494 42.3962
      vertex 42 3.78448 42.1112
      vertex 42 4.19494 42.3962
    endloop
  endfacet
  facet normal 0 0.447502 -0.894283
    outer loop
      vertex 42 2.9079 41.6326
      vertex 47 3.35474 41.8562
      vertex 47 2.9079 41.6326
    endloop
  endfacet
  facet normal 0 0.447502 -0.894283
    outer loop
      vertex 47 3.35474 41.8562
      vertex 42 2.9079 41.6326
      vertex 42 3.35474 41.8562
    endloop
  endfacet
  facet normal 0 0.968927 -0.247346
    outer loop
      vertex 47 6.71645 46.0279
      vertex 42 6.84003 46.512
      vertex 47 6.84003 46.512
    endloop
  endfacet
  facet normal 0 0.968927 -0.247346
    outer loop
      vertex 42 6.84003 46.512
      vertex 47 6.71645 46.0279
      vertex 42 6.71645 46.0279
    endloop
  endfacet
  facet normal 0 0.948843 -0.315748
    outer loop
      vertex 47 6.55865 45.5537
      vertex 42 6.71645 46.0279
      vertex 47 6.71645 46.0279
    endloop
  endfacet
  facet normal 0 0.948843 -0.315748
    outer loop
      vertex 42 6.71645 46.0279
      vertex 47 6.55865 45.5537
      vertex 42 6.55865 45.5537
    endloop
  endfacet
  facet normal 0 0.984115 -0.177533
    outer loop
      vertex 47 6.84003 46.512
      vertex 42 6.92875 47.0038
      vertex 47 6.92875 47.0038
    endloop
  endfacet
  facet normal 0 0.984115 -0.177533
    outer loop
      vertex 42 6.92875 47.0038
      vertex 47 6.84003 46.512
      vertex 42 6.84003 46.512
    endloop
  endfacet
  facet normal 0 0.999363 -0.0357001
    outer loop
      vertex 47 6.98216 47.5006
      vertex 42 7 48
      vertex 47 7 48
    endloop
  endfacet
  facet normal 0 0.999363 -0.0357001
    outer loop
      vertex 42 7 48
      vertex 47 6.98216 47.5006
      vertex 42 6.98216 47.5006
    endloop
  endfacet
  facet normal 0 0.894211 -0.447646
    outer loop
      vertex 47 6.14375 44.6453
      vertex 42 6.36742 45.0921
      vertex 47 6.36742 45.0921
    endloop
  endfacet
  facet normal 0 0.894211 -0.447646
    outer loop
      vertex 42 6.36742 45.0921
      vertex 47 6.14375 44.6453
      vertex 42 6.14375 44.6453
    endloop
  endfacet
  facet normal 0 0.860042 -0.510222
    outer loop
      vertex 47 5.88877 44.2155
      vertex 42 6.14375 44.6453
      vertex 47 6.14375 44.6453
    endloop
  endfacet
  facet normal 0 0.860042 -0.510222
    outer loop
      vertex 42 6.14375 44.6453
      vertex 47 5.88877 44.2155
      vertex 42 5.88877 44.2155
    endloop
  endfacet
  facet normal 0 0.778658 -0.627449
    outer loop
      vertex 47 5.29025 43.416
      vertex 42 5.60379 43.8051
      vertex 47 5.60379 43.8051
    endloop
  endfacet
  facet normal 0 0.778658 -0.627449
    outer loop
      vertex 42 5.60379 43.8051
      vertex 47 5.29025 43.416
      vertex 42 5.29025 43.416
    endloop
  endfacet
  facet normal -0 0.24735 0.968926
    outer loop
      vertex 42 1.97213 54.7164
      vertex 47 1.48796 54.84
      vertex 47 1.97213 54.7164
    endloop
  endfacet
  facet normal 0 0.24735 0.968926
    outer loop
      vertex 47 1.48796 54.84
      vertex 42 1.97213 54.7164
      vertex 42 1.48796 54.84
    endloop
  endfacet
  facet normal -0 0.627541 0.778583
    outer loop
      vertex 42 4.58402 53.2902
      vertex 47 4.19494 53.6038
      vertex 47 4.58402 53.2902
    endloop
  endfacet
  facet normal 0 0.627541 0.778583
    outer loop
      vertex 47 4.19494 53.6038
      vertex 42 4.58402 53.2902
      vertex 42 4.19494 53.6038
    endloop
  endfacet
  facet normal -0 0.382646 0.923895
    outer loop
      vertex 42 2.9079 54.3674
      vertex 47 2.44625 54.5586
      vertex 47 2.9079 54.3674
    endloop
  endfacet
  facet normal 0 0.382646 0.923895
    outer loop
      vertex 47 2.44625 54.5586
      vertex 42 2.9079 54.3674
      vertex 42 2.44625 54.5586
    endloop
  endfacet
  facet normal -0 0.447502 0.894283
    outer loop
      vertex 42 3.35474 54.1438
      vertex 47 2.9079 54.3674
      vertex 47 3.35474 54.1438
    endloop
  endfacet
  facet normal 0 0.447502 0.894283
    outer loop
      vertex 47 2.9079 54.3674
      vertex 42 3.35474 54.1438
      vertex 42 2.9079 54.3674
    endloop
  endfacet
  facet normal -0 0.177509 0.984119
    outer loop
      vertex 42 1.48796 54.84
      vertex 47 0.996203 54.9287
      vertex 47 1.48796 54.84
    endloop
  endfacet
  facet normal 0 0.177509 0.984119
    outer loop
      vertex 47 0.996203 54.9287
      vertex 42 1.48796 54.84
      vertex 42 0.996203 54.9287
    endloop
  endfacet
  facet normal 0 0.894211 0.447646
    outer loop
      vertex 47 6.36742 50.9079
      vertex 42 6.14375 51.3547
      vertex 47 6.14375 51.3547
    endloop
  endfacet
  facet normal 0 0.894211 0.447646
    outer loop
      vertex 42 6.14375 51.3547
      vertex 47 6.36742 50.9079
      vertex 42 6.36742 50.9079
    endloop
  endfacet
  facet normal 0 0.821389 0.570369
    outer loop
      vertex 47 5.88877 51.7845
      vertex 42 5.60379 52.1949
      vertex 47 5.60379 52.1949
    endloop
  endfacet
  facet normal 0 0.821389 0.570369
    outer loop
      vertex 42 5.60379 52.1949
      vertex 47 5.88877 51.7845
      vertex 42 5.88877 51.7845
    endloop
  endfacet
  facet normal 0 0.999363 0.0357001
    outer loop
      vertex 47 7 48
      vertex 42 6.98216 48.4994
      vertex 47 6.98216 48.4994
    endloop
  endfacet
  facet normal 0 0.999363 0.0357001
    outer loop
      vertex 42 6.98216 48.4994
      vertex 47 7 48
      vertex 42 7 48
    endloop
  endfacet
  facet normal 0 -0.247162 -0.968974
    outer loop
      vertex 42 -1.97213 41.2835
      vertex 47 -1.48796 41.16
      vertex 47 -1.97213 41.2835
    endloop
  endfacet
  facet normal -0 -0.247162 -0.968974
    outer loop
      vertex 47 -1.48796 41.16
      vertex 42 -1.97213 41.2835
      vertex 42 -1.48796 41.16
    endloop
  endfacet
  facet normal 0 -0.923859 -0.382733
    outer loop
      vertex 42 -6.36742 45.0921
      vertex 47 -6.55865 45.5537
      vertex 42 -6.55865 45.5537
    endloop
  endfacet
  facet normal 0 -0.923859 -0.382733
    outer loop
      vertex 47 -6.55865 45.5537
      vertex 42 -6.36742 45.0921
      vertex 47 -6.36742 45.0921
    endloop
  endfacet
  facet normal 0 -0.821389 -0.570369
    outer loop
      vertex 42 -5.60379 43.8051
      vertex 47 -5.88877 44.2155
      vertex 42 -5.88877 44.2155
    endloop
  endfacet
  facet normal 0 -0.821389 -0.570369
    outer loop
      vertex 47 -5.88877 44.2155
      vertex 42 -5.60379 43.8051
      vertex 47 -5.60379 43.8051
    endloop
  endfacet
  facet normal 0 -0.894211 -0.447646
    outer loop
      vertex 42 -6.14375 44.6453
      vertex 47 -6.36742 45.0921
      vertex 42 -6.36742 45.0921
    endloop
  endfacet
  facet normal 0 -0.894211 -0.447646
    outer loop
      vertex 47 -6.36742 45.0921
      vertex 42 -6.14375 44.6453
      vertex 47 -6.14375 44.6453
    endloop
  endfacet
  facet normal 0 -0.315976 -0.948767
    outer loop
      vertex 42 -2.44625 41.4414
      vertex 47 -1.97213 41.2835
      vertex 47 -2.44625 41.4414
    endloop
  endfacet
  facet normal -0 -0.315976 -0.948767
    outer loop
      vertex 47 -1.97213 41.2835
      vertex 42 -2.44625 41.4414
      vertex 42 -1.97213 41.2835
    endloop
  endfacet
  facet normal 0 -0.107064 -0.994252
    outer loop
      vertex 42 -0.996203 41.0713
      vertex 47 -0.499373 41.0178
      vertex 47 -0.996203 41.0713
    endloop
  endfacet
  facet normal -0 -0.107064 -0.994252
    outer loop
      vertex 47 -0.499373 41.0178
      vertex 42 -0.996203 41.0713
      vertex 42 -0.499373 41.0178
    endloop
  endfacet
  facet normal 0 -0.968927 0.247346
    outer loop
      vertex 42 -6.84003 49.488
      vertex 47 -6.71645 49.9721
      vertex 42 -6.71645 49.9721
    endloop
  endfacet
  facet normal 0 -0.968927 0.247346
    outer loop
      vertex 47 -6.71645 49.9721
      vertex 42 -6.84003 49.488
      vertex 47 -6.84003 49.488
    endloop
  endfacet
  facet normal 0 -0.778658 0.627449
    outer loop
      vertex 42 -5.60379 52.1949
      vertex 47 -5.29025 52.584
      vertex 42 -5.29025 52.584
    endloop
  endfacet
  facet normal 0 -0.778658 0.627449
    outer loop
      vertex 47 -5.29025 52.584
      vertex 42 -5.60379 52.1949
      vertex 47 -5.60379 52.1949
    endloop
  endfacet
  facet normal 0 -0.821389 0.570369
    outer loop
      vertex 42 -5.88877 51.7845
      vertex 47 -5.60379 52.1949
      vertex 42 -5.60379 52.1949
    endloop
  endfacet
  facet normal 0 -0.821389 0.570369
    outer loop
      vertex 47 -5.60379 52.1949
      vertex 42 -5.88877 51.7845
      vertex 47 -5.88877 51.7845
    endloop
  endfacet
  facet normal 0 -0.984115 0.177533
    outer loop
      vertex 42 -6.92875 48.9962
      vertex 47 -6.84003 49.488
      vertex 42 -6.84003 49.488
    endloop
  endfacet
  facet normal 0 -0.984115 0.177533
    outer loop
      vertex 47 -6.84003 49.488
      vertex 42 -6.92875 48.9962
      vertex 47 -6.92875 48.9962
    endloop
  endfacet
  facet normal 0 -0.510305 0.859994
    outer loop
      vertex 42 -3.35474 54.1438
      vertex 47 -3.78448 53.8888
      vertex 47 -3.35474 54.1438
    endloop
  endfacet
  facet normal 0 -0.510305 0.859994
    outer loop
      vertex 47 -3.78448 53.8888
      vertex 42 -3.35474 54.1438
      vertex 42 -3.78448 53.8888
    endloop
  endfacet
  facet normal 0 -0.382646 0.923895
    outer loop
      vertex 42 -2.44625 54.5586
      vertex 47 -2.9079 54.3674
      vertex 47 -2.44625 54.5586
    endloop
  endfacet
  facet normal 0 -0.382646 0.923895
    outer loop
      vertex 47 -2.9079 54.3674
      vertex 42 -2.44625 54.5586
      vertex 42 -2.9079 54.3674
    endloop
  endfacet
  facet normal 0 -0.315795 0.948827
    outer loop
      vertex 42 -1.97213 54.7164
      vertex 47 -2.44625 54.5586
      vertex 47 -1.97213 54.7164
    endloop
  endfacet
  facet normal 0 -0.315795 0.948827
    outer loop
      vertex 47 -2.44625 54.5586
      vertex 42 -1.97213 54.7164
      vertex 42 -2.44625 54.5586
    endloop
  endfacet
  facet normal 0 -0.107064 0.994252
    outer loop
      vertex 42 -0.499373 54.9822
      vertex 47 -0.996203 54.9287
      vertex 47 -0.499373 54.9822
    endloop
  endfacet
  facet normal 0 -0.107064 0.994252
    outer loop
      vertex 47 -0.996203 54.9287
      vertex 42 -0.499373 54.9822
      vertex 42 -0.996203 54.9287
    endloop
  endfacet
  facet normal 0 -0.24735 0.968926
    outer loop
      vertex 42 -1.48796 54.84
      vertex 47 -1.97213 54.7164
      vertex 47 -1.48796 54.84
    endloop
  endfacet
  facet normal 0 -0.24735 0.968926
    outer loop
      vertex 47 -1.97213 54.7164
      vertex 42 -1.48796 54.84
      vertex 42 -1.97213 54.7164
    endloop
  endfacet
  facet normal 0 -0.177509 0.984119
    outer loop
      vertex 42 -0.996203 54.9287
      vertex 47 -1.48796 54.84
      vertex 47 -0.996203 54.9287
    endloop
  endfacet
  facet normal 0 -0.177509 0.984119
    outer loop
      vertex 47 -1.48796 54.84
      vertex 42 -0.996203 54.9287
      vertex 42 -1.48796 54.84
    endloop
  endfacet
  facet normal 0 0.177509 -0.984119
    outer loop
      vertex 42 0.996203 41.0713
      vertex 47 1.48796 41.16
      vertex 47 0.996203 41.0713
    endloop
  endfacet
  facet normal 0 0.177509 -0.984119
    outer loop
      vertex 47 1.48796 41.16
      vertex 42 0.996203 41.0713
      vertex 42 1.48796 41.16
    endloop
  endfacet
  facet normal 0 0.315976 -0.948767
    outer loop
      vertex 42 1.97213 41.2835
      vertex 47 2.44625 41.4414
      vertex 47 1.97213 41.2835
    endloop
  endfacet
  facet normal 0 0.315976 -0.948767
    outer loop
      vertex 47 2.44625 41.4414
      vertex 42 1.97213 41.2835
      vertex 42 2.44625 41.4414
    endloop
  endfacet
  facet normal 0 0.627541 -0.778583
    outer loop
      vertex 42 4.19494 42.3962
      vertex 47 4.58402 42.7098
      vertex 47 4.19494 42.3962
    endloop
  endfacet
  facet normal 0 0.627541 -0.778583
    outer loop
      vertex 47 4.58402 42.7098
      vertex 42 4.19494 42.3962
      vertex 42 4.58402 42.7098
    endloop
  endfacet
  facet normal 0 0.510305 -0.859994
    outer loop
      vertex 42 3.35474 41.8562
      vertex 47 3.78448 42.1112
      vertex 47 3.35474 41.8562
    endloop
  endfacet
  facet normal 0 0.510305 -0.859994
    outer loop
      vertex 47 3.78448 42.1112
      vertex 42 3.35474 41.8562
      vertex 42 3.78448 42.1112
    endloop
  endfacet
  facet normal 0 0.994271 -0.106892
    outer loop
      vertex 47 6.92875 47.0038
      vertex 42 6.98216 47.5006
      vertex 47 6.98216 47.5006
    endloop
  endfacet
  facet normal 0 0.994271 -0.106892
    outer loop
      vertex 42 6.98216 47.5006
      vertex 47 6.92875 47.0038
      vertex 42 6.92875 47.0038
    endloop
  endfacet
  facet normal 0 0.821389 -0.570369
    outer loop
      vertex 47 5.60379 43.8051
      vertex 42 5.88877 44.2155
      vertex 47 5.88877 44.2155
    endloop
  endfacet
  facet normal 0 0.821389 -0.570369
    outer loop
      vertex 42 5.88877 44.2155
      vertex 47 5.60379 43.8051
      vertex 42 5.60379 43.8051
    endloop
  endfacet
  facet normal -0 0.315795 0.948827
    outer loop
      vertex 42 2.44625 54.5586
      vertex 47 1.97213 54.7164
      vertex 47 2.44625 54.5586
    endloop
  endfacet
  facet normal 0 0.315795 0.948827
    outer loop
      vertex 47 1.97213 54.7164
      vertex 42 2.44625 54.5586
      vertex 42 1.97213 54.7164
    endloop
  endfacet
  facet normal -0 0.107064 0.994252
    outer loop
      vertex 42 0.996203 54.9287
      vertex 47 0.499373 54.9822
      vertex 47 0.996203 54.9287
    endloop
  endfacet
  facet normal 0 0.107064 0.994252
    outer loop
      vertex 47 0.499373 54.9822
      vertex 42 0.996203 54.9287
      vertex 42 0.499373 54.9822
    endloop
  endfacet
  facet normal 0 0.923859 0.382733
    outer loop
      vertex 47 6.55865 50.4463
      vertex 42 6.36742 50.9079
      vertex 47 6.36742 50.9079
    endloop
  endfacet
  facet normal 0 0.923859 0.382733
    outer loop
      vertex 42 6.36742 50.9079
      vertex 47 6.55865 50.4463
      vertex 42 6.55865 50.4463
    endloop
  endfacet
  facet normal 0 0.860042 0.510222
    outer loop
      vertex 47 6.14375 51.3547
      vertex 42 5.88877 51.7845
      vertex 47 5.88877 51.7845
    endloop
  endfacet
  facet normal 0 0.860042 0.510222
    outer loop
      vertex 42 5.88877 51.7845
      vertex 47 6.14375 51.3547
      vertex 42 6.14375 51.3547
    endloop
  endfacet
  facet normal 0 0.968927 0.247346
    outer loop
      vertex 47 6.84003 49.488
      vertex 42 6.71645 49.9721
      vertex 47 6.71645 49.9721
    endloop
  endfacet
  facet normal 0 0.968927 0.247346
    outer loop
      vertex 42 6.71645 49.9721
      vertex 47 6.84003 49.488
      vertex 42 6.84003 49.488
    endloop
  endfacet
  facet normal 0 0.994271 0.106892
    outer loop
      vertex 47 6.98216 48.4994
      vertex 42 6.92875 48.9962
      vertex 47 6.92875 48.9962
    endloop
  endfacet
  facet normal 0 0.994271 0.106892
    outer loop
      vertex 42 6.92875 48.9962
      vertex 47 6.98216 48.4994
      vertex 42 6.98216 48.4994
    endloop
  endfacet
  facet normal 0 -0.0356221 -0.999365
    outer loop
      vertex 42 -0.499373 41.0178
      vertex 47 0 41
      vertex 47 -0.499373 41.0178
    endloop
  endfacet
  facet normal -0 -0.0356221 -0.999365
    outer loop
      vertex 47 0 41
      vertex 42 -0.499373 41.0178
      vertex 42 0 41
    endloop
  endfacet
  facet normal 0 -0.984115 -0.177533
    outer loop
      vertex 42 -6.84003 46.512
      vertex 47 -6.92875 47.0038
      vertex 42 -6.92875 47.0038
    endloop
  endfacet
  facet normal 0 -0.984115 -0.177533
    outer loop
      vertex 47 -6.92875 47.0038
      vertex 42 -6.84003 46.512
      vertex 47 -6.84003 46.512
    endloop
  endfacet
  facet normal 0 -0.999363 -0.0357001
    outer loop
      vertex 42 -6.98216 47.5006
      vertex 47 -7 48
      vertex 42 -7 48
    endloop
  endfacet
  facet normal 0 -0.999363 -0.0357001
    outer loop
      vertex 47 -7 48
      vertex 42 -6.98216 47.5006
      vertex 47 -6.98216 47.5006
    endloop
  endfacet
  facet normal 0 -0.994271 -0.106892
    outer loop
      vertex 42 -6.92875 47.0038
      vertex 47 -6.98216 47.5006
      vertex 42 -6.98216 47.5006
    endloop
  endfacet
  facet normal 0 -0.994271 -0.106892
    outer loop
      vertex 47 -6.98216 47.5006
      vertex 42 -6.92875 47.0038
      vertex 47 -6.92875 47.0038
    endloop
  endfacet
  facet normal 0 -0.948843 -0.315748
    outer loop
      vertex 42 -6.55865 45.5537
      vertex 47 -6.71645 46.0279
      vertex 42 -6.71645 46.0279
    endloop
  endfacet
  facet normal 0 -0.948843 -0.315748
    outer loop
      vertex 47 -6.71645 46.0279
      vertex 42 -6.55865 45.5537
      vertex 47 -6.55865 45.5537
    endloop
  endfacet
  facet normal 0 -0.778658 -0.627449
    outer loop
      vertex 42 -5.29025 43.416
      vertex 47 -5.60379 43.8051
      vertex 42 -5.60379 43.8051
    endloop
  endfacet
  facet normal 0 -0.778658 -0.627449
    outer loop
      vertex 47 -5.60379 43.8051
      vertex 42 -5.29025 43.416
      vertex 47 -5.29025 43.416
    endloop
  endfacet
  facet normal 0 -0.57034 -0.821409
    outer loop
      vertex 42 -4.19494 42.3962
      vertex 47 -3.78448 42.1112
      vertex 47 -4.19494 42.3962
    endloop
  endfacet
  facet normal -0 -0.57034 -0.821409
    outer loop
      vertex 47 -3.78448 42.1112
      vertex 42 -4.19494 42.3962
      vertex 42 -3.78448 42.1112
    endloop
  endfacet
  facet normal 0 -0.681411 -0.731901
    outer loop
      vertex 42 -4.94975 43.0503
      vertex 47 -4.58402 42.7098
      vertex 47 -4.94975 43.0503
    endloop
  endfacet
  facet normal -0 -0.681411 -0.731901
    outer loop
      vertex 47 -4.58402 42.7098
      vertex 42 -4.94975 43.0503
      vertex 42 -4.58402 42.7098
    endloop
  endfacet
  facet normal 0 -0.627541 -0.778583
    outer loop
      vertex 42 -4.58402 42.7098
      vertex 47 -4.19494 42.3962
      vertex 47 -4.58402 42.7098
    endloop
  endfacet
  facet normal -0 -0.627541 -0.778583
    outer loop
      vertex 47 -4.19494 42.3962
      vertex 42 -4.58402 42.7098
      vertex 42 -4.19494 42.3962
    endloop
  endfacet
  facet normal 0 -0.382646 -0.923895
    outer loop
      vertex 42 -2.9079 41.6326
      vertex 47 -2.44625 41.4414
      vertex 47 -2.9079 41.6326
    endloop
  endfacet
  facet normal -0 -0.382646 -0.923895
    outer loop
      vertex 47 -2.44625 41.4414
      vertex 42 -2.9079 41.6326
      vertex 42 -2.44625 41.4414
    endloop
  endfacet
  facet normal 0 -0.447502 -0.894283
    outer loop
      vertex 42 -3.35474 41.8562
      vertex 47 -2.9079 41.6326
      vertex 47 -3.35474 41.8562
    endloop
  endfacet
  facet normal -0 -0.447502 -0.894283
    outer loop
      vertex 47 -2.9079 41.6326
      vertex 42 -3.35474 41.8562
      vertex 42 -2.9079 41.6326
    endloop
  endfacet
  facet normal 0 -0.994271 0.106892
    outer loop
      vertex 42 -6.98216 48.4994
      vertex 47 -6.92875 48.9962
      vertex 42 -6.92875 48.9962
    endloop
  endfacet
  facet normal 0 -0.994271 0.106892
    outer loop
      vertex 47 -6.92875 48.9962
      vertex 42 -6.98216 48.4994
      vertex 47 -6.98216 48.4994
    endloop
  endfacet
  facet normal 0 -0.860042 0.510222
    outer loop
      vertex 42 -6.14375 51.3547
      vertex 47 -5.88877 51.7845
      vertex 42 -5.88877 51.7845
    endloop
  endfacet
  facet normal 0 -0.860042 0.510222
    outer loop
      vertex 47 -5.88877 51.7845
      vertex 42 -6.14375 51.3547
      vertex 47 -6.14375 51.3547
    endloop
  endfacet
  facet normal 0 -0.894211 0.447646
    outer loop
      vertex 42 -6.36742 50.9079
      vertex 47 -6.14375 51.3547
      vertex 42 -6.14375 51.3547
    endloop
  endfacet
  facet normal 0 -0.894211 0.447646
    outer loop
      vertex 47 -6.14375 51.3547
      vertex 42 -6.36742 50.9079
      vertex 47 -6.36742 50.9079
    endloop
  endfacet
  facet normal 0 -0.681411 0.731901
    outer loop
      vertex 42 -4.58402 53.2902
      vertex 47 -4.94975 52.9497
      vertex 47 -4.58402 53.2902
    endloop
  endfacet
  facet normal 0 -0.681411 0.731901
    outer loop
      vertex 47 -4.94975 52.9497
      vertex 42 -4.58402 53.2902
      vertex 42 -4.94975 52.9497
    endloop
  endfacet
  facet normal 0 -0.57034 0.821409
    outer loop
      vertex 42 -3.78448 53.8888
      vertex 47 -4.19494 53.6038
      vertex 47 -3.78448 53.8888
    endloop
  endfacet
  facet normal 0 -0.57034 0.821409
    outer loop
      vertex 47 -4.19494 53.6038
      vertex 42 -3.78448 53.8888
      vertex 42 -4.19494 53.6038
    endloop
  endfacet
  facet normal 0 -0.447502 0.894283
    outer loop
      vertex 42 -2.9079 54.3674
      vertex 47 -3.35474 54.1438
      vertex 47 -2.9079 54.3674
    endloop
  endfacet
  facet normal 0 -0.447502 0.894283
    outer loop
      vertex 47 -3.35474 54.1438
      vertex 42 -2.9079 54.3674
      vertex 42 -3.35474 54.1438
    endloop
  endfacet
  facet normal 0 -0.0356221 0.999365
    outer loop
      vertex 42 0 55
      vertex 47 -0.499373 54.9822
      vertex 47 0 55
    endloop
  endfacet
  facet normal 0 -0.0356221 0.999365
    outer loop
      vertex 47 -0.499373 54.9822
      vertex 42 0 55
      vertex 42 -0.499373 54.9822
    endloop
  endfacet
  facet normal 0 0.681411 -0.731901
    outer loop
      vertex 42 4.58402 42.7098
      vertex 47 4.94975 43.0503
      vertex 47 4.58402 42.7098
    endloop
  endfacet
  facet normal 0 0.681411 -0.731901
    outer loop
      vertex 47 4.94975 43.0503
      vertex 42 4.58402 42.7098
      vertex 42 4.94975 43.0503
    endloop
  endfacet
  facet normal -0 0.681411 0.731901
    outer loop
      vertex 42 4.94975 52.9497
      vertex 47 4.58402 53.2902
      vertex 47 4.94975 52.9497
    endloop
  endfacet
  facet normal 0 0.681411 0.731901
    outer loop
      vertex 47 4.58402 53.2902
      vertex 42 4.94975 52.9497
      vertex 42 4.58402 53.2902
    endloop
  endfacet
  facet normal 0 0.778658 0.627449
    outer loop
      vertex 47 5.60379 52.1949
      vertex 42 5.29025 52.584
      vertex 47 5.29025 52.584
    endloop
  endfacet
  facet normal 0 0.778658 0.627449
    outer loop
      vertex 42 5.29025 52.584
      vertex 47 5.60379 52.1949
      vertex 42 5.60379 52.1949
    endloop
  endfacet
  facet normal 0 -0.860042 -0.510222
    outer loop
      vertex 42 -5.88877 44.2155
      vertex 47 -6.14375 44.6453
      vertex 42 -6.14375 44.6453
    endloop
  endfacet
  facet normal 0 -0.860042 -0.510222
    outer loop
      vertex 47 -6.14375 44.6453
      vertex 42 -5.88877 44.2155
      vertex 47 -5.88877 44.2155
    endloop
  endfacet
  facet normal 0 -0.177509 -0.984119
    outer loop
      vertex 42 -1.48796 41.16
      vertex 47 -0.996203 41.0713
      vertex 47 -1.48796 41.16
    endloop
  endfacet
  facet normal -0 -0.177509 -0.984119
    outer loop
      vertex 47 -0.996203 41.0713
      vertex 42 -1.48796 41.16
      vertex 42 -0.996203 41.0713
    endloop
  endfacet
  facet normal 0 -0.731873 0.681441
    outer loop
      vertex 42 -5.29025 52.584
      vertex 47 -4.94975 52.9497
      vertex 42 -4.94975 52.9497
    endloop
  endfacet
  facet normal 0 -0.731873 0.681441
    outer loop
      vertex 47 -4.94975 52.9497
      vertex 42 -5.29025 52.584
      vertex 47 -5.29025 52.584
    endloop
  endfacet
  facet normal 1 0 0
    outer loop
      vertex 47 2.2 48
      vertex 47 7 48
      vertex 47 6.98216 48.4994
    endloop
  endfacet
  facet normal 1 0 0
    outer loop
      vertex 47 2.2 48
      vertex 47 6.98216 48.4994
      vertex 47 6.92875 48.9962
    endloop
  endfacet
  facet normal 1 0 0
    outer loop
      vertex 47 7 48
      vertex 47 2.2 48
      vertex 47 6.98216 47.5006
    endloop
  endfacet
  facet normal 1 0 0
    outer loop
      vertex 47 2.14484 48.4895
      vertex 47 6.92875 48.9962
      vertex 47 6.84003 49.488
    endloop
  endfacet
  facet normal 1 0 0
    outer loop
      vertex 47 6.98216 47.5006
      vertex 47 2.2 48
      vertex 47 6.92875 47.0038
    endloop
  endfacet
  facet normal 1 0 0
    outer loop
      vertex 47 2.14484 48.4895
      vertex 47 6.84003 49.488
      vertex 47 6.71645 49.9721
    endloop
  endfacet
  facet normal 1 -0 0
    outer loop
      vertex 47 2.14484 47.5105
      vertex 47 6.92875 47.0038
      vertex 47 2.2 48
    endloop
  endfacet
  facet normal 1 0 0
    outer loop
      vertex 47 2.14484 48.4895
      vertex 47 6.71645 49.9721
      vertex 47 6.55865 50.4463
    endloop
  endfacet
  facet normal 1 0 0
    outer loop
      vertex 47 6.92875 47.0038
      vertex 47 2.14484 47.5105
      vertex 47 6.84003 46.512
    endloop
  endfacet
  facet normal 1 0 0
    outer loop
      vertex 47 1.98213 48.9545
      vertex 47 6.55865 50.4463
      vertex 47 6.36742 50.9079
    endloop
  endfacet
  facet normal 1 0 0
    outer loop
      vertex 47 6.84003 46.512
      vertex 47 2.14484 47.5105
      vertex 47 6.71645 46.0279
    endloop
  endfacet
  facet normal 1 0 0
    outer loop
      vertex 47 1.98213 48.9545
      vertex 47 6.36742 50.9079
      vertex 47 6.14375 51.3547
    endloop
  endfacet
  facet normal 1 0 0
    outer loop
      vertex 47 6.71645 46.0279
      vertex 47 2.14484 47.5105
      vertex 47 6.55865 45.5537
    endloop
  endfacet
  facet normal 1 0 0
    outer loop
      vertex 47 1.98213 48.9545
      vertex 47 6.14375 51.3547
      vertex 47 5.88877 51.7845
    endloop
  endfacet
  facet normal 1 -0 0
    outer loop
      vertex 47 1.98213 47.0455
      vertex 47 6.55865 45.5537
      vertex 47 2.14484 47.5105
    endloop
  endfacet
  facet normal 1 0 0
    outer loop
      vertex 47 1.72003 49.3717
      vertex 47 5.88877 51.7845
      vertex 47 5.60379 52.1949
    endloop
  endfacet
  facet normal 1 0 0
    outer loop
      vertex 47 6.55865 45.5537
      vertex 47 1.98213 47.0455
      vertex 47 6.36742 45.0921
    endloop
  endfacet
  facet normal 1 0 0
    outer loop
      vertex 47 1.72003 49.3717
      vertex 47 5.60379 52.1949
      vertex 47 5.29025 52.584
    endloop
  endfacet
  facet normal 1 0 0
    outer loop
      vertex 47 6.36742 45.0921
      vertex 47 1.98213 47.0455
      vertex 47 6.14375 44.6453
    endloop
  endfacet
  facet normal 1 0 0
    outer loop
      vertex 47 1.72003 49.3717
      vertex 47 5.29025 52.584
      vertex 47 4.94975 52.9497
    endloop
  endfacet
  facet normal 1 0 0
    outer loop
      vertex 47 6.14375 44.6453
      vertex 47 1.98213 47.0455
      vertex 47 5.88877 44.2155
    endloop
  endfacet
  facet normal 1 0 0
    outer loop
      vertex 47 1.37168 49.72
      vertex 47 4.94975 52.9497
      vertex 47 4.58402 53.2902
    endloop
  endfacet
  facet normal 1 -0 0
    outer loop
      vertex 47 1.72003 46.6283
      vertex 47 5.88877 44.2155
      vertex 47 1.98213 47.0455
    endloop
  endfacet
  facet normal 1 0 0
    outer loop
      vertex 47 1.37168 49.72
      vertex 47 4.58402 53.2902
      vertex 47 4.19494 53.6038
    endloop
  endfacet
  facet normal 1 0 0
    outer loop
      vertex 47 5.88877 44.2155
      vertex 47 1.72003 46.6283
      vertex 47 5.60379 43.8051
    endloop
  endfacet
  facet normal 1 0 0
    outer loop
      vertex 47 1.37168 49.72
      vertex 47 4.19494 53.6038
      vertex 47 3.78448 53.8888
    endloop
  endfacet
  facet normal 1 0 0
    outer loop
      vertex 47 5.60379 43.8051
      vertex 47 1.72003 46.6283
      vertex 47 5.29025 43.416
    endloop
  endfacet
  facet normal 1 0 0
    outer loop
      vertex 47 0.954544 49.9821
      vertex 47 3.78448 53.8888
      vertex 47 3.35474 54.1438
    endloop
  endfacet
  facet normal 1 0 0
    outer loop
      vertex 47 5.29025 43.416
      vertex 47 1.72003 46.6283
      vertex 47 4.94975 43.0503
    endloop
  endfacet
  facet normal 1 0 0
    outer loop
      vertex 47 0.954544 49.9821
      vertex 47 3.35474 54.1438
      vertex 47 2.9079 54.3674
    endloop
  endfacet
  facet normal 1 -0 0
    outer loop
      vertex 47 1.37168 46.28
      vertex 47 4.94975 43.0503
      vertex 47 1.72003 46.6283
    endloop
  endfacet
  facet normal 1 0 0
    outer loop
      vertex 47 0.954544 49.9821
      vertex 47 2.9079 54.3674
      vertex 47 2.44625 54.5586
    endloop
  endfacet
  facet normal 1 0 0
    outer loop
      vertex 47 4.94975 43.0503
      vertex 47 1.37168 46.28
      vertex 47 4.58402 42.7098
    endloop
  endfacet
  facet normal 1 0 0
    outer loop
      vertex 47 4.58402 42.7098
      vertex 47 1.37168 46.28
      vertex 47 4.19494 42.3962
    endloop
  endfacet
  facet normal 1 0 0
    outer loop
      vertex 47 6.92875 48.9962
      vertex 47 2.14484 48.4895
      vertex 47 2.2 48
    endloop
  endfacet
  facet normal 1 0 0
    outer loop
      vertex 47 6.55865 50.4463
      vertex 47 1.98213 48.9545
      vertex 47 2.14484 48.4895
    endloop
  endfacet
  facet normal 1 0 0
    outer loop
      vertex 47 0.489546 50.1448
      vertex 47 2.44625 54.5586
      vertex 47 1.97213 54.7164
    endloop
  endfacet
  facet normal 1 0 0
    outer loop
      vertex 47 5.88877 51.7845
      vertex 47 1.72003 49.3717
      vertex 47 1.98213 48.9545
    endloop
  endfacet
  facet normal 1 0 0
    outer loop
      vertex 47 0.489546 50.1448
      vertex 47 1.97213 54.7164
      vertex 47 1.48796 54.84
    endloop
  endfacet
  facet normal 1 0 0
    outer loop
      vertex 47 4.94975 52.9497
      vertex 47 1.37168 49.72
      vertex 47 1.72003 49.3717
    endloop
  endfacet
  facet normal 1 0 0
    outer loop
      vertex 47 0.489546 50.1448
      vertex 47 1.48796 54.84
      vertex 47 0.996203 54.9287
    endloop
  endfacet
  facet normal 1 0 0
    outer loop
      vertex 47 3.78448 53.8888
      vertex 47 0.954544 49.9821
      vertex 47 1.37168 49.72
    endloop
  endfacet
  facet normal 1 0 0
    outer loop
      vertex 47 0.489546 50.1448
      vertex 47 0.996203 54.9287
      vertex 47 0.499373 54.9822
    endloop
  endfacet
  facet normal 1 0 0
    outer loop
      vertex 47 2.44625 54.5586
      vertex 47 0.489546 50.1448
      vertex 47 0.954544 49.9821
    endloop
  endfacet
  facet normal 1 0 0
    outer loop
      vertex 47 0 50.2
      vertex 47 0.499373 54.9822
      vertex 47 0 55
    endloop
  endfacet
  facet normal 1 0 0
    outer loop
      vertex 47 0.499373 54.9822
      vertex 47 0 50.2
      vertex 47 0.489546 50.1448
    endloop
  endfacet
  facet normal 1 -0 0
    outer loop
      vertex 47 -0.499373 54.9822
      vertex 47 0 50.2
      vertex 47 0 55
    endloop
  endfacet
  facet normal 1 0 0
    outer loop
      vertex 47 0 50.2
      vertex 47 -0.499373 54.9822
      vertex 47 -0.489546 50.1448
    endloop
  endfacet
  facet normal 1 -0 0
    outer loop
      vertex 47 -0.996203 54.9287
      vertex 47 -0.489546 50.1448
      vertex 47 -0.499373 54.9822
    endloop
  endfacet
  facet normal 1 -0 0
    outer loop
      vertex 47 -1.48796 54.84
      vertex 47 -0.489546 50.1448
      vertex 47 -0.996203 54.9287
    endloop
  endfacet
  facet normal 1 -0 0
    outer loop
      vertex 47 -1.97213 54.7164
      vertex 47 -0.489546 50.1448
      vertex 47 -1.48796 54.84
    endloop
  endfacet
  facet normal 1 -0 0
    outer loop
      vertex 47 -2.44625 54.5586
      vertex 47 -0.489546 50.1448
      vertex 47 -1.97213 54.7164
    endloop
  endfacet
  facet normal 1 0 0
    outer loop
      vertex 47 -0.489546 50.1448
      vertex 47 -2.44625 54.5586
      vertex 47 -0.954544 49.9821
    endloop
  endfacet
  facet normal 1 -0 0
    outer loop
      vertex 47 -2.9079 54.3674
      vertex 47 -0.954544 49.9821
      vertex 47 -2.44625 54.5586
    endloop
  endfacet
  facet normal 1 -0 0
    outer loop
      vertex 47 -3.35474 54.1438
      vertex 47 -0.954544 49.9821
      vertex 47 -2.9079 54.3674
    endloop
  endfacet
  facet normal 1 -0 0
    outer loop
      vertex 47 -3.78448 53.8888
      vertex 47 -0.954544 49.9821
      vertex 47 -3.35474 54.1438
    endloop
  endfacet
  facet normal 1 0 0
    outer loop
      vertex 47 -0.954544 49.9821
      vertex 47 -3.78448 53.8888
      vertex 47 -1.37168 49.72
    endloop
  endfacet
  facet normal 1 -0 0
    outer loop
      vertex 47 -4.19494 53.6038
      vertex 47 -1.37168 49.72
      vertex 47 -3.78448 53.8888
    endloop
  endfacet
  facet normal 1 0 0
    outer loop
      vertex 47 4.19494 42.3962
      vertex 47 1.37168 46.28
      vertex 47 3.78448 42.1112
    endloop
  endfacet
  facet normal 1 -0 0
    outer loop
      vertex 47 0.954544 46.0179
      vertex 47 3.78448 42.1112
      vertex 47 1.37168 46.28
    endloop
  endfacet
  facet normal 1 0 0
    outer loop
      vertex 47 3.78448 42.1112
      vertex 47 0.954544 46.0179
      vertex 47 3.35474 41.8562
    endloop
  endfacet
  facet normal 1 0 0
    outer loop
      vertex 47 3.35474 41.8562
      vertex 47 0.954544 46.0179
      vertex 47 2.9079 41.6326
    endloop
  endfacet
  facet normal 1 0 0
    outer loop
      vertex 47 2.9079 41.6326
      vertex 47 0.954544 46.0179
      vertex 47 2.44625 41.4414
    endloop
  endfacet
  facet normal 1 -0 0
    outer loop
      vertex 47 0.489546 45.8552
      vertex 47 2.44625 41.4414
      vertex 47 0.954544 46.0179
    endloop
  endfacet
  facet normal 1 0 0
    outer loop
      vertex 47 2.44625 41.4414
      vertex 47 0.489546 45.8552
      vertex 47 1.97213 41.2835
    endloop
  endfacet
  facet normal 1 0 0
    outer loop
      vertex 47 1.97213 41.2835
      vertex 47 0.489546 45.8552
      vertex 47 1.48796 41.16
    endloop
  endfacet
  facet normal 1 0 0
    outer loop
      vertex 47 1.48796 41.16
      vertex 47 0.489546 45.8552
      vertex 47 0.996203 41.0713
    endloop
  endfacet
  facet normal 1 0 0
    outer loop
      vertex 47 0.996203 41.0713
      vertex 47 0.489546 45.8552
      vertex 47 0.499373 41.0178
    endloop
  endfacet
  facet normal 1 -0 0
    outer loop
      vertex 47 0 45.8
      vertex 47 0.499373 41.0178
      vertex 47 0.489546 45.8552
    endloop
  endfacet
  facet normal 1 0 0
    outer loop
      vertex 47 0 45.8
      vertex 47 0 41
      vertex 47 0.499373 41.0178
    endloop
  endfacet
  facet normal 1 0 0
    outer loop
      vertex 47 -0.499373 41.0178
      vertex 47 0 45.8
      vertex 47 -0.489546 45.8552
    endloop
  endfacet
  facet normal 1 0 0
    outer loop
      vertex 47 0 45.8
      vertex 47 -0.499373 41.0178
      vertex 47 0 41
    endloop
  endfacet
  facet normal 1 0 0
    outer loop
      vertex 47 -2.44625 41.4414
      vertex 47 -0.489546 45.8552
      vertex 47 -0.954544 46.0179
    endloop
  endfacet
  facet normal 1 0 0
    outer loop
      vertex 47 -0.489546 45.8552
      vertex 47 -0.996203 41.0713
      vertex 47 -0.499373 41.0178
    endloop
  endfacet
  facet normal 1 0 0
    outer loop
      vertex 47 -3.78448 42.1112
      vertex 47 -0.954544 46.0179
      vertex 47 -1.37168 46.28
    endloop
  endfacet
  facet normal 1 0 0
    outer loop
      vertex 47 -0.489546 45.8552
      vertex 47 -1.48796 41.16
      vertex 47 -0.996203 41.0713
    endloop
  endfacet
  facet normal 1 0 0
    outer loop
      vertex 47 -4.94975 43.0503
      vertex 47 -1.37168 46.28
      vertex 47 -1.72003 46.6283
    endloop
  endfacet
  facet normal 1 0 0
    outer loop
      vertex 47 -0.489546 45.8552
      vertex 47 -1.97213 41.2835
      vertex 47 -1.48796 41.16
    endloop
  endfacet
  facet normal 1 0 0
    outer loop
      vertex 47 -5.88877 44.2155
      vertex 47 -1.72003 46.6283
      vertex 47 -1.98213 47.0455
    endloop
  endfacet
  facet normal 1 0 0
    outer loop
      vertex 47 -6.55865 45.5537
      vertex 47 -1.98213 47.0455
      vertex 47 -2.14484 47.5105
    endloop
  endfacet
  facet normal 1 0 0
    outer loop
      vertex 47 -6.92875 47.0038
      vertex 47 -2.14484 47.5105
      vertex 47 -2.2 48
    endloop
  endfacet
  facet normal 1 -0 0
    outer loop
      vertex 47 -4.58402 53.2902
      vertex 47 -1.37168 49.72
      vertex 47 -4.19494 53.6038
    endloop
  endfacet
  facet normal 1 0 0
    outer loop
      vertex 47 -0.489546 45.8552
      vertex 47 -2.44625 41.4414
      vertex 47 -1.97213 41.2835
    endloop
  endfacet
  facet normal 1 -0 0
    outer loop
      vertex 47 -4.94975 52.9497
      vertex 47 -1.37168 49.72
      vertex 47 -4.58402 53.2902
    endloop
  endfacet
  facet normal 1 0 0
    outer loop
      vertex 47 -0.954544 46.0179
      vertex 47 -2.9079 41.6326
      vertex 47 -2.44625 41.4414
    endloop
  endfacet
  facet normal 1 0 0
    outer loop
      vertex 47 -1.37168 49.72
      vertex 47 -4.94975 52.9497
      vertex 47 -1.72003 49.3717
    endloop
  endfacet
  facet normal 1 0 0
    outer loop
      vertex 47 -0.954544 46.0179
      vertex 47 -3.35474 41.8562
      vertex 47 -2.9079 41.6326
    endloop
  endfacet
  facet normal 1 -0 0
    outer loop
      vertex 47 -5.29025 52.584
      vertex 47 -1.72003 49.3717
      vertex 47 -4.94975 52.9497
    endloop
  endfacet
  facet normal 1 0 0
    outer loop
      vertex 47 -0.954544 46.0179
      vertex 47 -3.78448 42.1112
      vertex 47 -3.35474 41.8562
    endloop
  endfacet
  facet normal 1 -0 0
    outer loop
      vertex 47 -5.60379 52.1949
      vertex 47 -1.72003 49.3717
      vertex 47 -5.29025 52.584
    endloop
  endfacet
  facet normal 1 0 0
    outer loop
      vertex 47 -1.37168 46.28
      vertex 47 -4.19494 42.3962
      vertex 47 -3.78448 42.1112
    endloop
  endfacet
  facet normal 1 -0 0
    outer loop
      vertex 47 -5.88877 51.7845
      vertex 47 -1.72003 49.3717
      vertex 47 -5.60379 52.1949
    endloop
  endfacet
  facet normal 1 0 0
    outer loop
      vertex 47 -1.37168 46.28
      vertex 47 -4.58402 42.7098
      vertex 47 -4.19494 42.3962
    endloop
  endfacet
  facet normal 1 0 0
    outer loop
      vertex 47 -1.72003 49.3717
      vertex 47 -5.88877 51.7845
      vertex 47 -1.98213 48.9545
    endloop
  endfacet
  facet normal 1 0 0
    outer loop
      vertex 47 -1.37168 46.28
      vertex 47 -4.94975 43.0503
      vertex 47 -4.58402 42.7098
    endloop
  endfacet
  facet normal 1 -0 0
    outer loop
      vertex 47 -6.14375 51.3547
      vertex 47 -1.98213 48.9545
      vertex 47 -5.88877 51.7845
    endloop
  endfacet
  facet normal 1 0 0
    outer loop
      vertex 47 -1.72003 46.6283
      vertex 47 -5.29025 43.416
      vertex 47 -4.94975 43.0503
    endloop
  endfacet
  facet normal 1 -0 0
    outer loop
      vertex 47 -6.36742 50.9079
      vertex 47 -1.98213 48.9545
      vertex 47 -6.14375 51.3547
    endloop
  endfacet
  facet normal 1 0 0
    outer loop
      vertex 47 -1.72003 46.6283
      vertex 47 -5.60379 43.8051
      vertex 47 -5.29025 43.416
    endloop
  endfacet
  facet normal 1 -0 0
    outer loop
      vertex 47 -6.55865 50.4463
      vertex 47 -1.98213 48.9545
      vertex 47 -6.36742 50.9079
    endloop
  endfacet
  facet normal 1 0 0
    outer loop
      vertex 47 -1.72003 46.6283
      vertex 47 -5.88877 44.2155
      vertex 47 -5.60379 43.8051
    endloop
  endfacet
  facet normal 1 0 0
    outer loop
      vertex 47 -1.98213 48.9545
      vertex 47 -6.55865 50.4463
      vertex 47 -2.14484 48.4895
    endloop
  endfacet
  facet normal 1 0 0
    outer loop
      vertex 47 -1.98213 47.0455
      vertex 47 -6.14375 44.6453
      vertex 47 -5.88877 44.2155
    endloop
  endfacet
  facet normal 1 -0 0
    outer loop
      vertex 47 -6.71645 49.9721
      vertex 47 -2.14484 48.4895
      vertex 47 -6.55865 50.4463
    endloop
  endfacet
  facet normal 1 0 0
    outer loop
      vertex 47 -1.98213 47.0455
      vertex 47 -6.36742 45.0921
      vertex 47 -6.14375 44.6453
    endloop
  endfacet
  facet normal 1 -0 0
    outer loop
      vertex 47 -6.84003 49.488
      vertex 47 -2.14484 48.4895
      vertex 47 -6.71645 49.9721
    endloop
  endfacet
  facet normal 1 0 0
    outer loop
      vertex 47 -1.98213 47.0455
      vertex 47 -6.55865 45.5537
      vertex 47 -6.36742 45.0921
    endloop
  endfacet
  facet normal 1 -0 0
    outer loop
      vertex 47 -6.92875 48.9962
      vertex 47 -2.14484 48.4895
      vertex 47 -6.84003 49.488
    endloop
  endfacet
  facet normal 1 0 0
    outer loop
      vertex 47 -2.14484 47.5105
      vertex 47 -6.71645 46.0279
      vertex 47 -6.55865 45.5537
    endloop
  endfacet
  facet normal 1 0 0
    outer loop
      vertex 47 -2.14484 48.4895
      vertex 47 -6.92875 48.9962
      vertex 47 -2.2 48
    endloop
  endfacet
  facet normal 1 0 0
    outer loop
      vertex 47 -2.14484 47.5105
      vertex 47 -6.84003 46.512
      vertex 47 -6.71645 46.0279
    endloop
  endfacet
  facet normal 1 -0 0
    outer loop
      vertex 47 -6.98216 48.4994
      vertex 47 -2.2 48
      vertex 47 -6.92875 48.9962
    endloop
  endfacet
  facet normal 1 0 0
    outer loop
      vertex 47 -2.14484 47.5105
      vertex 47 -6.92875 47.0038
      vertex 47 -6.84003 46.512
    endloop
  endfacet
  facet normal 1 0 0
    outer loop
      vertex 47 -7 48
      vertex 47 -2.2 48
      vertex 47 -6.98216 48.4994
    endloop
  endfacet
  facet normal 1 0 0
    outer loop
      vertex 47 -2.2 48
      vertex 47 -6.98216 47.5006
      vertex 47 -6.92875 47.0038
    endloop
  endfacet
  facet normal 1 0 0
    outer loop
      vertex 47 -2.2 48
      vertex 47 -7 48
      vertex 47 -6.98216 47.5006
    endloop
  endfacet
  facet normal 0.994875 0.101114 0
    outer loop
      vertex -17.6 -16 66.4
      vertex -17.6491 -15.5169 62
      vertex -17.6491 -15.5169 66.4
    endloop
  endfacet
  facet normal 0.994875 0.101114 0
    outer loop
      vertex -17.6491 -15.5169 62
      vertex -17.6 -16 66.4
      vertex -17.6 -16 62
    endloop
  endfacet
  facet normal -1 0 0
    outer loop
      vertex -22.3877 -16.2428 62
      vertex -22.3877 -15.7572 66.4
      vertex -22.3877 -15.7572 62
    endloop
  endfacet
  facet normal -1 -0 0
    outer loop
      vertex -22.3877 -15.7572 66.4
      vertex -22.3877 -16.2428 62
      vertex -22.3877 -16.2428 66.4
    endloop
  endfacet
  facet normal 0.0506565 0.998716 -0
    outer loop
      vertex -19.6366 -13.6277 62
      vertex -20.1216 -13.6031 66.4
      vertex -19.6366 -13.6277 66.4
    endloop
  endfacet
  facet normal 0.0506565 0.998716 0
    outer loop
      vertex -20.1216 -13.6031 66.4
      vertex -19.6366 -13.6277 62
      vertex -20.1216 -13.6031 62
    endloop
  endfacet
  facet normal 0.612057 0.790814 -0
    outer loop
      vertex -18.3465 -14.2605 62
      vertex -18.7305 -13.9633 66.4
      vertex -18.3465 -14.2605 66.4
    endloop
  endfacet
  facet normal 0.612057 0.790814 0
    outer loop
      vertex -18.7305 -13.9633 66.4
      vertex -18.3465 -14.2605 62
      vertex -18.7305 -13.9633 62
    endloop
  endfacet
  facet normal 0.440447 0.897779 -0
    outer loop
      vertex -18.7305 -13.9633 62
      vertex -19.1665 -13.7494 66.4
      vertex -18.7305 -13.9633 66.4
    endloop
  endfacet
  facet normal 0.440447 0.897779 0
    outer loop
      vertex -19.1665 -13.7494 66.4
      vertex -18.7305 -13.9633 62
      vertex -19.1665 -13.7494 62
    endloop
  endfacet
  facet normal -0.689069 0.724696 0
    outer loop
      vertex -21.4691 -14.1021 62
      vertex -21.821 -14.4367 66.4
      vertex -21.4691 -14.1021 66.4
    endloop
  endfacet
  facet normal -0.689069 0.724696 0
    outer loop
      vertex -21.821 -14.4367 66.4
      vertex -21.4691 -14.1021 62
      vertex -21.821 -14.4367 62
    endloop
  endfacet
  facet normal -0.347442 0.937702 0
    outer loop
      vertex -20.6016 -13.6766 62
      vertex -21.0569 -13.8453 66.4
      vertex -20.6016 -13.6766 66.4
    endloop
  endfacet
  facet normal -0.347442 0.937702 0
    outer loop
      vertex -21.0569 -13.8453 66.4
      vertex -20.6016 -13.6766 62
      vertex -21.0569 -13.8453 62
    endloop
  endfacet
  facet normal 0.874274 0.485433 0
    outer loop
      vertex -17.7945 -15.0535 66.4
      vertex -18.0302 -14.629 62
      vertex -18.0302 -14.629 66.4
    endloop
  endfacet
  facet normal 0.874274 0.485433 0
    outer loop
      vertex -18.0302 -14.629 62
      vertex -17.7945 -15.0535 66.4
      vertex -17.7945 -15.0535 62
    endloop
  endfacet
  facet normal 0.954135 0.299377 0
    outer loop
      vertex -17.6491 -15.5169 66.4
      vertex -17.7945 -15.0535 62
      vertex -17.7945 -15.0535 66.4
    endloop
  endfacet
  facet normal 0.954135 0.299377 0
    outer loop
      vertex -17.7945 -15.0535 62
      vertex -17.6491 -15.5169 66.4
      vertex -17.6491 -15.5169 62
    endloop
  endfacet
  facet normal 0.758806 0.651317 0
    outer loop
      vertex -18.0302 -14.629 66.4
      vertex -18.3465 -14.2605 62
      vertex -18.3465 -14.2605 66.4
    endloop
  endfacet
  facet normal 0.758806 0.651317 0
    outer loop
      vertex -18.3465 -14.2605 62
      vertex -18.0302 -14.629 66.4
      vertex -18.0302 -14.629 62
    endloop
  endfacet
  facet normal 0.250619 0.968086 -0
    outer loop
      vertex -19.1665 -13.7494 62
      vertex -19.6366 -13.6277 66.4
      vertex -19.1665 -13.7494 66.4
    endloop
  endfacet
  facet normal 0.250619 0.968086 0
    outer loop
      vertex -19.6366 -13.6277 66.4
      vertex -19.1665 -13.7494 62
      vertex -19.6366 -13.6277 62
    endloop
  endfacet
  facet normal -0.918943 0.394392 0
    outer loop
      vertex -22.2899 -15.2815 62
      vertex -22.0984 -14.8353 66.4
      vertex -22.0984 -14.8353 62
    endloop
  endfacet
  facet normal -0.918943 0.394392 0
    outer loop
      vertex -22.0984 -14.8353 66.4
      vertex -22.2899 -15.2815 62
      vertex -22.2899 -15.2815 66.4
    endloop
  endfacet
  facet normal -0.820796 0.571221 0
    outer loop
      vertex -22.0984 -14.8353 62
      vertex -21.821 -14.4367 66.4
      vertex -21.821 -14.4367 62
    endloop
  endfacet
  facet normal -0.820796 0.571221 0
    outer loop
      vertex -21.821 -14.4367 66.4
      vertex -22.0984 -14.8353 62
      vertex -22.0984 -14.8353 66.4
    endloop
  endfacet
  facet normal -0.979513 0.20138 0
    outer loop
      vertex -22.3877 -15.7572 62
      vertex -22.2899 -15.2815 66.4
      vertex -22.2899 -15.2815 62
    endloop
  endfacet
  facet normal -0.979513 0.20138 0
    outer loop
      vertex -22.2899 -15.2815 66.4
      vertex -22.3877 -15.7572 62
      vertex -22.3877 -15.7572 66.4
    endloop
  endfacet
  facet normal 0 0 1
    outer loop
      vertex -17.6491 -15.5169 66.4
      vertex -17.6491 -16.4831 66.4
      vertex -17.6 -16 66.4
    endloop
  endfacet
  facet normal 0 0 1
    outer loop
      vertex -17.7945 -15.0535 66.4
      vertex -17.6491 -16.4831 66.4
      vertex -17.6491 -15.5169 66.4
    endloop
  endfacet
  facet normal 0 0 1
    outer loop
      vertex -17.7945 -15.0535 66.4
      vertex -17.7945 -16.9465 66.4
      vertex -17.6491 -16.4831 66.4
    endloop
  endfacet
  facet normal 0 0 1
    outer loop
      vertex -18.0302 -14.629 66.4
      vertex -17.7945 -16.9465 66.4
      vertex -17.7945 -15.0535 66.4
    endloop
  endfacet
  facet normal 0 0 1
    outer loop
      vertex -18.0302 -14.629 66.4
      vertex -18.0302 -17.371 66.4
      vertex -17.7945 -16.9465 66.4
    endloop
  endfacet
  facet normal 0 0 1
    outer loop
      vertex -18.3465 -14.2605 66.4
      vertex -18.0302 -17.371 66.4
      vertex -18.0302 -14.629 66.4
    endloop
  endfacet
  facet normal 0 0 1
    outer loop
      vertex -18.3465 -14.2605 66.4
      vertex -18.3465 -17.7395 66.4
      vertex -18.0302 -17.371 66.4
    endloop
  endfacet
  facet normal 0 0 1
    outer loop
      vertex -18.7305 -13.9633 66.4
      vertex -18.3465 -17.7395 66.4
      vertex -18.3465 -14.2605 66.4
    endloop
  endfacet
  facet normal 0 0 1
    outer loop
      vertex -18.7305 -13.9633 66.4
      vertex -18.7305 -18.0367 66.4
      vertex -18.3465 -17.7395 66.4
    endloop
  endfacet
  facet normal 0 0 1
    outer loop
      vertex -19.1665 -13.7494 66.4
      vertex -18.7305 -18.0367 66.4
      vertex -18.7305 -13.9633 66.4
    endloop
  endfacet
  facet normal 0 0 1
    outer loop
      vertex -19.1665 -13.7494 66.4
      vertex -19.1665 -18.2506 66.4
      vertex -18.7305 -18.0367 66.4
    endloop
  endfacet
  facet normal 0 0 1
    outer loop
      vertex -19.6366 -13.6277 66.4
      vertex -19.1665 -18.2506 66.4
      vertex -19.1665 -13.7494 66.4
    endloop
  endfacet
  facet normal 0 0 1
    outer loop
      vertex -19.6366 -13.6277 66.4
      vertex -19.6366 -18.3723 66.4
      vertex -19.1665 -18.2506 66.4
    endloop
  endfacet
  facet normal 0 0 1
    outer loop
      vertex -20.1216 -13.6031 66.4
      vertex -19.6366 -18.3723 66.4
      vertex -19.6366 -13.6277 66.4
    endloop
  endfacet
  facet normal 0 0 1
    outer loop
      vertex -20.1216 -13.6031 66.4
      vertex -20.1216 -18.3969 66.4
      vertex -19.6366 -18.3723 66.4
    endloop
  endfacet
  facet normal -0 0 1
    outer loop
      vertex -20.6016 -13.6766 66.4
      vertex -20.1216 -18.3969 66.4
      vertex -20.1216 -13.6031 66.4
    endloop
  endfacet
  facet normal 0 0 1
    outer loop
      vertex -20.6016 -13.6766 66.4
      vertex -20.6016 -18.3234 66.4
      vertex -20.1216 -18.3969 66.4
    endloop
  endfacet
  facet normal -0 0 1
    outer loop
      vertex -21.0569 -13.8453 66.4
      vertex -20.6016 -18.3234 66.4
      vertex -20.6016 -13.6766 66.4
    endloop
  endfacet
  facet normal 0 0 1
    outer loop
      vertex -21.0569 -13.8453 66.4
      vertex -21.0569 -18.1547 66.4
      vertex -20.6016 -18.3234 66.4
    endloop
  endfacet
  facet normal -0 0 1
    outer loop
      vertex -21.4691 -14.1021 66.4
      vertex -21.0569 -18.1547 66.4
      vertex -21.0569 -13.8453 66.4
    endloop
  endfacet
  facet normal 0 0 1
    outer loop
      vertex -21.4691 -14.1021 66.4
      vertex -21.4691 -17.8979 66.4
      vertex -21.0569 -18.1547 66.4
    endloop
  endfacet
  facet normal -0 0 1
    outer loop
      vertex -21.821 -14.4367 66.4
      vertex -21.4691 -17.8979 66.4
      vertex -21.4691 -14.1021 66.4
    endloop
  endfacet
  facet normal 0 0 1
    outer loop
      vertex -21.821 -14.4367 66.4
      vertex -21.821 -17.5633 66.4
      vertex -21.4691 -17.8979 66.4
    endloop
  endfacet
  facet normal -0 0 1
    outer loop
      vertex -22.0984 -14.8353 66.4
      vertex -21.821 -17.5633 66.4
      vertex -21.821 -14.4367 66.4
    endloop
  endfacet
  facet normal 0 0 1
    outer loop
      vertex -22.0984 -14.8353 66.4
      vertex -22.0984 -17.1647 66.4
      vertex -21.821 -17.5633 66.4
    endloop
  endfacet
  facet normal -0 0 1
    outer loop
      vertex -22.2899 -15.2815 66.4
      vertex -22.0984 -17.1647 66.4
      vertex -22.0984 -14.8353 66.4
    endloop
  endfacet
  facet normal 0 0 1
    outer loop
      vertex -22.2899 -15.2815 66.4
      vertex -22.2899 -16.7185 66.4
      vertex -22.0984 -17.1647 66.4
    endloop
  endfacet
  facet normal -0 0 1
    outer loop
      vertex -22.3877 -15.7572 66.4
      vertex -22.2899 -16.7185 66.4
      vertex -22.2899 -15.2815 66.4
    endloop
  endfacet
  facet normal 0 0 1
    outer loop
      vertex -22.2899 -16.7185 66.4
      vertex -22.3877 -15.7572 66.4
      vertex -22.3877 -16.2428 66.4
    endloop
  endfacet
  facet normal -0.528777 0.848761 0
    outer loop
      vertex -21.0569 -13.8453 62
      vertex -21.4691 -14.1021 66.4
      vertex -21.0569 -13.8453 66.4
    endloop
  endfacet
  facet normal -0.528777 0.848761 0
    outer loop
      vertex -21.4691 -14.1021 66.4
      vertex -21.0569 -13.8453 62
      vertex -21.4691 -14.1021 62
    endloop
  endfacet
  facet normal -0.151361 0.988479 0
    outer loop
      vertex -20.1216 -13.6031 62
      vertex -20.6016 -13.6766 66.4
      vertex -20.1216 -13.6031 66.4
    endloop
  endfacet
  facet normal -0.151361 0.988479 0
    outer loop
      vertex -20.6016 -13.6766 66.4
      vertex -20.1216 -13.6031 62
      vertex -20.6016 -13.6766 62
    endloop
  endfacet
  facet normal 0.994875 -0.101114 0
    outer loop
      vertex -17.6491 -16.4831 66.4
      vertex -17.6 -16 62
      vertex -17.6 -16 66.4
    endloop
  endfacet
  facet normal 0.994875 -0.101114 0
    outer loop
      vertex -17.6 -16 62
      vertex -17.6491 -16.4831 66.4
      vertex -17.6491 -16.4831 62
    endloop
  endfacet
  facet normal -0.151361 -0.988479 0
    outer loop
      vertex -20.6016 -18.3234 62
      vertex -20.1216 -18.3969 66.4
      vertex -20.6016 -18.3234 66.4
    endloop
  endfacet
  facet normal -0.151361 -0.988479 -0
    outer loop
      vertex -20.1216 -18.3969 66.4
      vertex -20.6016 -18.3234 62
      vertex -20.1216 -18.3969 62
    endloop
  endfacet
  facet normal 0.250619 -0.968086 0
    outer loop
      vertex -19.6366 -18.3723 62
      vertex -19.1665 -18.2506 66.4
      vertex -19.6366 -18.3723 66.4
    endloop
  endfacet
  facet normal 0.250619 -0.968086 0
    outer loop
      vertex -19.1665 -18.2506 66.4
      vertex -19.6366 -18.3723 62
      vertex -19.1665 -18.2506 62
    endloop
  endfacet
  facet normal 0.612057 -0.790814 0
    outer loop
      vertex -18.7305 -18.0367 62
      vertex -18.3465 -17.7395 66.4
      vertex -18.7305 -18.0367 66.4
    endloop
  endfacet
  facet normal 0.612057 -0.790814 0
    outer loop
      vertex -18.3465 -17.7395 66.4
      vertex -18.7305 -18.0367 62
      vertex -18.3465 -17.7395 62
    endloop
  endfacet
  facet normal 0.954135 -0.299377 0
    outer loop
      vertex -17.7945 -16.9465 66.4
      vertex -17.6491 -16.4831 62
      vertex -17.6491 -16.4831 66.4
    endloop
  endfacet
  facet normal 0.954135 -0.299377 0
    outer loop
      vertex -17.6491 -16.4831 62
      vertex -17.7945 -16.9465 66.4
      vertex -17.7945 -16.9465 62
    endloop
  endfacet
  facet normal -0.820796 -0.571221 0
    outer loop
      vertex -21.821 -17.5633 62
      vertex -22.0984 -17.1647 66.4
      vertex -22.0984 -17.1647 62
    endloop
  endfacet
  facet normal -0.820796 -0.571221 0
    outer loop
      vertex -22.0984 -17.1647 66.4
      vertex -21.821 -17.5633 62
      vertex -21.821 -17.5633 66.4
    endloop
  endfacet
  facet normal -0.979513 -0.20138 0
    outer loop
      vertex -22.2899 -16.7185 62
      vertex -22.3877 -16.2428 66.4
      vertex -22.3877 -16.2428 62
    endloop
  endfacet
  facet normal -0.979513 -0.20138 0
    outer loop
      vertex -22.3877 -16.2428 66.4
      vertex -22.2899 -16.7185 62
      vertex -22.2899 -16.7185 66.4
    endloop
  endfacet
  facet normal -0.918943 -0.394392 0
    outer loop
      vertex -22.0984 -17.1647 62
      vertex -22.2899 -16.7185 66.4
      vertex -22.2899 -16.7185 62
    endloop
  endfacet
  facet normal -0.918943 -0.394392 0
    outer loop
      vertex -22.2899 -16.7185 66.4
      vertex -22.0984 -17.1647 62
      vertex -22.0984 -17.1647 66.4
    endloop
  endfacet
  facet normal 0.440447 -0.897779 0
    outer loop
      vertex -19.1665 -18.2506 62
      vertex -18.7305 -18.0367 66.4
      vertex -19.1665 -18.2506 66.4
    endloop
  endfacet
  facet normal 0.440447 -0.897779 0
    outer loop
      vertex -18.7305 -18.0367 66.4
      vertex -19.1665 -18.2506 62
      vertex -18.7305 -18.0367 62
    endloop
  endfacet
  facet normal 0.874274 -0.485433 0
    outer loop
      vertex -18.0302 -17.371 66.4
      vertex -17.7945 -16.9465 62
      vertex -17.7945 -16.9465 66.4
    endloop
  endfacet
  facet normal 0.874274 -0.485433 0
    outer loop
      vertex -17.7945 -16.9465 62
      vertex -18.0302 -17.371 66.4
      vertex -18.0302 -17.371 62
    endloop
  endfacet
  facet normal 0.758806 -0.651317 0
    outer loop
      vertex -18.3465 -17.7395 66.4
      vertex -18.0302 -17.371 62
      vertex -18.0302 -17.371 66.4
    endloop
  endfacet
  facet normal 0.758806 -0.651317 0
    outer loop
      vertex -18.0302 -17.371 62
      vertex -18.3465 -17.7395 66.4
      vertex -18.3465 -17.7395 62
    endloop
  endfacet
  facet normal 0.0506565 -0.998716 0
    outer loop
      vertex -20.1216 -18.3969 62
      vertex -19.6366 -18.3723 66.4
      vertex -20.1216 -18.3969 66.4
    endloop
  endfacet
  facet normal 0.0506565 -0.998716 0
    outer loop
      vertex -19.6366 -18.3723 66.4
      vertex -20.1216 -18.3969 62
      vertex -19.6366 -18.3723 62
    endloop
  endfacet
  facet normal -0.528777 -0.848761 0
    outer loop
      vertex -21.4691 -17.8979 62
      vertex -21.0569 -18.1547 66.4
      vertex -21.4691 -17.8979 66.4
    endloop
  endfacet
  facet normal -0.528777 -0.848761 -0
    outer loop
      vertex -21.0569 -18.1547 66.4
      vertex -21.4691 -17.8979 62
      vertex -21.0569 -18.1547 62
    endloop
  endfacet
  facet normal -0.347442 -0.937702 0
    outer loop
      vertex -21.0569 -18.1547 62
      vertex -20.6016 -18.3234 66.4
      vertex -21.0569 -18.1547 66.4
    endloop
  endfacet
  facet normal -0.347442 -0.937702 -0
    outer loop
      vertex -20.6016 -18.3234 66.4
      vertex -21.0569 -18.1547 62
      vertex -20.6016 -18.3234 62
    endloop
  endfacet
  facet normal -0.689069 -0.724696 0
    outer loop
      vertex -21.821 -17.5633 62
      vertex -21.4691 -17.8979 66.4
      vertex -21.821 -17.5633 66.4
    endloop
  endfacet
  facet normal -0.689069 -0.724696 -0
    outer loop
      vertex -21.4691 -17.8979 66.4
      vertex -21.821 -17.5633 62
      vertex -21.4691 -17.8979 62
    endloop
  endfacet
  facet normal 0.874274 0.485433 0
    outer loop
      vertex -17.7945 16.9465 66.4
      vertex -18.0302 17.371 62
      vertex -18.0302 17.371 66.4
    endloop
  endfacet
  facet normal 0.874274 0.485433 0
    outer loop
      vertex -18.0302 17.371 62
      vertex -17.7945 16.9465 66.4
      vertex -17.7945 16.9465 62
    endloop
  endfacet
  facet normal 0.758806 0.651317 0
    outer loop
      vertex -18.0302 17.371 66.4
      vertex -18.3465 17.7395 62
      vertex -18.3465 17.7395 66.4
    endloop
  endfacet
  facet normal 0.758806 0.651317 0
    outer loop
      vertex -18.3465 17.7395 62
      vertex -18.0302 17.371 66.4
      vertex -18.0302 17.371 62
    endloop
  endfacet
  facet normal -0.347442 0.937702 0
    outer loop
      vertex -20.6016 18.3234 62
      vertex -21.0569 18.1547 66.4
      vertex -20.6016 18.3234 66.4
    endloop
  endfacet
  facet normal -0.347442 0.937702 0
    outer loop
      vertex -21.0569 18.1547 66.4
      vertex -20.6016 18.3234 62
      vertex -21.0569 18.1547 62
    endloop
  endfacet
  facet normal -0.918943 0.394392 0
    outer loop
      vertex -22.2899 16.7185 62
      vertex -22.0984 17.1647 66.4
      vertex -22.0984 17.1647 62
    endloop
  endfacet
  facet normal -0.918943 0.394392 0
    outer loop
      vertex -22.0984 17.1647 66.4
      vertex -22.2899 16.7185 62
      vertex -22.2899 16.7185 66.4
    endloop
  endfacet
  facet normal 0.994875 -0.101114 0
    outer loop
      vertex -17.6491 15.5169 66.4
      vertex -17.6 16 62
      vertex -17.6 16 66.4
    endloop
  endfacet
  facet normal 0.994875 -0.101114 0
    outer loop
      vertex -17.6 16 62
      vertex -17.6491 15.5169 66.4
      vertex -17.6491 15.5169 62
    endloop
  endfacet
  facet normal 0.612057 0.790814 -0
    outer loop
      vertex -18.3465 17.7395 62
      vertex -18.7305 18.0367 66.4
      vertex -18.3465 17.7395 66.4
    endloop
  endfacet
  facet normal 0.612057 0.790814 0
    outer loop
      vertex -18.7305 18.0367 66.4
      vertex -18.3465 17.7395 62
      vertex -18.7305 18.0367 62
    endloop
  endfacet
  facet normal 0.0506565 0.998716 -0
    outer loop
      vertex -19.6366 18.3723 62
      vertex -20.1216 18.3969 66.4
      vertex -19.6366 18.3723 66.4
    endloop
  endfacet
  facet normal 0.0506565 0.998716 0
    outer loop
      vertex -20.1216 18.3969 66.4
      vertex -19.6366 18.3723 62
      vertex -20.1216 18.3969 62
    endloop
  endfacet
  facet normal 0.440447 0.897779 -0
    outer loop
      vertex -18.7305 18.0367 62
      vertex -19.1665 18.2506 66.4
      vertex -18.7305 18.0367 66.4
    endloop
  endfacet
  facet normal 0.440447 0.897779 0
    outer loop
      vertex -19.1665 18.2506 66.4
      vertex -18.7305 18.0367 62
      vertex -19.1665 18.2506 62
    endloop
  endfacet
  facet normal -1 0 0
    outer loop
      vertex -22.3877 15.7572 62
      vertex -22.3877 16.2428 66.4
      vertex -22.3877 16.2428 62
    endloop
  endfacet
  facet normal -1 -0 0
    outer loop
      vertex -22.3877 16.2428 66.4
      vertex -22.3877 15.7572 62
      vertex -22.3877 15.7572 66.4
    endloop
  endfacet
  facet normal -0.820796 0.571221 0
    outer loop
      vertex -22.0984 17.1647 62
      vertex -21.821 17.5633 66.4
      vertex -21.821 17.5633 62
    endloop
  endfacet
  facet normal -0.820796 0.571221 0
    outer loop
      vertex -21.821 17.5633 66.4
      vertex -22.0984 17.1647 62
      vertex -22.0984 17.1647 66.4
    endloop
  endfacet
  facet normal -0.528777 0.848761 0
    outer loop
      vertex -21.0569 18.1547 62
      vertex -21.4691 17.8979 66.4
      vertex -21.0569 18.1547 66.4
    endloop
  endfacet
  facet normal -0.528777 0.848761 0
    outer loop
      vertex -21.4691 17.8979 66.4
      vertex -21.0569 18.1547 62
      vertex -21.4691 17.8979 62
    endloop
  endfacet
  facet normal -0.151361 0.988479 0
    outer loop
      vertex -20.1216 18.3969 62
      vertex -20.6016 18.3234 66.4
      vertex -20.1216 18.3969 66.4
    endloop
  endfacet
  facet normal -0.151361 0.988479 0
    outer loop
      vertex -20.6016 18.3234 66.4
      vertex -20.1216 18.3969 62
      vertex -20.6016 18.3234 62
    endloop
  endfacet
  facet normal -0.689069 0.724696 0
    outer loop
      vertex -21.4691 17.8979 62
      vertex -21.821 17.5633 66.4
      vertex -21.4691 17.8979 66.4
    endloop
  endfacet
  facet normal -0.689069 0.724696 0
    outer loop
      vertex -21.821 17.5633 66.4
      vertex -21.4691 17.8979 62
      vertex -21.821 17.5633 62
    endloop
  endfacet
  facet normal 0.994875 0.101114 0
    outer loop
      vertex -17.6 16 66.4
      vertex -17.6491 16.4831 62
      vertex -17.6491 16.4831 66.4
    endloop
  endfacet
  facet normal 0.994875 0.101114 0
    outer loop
      vertex -17.6491 16.4831 62
      vertex -17.6 16 66.4
      vertex -17.6 16 62
    endloop
  endfacet
  facet normal 0.954135 -0.299377 0
    outer loop
      vertex -17.7945 15.0535 66.4
      vertex -17.6491 15.5169 62
      vertex -17.6491 15.5169 66.4
    endloop
  endfacet
  facet normal 0.954135 -0.299377 0
    outer loop
      vertex -17.6491 15.5169 62
      vertex -17.7945 15.0535 66.4
      vertex -17.7945 15.0535 62
    endloop
  endfacet
  facet normal -0.528777 -0.848761 0
    outer loop
      vertex -21.4691 14.1021 62
      vertex -21.0569 13.8453 66.4
      vertex -21.4691 14.1021 66.4
    endloop
  endfacet
  facet normal -0.528777 -0.848761 -0
    outer loop
      vertex -21.0569 13.8453 66.4
      vertex -21.4691 14.1021 62
      vertex -21.0569 13.8453 62
    endloop
  endfacet
  facet normal -0.820796 -0.571221 0
    outer loop
      vertex -21.821 14.4367 62
      vertex -22.0984 14.8353 66.4
      vertex -22.0984 14.8353 62
    endloop
  endfacet
  facet normal -0.820796 -0.571221 0
    outer loop
      vertex -22.0984 14.8353 66.4
      vertex -21.821 14.4367 62
      vertex -21.821 14.4367 66.4
    endloop
  endfacet
  facet normal 0.954135 0.299377 0
    outer loop
      vertex -17.6491 16.4831 66.4
      vertex -17.7945 16.9465 62
      vertex -17.7945 16.9465 66.4
    endloop
  endfacet
  facet normal 0.954135 0.299377 0
    outer loop
      vertex -17.7945 16.9465 62
      vertex -17.6491 16.4831 66.4
      vertex -17.6491 16.4831 62
    endloop
  endfacet
  facet normal 0.250619 0.968086 -0
    outer loop
      vertex -19.1665 18.2506 62
      vertex -19.6366 18.3723 66.4
      vertex -19.1665 18.2506 66.4
    endloop
  endfacet
  facet normal 0.250619 0.968086 0
    outer loop
      vertex -19.6366 18.3723 66.4
      vertex -19.1665 18.2506 62
      vertex -19.6366 18.3723 62
    endloop
  endfacet
  facet normal 0 0 1
    outer loop
      vertex -17.6491 16.4831 66.4
      vertex -17.6491 15.5169 66.4
      vertex -17.6 16 66.4
    endloop
  endfacet
  facet normal 0 0 1
    outer loop
      vertex -17.7945 16.9465 66.4
      vertex -17.6491 15.5169 66.4
      vertex -17.6491 16.4831 66.4
    endloop
  endfacet
  facet normal 0 0 1
    outer loop
      vertex -17.7945 16.9465 66.4
      vertex -17.7945 15.0535 66.4
      vertex -17.6491 15.5169 66.4
    endloop
  endfacet
  facet normal 0 0 1
    outer loop
      vertex -18.0302 17.371 66.4
      vertex -17.7945 15.0535 66.4
      vertex -17.7945 16.9465 66.4
    endloop
  endfacet
  facet normal 0 0 1
    outer loop
      vertex -18.0302 17.371 66.4
      vertex -18.0302 14.629 66.4
      vertex -17.7945 15.0535 66.4
    endloop
  endfacet
  facet normal 0 0 1
    outer loop
      vertex -18.3465 17.7395 66.4
      vertex -18.0302 14.629 66.4
      vertex -18.0302 17.371 66.4
    endloop
  endfacet
  facet normal 0 0 1
    outer loop
      vertex -18.3465 17.7395 66.4
      vertex -18.3465 14.2605 66.4
      vertex -18.0302 14.629 66.4
    endloop
  endfacet
  facet normal 0 0 1
    outer loop
      vertex -18.7305 18.0367 66.4
      vertex -18.3465 14.2605 66.4
      vertex -18.3465 17.7395 66.4
    endloop
  endfacet
  facet normal 0 0 1
    outer loop
      vertex -18.7305 18.0367 66.4
      vertex -18.7305 13.9633 66.4
      vertex -18.3465 14.2605 66.4
    endloop
  endfacet
  facet normal 0 0 1
    outer loop
      vertex -19.1665 18.2506 66.4
      vertex -18.7305 13.9633 66.4
      vertex -18.7305 18.0367 66.4
    endloop
  endfacet
  facet normal 0 0 1
    outer loop
      vertex -19.1665 18.2506 66.4
      vertex -19.1665 13.7494 66.4
      vertex -18.7305 13.9633 66.4
    endloop
  endfacet
  facet normal 0 0 1
    outer loop
      vertex -19.6366 18.3723 66.4
      vertex -19.1665 13.7494 66.4
      vertex -19.1665 18.2506 66.4
    endloop
  endfacet
  facet normal 0 0 1
    outer loop
      vertex -19.6366 18.3723 66.4
      vertex -19.6366 13.6277 66.4
      vertex -19.1665 13.7494 66.4
    endloop
  endfacet
  facet normal 0 0 1
    outer loop
      vertex -20.1216 18.3969 66.4
      vertex -19.6366 13.6277 66.4
      vertex -19.6366 18.3723 66.4
    endloop
  endfacet
  facet normal 0 0 1
    outer loop
      vertex -20.1216 18.3969 66.4
      vertex -20.1216 13.6031 66.4
      vertex -19.6366 13.6277 66.4
    endloop
  endfacet
  facet normal -0 0 1
    outer loop
      vertex -20.6016 18.3234 66.4
      vertex -20.1216 13.6031 66.4
      vertex -20.1216 18.3969 66.4
    endloop
  endfacet
  facet normal 0 0 1
    outer loop
      vertex -20.6016 18.3234 66.4
      vertex -20.6016 13.6766 66.4
      vertex -20.1216 13.6031 66.4
    endloop
  endfacet
  facet normal -0 0 1
    outer loop
      vertex -21.0569 18.1547 66.4
      vertex -20.6016 13.6766 66.4
      vertex -20.6016 18.3234 66.4
    endloop
  endfacet
  facet normal 0 0 1
    outer loop
      vertex -21.0569 18.1547 66.4
      vertex -21.0569 13.8453 66.4
      vertex -20.6016 13.6766 66.4
    endloop
  endfacet
  facet normal -0 0 1
    outer loop
      vertex -21.4691 17.8979 66.4
      vertex -21.0569 13.8453 66.4
      vertex -21.0569 18.1547 66.4
    endloop
  endfacet
  facet normal 0 0 1
    outer loop
      vertex -21.4691 17.8979 66.4
      vertex -21.4691 14.1021 66.4
      vertex -21.0569 13.8453 66.4
    endloop
  endfacet
  facet normal -0 0 1
    outer loop
      vertex -21.821 17.5633 66.4
      vertex -21.4691 14.1021 66.4
      vertex -21.4691 17.8979 66.4
    endloop
  endfacet
  facet normal 0 0 1
    outer loop
      vertex -21.821 17.5633 66.4
      vertex -21.821 14.4367 66.4
      vertex -21.4691 14.1021 66.4
    endloop
  endfacet
  facet normal -0 0 1
    outer loop
      vertex -22.0984 17.1647 66.4
      vertex -21.821 14.4367 66.4
      vertex -21.821 17.5633 66.4
    endloop
  endfacet
  facet normal 0 0 1
    outer loop
      vertex -22.0984 17.1647 66.4
      vertex -22.0984 14.8353 66.4
      vertex -21.821 14.4367 66.4
    endloop
  endfacet
  facet normal -0 0 1
    outer loop
      vertex -22.2899 16.7185 66.4
      vertex -22.0984 14.8353 66.4
      vertex -22.0984 17.1647 66.4
    endloop
  endfacet
  facet normal 0 0 1
    outer loop
      vertex -22.2899 16.7185 66.4
      vertex -22.2899 15.2815 66.4
      vertex -22.0984 14.8353 66.4
    endloop
  endfacet
  facet normal -0 0 1
    outer loop
      vertex -22.3877 16.2428 66.4
      vertex -22.2899 15.2815 66.4
      vertex -22.2899 16.7185 66.4
    endloop
  endfacet
  facet normal 0 0 1
    outer loop
      vertex -22.2899 15.2815 66.4
      vertex -22.3877 16.2428 66.4
      vertex -22.3877 15.7572 66.4
    endloop
  endfacet
  facet normal -0.979513 0.20138 0
    outer loop
      vertex -22.3877 16.2428 62
      vertex -22.2899 16.7185 66.4
      vertex -22.2899 16.7185 62
    endloop
  endfacet
  facet normal -0.979513 0.20138 0
    outer loop
      vertex -22.2899 16.7185 66.4
      vertex -22.3877 16.2428 62
      vertex -22.3877 16.2428 66.4
    endloop
  endfacet
  facet normal 0.874274 -0.485433 0
    outer loop
      vertex -18.0302 14.629 66.4
      vertex -17.7945 15.0535 62
      vertex -17.7945 15.0535 66.4
    endloop
  endfacet
  facet normal 0.874274 -0.485433 0
    outer loop
      vertex -17.7945 15.0535 62
      vertex -18.0302 14.629 66.4
      vertex -18.0302 14.629 62
    endloop
  endfacet
  facet normal 0.0506565 -0.998716 0
    outer loop
      vertex -20.1216 13.6031 62
      vertex -19.6366 13.6277 66.4
      vertex -20.1216 13.6031 66.4
    endloop
  endfacet
  facet normal 0.0506565 -0.998716 0
    outer loop
      vertex -19.6366 13.6277 66.4
      vertex -20.1216 13.6031 62
      vertex -19.6366 13.6277 62
    endloop
  endfacet
  facet normal -0.689069 -0.724696 0
    outer loop
      vertex -21.821 14.4367 62
      vertex -21.4691 14.1021 66.4
      vertex -21.821 14.4367 66.4
    endloop
  endfacet
  facet normal -0.689069 -0.724696 -0
    outer loop
      vertex -21.4691 14.1021 66.4
      vertex -21.821 14.4367 62
      vertex -21.4691 14.1021 62
    endloop
  endfacet
  facet normal 0.250619 -0.968086 0
    outer loop
      vertex -19.6366 13.6277 62
      vertex -19.1665 13.7494 66.4
      vertex -19.6366 13.6277 66.4
    endloop
  endfacet
  facet normal 0.250619 -0.968086 0
    outer loop
      vertex -19.1665 13.7494 66.4
      vertex -19.6366 13.6277 62
      vertex -19.1665 13.7494 62
    endloop
  endfacet
  facet normal 0.440447 -0.897779 0
    outer loop
      vertex -19.1665 13.7494 62
      vertex -18.7305 13.9633 66.4
      vertex -19.1665 13.7494 66.4
    endloop
  endfacet
  facet normal 0.440447 -0.897779 0
    outer loop
      vertex -18.7305 13.9633 66.4
      vertex -19.1665 13.7494 62
      vertex -18.7305 13.9633 62
    endloop
  endfacet
  facet normal 0.758806 -0.651317 0
    outer loop
      vertex -18.3465 14.2605 66.4
      vertex -18.0302 14.629 62
      vertex -18.0302 14.629 66.4
    endloop
  endfacet
  facet normal 0.758806 -0.651317 0
    outer loop
      vertex -18.0302 14.629 62
      vertex -18.3465 14.2605 66.4
      vertex -18.3465 14.2605 62
    endloop
  endfacet
  facet normal 0.612057 -0.790814 0
    outer loop
      vertex -18.7305 13.9633 62
      vertex -18.3465 14.2605 66.4
      vertex -18.7305 13.9633 66.4
    endloop
  endfacet
  facet normal 0.612057 -0.790814 0
    outer loop
      vertex -18.3465 14.2605 66.4
      vertex -18.7305 13.9633 62
      vertex -18.3465 14.2605 62
    endloop
  endfacet
  facet normal -0.347442 -0.937702 0
    outer loop
      vertex -21.0569 13.8453 62
      vertex -20.6016 13.6766 66.4
      vertex -21.0569 13.8453 66.4
    endloop
  endfacet
  facet normal -0.347442 -0.937702 -0
    outer loop
      vertex -20.6016 13.6766 66.4
      vertex -21.0569 13.8453 62
      vertex -20.6016 13.6766 62
    endloop
  endfacet
  facet normal -0.151361 -0.988479 0
    outer loop
      vertex -20.6016 13.6766 62
      vertex -20.1216 13.6031 66.4
      vertex -20.6016 13.6766 66.4
    endloop
  endfacet
  facet normal -0.151361 -0.988479 -0
    outer loop
      vertex -20.1216 13.6031 66.4
      vertex -20.6016 13.6766 62
      vertex -20.1216 13.6031 62
    endloop
  endfacet
  facet normal -0.918943 -0.394392 0
    outer loop
      vertex -22.0984 14.8353 62
      vertex -22.2899 15.2815 66.4
      vertex -22.2899 15.2815 62
    endloop
  endfacet
  facet normal -0.918943 -0.394392 0
    outer loop
      vertex -22.2899 15.2815 66.4
      vertex -22.0984 14.8353 62
      vertex -22.0984 14.8353 66.4
    endloop
  endfacet
  facet normal -0.979513 -0.20138 0
    outer loop
      vertex -22.2899 15.2815 62
      vertex -22.3877 15.7572 66.4
      vertex -22.3877 15.7572 62
    endloop
  endfacet
  facet normal -0.979513 -0.20138 0
    outer loop
      vertex -22.3877 15.7572 66.4
      vertex -22.2899 15.2815 62
      vertex -22.2899 15.2815 66.4
    endloop
  endfacet
  facet normal 0.994875 0.101114 0
    outer loop
      vertex 22.4 -16 66.4
      vertex 22.3509 -15.5169 62
      vertex 22.3509 -15.5169 66.4
    endloop
  endfacet
  facet normal 0.994875 0.101114 0
    outer loop
      vertex 22.3509 -15.5169 62
      vertex 22.4 -16 66.4
      vertex 22.4 -16 62
    endloop
  endfacet
  facet normal -1 0 0
    outer loop
      vertex 17.6123 -16.2428 62
      vertex 17.6123 -15.7572 66.4
      vertex 17.6123 -15.7572 62
    endloop
  endfacet
  facet normal -1 -0 0
    outer loop
      vertex 17.6123 -15.7572 66.4
      vertex 17.6123 -16.2428 62
      vertex 17.6123 -16.2428 66.4
    endloop
  endfacet
  facet normal 0.0506565 0.998716 -0
    outer loop
      vertex 20.3634 -13.6277 62
      vertex 19.8784 -13.6031 66.4
      vertex 20.3634 -13.6277 66.4
    endloop
  endfacet
  facet normal 0.0506565 0.998716 0
    outer loop
      vertex 19.8784 -13.6031 66.4
      vertex 20.3634 -13.6277 62
      vertex 19.8784 -13.6031 62
    endloop
  endfacet
  facet normal 0.612057 0.790814 -0
    outer loop
      vertex 21.6535 -14.2605 62
      vertex 21.2695 -13.9633 66.4
      vertex 21.6535 -14.2605 66.4
    endloop
  endfacet
  facet normal 0.612057 0.790814 0
    outer loop
      vertex 21.2695 -13.9633 66.4
      vertex 21.6535 -14.2605 62
      vertex 21.2695 -13.9633 62
    endloop
  endfacet
  facet normal 0.440447 0.897779 -0
    outer loop
      vertex 21.2695 -13.9633 62
      vertex 20.8335 -13.7494 66.4
      vertex 21.2695 -13.9633 66.4
    endloop
  endfacet
  facet normal 0.440447 0.897779 0
    outer loop
      vertex 20.8335 -13.7494 66.4
      vertex 21.2695 -13.9633 62
      vertex 20.8335 -13.7494 62
    endloop
  endfacet
  facet normal -0.689069 0.724696 0
    outer loop
      vertex 18.5309 -14.1021 62
      vertex 18.179 -14.4367 66.4
      vertex 18.5309 -14.1021 66.4
    endloop
  endfacet
  facet normal -0.689069 0.724696 0
    outer loop
      vertex 18.179 -14.4367 66.4
      vertex 18.5309 -14.1021 62
      vertex 18.179 -14.4367 62
    endloop
  endfacet
  facet normal -0.347442 0.937702 0
    outer loop
      vertex 19.3984 -13.6766 62
      vertex 18.9431 -13.8453 66.4
      vertex 19.3984 -13.6766 66.4
    endloop
  endfacet
  facet normal -0.347442 0.937702 0
    outer loop
      vertex 18.9431 -13.8453 66.4
      vertex 19.3984 -13.6766 62
      vertex 18.9431 -13.8453 62
    endloop
  endfacet
  facet normal 0.874274 0.485433 0
    outer loop
      vertex 22.2055 -15.0535 66.4
      vertex 21.9698 -14.629 62
      vertex 21.9698 -14.629 66.4
    endloop
  endfacet
  facet normal 0.874274 0.485433 0
    outer loop
      vertex 21.9698 -14.629 62
      vertex 22.2055 -15.0535 66.4
      vertex 22.2055 -15.0535 62
    endloop
  endfacet
  facet normal 0.954135 0.299377 0
    outer loop
      vertex 22.3509 -15.5169 66.4
      vertex 22.2055 -15.0535 62
      vertex 22.2055 -15.0535 66.4
    endloop
  endfacet
  facet normal 0.954135 0.299377 0
    outer loop
      vertex 22.2055 -15.0535 62
      vertex 22.3509 -15.5169 66.4
      vertex 22.3509 -15.5169 62
    endloop
  endfacet
  facet normal 0.758806 0.651317 0
    outer loop
      vertex 21.9698 -14.629 66.4
      vertex 21.6535 -14.2605 62
      vertex 21.6535 -14.2605 66.4
    endloop
  endfacet
  facet normal 0.758806 0.651317 0
    outer loop
      vertex 21.6535 -14.2605 62
      vertex 21.9698 -14.629 66.4
      vertex 21.9698 -14.629 62
    endloop
  endfacet
  facet normal 0.250619 0.968086 -0
    outer loop
      vertex 20.8335 -13.7494 62
      vertex 20.3634 -13.6277 66.4
      vertex 20.8335 -13.7494 66.4
    endloop
  endfacet
  facet normal 0.250619 0.968086 0
    outer loop
      vertex 20.3634 -13.6277 66.4
      vertex 20.8335 -13.7494 62
      vertex 20.3634 -13.6277 62
    endloop
  endfacet
  facet normal -0.918943 0.394392 0
    outer loop
      vertex 17.7101 -15.2815 62
      vertex 17.9016 -14.8353 66.4
      vertex 17.9016 -14.8353 62
    endloop
  endfacet
  facet normal -0.918943 0.394392 0
    outer loop
      vertex 17.9016 -14.8353 66.4
      vertex 17.7101 -15.2815 62
      vertex 17.7101 -15.2815 66.4
    endloop
  endfacet
  facet normal -0.820796 0.571221 0
    outer loop
      vertex 17.9016 -14.8353 62
      vertex 18.179 -14.4367 66.4
      vertex 18.179 -14.4367 62
    endloop
  endfacet
  facet normal -0.820796 0.571221 0
    outer loop
      vertex 18.179 -14.4367 66.4
      vertex 17.9016 -14.8353 62
      vertex 17.9016 -14.8353 66.4
    endloop
  endfacet
  facet normal -0.979513 0.20138 0
    outer loop
      vertex 17.6123 -15.7572 62
      vertex 17.7101 -15.2815 66.4
      vertex 17.7101 -15.2815 62
    endloop
  endfacet
  facet normal -0.979513 0.20138 0
    outer loop
      vertex 17.7101 -15.2815 66.4
      vertex 17.6123 -15.7572 62
      vertex 17.6123 -15.7572 66.4
    endloop
  endfacet
  facet normal 0 0 1
    outer loop
      vertex 22.3509 -15.5169 66.4
      vertex 22.3509 -16.4831 66.4
      vertex 22.4 -16 66.4
    endloop
  endfacet
  facet normal 0 0 1
    outer loop
      vertex 22.2055 -15.0535 66.4
      vertex 22.3509 -16.4831 66.4
      vertex 22.3509 -15.5169 66.4
    endloop
  endfacet
  facet normal 0 0 1
    outer loop
      vertex 22.2055 -15.0535 66.4
      vertex 22.2055 -16.9465 66.4
      vertex 22.3509 -16.4831 66.4
    endloop
  endfacet
  facet normal 0 0 1
    outer loop
      vertex 21.9698 -14.629 66.4
      vertex 22.2055 -16.9465 66.4
      vertex 22.2055 -15.0535 66.4
    endloop
  endfacet
  facet normal 0 0 1
    outer loop
      vertex 21.9698 -14.629 66.4
      vertex 21.9698 -17.371 66.4
      vertex 22.2055 -16.9465 66.4
    endloop
  endfacet
  facet normal 0 0 1
    outer loop
      vertex 21.6535 -14.2605 66.4
      vertex 21.9698 -17.371 66.4
      vertex 21.9698 -14.629 66.4
    endloop
  endfacet
  facet normal 0 0 1
    outer loop
      vertex 21.6535 -14.2605 66.4
      vertex 21.6535 -17.7395 66.4
      vertex 21.9698 -17.371 66.4
    endloop
  endfacet
  facet normal 0 0 1
    outer loop
      vertex 21.2695 -13.9633 66.4
      vertex 21.6535 -17.7395 66.4
      vertex 21.6535 -14.2605 66.4
    endloop
  endfacet
  facet normal 0 0 1
    outer loop
      vertex 21.2695 -13.9633 66.4
      vertex 21.2695 -18.0367 66.4
      vertex 21.6535 -17.7395 66.4
    endloop
  endfacet
  facet normal 0 0 1
    outer loop
      vertex 20.8335 -13.7494 66.4
      vertex 21.2695 -18.0367 66.4
      vertex 21.2695 -13.9633 66.4
    endloop
  endfacet
  facet normal 0 0 1
    outer loop
      vertex 20.8335 -13.7494 66.4
      vertex 20.8335 -18.2506 66.4
      vertex 21.2695 -18.0367 66.4
    endloop
  endfacet
  facet normal 0 0 1
    outer loop
      vertex 20.3634 -13.6277 66.4
      vertex 20.8335 -18.2506 66.4
      vertex 20.8335 -13.7494 66.4
    endloop
  endfacet
  facet normal 0 0 1
    outer loop
      vertex 20.3634 -13.6277 66.4
      vertex 20.3634 -18.3723 66.4
      vertex 20.8335 -18.2506 66.4
    endloop
  endfacet
  facet normal 0 0 1
    outer loop
      vertex 19.8784 -13.6031 66.4
      vertex 20.3634 -18.3723 66.4
      vertex 20.3634 -13.6277 66.4
    endloop
  endfacet
  facet normal 0 0 1
    outer loop
      vertex 19.8784 -13.6031 66.4
      vertex 19.8784 -18.3969 66.4
      vertex 20.3634 -18.3723 66.4
    endloop
  endfacet
  facet normal -0 0 1
    outer loop
      vertex 19.3984 -13.6766 66.4
      vertex 19.8784 -18.3969 66.4
      vertex 19.8784 -13.6031 66.4
    endloop
  endfacet
  facet normal 0 0 1
    outer loop
      vertex 19.3984 -13.6766 66.4
      vertex 19.3984 -18.3234 66.4
      vertex 19.8784 -18.3969 66.4
    endloop
  endfacet
  facet normal -0 0 1
    outer loop
      vertex 18.9431 -13.8453 66.4
      vertex 19.3984 -18.3234 66.4
      vertex 19.3984 -13.6766 66.4
    endloop
  endfacet
  facet normal 0 0 1
    outer loop
      vertex 18.9431 -13.8453 66.4
      vertex 18.9431 -18.1547 66.4
      vertex 19.3984 -18.3234 66.4
    endloop
  endfacet
  facet normal -0 0 1
    outer loop
      vertex 18.5309 -14.1021 66.4
      vertex 18.9431 -18.1547 66.4
      vertex 18.9431 -13.8453 66.4
    endloop
  endfacet
  facet normal 0 0 1
    outer loop
      vertex 18.5309 -14.1021 66.4
      vertex 18.5309 -17.8979 66.4
      vertex 18.9431 -18.1547 66.4
    endloop
  endfacet
  facet normal -0 0 1
    outer loop
      vertex 18.179 -14.4367 66.4
      vertex 18.5309 -17.8979 66.4
      vertex 18.5309 -14.1021 66.4
    endloop
  endfacet
  facet normal 0 0 1
    outer loop
      vertex 18.179 -14.4367 66.4
      vertex 18.179 -17.5633 66.4
      vertex 18.5309 -17.8979 66.4
    endloop
  endfacet
  facet normal -0 0 1
    outer loop
      vertex 17.9016 -14.8353 66.4
      vertex 18.179 -17.5633 66.4
      vertex 18.179 -14.4367 66.4
    endloop
  endfacet
  facet normal 0 0 1
    outer loop
      vertex 17.9016 -14.8353 66.4
      vertex 17.9016 -17.1647 66.4
      vertex 18.179 -17.5633 66.4
    endloop
  endfacet
  facet normal -0 0 1
    outer loop
      vertex 17.7101 -15.2815 66.4
      vertex 17.9016 -17.1647 66.4
      vertex 17.9016 -14.8353 66.4
    endloop
  endfacet
  facet normal 0 0 1
    outer loop
      vertex 17.7101 -15.2815 66.4
      vertex 17.7101 -16.7185 66.4
      vertex 17.9016 -17.1647 66.4
    endloop
  endfacet
  facet normal -0 0 1
    outer loop
      vertex 17.6123 -15.7572 66.4
      vertex 17.7101 -16.7185 66.4
      vertex 17.7101 -15.2815 66.4
    endloop
  endfacet
  facet normal 0 0 1
    outer loop
      vertex 17.7101 -16.7185 66.4
      vertex 17.6123 -15.7572 66.4
      vertex 17.6123 -16.2428 66.4
    endloop
  endfacet
  facet normal -0.528777 0.848761 0
    outer loop
      vertex 18.9431 -13.8453 62
      vertex 18.5309 -14.1021 66.4
      vertex 18.9431 -13.8453 66.4
    endloop
  endfacet
  facet normal -0.528777 0.848761 0
    outer loop
      vertex 18.5309 -14.1021 66.4
      vertex 18.9431 -13.8453 62
      vertex 18.5309 -14.1021 62
    endloop
  endfacet
  facet normal -0.151361 0.988479 0
    outer loop
      vertex 19.8784 -13.6031 62
      vertex 19.3984 -13.6766 66.4
      vertex 19.8784 -13.6031 66.4
    endloop
  endfacet
  facet normal -0.151361 0.988479 0
    outer loop
      vertex 19.3984 -13.6766 66.4
      vertex 19.8784 -13.6031 62
      vertex 19.3984 -13.6766 62
    endloop
  endfacet
  facet normal 0.994875 -0.101114 0
    outer loop
      vertex 22.3509 -16.4831 66.4
      vertex 22.4 -16 62
      vertex 22.4 -16 66.4
    endloop
  endfacet
  facet normal 0.994875 -0.101114 0
    outer loop
      vertex 22.4 -16 62
      vertex 22.3509 -16.4831 66.4
      vertex 22.3509 -16.4831 62
    endloop
  endfacet
  facet normal -0.151361 -0.988479 0
    outer loop
      vertex 19.3984 -18.3234 62
      vertex 19.8784 -18.3969 66.4
      vertex 19.3984 -18.3234 66.4
    endloop
  endfacet
  facet normal -0.151361 -0.988479 -0
    outer loop
      vertex 19.8784 -18.3969 66.4
      vertex 19.3984 -18.3234 62
      vertex 19.8784 -18.3969 62
    endloop
  endfacet
  facet normal 0.250619 -0.968086 0
    outer loop
      vertex 20.3634 -18.3723 62
      vertex 20.8335 -18.2506 66.4
      vertex 20.3634 -18.3723 66.4
    endloop
  endfacet
  facet normal 0.250619 -0.968086 0
    outer loop
      vertex 20.8335 -18.2506 66.4
      vertex 20.3634 -18.3723 62
      vertex 20.8335 -18.2506 62
    endloop
  endfacet
  facet normal 0.612057 -0.790814 0
    outer loop
      vertex 21.2695 -18.0367 62
      vertex 21.6535 -17.7395 66.4
      vertex 21.2695 -18.0367 66.4
    endloop
  endfacet
  facet normal 0.612057 -0.790814 0
    outer loop
      vertex 21.6535 -17.7395 66.4
      vertex 21.2695 -18.0367 62
      vertex 21.6535 -17.7395 62
    endloop
  endfacet
  facet normal 0.954135 -0.299377 0
    outer loop
      vertex 22.2055 -16.9465 66.4
      vertex 22.3509 -16.4831 62
      vertex 22.3509 -16.4831 66.4
    endloop
  endfacet
  facet normal 0.954135 -0.299377 0
    outer loop
      vertex 22.3509 -16.4831 62
      vertex 22.2055 -16.9465 66.4
      vertex 22.2055 -16.9465 62
    endloop
  endfacet
  facet normal -0.820796 -0.571221 0
    outer loop
      vertex 18.179 -17.5633 62
      vertex 17.9016 -17.1647 66.4
      vertex 17.9016 -17.1647 62
    endloop
  endfacet
  facet normal -0.820796 -0.571221 0
    outer loop
      vertex 17.9016 -17.1647 66.4
      vertex 18.179 -17.5633 62
      vertex 18.179 -17.5633 66.4
    endloop
  endfacet
  facet normal -0.979513 -0.20138 0
    outer loop
      vertex 17.7101 -16.7185 62
      vertex 17.6123 -16.2428 66.4
      vertex 17.6123 -16.2428 62
    endloop
  endfacet
  facet normal -0.979513 -0.20138 0
    outer loop
      vertex 17.6123 -16.2428 66.4
      vertex 17.7101 -16.7185 62
      vertex 17.7101 -16.7185 66.4
    endloop
  endfacet
  facet normal -0.918943 -0.394392 0
    outer loop
      vertex 17.9016 -17.1647 62
      vertex 17.7101 -16.7185 66.4
      vertex 17.7101 -16.7185 62
    endloop
  endfacet
  facet normal -0.918943 -0.394392 0
    outer loop
      vertex 17.7101 -16.7185 66.4
      vertex 17.9016 -17.1647 62
      vertex 17.9016 -17.1647 66.4
    endloop
  endfacet
  facet normal 0.440447 -0.897779 0
    outer loop
      vertex 20.8335 -18.2506 62
      vertex 21.2695 -18.0367 66.4
      vertex 20.8335 -18.2506 66.4
    endloop
  endfacet
  facet normal 0.440447 -0.897779 0
    outer loop
      vertex 21.2695 -18.0367 66.4
      vertex 20.8335 -18.2506 62
      vertex 21.2695 -18.0367 62
    endloop
  endfacet
  facet normal 0.874274 -0.485433 0
    outer loop
      vertex 21.9698 -17.371 66.4
      vertex 22.2055 -16.9465 62
      vertex 22.2055 -16.9465 66.4
    endloop
  endfacet
  facet normal 0.874274 -0.485433 0
    outer loop
      vertex 22.2055 -16.9465 62
      vertex 21.9698 -17.371 66.4
      vertex 21.9698 -17.371 62
    endloop
  endfacet
  facet normal 0.758806 -0.651317 0
    outer loop
      vertex 21.6535 -17.7395 66.4
      vertex 21.9698 -17.371 62
      vertex 21.9698 -17.371 66.4
    endloop
  endfacet
  facet normal 0.758806 -0.651317 0
    outer loop
      vertex 21.9698 -17.371 62
      vertex 21.6535 -17.7395 66.4
      vertex 21.6535 -17.7395 62
    endloop
  endfacet
  facet normal 0.0506565 -0.998716 0
    outer loop
      vertex 19.8784 -18.3969 62
      vertex 20.3634 -18.3723 66.4
      vertex 19.8784 -18.3969 66.4
    endloop
  endfacet
  facet normal 0.0506565 -0.998716 0
    outer loop
      vertex 20.3634 -18.3723 66.4
      vertex 19.8784 -18.3969 62
      vertex 20.3634 -18.3723 62
    endloop
  endfacet
  facet normal -0.528777 -0.848761 0
    outer loop
      vertex 18.5309 -17.8979 62
      vertex 18.9431 -18.1547 66.4
      vertex 18.5309 -17.8979 66.4
    endloop
  endfacet
  facet normal -0.528777 -0.848761 -0
    outer loop
      vertex 18.9431 -18.1547 66.4
      vertex 18.5309 -17.8979 62
      vertex 18.9431 -18.1547 62
    endloop
  endfacet
  facet normal -0.347442 -0.937702 0
    outer loop
      vertex 18.9431 -18.1547 62
      vertex 19.3984 -18.3234 66.4
      vertex 18.9431 -18.1547 66.4
    endloop
  endfacet
  facet normal -0.347442 -0.937702 -0
    outer loop
      vertex 19.3984 -18.3234 66.4
      vertex 18.9431 -18.1547 62
      vertex 19.3984 -18.3234 62
    endloop
  endfacet
  facet normal -0.689069 -0.724696 0
    outer loop
      vertex 18.179 -17.5633 62
      vertex 18.5309 -17.8979 66.4
      vertex 18.179 -17.5633 66.4
    endloop
  endfacet
  facet normal -0.689069 -0.724696 -0
    outer loop
      vertex 18.5309 -17.8979 66.4
      vertex 18.179 -17.5633 62
      vertex 18.5309 -17.8979 62
    endloop
  endfacet
  facet normal 0.994875 0.101114 0
    outer loop
      vertex 22.4 16 66.4
      vertex 22.3509 16.4831 62
      vertex 22.3509 16.4831 66.4
    endloop
  endfacet
  facet normal 0.994875 0.101114 0
    outer loop
      vertex 22.3509 16.4831 62
      vertex 22.4 16 66.4
      vertex 22.4 16 62
    endloop
  endfacet
  facet normal -1 0 0
    outer loop
      vertex 17.6123 15.7572 62
      vertex 17.6123 16.2428 66.4
      vertex 17.6123 16.2428 62
    endloop
  endfacet
  facet normal -1 -0 0
    outer loop
      vertex 17.6123 16.2428 66.4
      vertex 17.6123 15.7572 62
      vertex 17.6123 15.7572 66.4
    endloop
  endfacet
  facet normal 0.0506565 0.998716 -0
    outer loop
      vertex 20.3634 18.3723 62
      vertex 19.8784 18.3969 66.4
      vertex 20.3634 18.3723 66.4
    endloop
  endfacet
  facet normal 0.0506565 0.998716 0
    outer loop
      vertex 19.8784 18.3969 66.4
      vertex 20.3634 18.3723 62
      vertex 19.8784 18.3969 62
    endloop
  endfacet
  facet normal 0.0506565 -0.998716 0
    outer loop
      vertex 19.8784 13.6031 62
      vertex 20.3634 13.6277 66.4
      vertex 19.8784 13.6031 66.4
    endloop
  endfacet
  facet normal 0.0506565 -0.998716 0
    outer loop
      vertex 20.3634 13.6277 66.4
      vertex 19.8784 13.6031 62
      vertex 20.3634 13.6277 62
    endloop
  endfacet
  facet normal 0.612057 0.790814 -0
    outer loop
      vertex 21.6535 17.7395 62
      vertex 21.2695 18.0367 66.4
      vertex 21.6535 17.7395 66.4
    endloop
  endfacet
  facet normal 0.612057 0.790814 0
    outer loop
      vertex 21.2695 18.0367 66.4
      vertex 21.6535 17.7395 62
      vertex 21.2695 18.0367 62
    endloop
  endfacet
  facet normal 0.440447 0.897779 -0
    outer loop
      vertex 21.2695 18.0367 62
      vertex 20.8335 18.2506 66.4
      vertex 21.2695 18.0367 66.4
    endloop
  endfacet
  facet normal 0.440447 0.897779 0
    outer loop
      vertex 20.8335 18.2506 66.4
      vertex 21.2695 18.0367 62
      vertex 20.8335 18.2506 62
    endloop
  endfacet
  facet normal -0.689069 0.724696 0
    outer loop
      vertex 18.5309 17.8979 62
      vertex 18.179 17.5633 66.4
      vertex 18.5309 17.8979 66.4
    endloop
  endfacet
  facet normal -0.689069 0.724696 0
    outer loop
      vertex 18.179 17.5633 66.4
      vertex 18.5309 17.8979 62
      vertex 18.179 17.5633 62
    endloop
  endfacet
  facet normal -0.347442 0.937702 0
    outer loop
      vertex 19.3984 18.3234 62
      vertex 18.9431 18.1547 66.4
      vertex 19.3984 18.3234 66.4
    endloop
  endfacet
  facet normal -0.347442 0.937702 0
    outer loop
      vertex 18.9431 18.1547 66.4
      vertex 19.3984 18.3234 62
      vertex 18.9431 18.1547 62
    endloop
  endfacet
  facet normal 0.874274 -0.485433 0
    outer loop
      vertex 21.9698 14.629 66.4
      vertex 22.2055 15.0535 62
      vertex 22.2055 15.0535 66.4
    endloop
  endfacet
  facet normal 0.874274 -0.485433 0
    outer loop
      vertex 22.2055 15.0535 62
      vertex 21.9698 14.629 66.4
      vertex 21.9698 14.629 62
    endloop
  endfacet
  facet normal 0.874274 0.485433 0
    outer loop
      vertex 22.2055 16.9465 66.4
      vertex 21.9698 17.371 62
      vertex 21.9698 17.371 66.4
    endloop
  endfacet
  facet normal 0.874274 0.485433 0
    outer loop
      vertex 21.9698 17.371 62
      vertex 22.2055 16.9465 66.4
      vertex 22.2055 16.9465 62
    endloop
  endfacet
  facet normal 0.954135 0.299377 0
    outer loop
      vertex 22.3509 16.4831 66.4
      vertex 22.2055 16.9465 62
      vertex 22.2055 16.9465 66.4
    endloop
  endfacet
  facet normal 0.954135 0.299377 0
    outer loop
      vertex 22.2055 16.9465 62
      vertex 22.3509 16.4831 66.4
      vertex 22.3509 16.4831 62
    endloop
  endfacet
  facet normal 0.758806 0.651317 0
    outer loop
      vertex 21.9698 17.371 66.4
      vertex 21.6535 17.7395 62
      vertex 21.6535 17.7395 66.4
    endloop
  endfacet
  facet normal 0.758806 0.651317 0
    outer loop
      vertex 21.6535 17.7395 62
      vertex 21.9698 17.371 66.4
      vertex 21.9698 17.371 62
    endloop
  endfacet
  facet normal 0.250619 0.968086 -0
    outer loop
      vertex 20.8335 18.2506 62
      vertex 20.3634 18.3723 66.4
      vertex 20.8335 18.2506 66.4
    endloop
  endfacet
  facet normal 0.250619 0.968086 0
    outer loop
      vertex 20.3634 18.3723 66.4
      vertex 20.8335 18.2506 62
      vertex 20.3634 18.3723 62
    endloop
  endfacet
  facet normal -0.918943 0.394392 0
    outer loop
      vertex 17.7101 16.7185 62
      vertex 17.9016 17.1647 66.4
      vertex 17.9016 17.1647 62
    endloop
  endfacet
  facet normal -0.918943 0.394392 0
    outer loop
      vertex 17.9016 17.1647 66.4
      vertex 17.7101 16.7185 62
      vertex 17.7101 16.7185 66.4
    endloop
  endfacet
  facet normal -0.820796 0.571221 0
    outer loop
      vertex 17.9016 17.1647 62
      vertex 18.179 17.5633 66.4
      vertex 18.179 17.5633 62
    endloop
  endfacet
  facet normal -0.820796 0.571221 0
    outer loop
      vertex 18.179 17.5633 66.4
      vertex 17.9016 17.1647 62
      vertex 17.9016 17.1647 66.4
    endloop
  endfacet
  facet normal -0.979513 0.20138 0
    outer loop
      vertex 17.6123 16.2428 62
      vertex 17.7101 16.7185 66.4
      vertex 17.7101 16.7185 62
    endloop
  endfacet
  facet normal -0.979513 0.20138 0
    outer loop
      vertex 17.7101 16.7185 66.4
      vertex 17.6123 16.2428 62
      vertex 17.6123 16.2428 66.4
    endloop
  endfacet
  facet normal 0 0 1
    outer loop
      vertex 22.3509 16.4831 66.4
      vertex 22.3509 15.5169 66.4
      vertex 22.4 16 66.4
    endloop
  endfacet
  facet normal 0 0 1
    outer loop
      vertex 22.2055 16.9465 66.4
      vertex 22.3509 15.5169 66.4
      vertex 22.3509 16.4831 66.4
    endloop
  endfacet
  facet normal 0 0 1
    outer loop
      vertex 22.2055 16.9465 66.4
      vertex 22.2055 15.0535 66.4
      vertex 22.3509 15.5169 66.4
    endloop
  endfacet
  facet normal 0 0 1
    outer loop
      vertex 21.9698 17.371 66.4
      vertex 22.2055 15.0535 66.4
      vertex 22.2055 16.9465 66.4
    endloop
  endfacet
  facet normal 0 0 1
    outer loop
      vertex 21.9698 17.371 66.4
      vertex 21.9698 14.629 66.4
      vertex 22.2055 15.0535 66.4
    endloop
  endfacet
  facet normal 0 0 1
    outer loop
      vertex 21.6535 17.7395 66.4
      vertex 21.9698 14.629 66.4
      vertex 21.9698 17.371 66.4
    endloop
  endfacet
  facet normal 0 0 1
    outer loop
      vertex 21.6535 17.7395 66.4
      vertex 21.6535 14.2605 66.4
      vertex 21.9698 14.629 66.4
    endloop
  endfacet
  facet normal 0 0 1
    outer loop
      vertex 21.2695 18.0367 66.4
      vertex 21.6535 14.2605 66.4
      vertex 21.6535 17.7395 66.4
    endloop
  endfacet
  facet normal 0 0 1
    outer loop
      vertex 21.2695 18.0367 66.4
      vertex 21.2695 13.9633 66.4
      vertex 21.6535 14.2605 66.4
    endloop
  endfacet
  facet normal 0 0 1
    outer loop
      vertex 20.8335 18.2506 66.4
      vertex 21.2695 13.9633 66.4
      vertex 21.2695 18.0367 66.4
    endloop
  endfacet
  facet normal 0 0 1
    outer loop
      vertex 20.8335 18.2506 66.4
      vertex 20.8335 13.7494 66.4
      vertex 21.2695 13.9633 66.4
    endloop
  endfacet
  facet normal 0 0 1
    outer loop
      vertex 20.3634 18.3723 66.4
      vertex 20.8335 13.7494 66.4
      vertex 20.8335 18.2506 66.4
    endloop
  endfacet
  facet normal 0 0 1
    outer loop
      vertex 20.3634 18.3723 66.4
      vertex 20.3634 13.6277 66.4
      vertex 20.8335 13.7494 66.4
    endloop
  endfacet
  facet normal 0 0 1
    outer loop
      vertex 19.8784 18.3969 66.4
      vertex 20.3634 13.6277 66.4
      vertex 20.3634 18.3723 66.4
    endloop
  endfacet
  facet normal 0 0 1
    outer loop
      vertex 19.8784 18.3969 66.4
      vertex 19.8784 13.6031 66.4
      vertex 20.3634 13.6277 66.4
    endloop
  endfacet
  facet normal -0 0 1
    outer loop
      vertex 19.3984 18.3234 66.4
      vertex 19.8784 13.6031 66.4
      vertex 19.8784 18.3969 66.4
    endloop
  endfacet
  facet normal 0 0 1
    outer loop
      vertex 19.3984 18.3234 66.4
      vertex 19.3984 13.6766 66.4
      vertex 19.8784 13.6031 66.4
    endloop
  endfacet
  facet normal -0 0 1
    outer loop
      vertex 18.9431 18.1547 66.4
      vertex 19.3984 13.6766 66.4
      vertex 19.3984 18.3234 66.4
    endloop
  endfacet
  facet normal 0 0 1
    outer loop
      vertex 18.9431 18.1547 66.4
      vertex 18.9431 13.8453 66.4
      vertex 19.3984 13.6766 66.4
    endloop
  endfacet
  facet normal -0 0 1
    outer loop
      vertex 18.5309 17.8979 66.4
      vertex 18.9431 13.8453 66.4
      vertex 18.9431 18.1547 66.4
    endloop
  endfacet
  facet normal 0 0 1
    outer loop
      vertex 18.5309 17.8979 66.4
      vertex 18.5309 14.1021 66.4
      vertex 18.9431 13.8453 66.4
    endloop
  endfacet
  facet normal -0 0 1
    outer loop
      vertex 18.179 17.5633 66.4
      vertex 18.5309 14.1021 66.4
      vertex 18.5309 17.8979 66.4
    endloop
  endfacet
  facet normal 0 0 1
    outer loop
      vertex 18.179 17.5633 66.4
      vertex 18.179 14.4367 66.4
      vertex 18.5309 14.1021 66.4
    endloop
  endfacet
  facet normal -0 0 1
    outer loop
      vertex 17.9016 17.1647 66.4
      vertex 18.179 14.4367 66.4
      vertex 18.179 17.5633 66.4
    endloop
  endfacet
  facet normal 0 0 1
    outer loop
      vertex 17.9016 17.1647 66.4
      vertex 17.9016 14.8353 66.4
      vertex 18.179 14.4367 66.4
    endloop
  endfacet
  facet normal -0 0 1
    outer loop
      vertex 17.7101 16.7185 66.4
      vertex 17.9016 14.8353 66.4
      vertex 17.9016 17.1647 66.4
    endloop
  endfacet
  facet normal 0 0 1
    outer loop
      vertex 17.7101 16.7185 66.4
      vertex 17.7101 15.2815 66.4
      vertex 17.9016 14.8353 66.4
    endloop
  endfacet
  facet normal -0 0 1
    outer loop
      vertex 17.6123 16.2428 66.4
      vertex 17.7101 15.2815 66.4
      vertex 17.7101 16.7185 66.4
    endloop
  endfacet
  facet normal 0 0 1
    outer loop
      vertex 17.7101 15.2815 66.4
      vertex 17.6123 16.2428 66.4
      vertex 17.6123 15.7572 66.4
    endloop
  endfacet
  facet normal -0.528777 0.848761 0
    outer loop
      vertex 18.9431 18.1547 62
      vertex 18.5309 17.8979 66.4
      vertex 18.9431 18.1547 66.4
    endloop
  endfacet
  facet normal -0.528777 0.848761 0
    outer loop
      vertex 18.5309 17.8979 66.4
      vertex 18.9431 18.1547 62
      vertex 18.5309 17.8979 62
    endloop
  endfacet
  facet normal -0.151361 0.988479 0
    outer loop
      vertex 19.8784 18.3969 62
      vertex 19.3984 18.3234 66.4
      vertex 19.8784 18.3969 66.4
    endloop
  endfacet
  facet normal -0.151361 0.988479 0
    outer loop
      vertex 19.3984 18.3234 66.4
      vertex 19.8784 18.3969 62
      vertex 19.3984 18.3234 62
    endloop
  endfacet
  facet normal 0.994875 -0.101114 0
    outer loop
      vertex 22.3509 15.5169 66.4
      vertex 22.4 16 62
      vertex 22.4 16 66.4
    endloop
  endfacet
  facet normal 0.994875 -0.101114 0
    outer loop
      vertex 22.4 16 62
      vertex 22.3509 15.5169 66.4
      vertex 22.3509 15.5169 62
    endloop
  endfacet
  facet normal 0.250619 -0.968086 0
    outer loop
      vertex 20.3634 13.6277 62
      vertex 20.8335 13.7494 66.4
      vertex 20.3634 13.6277 66.4
    endloop
  endfacet
  facet normal 0.250619 -0.968086 0
    outer loop
      vertex 20.8335 13.7494 66.4
      vertex 20.3634 13.6277 62
      vertex 20.8335 13.7494 62
    endloop
  endfacet
  facet normal 0.612057 -0.790814 0
    outer loop
      vertex 21.2695 13.9633 62
      vertex 21.6535 14.2605 66.4
      vertex 21.2695 13.9633 66.4
    endloop
  endfacet
  facet normal 0.612057 -0.790814 0
    outer loop
      vertex 21.6535 14.2605 66.4
      vertex 21.2695 13.9633 62
      vertex 21.6535 14.2605 62
    endloop
  endfacet
  facet normal 0.758806 -0.651317 0
    outer loop
      vertex 21.6535 14.2605 66.4
      vertex 21.9698 14.629 62
      vertex 21.9698 14.629 66.4
    endloop
  endfacet
  facet normal 0.758806 -0.651317 0
    outer loop
      vertex 21.9698 14.629 62
      vertex 21.6535 14.2605 66.4
      vertex 21.6535 14.2605 62
    endloop
  endfacet
  facet normal 0.954135 -0.299377 0
    outer loop
      vertex 22.2055 15.0535 66.4
      vertex 22.3509 15.5169 62
      vertex 22.3509 15.5169 66.4
    endloop
  endfacet
  facet normal 0.954135 -0.299377 0
    outer loop
      vertex 22.3509 15.5169 62
      vertex 22.2055 15.0535 66.4
      vertex 22.2055 15.0535 62
    endloop
  endfacet
  facet normal -0.820796 -0.571221 0
    outer loop
      vertex 18.179 14.4367 62
      vertex 17.9016 14.8353 66.4
      vertex 17.9016 14.8353 62
    endloop
  endfacet
  facet normal -0.820796 -0.571221 0
    outer loop
      vertex 17.9016 14.8353 66.4
      vertex 18.179 14.4367 62
      vertex 18.179 14.4367 66.4
    endloop
  endfacet
  facet normal -0.689069 -0.724696 0
    outer loop
      vertex 18.179 14.4367 62
      vertex 18.5309 14.1021 66.4
      vertex 18.179 14.4367 66.4
    endloop
  endfacet
  facet normal -0.689069 -0.724696 -0
    outer loop
      vertex 18.5309 14.1021 66.4
      vertex 18.179 14.4367 62
      vertex 18.5309 14.1021 62
    endloop
  endfacet
  facet normal 0.440447 -0.897779 0
    outer loop
      vertex 20.8335 13.7494 62
      vertex 21.2695 13.9633 66.4
      vertex 20.8335 13.7494 66.4
    endloop
  endfacet
  facet normal 0.440447 -0.897779 0
    outer loop
      vertex 21.2695 13.9633 66.4
      vertex 20.8335 13.7494 62
      vertex 21.2695 13.9633 62
    endloop
  endfacet
  facet normal -0.918943 -0.394392 0
    outer loop
      vertex 17.9016 14.8353 62
      vertex 17.7101 15.2815 66.4
      vertex 17.7101 15.2815 62
    endloop
  endfacet
  facet normal -0.918943 -0.394392 0
    outer loop
      vertex 17.7101 15.2815 66.4
      vertex 17.9016 14.8353 62
      vertex 17.9016 14.8353 66.4
    endloop
  endfacet
  facet normal -0.979513 -0.20138 0
    outer loop
      vertex 17.7101 15.2815 62
      vertex 17.6123 15.7572 66.4
      vertex 17.6123 15.7572 62
    endloop
  endfacet
  facet normal -0.979513 -0.20138 0
    outer loop
      vertex 17.6123 15.7572 66.4
      vertex 17.7101 15.2815 62
      vertex 17.7101 15.2815 66.4
    endloop
  endfacet
  facet normal -0.347442 -0.937702 0
    outer loop
      vertex 18.9431 13.8453 62
      vertex 19.3984 13.6766 66.4
      vertex 18.9431 13.8453 66.4
    endloop
  endfacet
  facet normal -0.347442 -0.937702 -0
    outer loop
      vertex 19.3984 13.6766 66.4
      vertex 18.9431 13.8453 62
      vertex 19.3984 13.6766 62
    endloop
  endfacet
  facet normal -0.528777 -0.848761 0
    outer loop
      vertex 18.5309 14.1021 62
      vertex 18.9431 13.8453 66.4
      vertex 18.5309 14.1021 66.4
    endloop
  endfacet
  facet normal -0.528777 -0.848761 -0
    outer loop
      vertex 18.9431 13.8453 66.4
      vertex 18.5309 14.1021 62
      vertex 18.9431 13.8453 62
    endloop
  endfacet
  facet normal -0.151361 -0.988479 0
    outer loop
      vertex 19.3984 13.6766 62
      vertex 19.8784 13.6031 66.4
      vertex 19.3984 13.6766 66.4
    endloop
  endfacet
  facet normal -0.151361 -0.988479 -0
    outer loop
      vertex 19.8784 13.6031 66.4
      vertex 19.3984 13.6766 62
      vertex 19.8784 13.6031 62
    endloop
  endfacet
  facet normal 0.853287 0.521442 0
    outer loop
      vertex -32.1089 -29.6087 6
      vertex -32.3688 -29.1834 0
      vertex -32.3688 -29.1834 6
    endloop
  endfacet
  facet normal 0.853287 0.521442 0
    outer loop
      vertex -32.3688 -29.1834 0
      vertex -32.1089 -29.6087 6
      vertex -32.1089 -29.6087 0
    endloop
  endfacet
  facet normal 0.318394 0.947959 -0
    outer loop
      vertex -34.6733 -27.3456 0
      vertex -35.1458 -27.1869 6
      vertex -34.6733 -27.3456 6
    endloop
  endfacet
  facet normal 0.318394 0.947959 0
    outer loop
      vertex -35.1458 -27.1869 6
      vertex -34.6733 -27.3456 0
      vertex -35.1458 -27.1869 0
    endloop
  endfacet
  facet normal -0.456178 0.889888 0
    outer loop
      vertex -38.5564 -27.4425 0
      vertex -39 -27.6699 6
      vertex -38.5564 -27.4425 6
    endloop
  endfacet
  facet normal -0.456178 0.889888 0
    outer loop
      vertex -39 -27.6699 6
      vertex -38.5564 -27.4425 0
      vertex -39 -27.6699 0
    endloop
  endfacet
  facet normal 0.998761 -0.0497575 0
    outer loop
      vertex -31.5248 -32.4978 6
      vertex -31.5 -32 0
      vertex -31.5 -32 6
    endloop
  endfacet
  facet normal 0.998761 -0.0497575 0
    outer loop
      vertex -31.5 -32 0
      vertex -31.5248 -32.4978 6
      vertex -31.5248 -32.4978 0
    endloop
  endfacet
  facet normal 0.939682 -0.342049 0
    outer loop
      vertex -31.8926 -33.9422 6
      vertex -31.7221 -33.4738 0
      vertex -31.7221 -33.4738 6
    endloop
  endfacet
  facet normal 0.939682 -0.342049 0
    outer loop
      vertex -31.7221 -33.4738 0
      vertex -31.8926 -33.9422 6
      vertex -31.8926 -33.9422 0
    endloop
  endfacet
  facet normal 0.988829 0.149057 0
    outer loop
      vertex -31.5248 -31.5022 6
      vertex -31.5991 -31.0093 0
      vertex -31.5991 -31.0093 6
    endloop
  endfacet
  facet normal 0.988829 0.149057 0
    outer loop
      vertex -31.5991 -31.0093 0
      vertex -31.5248 -31.5022 6
      vertex -31.5248 -31.5022 0
    endloop
  endfacet
  facet normal 0.797078 0.603877 0
    outer loop
      vertex -32.3688 -29.1834 6
      vertex -32.6698 -28.7861 0
      vertex -32.6698 -28.7861 6
    endloop
  endfacet
  facet normal 0.797078 0.603877 0
    outer loop
      vertex -32.6698 -28.7861 0
      vertex -32.3688 -29.1834 6
      vertex -32.3688 -29.1834 0
    endloop
  endfacet
  facet normal 0.661807 0.749674 -0
    outer loop
      vertex -33.0088 -28.4207 0
      vertex -33.3825 -28.0908 6
      vertex -33.0088 -28.4207 6
    endloop
  endfacet
  facet normal 0.661807 0.749674 0
    outer loop
      vertex -33.3825 -28.0908 6
      vertex -33.0088 -28.4207 0
      vertex -33.3825 -28.0908 0
    endloop
  endfacet
  facet normal 0.733094 0.680128 0
    outer loop
      vertex -32.6698 -28.7861 6
      vertex -33.0088 -28.4207 0
      vertex -33.0088 -28.4207 6
    endloop
  endfacet
  facet normal 0.733094 0.680128 0
    outer loop
      vertex -33.0088 -28.4207 0
      vertex -32.6698 -28.7861 6
      vertex -32.6698 -28.7861 0
    endloop
  endfacet
  facet normal -0.0746403 0.997211 0
    outer loop
      vertex -36.6247 -27.0016 0
      vertex -37.1217 -27.0388 6
      vertex -36.6247 -27.0016 6
    endloop
  endfacet
  facet normal -0.0746403 0.997211 0
    outer loop
      vertex -37.1217 -27.0388 6
      vertex -36.6247 -27.0016 0
      vertex -37.1217 -27.0388 0
    endloop
  endfacet
  facet normal 0.12438 0.992235 -0
    outer loop
      vertex -35.6318 -27.076 0
      vertex -36.1264 -27.014 6
      vertex -35.6318 -27.076 6
    endloop
  endfacet
  facet normal 0.12438 0.992235 0
    outer loop
      vertex -36.1264 -27.014 6
      vertex -35.6318 -27.076 0
      vertex -36.1264 -27.014 0
    endloop
  endfacet
  facet normal 0.0248769 0.999691 -0
    outer loop
      vertex -36.1264 -27.014 0
      vertex -36.6247 -27.0016 6
      vertex -36.1264 -27.014 6
    endloop
  endfacet
  facet normal 0.0248769 0.999691 0
    outer loop
      vertex -36.6247 -27.0016 6
      vertex -36.1264 -27.014 0
      vertex -36.6247 -27.0016 0
    endloop
  endfacet
  facet normal 0.58357 0.812063 -0
    outer loop
      vertex -33.3825 -28.0908 0
      vertex -33.7873 -27.7999 6
      vertex -33.3825 -28.0908 6
    endloop
  endfacet
  facet normal 0.58357 0.812063 0
    outer loop
      vertex -33.7873 -27.7999 6
      vertex -33.3825 -28.0908 0
      vertex -33.7873 -27.7999 0
    endloop
  endfacet
  facet normal 0.500174 0.865925 -0
    outer loop
      vertex -33.7873 -27.7999 0
      vertex -34.2189 -27.5506 6
      vertex -33.7873 -27.7999 6
    endloop
  endfacet
  facet normal 0.500174 0.865925 0
    outer loop
      vertex -34.2189 -27.5506 6
      vertex -33.7873 -27.7999 0
      vertex -34.2189 -27.5506 0
    endloop
  endfacet
  facet normal -0.173728 0.984794 0
    outer loop
      vertex -37.1217 -27.0388 0
      vertex -37.6126 -27.1254 6
      vertex -37.1217 -27.0388 6
    endloop
  endfacet
  facet normal -0.173728 0.984794 0
    outer loop
      vertex -37.6126 -27.1254 6
      vertex -37.1217 -27.0388 0
      vertex -37.6126 -27.1254 0
    endloop
  endfacet
  facet normal -0.27085 0.962622 0
    outer loop
      vertex -37.6126 -27.1254 0
      vertex -38.0924 -27.2604 6
      vertex -37.6126 -27.1254 6
    endloop
  endfacet
  facet normal -0.27085 0.962622 0
    outer loop
      vertex -38.0924 -27.2604 6
      vertex -37.6126 -27.1254 0
      vertex -38.0924 -27.2604 0
    endloop
  endfacet
  facet normal -0.542511 0.840049 0
    outer loop
      vertex -39 -27.6699 0
      vertex -39.4187 -27.9403 6
      vertex -39 -27.6699 6
    endloop
  endfacet
  facet normal -0.542511 0.840049 0
    outer loop
      vertex -39.4187 -27.9403 6
      vertex -39 -27.6699 0
      vertex -39.4187 -27.9403 0
    endloop
  endfacet
  facet normal -0.623432 0.781878 0
    outer loop
      vertex -39.4187 -27.9403 0
      vertex -39.5924 -28.0788 6
      vertex -39.4187 -27.9403 6
    endloop
  endfacet
  facet normal -0.623432 0.781878 0
    outer loop
      vertex -39.5924 -28.0788 6
      vertex -39.4187 -27.9403 0
      vertex -39.5924 -28.0788 0
    endloop
  endfacet
  facet normal 0.998761 0.0497575 0
    outer loop
      vertex -31.5 -32 6
      vertex -31.5248 -31.5022 0
      vertex -31.5248 -31.5022 6
    endloop
  endfacet
  facet normal 0.998761 0.0497575 0
    outer loop
      vertex -31.5248 -31.5022 0
      vertex -31.5 -32 6
      vertex -31.5 -32 0
    endloop
  endfacet
  facet normal 0.900949 0.433924 0
    outer loop
      vertex -31.8926 -30.0578 6
      vertex -32.1089 -29.6087 0
      vertex -32.1089 -29.6087 6
    endloop
  endfacet
  facet normal 0.900949 0.433924 0
    outer loop
      vertex -32.1089 -29.6087 0
      vertex -31.8926 -30.0578 6
      vertex -31.8926 -30.0578 0
    endloop
  endfacet
  facet normal 0.939682 0.342049 0
    outer loop
      vertex -31.7221 -30.5262 6
      vertex -31.8926 -30.0578 0
      vertex -31.8926 -30.0578 6
    endloop
  endfacet
  facet normal 0.939682 0.342049 0
    outer loop
      vertex -31.8926 -30.0578 0
      vertex -31.7221 -30.5262 6
      vertex -31.7221 -30.5262 0
    endloop
  endfacet
  facet normal 0.969083 0.246734 0
    outer loop
      vertex -31.5991 -31.0093 6
      vertex -31.7221 -30.5262 0
      vertex -31.7221 -30.5262 6
    endloop
  endfacet
  facet normal 0.969083 0.246734 0
    outer loop
      vertex -31.7221 -30.5262 0
      vertex -31.5991 -31.0093 6
      vertex -31.5991 -31.0093 0
    endloop
  endfacet
  facet normal 0.222471 0.974939 -0
    outer loop
      vertex -35.1458 -27.1869 0
      vertex -35.6318 -27.076 6
      vertex -35.1458 -27.1869 6
    endloop
  endfacet
  facet normal 0.222471 0.974939 0
    outer loop
      vertex -35.6318 -27.076 6
      vertex -35.1458 -27.1869 0
      vertex -35.6318 -27.076 0
    endloop
  endfacet
  facet normal 0.411232 0.911531 -0
    outer loop
      vertex -34.2189 -27.5506 0
      vertex -34.6733 -27.3456 6
      vertex -34.2189 -27.5506 6
    endloop
  endfacet
  facet normal 0.411232 0.911531 0
    outer loop
      vertex -34.6733 -27.3456 6
      vertex -34.2189 -27.5506 0
      vertex -34.6733 -27.3456 0
    endloop
  endfacet
  facet normal 0 0 1
    outer loop
      vertex -33.8549 -29.708 6
      vertex -32.6698 -28.7861 6
      vertex -33.0088 -28.4207 6
    endloop
  endfacet
  facet normal 0 0 1
    outer loop
      vertex -32.6698 -28.7861 6
      vertex -33.0356 -31.5019 6
      vertex -33 -32 6
    endloop
  endfacet
  facet normal 0 0 1
    outer loop
      vertex -32.6698 -28.7861 6
      vertex -33.1418 -31.0139 6
      vertex -33.0356 -31.5019 6
    endloop
  endfacet
  facet normal 0 0 1
    outer loop
      vertex -32.6698 -28.7861 6
      vertex -33.3163 -30.546 6
      vertex -33.1418 -31.0139 6
    endloop
  endfacet
  facet normal 0 0 1
    outer loop
      vertex -34.208 -29.3549 6
      vertex -33.0088 -28.4207 6
      vertex -33.3825 -28.0908 6
    endloop
  endfacet
  facet normal 0 0 1
    outer loop
      vertex -32.6698 -28.7861 6
      vertex -33.5556 -30.1078 6
      vertex -33.3163 -30.546 6
    endloop
  endfacet
  facet normal 0 0 1
    outer loop
      vertex -34.6078 -29.0556 6
      vertex -33.3825 -28.0908 6
      vertex -33.7873 -27.7999 6
    endloop
  endfacet
  facet normal 0 0 1
    outer loop
      vertex -32.6698 -28.7861 6
      vertex -33.8549 -29.708 6
      vertex -33.5556 -30.1078 6
    endloop
  endfacet
  facet normal 0 0 1
    outer loop
      vertex -33.0088 -28.4207 6
      vertex -34.208 -29.3549 6
      vertex -33.8549 -29.708 6
    endloop
  endfacet
  facet normal 0 0 1
    outer loop
      vertex -34.6078 -29.0556 6
      vertex -33.7873 -27.7999 6
      vertex -34.2189 -27.5506 6
    endloop
  endfacet
  facet normal 0 0 1
    outer loop
      vertex -33.3825 -28.0908 6
      vertex -34.6078 -29.0556 6
      vertex -34.208 -29.3549 6
    endloop
  endfacet
  facet normal 0 0 1
    outer loop
      vertex -35.046 -28.8163 6
      vertex -34.2189 -27.5506 6
      vertex -34.6733 -27.3456 6
    endloop
  endfacet
  facet normal 0 0 1
    outer loop
      vertex -34.2189 -27.5506 6
      vertex -35.046 -28.8163 6
      vertex -34.6078 -29.0556 6
    endloop
  endfacet
  facet normal 0 0 1
    outer loop
      vertex -35.5139 -28.6418 6
      vertex -34.6733 -27.3456 6
      vertex -35.1458 -27.1869 6
    endloop
  endfacet
  facet normal 0 0 1
    outer loop
      vertex -34.6733 -27.3456 6
      vertex -35.5139 -28.6418 6
      vertex -35.046 -28.8163 6
    endloop
  endfacet
  facet normal 0 0 1
    outer loop
      vertex -35.6318 -27.076 6
      vertex -35.5139 -28.6418 6
      vertex -35.1458 -27.1869 6
    endloop
  endfacet
  facet normal 0 0 1
    outer loop
      vertex -35.6318 -27.076 6
      vertex -36.0019 -28.5356 6
      vertex -35.5139 -28.6418 6
    endloop
  endfacet
  facet normal 0 0 1
    outer loop
      vertex -36.1264 -27.014 6
      vertex -36.0019 -28.5356 6
      vertex -35.6318 -27.076 6
    endloop
  endfacet
  facet normal 0 0 1
    outer loop
      vertex -36.1264 -27.014 6
      vertex -36.5 -28.5 6
      vertex -36.0019 -28.5356 6
    endloop
  endfacet
  facet normal 0 0 1
    outer loop
      vertex -36.6247 -27.0016 6
      vertex -36.5 -28.5 6
      vertex -36.1264 -27.014 6
    endloop
  endfacet
  facet normal 0 0 1
    outer loop
      vertex -36.6247 -27.0016 6
      vertex -36.9981 -28.5356 6
      vertex -36.5 -28.5 6
    endloop
  endfacet
  facet normal -0 0 1
    outer loop
      vertex -37.1217 -27.0388 6
      vertex -36.9981 -28.5356 6
      vertex -36.6247 -27.0016 6
    endloop
  endfacet
  facet normal -0 0 1
    outer loop
      vertex -37.6126 -27.1254 6
      vertex -36.9981 -28.5356 6
      vertex -37.1217 -27.0388 6
    endloop
  endfacet
  facet normal 0 0 1
    outer loop
      vertex -36.9981 -28.5356 6
      vertex -37.6126 -27.1254 6
      vertex -37.4861 -28.6418 6
    endloop
  endfacet
  facet normal -0 0 1
    outer loop
      vertex -38.0924 -27.2604 6
      vertex -37.4861 -28.6418 6
      vertex -37.6126 -27.1254 6
    endloop
  endfacet
  facet normal 0 0 1
    outer loop
      vertex -37.4861 -28.6418 6
      vertex -38.0924 -27.2604 6
      vertex -37.954 -28.8163 6
    endloop
  endfacet
  facet normal -0 0 1
    outer loop
      vertex -38.5564 -27.4425 6
      vertex -37.954 -28.8163 6
      vertex -38.0924 -27.2604 6
    endloop
  endfacet
  facet normal -0 0 1
    outer loop
      vertex -39 -27.6699 6
      vertex -37.954 -28.8163 6
      vertex -38.5564 -27.4425 6
    endloop
  endfacet
  facet normal 0 0 1
    outer loop
      vertex -37.954 -28.8163 6
      vertex -39 -27.6699 6
      vertex -38.3922 -29.0556 6
    endloop
  endfacet
  facet normal -0 0 1
    outer loop
      vertex -39.4187 -27.9403 6
      vertex -38.3922 -29.0556 6
      vertex -39 -27.6699 6
    endloop
  endfacet
  facet normal -0 0 1
    outer loop
      vertex -39.5924 -28.0788 6
      vertex -38.3922 -29.0556 6
      vertex -39.4187 -27.9403 6
    endloop
  endfacet
  facet normal 0 0 1
    outer loop
      vertex -38.3922 -29.0556 6
      vertex -39.5924 -28.0788 6
      vertex -38.792 -29.3549 6
    endloop
  endfacet
  facet normal 0 0 1
    outer loop
      vertex -38.792 -29.3549 6
      vertex -39.5924 -28.0788 6
      vertex -39.1451 -29.708 6
    endloop
  endfacet
  facet normal 0 0 1
    outer loop
      vertex -39.1451 -29.708 6
      vertex -39.5924 -28.0788 6
      vertex -39.4444 -30.1078 6
    endloop
  endfacet
  facet normal 0 0 1
    outer loop
      vertex -39.4444 -30.1078 6
      vertex -39.5924 -28.0788 6
      vertex -39.5924 -30.3788 6
    endloop
  endfacet
  facet normal 0 0 1
    outer loop
      vertex -33 -32 6
      vertex -31.5 -32 6
      vertex -31.5248 -31.5022 6
    endloop
  endfacet
  facet normal 0 0 1
    outer loop
      vertex -33 -32 6
      vertex -31.5248 -31.5022 6
      vertex -31.5991 -31.0093 6
    endloop
  endfacet
  facet normal 0 0 1
    outer loop
      vertex -31.5 -32 6
      vertex -33 -32 6
      vertex -31.5248 -32.4978 6
    endloop
  endfacet
  facet normal 0 0 1
    outer loop
      vertex -33 -32 6
      vertex -31.5991 -31.0093 6
      vertex -31.7221 -30.5262 6
    endloop
  endfacet
  facet normal 0 0 1
    outer loop
      vertex -33.0356 -32.4981 6
      vertex -31.5248 -32.4978 6
      vertex -33 -32 6
    endloop
  endfacet
  facet normal 0 0 1
    outer loop
      vertex -33 -32 6
      vertex -31.7221 -30.5262 6
      vertex -31.8926 -30.0578 6
    endloop
  endfacet
  facet normal 0 0 1
    outer loop
      vertex -31.5248 -32.4978 6
      vertex -33.0356 -32.4981 6
      vertex -31.5991 -32.9907 6
    endloop
  endfacet
  facet normal 0 0 1
    outer loop
      vertex -33 -32 6
      vertex -31.8926 -30.0578 6
      vertex -32.1089 -29.6087 6
    endloop
  endfacet
  facet normal -0 0 1
    outer loop
      vertex -33.1418 -32.9861 6
      vertex -31.5991 -32.9907 6
      vertex -33.0356 -32.4981 6
    endloop
  endfacet
  facet normal 0 0 1
    outer loop
      vertex -31.5991 -32.9907 6
      vertex -33.1418 -32.9861 6
      vertex -31.7221 -33.4738 6
    endloop
  endfacet
  facet normal 0 0 1
    outer loop
      vertex -33 -32 6
      vertex -32.1089 -29.6087 6
      vertex -32.3688 -29.1834 6
    endloop
  endfacet
  facet normal 0 0 1
    outer loop
      vertex -33 -32 6
      vertex -32.3688 -29.1834 6
      vertex -32.6698 -28.7861 6
    endloop
  endfacet
  facet normal 0 0 1
    outer loop
      vertex -31.7221 -33.4738 6
      vertex -33.1418 -32.9861 6
      vertex -31.8926 -33.9422 6
    endloop
  endfacet
  facet normal -0 0 1
    outer loop
      vertex -33.3163 -33.454 6
      vertex -31.8926 -33.9422 6
      vertex -33.1418 -32.9861 6
    endloop
  endfacet
  facet normal 0 0 1
    outer loop
      vertex -31.8926 -33.9422 6
      vertex -33.3163 -33.454 6
      vertex -32.1089 -34.3913 6
    endloop
  endfacet
  facet normal -0 0 1
    outer loop
      vertex -33.5556 -33.8922 6
      vertex -32.1089 -34.3913 6
      vertex -33.3163 -33.454 6
    endloop
  endfacet
  facet normal 0 0 1
    outer loop
      vertex -32.1089 -34.3913 6
      vertex -33.5556 -33.8922 6
      vertex -32.2353 -34.5981 6
    endloop
  endfacet
  facet normal -0 0 1
    outer loop
      vertex -33.8549 -34.292 6
      vertex -32.2353 -34.5981 6
      vertex -33.5556 -33.8922 6
    endloop
  endfacet
  facet normal 0 0 1
    outer loop
      vertex -32.2353 -34.5981 6
      vertex -33.8549 -34.292 6
      vertex -34.161 -34.5981 6
    endloop
  endfacet
  facet normal 0 0 1
    outer loop
      vertex -34.85 -32 6
      vertex -33 -32 6
      vertex -33.0356 -31.5019 6
    endloop
  endfacet
  facet normal 0 0 1
    outer loop
      vertex -34.9233 -31.5137 6
      vertex -33.0356 -31.5019 6
      vertex -33.1418 -31.0139 6
    endloop
  endfacet
  facet normal 0 0 1
    outer loop
      vertex -33 -32 6
      vertex -34.85 -32 6
      vertex -33.0356 -32.4981 6
    endloop
  endfacet
  facet normal 0 0 1
    outer loop
      vertex -34.9233 -31.5137 6
      vertex -33.1418 -31.0139 6
      vertex -33.3163 -30.546 6
    endloop
  endfacet
  facet normal -0 0 1
    outer loop
      vertex -34.9233 -32.4863 6
      vertex -33.0356 -32.4981 6
      vertex -34.85 -32 6
    endloop
  endfacet
  facet normal 0 0 1
    outer loop
      vertex -35.1367 -31.0705 6
      vertex -33.3163 -30.546 6
      vertex -33.5556 -30.1078 6
    endloop
  endfacet
  facet normal 0 0 1
    outer loop
      vertex -33.0356 -32.4981 6
      vertex -34.9233 -32.4863 6
      vertex -33.1418 -32.9861 6
    endloop
  endfacet
  facet normal 0 0 1
    outer loop
      vertex -35.1367 -31.0705 6
      vertex -33.5556 -30.1078 6
      vertex -33.8549 -29.708 6
    endloop
  endfacet
  facet normal 0 0 1
    outer loop
      vertex -33.1418 -32.9861 6
      vertex -34.9233 -32.4863 6
      vertex -33.3163 -33.454 6
    endloop
  endfacet
  facet normal -0 0 1
    outer loop
      vertex -35.1367 -32.9295 6
      vertex -33.3163 -33.454 6
      vertex -34.9233 -32.4863 6
    endloop
  endfacet
  facet normal 0 0 1
    outer loop
      vertex -35.4712 -30.71 6
      vertex -33.8549 -29.708 6
      vertex -34.208 -29.3549 6
    endloop
  endfacet
  facet normal 0 0 1
    outer loop
      vertex -33.3163 -33.454 6
      vertex -35.1367 -32.9295 6
      vertex -33.5556 -33.8922 6
    endloop
  endfacet
  facet normal 0 0 1
    outer loop
      vertex -35.4712 -30.71 6
      vertex -34.208 -29.3549 6
      vertex -34.6078 -29.0556 6
    endloop
  endfacet
  facet normal 0 0 1
    outer loop
      vertex -33.5556 -33.8922 6
      vertex -35.1367 -32.9295 6
      vertex -33.8549 -34.292 6
    endloop
  endfacet
  facet normal -0 0 1
    outer loop
      vertex -35.4712 -33.29 6
      vertex -33.8549 -34.292 6
      vertex -35.1367 -32.9295 6
    endloop
  endfacet
  facet normal 0 0 1
    outer loop
      vertex -33.0356 -31.5019 6
      vertex -34.9233 -31.5137 6
      vertex -34.85 -32 6
    endloop
  endfacet
  facet normal 0 0 1
    outer loop
      vertex -35.8972 -30.4641 6
      vertex -34.6078 -29.0556 6
      vertex -35.046 -28.8163 6
    endloop
  endfacet
  facet normal 0 0 1
    outer loop
      vertex -33.3163 -30.546 6
      vertex -35.1367 -31.0705 6
      vertex -34.9233 -31.5137 6
    endloop
  endfacet
  facet normal 0 0 1
    outer loop
      vertex -33.8549 -29.708 6
      vertex -35.4712 -30.71 6
      vertex -35.1367 -31.0705 6
    endloop
  endfacet
  facet normal 0 0 1
    outer loop
      vertex -35.8972 -30.4641 6
      vertex -35.046 -28.8163 6
      vertex -35.5139 -28.6418 6
    endloop
  endfacet
  facet normal 0 0 1
    outer loop
      vertex -34.6078 -29.0556 6
      vertex -35.8972 -30.4641 6
      vertex -35.4712 -30.71 6
    endloop
  endfacet
  facet normal 0 0 1
    outer loop
      vertex -36.3767 -30.3546 6
      vertex -35.5139 -28.6418 6
      vertex -36.0019 -28.5356 6
    endloop
  endfacet
  facet normal 0 0 1
    outer loop
      vertex -35.5139 -28.6418 6
      vertex -36.3767 -30.3546 6
      vertex -35.8972 -30.4641 6
    endloop
  endfacet
  facet normal 0 0 1
    outer loop
      vertex -36.5 -28.5 6
      vertex -36.3767 -30.3546 6
      vertex -36.0019 -28.5356 6
    endloop
  endfacet
  facet normal 0 0 1
    outer loop
      vertex -36.5 -28.5 6
      vertex -36.8672 -30.3914 6
      vertex -36.3767 -30.3546 6
    endloop
  endfacet
  facet normal -0 0 1
    outer loop
      vertex -36.9981 -28.5356 6
      vertex -36.8672 -30.3914 6
      vertex -36.5 -28.5 6
    endloop
  endfacet
  facet normal -0 0 1
    outer loop
      vertex -37.4861 -28.6418 6
      vertex -36.8672 -30.3914 6
      vertex -36.9981 -28.5356 6
    endloop
  endfacet
  facet normal -0 0 1
    outer loop
      vertex -37.954 -28.8163 6
      vertex -36.8672 -30.3914 6
      vertex -37.4861 -28.6418 6
    endloop
  endfacet
  facet normal 0 0 1
    outer loop
      vertex -36.8672 -30.3914 6
      vertex -37.954 -28.8163 6
      vertex -37.325 -30.5711 6
    endloop
  endfacet
  facet normal -0 0 1
    outer loop
      vertex -38.3922 -29.0556 6
      vertex -37.325 -30.5711 6
      vertex -37.954 -28.8163 6
    endloop
  endfacet
  facet normal -0 0 1
    outer loop
      vertex -38.792 -29.3549 6
      vertex -37.325 -30.5711 6
      vertex -38.3922 -29.0556 6
    endloop
  endfacet
  facet normal 0 0 1
    outer loop
      vertex -37.325 -30.5711 6
      vertex -38.792 -29.3549 6
      vertex -37.7095 -30.8777 6
    endloop
  endfacet
  facet normal -0 0 1
    outer loop
      vertex -39.4444 -30.1078 6
      vertex -37.7095 -30.8777 6
      vertex -39.1451 -29.708 6
    endloop
  endfacet
  facet normal -0 0 1
    outer loop
      vertex -39.1451 -29.708 6
      vertex -37.7095 -30.8777 6
      vertex -38.792 -29.3549 6
    endloop
  endfacet
  facet normal 0 0 1
    outer loop
      vertex -33.8549 -34.292 6
      vertex -35.4712 -33.29 6
      vertex -34.161 -34.5981 6
    endloop
  endfacet
  facet normal 0 0 1
    outer loop
      vertex -34.161 -34.5981 6
      vertex -35.4712 -33.29 6
      vertex -34.208 -34.6451 6
    endloop
  endfacet
  facet normal 0 0 1
    outer loop
      vertex -34.208 -34.6451 6
      vertex -35.4712 -33.29 6
      vertex -34.6078 -34.9444 6
    endloop
  endfacet
  facet normal -0 0 1
    outer loop
      vertex -35.8972 -33.5359 6
      vertex -34.6078 -34.9444 6
      vertex -35.4712 -33.29 6
    endloop
  endfacet
  facet normal 0 0 1
    outer loop
      vertex -34.6078 -34.9444 6
      vertex -35.8972 -33.5359 6
      vertex -35.046 -35.1837 6
    endloop
  endfacet
  facet normal 0 0 1
    outer loop
      vertex -35.046 -35.1837 6
      vertex -35.8972 -33.5359 6
      vertex -35.5139 -35.3582 6
    endloop
  endfacet
  facet normal -0 0 1
    outer loop
      vertex -36.3767 -33.6454 6
      vertex -35.5139 -35.3582 6
      vertex -35.8972 -33.5359 6
    endloop
  endfacet
  facet normal 0 0 1
    outer loop
      vertex -35.5139 -35.3582 6
      vertex -36.3767 -33.6454 6
      vertex -36.0019 -35.4644 6
    endloop
  endfacet
  facet normal 0 0 1
    outer loop
      vertex -36.3767 -33.6454 6
      vertex -36.5 -35.5 6
      vertex -36.0019 -35.4644 6
    endloop
  endfacet
  facet normal 0 0 1
    outer loop
      vertex -36.8672 -33.6086 6
      vertex -36.5 -35.5 6
      vertex -36.3767 -33.6454 6
    endloop
  endfacet
  facet normal 0 0 1
    outer loop
      vertex -36.8672 -33.6086 6
      vertex -36.9981 -35.4644 6
      vertex -36.5 -35.5 6
    endloop
  endfacet
  facet normal 0 0 1
    outer loop
      vertex -37.954 -35.1837 6
      vertex -36.8672 -33.6086 6
      vertex -37.325 -33.4289 6
    endloop
  endfacet
  facet normal 0 0 1
    outer loop
      vertex -36.8672 -33.6086 6
      vertex -37.4861 -35.3582 6
      vertex -36.9981 -35.4644 6
    endloop
  endfacet
  facet normal 0 0 1
    outer loop
      vertex -38.792 -34.6451 6
      vertex -37.325 -33.4289 6
      vertex -37.7095 -33.1223 6
    endloop
  endfacet
  facet normal 0 0 1
    outer loop
      vertex -36.8672 -33.6086 6
      vertex -37.954 -35.1837 6
      vertex -37.4861 -35.3582 6
    endloop
  endfacet
  facet normal 0 0 1
    outer loop
      vertex -39.4444 -33.8922 6
      vertex -37.7095 -33.1223 6
      vertex -37.9866 -32.7159 6
    endloop
  endfacet
  facet normal 0 0 1
    outer loop
      vertex -39.8582 -32.9861 6
      vertex -37.9866 -32.7159 6
      vertex -38.1316 -32.2459 6
    endloop
  endfacet
  facet normal 0 0 1
    outer loop
      vertex -37.7095 -30.8777 6
      vertex -39.4444 -30.1078 6
      vertex -37.9866 -31.2841 6
    endloop
  endfacet
  facet normal 0 0 1
    outer loop
      vertex -37.325 -33.4289 6
      vertex -38.3922 -34.9444 6
      vertex -37.954 -35.1837 6
    endloop
  endfacet
  facet normal -0 0 1
    outer loop
      vertex -39.5924 -30.3788 6
      vertex -37.9866 -31.2841 6
      vertex -39.4444 -30.1078 6
    endloop
  endfacet
  facet normal 0 0 1
    outer loop
      vertex -37.325 -33.4289 6
      vertex -38.792 -34.6451 6
      vertex -38.3922 -34.9444 6
    endloop
  endfacet
  facet normal -0 0 1
    outer loop
      vertex -39.6837 -30.546 6
      vertex -37.9866 -31.2841 6
      vertex -39.5924 -30.3788 6
    endloop
  endfacet
  facet normal 0 0 1
    outer loop
      vertex -37.9866 -31.2841 6
      vertex -39.8582 -31.0139 6
      vertex -38.1316 -31.7541 6
    endloop
  endfacet
  facet normal -0 0 1
    outer loop
      vertex -39.8582 -31.0139 6
      vertex -37.9866 -31.2841 6
      vertex -39.6837 -30.546 6
    endloop
  endfacet
  facet normal 0 0 1
    outer loop
      vertex -37.7095 -33.1223 6
      vertex -39.1451 -34.292 6
      vertex -38.792 -34.6451 6
    endloop
  endfacet
  facet normal 0 0 1
    outer loop
      vertex -37.7095 -33.1223 6
      vertex -39.4444 -33.8922 6
      vertex -39.1451 -34.292 6
    endloop
  endfacet
  facet normal -0 0 1
    outer loop
      vertex -39.9644 -31.5019 6
      vertex -38.1316 -31.7541 6
      vertex -39.8582 -31.0139 6
    endloop
  endfacet
  facet normal 0 0 1
    outer loop
      vertex -37.9866 -32.7159 6
      vertex -39.6837 -33.454 6
      vertex -39.4444 -33.8922 6
    endloop
  endfacet
  facet normal 0 0 1
    outer loop
      vertex -40 -32 6
      vertex -38.1316 -31.7541 6
      vertex -39.9644 -31.5019 6
    endloop
  endfacet
  facet normal 0 0 1
    outer loop
      vertex -37.9866 -32.7159 6
      vertex -39.8582 -32.9861 6
      vertex -39.6837 -33.454 6
    endloop
  endfacet
  facet normal 0 0 1
    outer loop
      vertex -38.1316 -31.7541 6
      vertex -40 -32 6
      vertex -38.1316 -32.2459 6
    endloop
  endfacet
  facet normal 0 0 1
    outer loop
      vertex -38.1316 -32.2459 6
      vertex -39.9644 -32.4981 6
      vertex -39.8582 -32.9861 6
    endloop
  endfacet
  facet normal 0 0 1
    outer loop
      vertex -38.1316 -32.2459 6
      vertex -40 -32 6
      vertex -39.9644 -32.4981 6
    endloop
  endfacet
  facet normal -0.36533 0.930878 0
    outer loop
      vertex -38.0924 -27.2604 0
      vertex -38.5564 -27.4425 6
      vertex -38.0924 -27.2604 6
    endloop
  endfacet
  facet normal -0.36533 0.930878 0
    outer loop
      vertex -38.5564 -27.4425 6
      vertex -38.0924 -27.2604 0
      vertex -38.5564 -27.4425 0
    endloop
  endfacet
  facet normal 0.988829 -0.149057 0
    outer loop
      vertex -31.5991 -32.9907 6
      vertex -31.5248 -32.4978 0
      vertex -31.5248 -32.4978 6
    endloop
  endfacet
  facet normal 0.988829 -0.149057 0
    outer loop
      vertex -31.5248 -32.4978 0
      vertex -31.5991 -32.9907 6
      vertex -31.5991 -32.9907 0
    endloop
  endfacet
  facet normal 0.969083 -0.246734 0
    outer loop
      vertex -31.7221 -33.4738 6
      vertex -31.5991 -32.9907 0
      vertex -31.5991 -32.9907 6
    endloop
  endfacet
  facet normal 0.969083 -0.246734 0
    outer loop
      vertex -31.5991 -32.9907 0
      vertex -31.7221 -33.4738 6
      vertex -31.7221 -33.4738 0
    endloop
  endfacet
  facet normal 0.900949 -0.433924 0
    outer loop
      vertex -32.1089 -34.3913 6
      vertex -31.8926 -33.9422 0
      vertex -31.8926 -33.9422 6
    endloop
  endfacet
  facet normal 0.900949 -0.433924 0
    outer loop
      vertex -31.8926 -33.9422 0
      vertex -32.1089 -34.3913 6
      vertex -32.1089 -34.3913 0
    endloop
  endfacet
  facet normal 0.853241 -0.521517 0
    outer loop
      vertex -32.2353 -34.5981 6
      vertex -32.1089 -34.3913 0
      vertex -32.1089 -34.3913 6
    endloop
  endfacet
  facet normal 0.853241 -0.521517 0
    outer loop
      vertex -32.1089 -34.3913 0
      vertex -32.2353 -34.5981 6
      vertex -32.2353 -34.5981 0
    endloop
  endfacet
  facet normal 0.998761 0.0497575 0
    outer loop
      vertex -31.5 32 6
      vertex -31.5248 32.4978 0
      vertex -31.5248 32.4978 6
    endloop
  endfacet
  facet normal 0.998761 0.0497575 0
    outer loop
      vertex -31.5248 32.4978 0
      vertex -31.5 32 6
      vertex -31.5 32 0
    endloop
  endfacet
  facet normal 0.0248769 -0.999691 0
    outer loop
      vertex -36.6247 27.0016 0
      vertex -36.1264 27.014 6
      vertex -36.6247 27.0016 6
    endloop
  endfacet
  facet normal 0.0248769 -0.999691 0
    outer loop
      vertex -36.1264 27.014 6
      vertex -36.6247 27.0016 0
      vertex -36.1264 27.014 0
    endloop
  endfacet
  facet normal 0.853287 -0.521442 0
    outer loop
      vertex -32.3688 29.1834 6
      vertex -32.1089 29.6087 0
      vertex -32.1089 29.6087 6
    endloop
  endfacet
  facet normal 0.853287 -0.521442 0
    outer loop
      vertex -32.1089 29.6087 0
      vertex -32.3688 29.1834 6
      vertex -32.3688 29.1834 0
    endloop
  endfacet
  facet normal 0.900949 0.433924 0
    outer loop
      vertex -31.8926 33.9422 6
      vertex -32.1089 34.3913 0
      vertex -32.1089 34.3913 6
    endloop
  endfacet
  facet normal 0.900949 0.433924 0
    outer loop
      vertex -32.1089 34.3913 0
      vertex -31.8926 33.9422 6
      vertex -31.8926 33.9422 0
    endloop
  endfacet
  facet normal 0.969083 -0.246734 0
    outer loop
      vertex -31.7221 30.5262 6
      vertex -31.5991 31.0093 0
      vertex -31.5991 31.0093 6
    endloop
  endfacet
  facet normal 0.969083 -0.246734 0
    outer loop
      vertex -31.5991 31.0093 0
      vertex -31.7221 30.5262 6
      vertex -31.7221 30.5262 0
    endloop
  endfacet
  facet normal 0.318394 -0.947959 0
    outer loop
      vertex -35.1458 27.1869 0
      vertex -34.6733 27.3456 6
      vertex -35.1458 27.1869 6
    endloop
  endfacet
  facet normal 0.318394 -0.947959 0
    outer loop
      vertex -34.6733 27.3456 6
      vertex -35.1458 27.1869 0
      vertex -34.6733 27.3456 0
    endloop
  endfacet
  facet normal 0.969083 0.246734 0
    outer loop
      vertex -31.5991 32.9907 6
      vertex -31.7221 33.4738 0
      vertex -31.7221 33.4738 6
    endloop
  endfacet
  facet normal 0.969083 0.246734 0
    outer loop
      vertex -31.7221 33.4738 0
      vertex -31.5991 32.9907 6
      vertex -31.5991 32.9907 0
    endloop
  endfacet
  facet normal 0.988829 0.149057 0
    outer loop
      vertex -31.5248 32.4978 6
      vertex -31.5991 32.9907 0
      vertex -31.5991 32.9907 6
    endloop
  endfacet
  facet normal 0.988829 0.149057 0
    outer loop
      vertex -31.5991 32.9907 0
      vertex -31.5248 32.4978 6
      vertex -31.5248 32.4978 0
    endloop
  endfacet
  facet normal 0.939682 0.342049 0
    outer loop
      vertex -31.7221 33.4738 6
      vertex -31.8926 33.9422 0
      vertex -31.8926 33.9422 6
    endloop
  endfacet
  facet normal 0.939682 0.342049 0
    outer loop
      vertex -31.8926 33.9422 0
      vertex -31.7221 33.4738 6
      vertex -31.7221 33.4738 0
    endloop
  endfacet
  facet normal 0.853241 0.521517 0
    outer loop
      vertex -32.1089 34.3913 6
      vertex -32.2353 34.5981 0
      vertex -32.2353 34.5981 6
    endloop
  endfacet
  facet normal 0.853241 0.521517 0
    outer loop
      vertex -32.2353 34.5981 0
      vertex -32.1089 34.3913 6
      vertex -32.1089 34.3913 0
    endloop
  endfacet
  facet normal 0 0 1
    outer loop
      vertex -33 32 6
      vertex -31.5 32 6
      vertex -31.5248 32.4978 6
    endloop
  endfacet
  facet normal -0 0 1
    outer loop
      vertex -33.0356 32.4981 6
      vertex -31.5248 32.4978 6
      vertex -31.5991 32.9907 6
    endloop
  endfacet
  facet normal 0 0 1
    outer loop
      vertex -31.5 32 6
      vertex -33 32 6
      vertex -31.5248 31.5022 6
    endloop
  endfacet
  facet normal 0 0 1
    outer loop
      vertex -33.1418 32.9861 6
      vertex -31.5991 32.9907 6
      vertex -31.7221 33.4738 6
    endloop
  endfacet
  facet normal 0 0 1
    outer loop
      vertex -33.0356 31.5019 6
      vertex -31.5248 31.5022 6
      vertex -33 32 6
    endloop
  endfacet
  facet normal 0 0 1
    outer loop
      vertex -33.1418 32.9861 6
      vertex -31.7221 33.4738 6
      vertex -31.8926 33.9422 6
    endloop
  endfacet
  facet normal 0 0 1
    outer loop
      vertex -31.5248 31.5022 6
      vertex -33.0356 31.5019 6
      vertex -31.5991 31.0093 6
    endloop
  endfacet
  facet normal 0 0 1
    outer loop
      vertex -33.3163 33.454 6
      vertex -31.8926 33.9422 6
      vertex -32.1089 34.3913 6
    endloop
  endfacet
  facet normal -0 0 1
    outer loop
      vertex -33.1418 31.0139 6
      vertex -31.5991 31.0093 6
      vertex -33.0356 31.5019 6
    endloop
  endfacet
  facet normal 0 0 1
    outer loop
      vertex -33.5556 33.8922 6
      vertex -32.1089 34.3913 6
      vertex -32.2353 34.5981 6
    endloop
  endfacet
  facet normal 0 0 1
    outer loop
      vertex -31.5991 31.0093 6
      vertex -33.1418 31.0139 6
      vertex -31.7221 30.5262 6
    endloop
  endfacet
  facet normal 0 0 1
    outer loop
      vertex -31.7221 30.5262 6
      vertex -33.1418 31.0139 6
      vertex -31.8926 30.0578 6
    endloop
  endfacet
  facet normal -0 0 1
    outer loop
      vertex -33.3163 30.546 6
      vertex -31.8926 30.0578 6
      vertex -33.1418 31.0139 6
    endloop
  endfacet
  facet normal 0 0 1
    outer loop
      vertex -31.5248 32.4978 6
      vertex -33.0356 32.4981 6
      vertex -33 32 6
    endloop
  endfacet
  facet normal 0 0 1
    outer loop
      vertex -31.5991 32.9907 6
      vertex -33.1418 32.9861 6
      vertex -33.0356 32.4981 6
    endloop
  endfacet
  facet normal 0 0 1
    outer loop
      vertex -31.8926 33.9422 6
      vertex -33.3163 33.454 6
      vertex -33.1418 32.9861 6
    endloop
  endfacet
  facet normal 0 0 1
    outer loop
      vertex -32.1089 34.3913 6
      vertex -33.5556 33.8922 6
      vertex -33.3163 33.454 6
    endloop
  endfacet
  facet normal 0 0 1
    outer loop
      vertex -32.2353 34.5981 6
      vertex -33.8549 34.292 6
      vertex -33.5556 33.8922 6
    endloop
  endfacet
  facet normal 0 -0 1
    outer loop
      vertex -33.8549 34.292 6
      vertex -32.2353 34.5981 6
      vertex -34.161 34.5981 6
    endloop
  endfacet
  facet normal 0 0 1
    outer loop
      vertex -31.8926 30.0578 6
      vertex -33.3163 30.546 6
      vertex -32.1089 29.6087 6
    endloop
  endfacet
  facet normal -0 0 1
    outer loop
      vertex -33.5556 30.1078 6
      vertex -32.1089 29.6087 6
      vertex -33.3163 30.546 6
    endloop
  endfacet
  facet normal 0 0 1
    outer loop
      vertex -32.1089 29.6087 6
      vertex -33.5556 30.1078 6
      vertex -32.3688 29.1834 6
    endloop
  endfacet
  facet normal -0 0 1
    outer loop
      vertex -33.8549 29.708 6
      vertex -32.3688 29.1834 6
      vertex -33.5556 30.1078 6
    endloop
  endfacet
  facet normal 0 0 1
    outer loop
      vertex -32.3688 29.1834 6
      vertex -33.8549 29.708 6
      vertex -32.6698 28.7861 6
    endloop
  endfacet
  facet normal 0 0 1
    outer loop
      vertex -32.6698 28.7861 6
      vertex -33.8549 29.708 6
      vertex -33.0088 28.4207 6
    endloop
  endfacet
  facet normal -0 0 1
    outer loop
      vertex -34.208 29.3549 6
      vertex -33.0088 28.4207 6
      vertex -33.8549 29.708 6
    endloop
  endfacet
  facet normal 0 0 1
    outer loop
      vertex -33.0088 28.4207 6
      vertex -34.208 29.3549 6
      vertex -33.3825 28.0908 6
    endloop
  endfacet
  facet normal -0 0 1
    outer loop
      vertex -34.6078 29.0556 6
      vertex -33.3825 28.0908 6
      vertex -34.208 29.3549 6
    endloop
  endfacet
  facet normal 0 0 1
    outer loop
      vertex -33.3825 28.0908 6
      vertex -34.6078 29.0556 6
      vertex -33.7873 27.7999 6
    endloop
  endfacet
  facet normal 0 0 1
    outer loop
      vertex -33.7873 27.7999 6
      vertex -34.6078 29.0556 6
      vertex -34.2189 27.5506 6
    endloop
  endfacet
  facet normal -0 0 1
    outer loop
      vertex -35.046 28.8163 6
      vertex -34.2189 27.5506 6
      vertex -34.6078 29.0556 6
    endloop
  endfacet
  facet normal 0 0 1
    outer loop
      vertex -34.2189 27.5506 6
      vertex -35.046 28.8163 6
      vertex -34.6733 27.3456 6
    endloop
  endfacet
  facet normal -0 0 1
    outer loop
      vertex -35.5139 28.6418 6
      vertex -34.6733 27.3456 6
      vertex -35.046 28.8163 6
    endloop
  endfacet
  facet normal 0 0 1
    outer loop
      vertex -34.6733 27.3456 6
      vertex -35.5139 28.6418 6
      vertex -35.1458 27.1869 6
    endloop
  endfacet
  facet normal 0 0 1
    outer loop
      vertex -35.5139 28.6418 6
      vertex -35.6318 27.076 6
      vertex -35.1458 27.1869 6
    endloop
  endfacet
  facet normal -0 0 1
    outer loop
      vertex -36.0019 28.5356 6
      vertex -35.6318 27.076 6
      vertex -35.5139 28.6418 6
    endloop
  endfacet
  facet normal 0 0 1
    outer loop
      vertex -36.0019 28.5356 6
      vertex -36.1264 27.014 6
      vertex -35.6318 27.076 6
    endloop
  endfacet
  facet normal -0 0 1
    outer loop
      vertex -36.5 28.5 6
      vertex -36.1264 27.014 6
      vertex -36.0019 28.5356 6
    endloop
  endfacet
  facet normal 0 0 1
    outer loop
      vertex -36.5 28.5 6
      vertex -36.6247 27.0016 6
      vertex -36.1264 27.014 6
    endloop
  endfacet
  facet normal 0 0 1
    outer loop
      vertex -36.9981 28.5356 6
      vertex -36.6247 27.0016 6
      vertex -36.5 28.5 6
    endloop
  endfacet
  facet normal 0 0 1
    outer loop
      vertex -36.9981 28.5356 6
      vertex -37.1217 27.0388 6
      vertex -36.6247 27.0016 6
    endloop
  endfacet
  facet normal 0 0 1
    outer loop
      vertex -37.6126 27.1254 6
      vertex -36.9981 28.5356 6
      vertex -37.4861 28.6418 6
    endloop
  endfacet
  facet normal 0 0 1
    outer loop
      vertex -36.9981 28.5356 6
      vertex -37.6126 27.1254 6
      vertex -37.1217 27.0388 6
    endloop
  endfacet
  facet normal 0 0 1
    outer loop
      vertex -38.0924 27.2604 6
      vertex -37.4861 28.6418 6
      vertex -37.954 28.8163 6
    endloop
  endfacet
  facet normal 0 0 1
    outer loop
      vertex -37.4861 28.6418 6
      vertex -38.0924 27.2604 6
      vertex -37.6126 27.1254 6
    endloop
  endfacet
  facet normal 0 0 1
    outer loop
      vertex -39 27.6699 6
      vertex -37.954 28.8163 6
      vertex -38.3922 29.0556 6
    endloop
  endfacet
  facet normal 0 0 1
    outer loop
      vertex -37.954 28.8163 6
      vertex -38.5564 27.4425 6
      vertex -38.0924 27.2604 6
    endloop
  endfacet
  facet normal 0 0 1
    outer loop
      vertex -39.5924 28.0788 6
      vertex -38.3922 29.0556 6
      vertex -38.792 29.3549 6
    endloop
  endfacet
  facet normal 0 0 1
    outer loop
      vertex -37.954 28.8163 6
      vertex -39 27.6699 6
      vertex -38.5564 27.4425 6
    endloop
  endfacet
  facet normal 0 0 1
    outer loop
      vertex -39.5924 28.0788 6
      vertex -38.792 29.3549 6
      vertex -39.1451 29.708 6
    endloop
  endfacet
  facet normal 0 0 1
    outer loop
      vertex -38.3922 29.0556 6
      vertex -39.4187 27.9403 6
      vertex -39 27.6699 6
    endloop
  endfacet
  facet normal 0 0 1
    outer loop
      vertex -39.5924 28.0788 6
      vertex -39.1451 29.708 6
      vertex -39.4444 30.1078 6
    endloop
  endfacet
  facet normal 0 0 1
    outer loop
      vertex -39.5924 28.0788 6
      vertex -39.4444 30.1078 6
      vertex -39.5924 30.3788 6
    endloop
  endfacet
  facet normal 0 0 1
    outer loop
      vertex -38.3922 29.0556 6
      vertex -39.5924 28.0788 6
      vertex -39.4187 27.9403 6
    endloop
  endfacet
  facet normal 0 0 1
    outer loop
      vertex -34.85 32 6
      vertex -33 32 6
      vertex -33.0356 32.4981 6
    endloop
  endfacet
  facet normal 0 0 1
    outer loop
      vertex -34.9233 32.4863 6
      vertex -33.0356 32.4981 6
      vertex -33.1418 32.9861 6
    endloop
  endfacet
  facet normal 0 0 1
    outer loop
      vertex -33 32 6
      vertex -34.85 32 6
      vertex -33.0356 31.5019 6
    endloop
  endfacet
  facet normal 0 0 1
    outer loop
      vertex -34.9233 32.4863 6
      vertex -33.1418 32.9861 6
      vertex -33.3163 33.454 6
    endloop
  endfacet
  facet normal -0 0 1
    outer loop
      vertex -34.9233 31.5137 6
      vertex -33.0356 31.5019 6
      vertex -34.85 32 6
    endloop
  endfacet
  facet normal 0 0 1
    outer loop
      vertex -35.1367 32.9295 6
      vertex -33.3163 33.454 6
      vertex -33.5556 33.8922 6
    endloop
  endfacet
  facet normal 0 0 1
    outer loop
      vertex -33.0356 31.5019 6
      vertex -34.9233 31.5137 6
      vertex -33.1418 31.0139 6
    endloop
  endfacet
  facet normal 0 0 1
    outer loop
      vertex -35.1367 32.9295 6
      vertex -33.5556 33.8922 6
      vertex -33.8549 34.292 6
    endloop
  endfacet
  facet normal 0 0 1
    outer loop
      vertex -33.1418 31.0139 6
      vertex -34.9233 31.5137 6
      vertex -33.3163 30.546 6
    endloop
  endfacet
  facet normal 0 0 1
    outer loop
      vertex -35.4712 33.29 6
      vertex -33.8549 34.292 6
      vertex -34.161 34.5981 6
    endloop
  endfacet
  facet normal 0 0 1
    outer loop
      vertex -35.4712 33.29 6
      vertex -34.161 34.5981 6
      vertex -34.208 34.6451 6
    endloop
  endfacet
  facet normal -0 0 1
    outer loop
      vertex -35.1367 31.0705 6
      vertex -33.3163 30.546 6
      vertex -34.9233 31.5137 6
    endloop
  endfacet
  facet normal 0 0 1
    outer loop
      vertex -35.4712 33.29 6
      vertex -34.208 34.6451 6
      vertex -34.6078 34.9444 6
    endloop
  endfacet
  facet normal 0 0 1
    outer loop
      vertex -33.3163 30.546 6
      vertex -35.1367 31.0705 6
      vertex -33.5556 30.1078 6
    endloop
  endfacet
  facet normal 0 0 1
    outer loop
      vertex -33.5556 30.1078 6
      vertex -35.1367 31.0705 6
      vertex -33.8549 29.708 6
    endloop
  endfacet
  facet normal 0 0 1
    outer loop
      vertex -33.0356 32.4981 6
      vertex -34.9233 32.4863 6
      vertex -34.85 32 6
    endloop
  endfacet
  facet normal 0 0 1
    outer loop
      vertex -35.8972 33.5359 6
      vertex -34.6078 34.9444 6
      vertex -35.046 35.1837 6
    endloop
  endfacet
  facet normal 0 0 1
    outer loop
      vertex -33.3163 33.454 6
      vertex -35.1367 32.9295 6
      vertex -34.9233 32.4863 6
    endloop
  endfacet
  facet normal 0 0 1
    outer loop
      vertex -33.8549 34.292 6
      vertex -35.4712 33.29 6
      vertex -35.1367 32.9295 6
    endloop
  endfacet
  facet normal 0 0 1
    outer loop
      vertex -35.8972 33.5359 6
      vertex -35.046 35.1837 6
      vertex -35.5139 35.3582 6
    endloop
  endfacet
  facet normal 0 0 1
    outer loop
      vertex -34.6078 34.9444 6
      vertex -35.8972 33.5359 6
      vertex -35.4712 33.29 6
    endloop
  endfacet
  facet normal 0 0 1
    outer loop
      vertex -36.3767 33.6454 6
      vertex -35.5139 35.3582 6
      vertex -36.0019 35.4644 6
    endloop
  endfacet
  facet normal 0 0 1
    outer loop
      vertex -35.5139 35.3582 6
      vertex -36.3767 33.6454 6
      vertex -35.8972 33.5359 6
    endloop
  endfacet
  facet normal 0 0 1
    outer loop
      vertex -36.5 35.5 6
      vertex -36.3767 33.6454 6
      vertex -36.0019 35.4644 6
    endloop
  endfacet
  facet normal 0 0 1
    outer loop
      vertex -36.5 35.5 6
      vertex -36.8672 33.6086 6
      vertex -36.3767 33.6454 6
    endloop
  endfacet
  facet normal -0 0 1
    outer loop
      vertex -36.9981 35.4644 6
      vertex -36.8672 33.6086 6
      vertex -36.5 35.5 6
    endloop
  endfacet
  facet normal -0 0 1
    outer loop
      vertex -37.4861 35.3582 6
      vertex -36.8672 33.6086 6
      vertex -36.9981 35.4644 6
    endloop
  endfacet
  facet normal -0 0 1
    outer loop
      vertex -37.954 35.1837 6
      vertex -36.8672 33.6086 6
      vertex -37.4861 35.3582 6
    endloop
  endfacet
  facet normal 0 0 1
    outer loop
      vertex -36.8672 33.6086 6
      vertex -37.954 35.1837 6
      vertex -37.325 33.4289 6
    endloop
  endfacet
  facet normal -0 0 1
    outer loop
      vertex -38.3922 34.9444 6
      vertex -37.325 33.4289 6
      vertex -37.954 35.1837 6
    endloop
  endfacet
  facet normal -0 0 1
    outer loop
      vertex -38.792 34.6451 6
      vertex -37.325 33.4289 6
      vertex -38.3922 34.9444 6
    endloop
  endfacet
  facet normal 0 0 1
    outer loop
      vertex -37.325 33.4289 6
      vertex -38.792 34.6451 6
      vertex -37.7095 33.1223 6
    endloop
  endfacet
  facet normal -0 0 1
    outer loop
      vertex -39.4444 33.8922 6
      vertex -37.7095 33.1223 6
      vertex -39.1451 34.292 6
    endloop
  endfacet
  facet normal -0 0 1
    outer loop
      vertex -39.1451 34.292 6
      vertex -37.7095 33.1223 6
      vertex -38.792 34.6451 6
    endloop
  endfacet
  facet normal -0 0 1
    outer loop
      vertex -35.4712 30.71 6
      vertex -33.8549 29.708 6
      vertex -35.1367 31.0705 6
    endloop
  endfacet
  facet normal 0 0 1
    outer loop
      vertex -33.8549 29.708 6
      vertex -35.4712 30.71 6
      vertex -34.208 29.3549 6
    endloop
  endfacet
  facet normal 0 0 1
    outer loop
      vertex -34.208 29.3549 6
      vertex -35.4712 30.71 6
      vertex -34.6078 29.0556 6
    endloop
  endfacet
  facet normal -0 0 1
    outer loop
      vertex -35.8972 30.4641 6
      vertex -34.6078 29.0556 6
      vertex -35.4712 30.71 6
    endloop
  endfacet
  facet normal 0 0 1
    outer loop
      vertex -34.6078 29.0556 6
      vertex -35.8972 30.4641 6
      vertex -35.046 28.8163 6
    endloop
  endfacet
  facet normal 0 0 1
    outer loop
      vertex -35.046 28.8163 6
      vertex -35.8972 30.4641 6
      vertex -35.5139 28.6418 6
    endloop
  endfacet
  facet normal -0 0 1
    outer loop
      vertex -36.3767 30.3546 6
      vertex -35.5139 28.6418 6
      vertex -35.8972 30.4641 6
    endloop
  endfacet
  facet normal 0 0 1
    outer loop
      vertex -35.5139 28.6418 6
      vertex -36.3767 30.3546 6
      vertex -36.0019 28.5356 6
    endloop
  endfacet
  facet normal 0 0 1
    outer loop
      vertex -36.3767 30.3546 6
      vertex -36.5 28.5 6
      vertex -36.0019 28.5356 6
    endloop
  endfacet
  facet normal 0 0 1
    outer loop
      vertex -36.8672 30.3914 6
      vertex -36.5 28.5 6
      vertex -36.3767 30.3546 6
    endloop
  endfacet
  facet normal 0 0 1
    outer loop
      vertex -36.8672 30.3914 6
      vertex -36.9981 28.5356 6
      vertex -36.5 28.5 6
    endloop
  endfacet
  facet normal 0 0 1
    outer loop
      vertex -37.954 28.8163 6
      vertex -36.8672 30.3914 6
      vertex -37.325 30.5711 6
    endloop
  endfacet
  facet normal 0 0 1
    outer loop
      vertex -36.8672 30.3914 6
      vertex -37.4861 28.6418 6
      vertex -36.9981 28.5356 6
    endloop
  endfacet
  facet normal 0 0 1
    outer loop
      vertex -38.792 29.3549 6
      vertex -37.325 30.5711 6
      vertex -37.7095 30.8777 6
    endloop
  endfacet
  facet normal 0 0 1
    outer loop
      vertex -36.8672 30.3914 6
      vertex -37.954 28.8163 6
      vertex -37.4861 28.6418 6
    endloop
  endfacet
  facet normal 0 0 1
    outer loop
      vertex -39.4444 30.1078 6
      vertex -37.7095 30.8777 6
      vertex -37.9866 31.2841 6
    endloop
  endfacet
  facet normal 0 0 1
    outer loop
      vertex -39.8582 31.0139 6
      vertex -37.9866 31.2841 6
      vertex -38.1316 31.7541 6
    endloop
  endfacet
  facet normal 0 0 1
    outer loop
      vertex -37.7095 33.1223 6
      vertex -39.4444 33.8922 6
      vertex -37.9866 32.7159 6
    endloop
  endfacet
  facet normal 0 0 1
    outer loop
      vertex -37.325 30.5711 6
      vertex -38.3922 29.0556 6
      vertex -37.954 28.8163 6
    endloop
  endfacet
  facet normal -0 0 1
    outer loop
      vertex -39.6837 33.454 6
      vertex -37.9866 32.7159 6
      vertex -39.4444 33.8922 6
    endloop
  endfacet
  facet normal 0 0 1
    outer loop
      vertex -37.325 30.5711 6
      vertex -38.792 29.3549 6
      vertex -38.3922 29.0556 6
    endloop
  endfacet
  facet normal -0 0 1
    outer loop
      vertex -39.8582 32.9861 6
      vertex -37.9866 32.7159 6
      vertex -39.6837 33.454 6
    endloop
  endfacet
  facet normal 0 0 1
    outer loop
      vertex -37.9866 31.2841 6
      vertex -39.5924 30.3788 6
      vertex -39.4444 30.1078 6
    endloop
  endfacet
  facet normal 0 0 1
    outer loop
      vertex -37.9866 32.7159 6
      vertex -39.8582 32.9861 6
      vertex -38.1316 32.2459 6
    endloop
  endfacet
  facet normal 0 0 1
    outer loop
      vertex -37.7095 30.8777 6
      vertex -39.1451 29.708 6
      vertex -38.792 29.3549 6
    endloop
  endfacet
  facet normal 0 0 1
    outer loop
      vertex -37.7095 30.8777 6
      vertex -39.4444 30.1078 6
      vertex -39.1451 29.708 6
    endloop
  endfacet
  facet normal -0 0 1
    outer loop
      vertex -39.9644 32.4981 6
      vertex -38.1316 32.2459 6
      vertex -39.8582 32.9861 6
    endloop
  endfacet
  facet normal 0 0 1
    outer loop
      vertex -40 32 6
      vertex -38.1316 32.2459 6
      vertex -39.9644 32.4981 6
    endloop
  endfacet
  facet normal 0 0 1
    outer loop
      vertex -37.9866 31.2841 6
      vertex -39.8582 31.0139 6
      vertex -39.6837 30.546 6
    endloop
  endfacet
  facet normal 0 0 1
    outer loop
      vertex -37.9866 31.2841 6
      vertex -39.6837 30.546 6
      vertex -39.5924 30.3788 6
    endloop
  endfacet
  facet normal 0 0 1
    outer loop
      vertex -38.1316 32.2459 6
      vertex -40 32 6
      vertex -38.1316 31.7541 6
    endloop
  endfacet
  facet normal 0 0 1
    outer loop
      vertex -38.1316 31.7541 6
      vertex -39.9644 31.5019 6
      vertex -39.8582 31.0139 6
    endloop
  endfacet
  facet normal 0 0 1
    outer loop
      vertex -38.1316 31.7541 6
      vertex -40 32 6
      vertex -39.9644 31.5019 6
    endloop
  endfacet
  facet normal 0.998761 -0.0497575 0
    outer loop
      vertex -31.5248 31.5022 6
      vertex -31.5 32 0
      vertex -31.5 32 6
    endloop
  endfacet
  facet normal 0.998761 -0.0497575 0
    outer loop
      vertex -31.5 32 0
      vertex -31.5248 31.5022 6
      vertex -31.5248 31.5022 0
    endloop
  endfacet
  facet normal 0.733094 -0.680128 0
    outer loop
      vertex -33.0088 28.4207 6
      vertex -32.6698 28.7861 0
      vertex -32.6698 28.7861 6
    endloop
  endfacet
  facet normal 0.733094 -0.680128 0
    outer loop
      vertex -32.6698 28.7861 0
      vertex -33.0088 28.4207 6
      vertex -33.0088 28.4207 0
    endloop
  endfacet
  facet normal 0.900949 -0.433924 0
    outer loop
      vertex -32.1089 29.6087 6
      vertex -31.8926 30.0578 0
      vertex -31.8926 30.0578 6
    endloop
  endfacet
  facet normal 0.900949 -0.433924 0
    outer loop
      vertex -31.8926 30.0578 0
      vertex -32.1089 29.6087 6
      vertex -32.1089 29.6087 0
    endloop
  endfacet
  facet normal 0.939682 -0.342049 0
    outer loop
      vertex -31.8926 30.0578 6
      vertex -31.7221 30.5262 0
      vertex -31.7221 30.5262 6
    endloop
  endfacet
  facet normal 0.939682 -0.342049 0
    outer loop
      vertex -31.7221 30.5262 0
      vertex -31.8926 30.0578 6
      vertex -31.8926 30.0578 0
    endloop
  endfacet
  facet normal 0.988829 -0.149057 0
    outer loop
      vertex -31.5991 31.0093 6
      vertex -31.5248 31.5022 0
      vertex -31.5248 31.5022 6
    endloop
  endfacet
  facet normal 0.988829 -0.149057 0
    outer loop
      vertex -31.5248 31.5022 0
      vertex -31.5991 31.0093 6
      vertex -31.5991 31.0093 0
    endloop
  endfacet
  facet normal 0.500174 -0.865925 0
    outer loop
      vertex -34.2189 27.5506 0
      vertex -33.7873 27.7999 6
      vertex -34.2189 27.5506 6
    endloop
  endfacet
  facet normal 0.500174 -0.865925 0
    outer loop
      vertex -33.7873 27.7999 6
      vertex -34.2189 27.5506 0
      vertex -33.7873 27.7999 0
    endloop
  endfacet
  facet normal 0.661807 -0.749674 0
    outer loop
      vertex -33.3825 28.0908 0
      vertex -33.0088 28.4207 6
      vertex -33.3825 28.0908 6
    endloop
  endfacet
  facet normal 0.661807 -0.749674 0
    outer loop
      vertex -33.0088 28.4207 6
      vertex -33.3825 28.0908 0
      vertex -33.0088 28.4207 0
    endloop
  endfacet
  facet normal 0.797078 -0.603877 0
    outer loop
      vertex -32.6698 28.7861 6
      vertex -32.3688 29.1834 0
      vertex -32.3688 29.1834 6
    endloop
  endfacet
  facet normal 0.797078 -0.603877 0
    outer loop
      vertex -32.3688 29.1834 0
      vertex -32.6698 28.7861 6
      vertex -32.6698 28.7861 0
    endloop
  endfacet
  facet normal -0.27085 -0.962622 0
    outer loop
      vertex -38.0924 27.2604 0
      vertex -37.6126 27.1254 6
      vertex -38.0924 27.2604 6
    endloop
  endfacet
  facet normal -0.27085 -0.962622 -0
    outer loop
      vertex -37.6126 27.1254 6
      vertex -38.0924 27.2604 0
      vertex -37.6126 27.1254 0
    endloop
  endfacet
  facet normal 0.411232 -0.911531 0
    outer loop
      vertex -34.6733 27.3456 0
      vertex -34.2189 27.5506 6
      vertex -34.6733 27.3456 6
    endloop
  endfacet
  facet normal 0.411232 -0.911531 0
    outer loop
      vertex -34.2189 27.5506 6
      vertex -34.6733 27.3456 0
      vertex -34.2189 27.5506 0
    endloop
  endfacet
  facet normal -0.0746403 -0.997211 0
    outer loop
      vertex -37.1217 27.0388 0
      vertex -36.6247 27.0016 6
      vertex -37.1217 27.0388 6
    endloop
  endfacet
  facet normal -0.0746403 -0.997211 -0
    outer loop
      vertex -36.6247 27.0016 6
      vertex -37.1217 27.0388 0
      vertex -36.6247 27.0016 0
    endloop
  endfacet
  facet normal -0.36533 -0.930878 0
    outer loop
      vertex -38.5564 27.4425 0
      vertex -38.0924 27.2604 6
      vertex -38.5564 27.4425 6
    endloop
  endfacet
  facet normal -0.36533 -0.930878 -0
    outer loop
      vertex -38.0924 27.2604 6
      vertex -38.5564 27.4425 0
      vertex -38.0924 27.2604 0
    endloop
  endfacet
  facet normal 0.222471 -0.974939 0
    outer loop
      vertex -35.6318 27.076 0
      vertex -35.1458 27.1869 6
      vertex -35.6318 27.076 6
    endloop
  endfacet
  facet normal 0.222471 -0.974939 0
    outer loop
      vertex -35.1458 27.1869 6
      vertex -35.6318 27.076 0
      vertex -35.1458 27.1869 0
    endloop
  endfacet
  facet normal 0.12438 -0.992235 0
    outer loop
      vertex -36.1264 27.014 0
      vertex -35.6318 27.076 6
      vertex -36.1264 27.014 6
    endloop
  endfacet
  facet normal 0.12438 -0.992235 0
    outer loop
      vertex -35.6318 27.076 6
      vertex -36.1264 27.014 0
      vertex -35.6318 27.076 0
    endloop
  endfacet
  facet normal 0.58357 -0.812063 0
    outer loop
      vertex -33.7873 27.7999 0
      vertex -33.3825 28.0908 6
      vertex -33.7873 27.7999 6
    endloop
  endfacet
  facet normal 0.58357 -0.812063 0
    outer loop
      vertex -33.3825 28.0908 6
      vertex -33.7873 27.7999 0
      vertex -33.3825 28.0908 0
    endloop
  endfacet
  facet normal -0.623432 -0.781878 0
    outer loop
      vertex -39.5924 28.0788 0
      vertex -39.4187 27.9403 6
      vertex -39.5924 28.0788 6
    endloop
  endfacet
  facet normal -0.623432 -0.781878 -0
    outer loop
      vertex -39.4187 27.9403 6
      vertex -39.5924 28.0788 0
      vertex -39.4187 27.9403 0
    endloop
  endfacet
  facet normal -0.173728 -0.984794 0
    outer loop
      vertex -37.6126 27.1254 0
      vertex -37.1217 27.0388 6
      vertex -37.6126 27.1254 6
    endloop
  endfacet
  facet normal -0.173728 -0.984794 -0
    outer loop
      vertex -37.1217 27.0388 6
      vertex -37.6126 27.1254 0
      vertex -37.1217 27.0388 0
    endloop
  endfacet
  facet normal -0.456178 -0.889888 0
    outer loop
      vertex -39 27.6699 0
      vertex -38.5564 27.4425 6
      vertex -39 27.6699 6
    endloop
  endfacet
  facet normal -0.456178 -0.889888 -0
    outer loop
      vertex -38.5564 27.4425 6
      vertex -39 27.6699 0
      vertex -38.5564 27.4425 0
    endloop
  endfacet
  facet normal -0.542511 -0.840049 0
    outer loop
      vertex -39.4187 27.9403 0
      vertex -39 27.6699 6
      vertex -39.4187 27.9403 6
    endloop
  endfacet
  facet normal -0.542511 -0.840049 -0
    outer loop
      vertex -39 27.6699 6
      vertex -39.4187 27.9403 0
      vertex -39 27.6699 0
    endloop
  endfacet
  facet normal -1 0 0
    outer loop
      vertex 31.5062 -32.2492 0
      vertex 31.5062 -31.7508 6
      vertex 31.5062 -31.7508 0
    endloop
  endfacet
  facet normal -1 -0 0
    outer loop
      vertex 31.5062 -31.7508 6
      vertex 31.5062 -32.2492 0
      vertex 31.5062 -32.2492 6
    endloop
  endfacet
  facet normal -0.0746403 0.997211 0
    outer loop
      vertex 36.3753 -27.0016 0
      vertex 35.8783 -27.0388 6
      vertex 36.3753 -27.0016 6
    endloop
  endfacet
  facet normal -0.0746403 0.997211 0
    outer loop
      vertex 35.8783 -27.0388 6
      vertex 36.3753 -27.0016 0
      vertex 35.8783 -27.0388 0
    endloop
  endfacet
  facet normal -0.766096 0.642726 0
    outer loop
      vertex 32.5143 -28.981 0
      vertex 32.8347 -28.5991 6
      vertex 32.8347 -28.5991 0
    endloop
  endfacet
  facet normal -0.766096 0.642726 0
    outer loop
      vertex 32.8347 -28.5991 6
      vertex 32.5143 -28.981 0
      vertex 32.5143 -28.981 6
    endloop
  endfacet
  facet normal -0.456178 0.889888 0
    outer loop
      vertex 34.4436 -27.4425 0
      vertex 34 -27.6699 6
      vertex 34.4436 -27.4425 6
    endloop
  endfacet
  facet normal -0.456178 0.889888 0
    outer loop
      vertex 34 -27.6699 6
      vertex 34.4436 -27.4425 0
      vertex 34 -27.6699 0
    endloop
  endfacet
  facet normal 0.318394 0.947959 -0
    outer loop
      vertex 38.3267 -27.3456 0
      vertex 37.8542 -27.1869 6
      vertex 38.3267 -27.3456 6
    endloop
  endfacet
  facet normal 0.318394 0.947959 0
    outer loop
      vertex 37.8542 -27.1869 6
      vertex 38.3267 -27.3456 0
      vertex 37.8542 -27.1869 0
    endloop
  endfacet
  facet normal 0.500174 0.865925 -0
    outer loop
      vertex 39.2127 -27.7999 0
      vertex 38.7811 -27.5506 6
      vertex 39.2127 -27.7999 6
    endloop
  endfacet
  facet normal 0.500174 0.865925 0
    outer loop
      vertex 38.7811 -27.5506 6
      vertex 39.2127 -27.7999 0
      vertex 38.7811 -27.5506 0
    endloop
  endfacet
  facet normal -0.921412 0.388586 0
    outer loop
      vertex 31.8015 -30.2899 0
      vertex 31.9952 -29.8306 6
      vertex 31.9952 -29.8306 0
    endloop
  endfacet
  facet normal -0.921412 0.388586 0
    outer loop
      vertex 31.9952 -29.8306 6
      vertex 31.8015 -30.2899 0
      vertex 31.8015 -30.2899 6
    endloop
  endfacet
  facet normal -0.27085 0.962622 0
    outer loop
      vertex 35.3874 -27.1254 0
      vertex 34.9076 -27.2604 6
      vertex 35.3874 -27.1254 6
    endloop
  endfacet
  facet normal -0.27085 0.962622 0
    outer loop
      vertex 34.9076 -27.2604 6
      vertex 35.3874 -27.1254 0
      vertex 34.9076 -27.2604 0
    endloop
  endfacet
  facet normal 0.12438 0.992235 -0
    outer loop
      vertex 37.3682 -27.076 0
      vertex 36.8736 -27.014 6
      vertex 37.3682 -27.076 6
    endloop
  endfacet
  facet normal 0.12438 0.992235 0
    outer loop
      vertex 36.8736 -27.014 6
      vertex 37.3682 -27.076 0
      vertex 36.8736 -27.014 0
    endloop
  endfacet
  facet normal 0.222471 0.974939 -0
    outer loop
      vertex 37.8542 -27.1869 0
      vertex 37.3682 -27.076 6
      vertex 37.8542 -27.1869 6
    endloop
  endfacet
  facet normal 0.222471 0.974939 0
    outer loop
      vertex 37.3682 -27.076 6
      vertex 37.8542 -27.1869 0
      vertex 37.3682 -27.076 0
    endloop
  endfacet
  facet normal 0.0248769 0.999691 -0
    outer loop
      vertex 36.8736 -27.014 0
      vertex 36.3753 -27.0016 6
      vertex 36.8736 -27.014 6
    endloop
  endfacet
  facet normal 0.0248769 0.999691 0
    outer loop
      vertex 36.3753 -27.0016 6
      vertex 36.8736 -27.014 0
      vertex 36.3753 -27.0016 0
    endloop
  endfacet
  facet normal 0.411232 0.911531 -0
    outer loop
      vertex 38.7811 -27.5506 0
      vertex 38.3267 -27.3456 6
      vertex 38.7811 -27.5506 6
    endloop
  endfacet
  facet normal 0.411232 0.911531 0
    outer loop
      vertex 38.3267 -27.3456 6
      vertex 38.7811 -27.5506 0
      vertex 38.3267 -27.3456 0
    endloop
  endfacet
  facet normal 0.583675 0.811987 -0
    outer loop
      vertex 39.6 -28.0783 0
      vertex 39.2127 -27.7999 6
      vertex 39.6 -28.0783 6
    endloop
  endfacet
  facet normal 0.583675 0.811987 0
    outer loop
      vertex 39.2127 -27.7999 6
      vertex 39.6 -28.0783 0
      vertex 39.2127 -27.7999 0
    endloop
  endfacet
  facet normal -0.980162 0.198199 0
    outer loop
      vertex 31.5558 -31.2548 0
      vertex 31.6546 -30.7662 6
      vertex 31.6546 -30.7662 0
    endloop
  endfacet
  facet normal -0.980162 0.198199 0
    outer loop
      vertex 31.6546 -30.7662 6
      vertex 31.5558 -31.2548 0
      vertex 31.5558 -31.2548 6
    endloop
  endfacet
  facet normal -0.878317 0.478079 0
    outer loop
      vertex 31.9952 -29.8306 0
      vertex 32.2335 -29.3928 6
      vertex 32.2335 -29.3928 0
    endloop
  endfacet
  facet normal -0.878317 0.478079 0
    outer loop
      vertex 32.2335 -29.3928 6
      vertex 31.9952 -29.8306 0
      vertex 31.9952 -29.8306 6
    endloop
  endfacet
  facet normal -0.826202 0.563374 0
    outer loop
      vertex 32.2335 -29.3928 0
      vertex 32.5143 -28.981 6
      vertex 32.5143 -28.981 0
    endloop
  endfacet
  facet normal -0.826202 0.563374 0
    outer loop
      vertex 32.5143 -28.981 6
      vertex 32.2335 -29.3928 0
      vertex 32.2335 -29.3928 6
    endloop
  endfacet
  facet normal -0.955584 0.29472 0
    outer loop
      vertex 31.6546 -30.7662 0
      vertex 31.8015 -30.2899 6
      vertex 31.8015 -30.2899 0
    endloop
  endfacet
  facet normal -0.955584 0.29472 0
    outer loop
      vertex 31.8015 -30.2899 6
      vertex 31.6546 -30.7662 0
      vertex 31.6546 -30.7662 6
    endloop
  endfacet
  facet normal -0.995037 0.0995037 0
    outer loop
      vertex 31.5062 -31.7508 0
      vertex 31.5558 -31.2548 6
      vertex 31.5558 -31.2548 0
    endloop
  endfacet
  facet normal -0.995037 0.0995037 0
    outer loop
      vertex 31.5558 -31.2548 6
      vertex 31.5062 -31.7508 0
      vertex 31.5062 -31.7508 6
    endloop
  endfacet
  facet normal 0 0 1
    outer loop
      vertex 39.6 -28.0783 6
      vertex 39.4444 -30.1078 6
      vertex 39.6 -30.3927 6
    endloop
  endfacet
  facet normal 0 0 1
    outer loop
      vertex 38.3922 -29.0556 6
      vertex 39.6 -28.0783 6
      vertex 39.2127 -27.7999 6
    endloop
  endfacet
  facet normal 0 0 1
    outer loop
      vertex 39.6 -28.0783 6
      vertex 39.1451 -29.708 6
      vertex 39.4444 -30.1078 6
    endloop
  endfacet
  facet normal 0 0 1
    outer loop
      vertex 39.6 -28.0783 6
      vertex 38.792 -29.3549 6
      vertex 39.1451 -29.708 6
    endloop
  endfacet
  facet normal 0 0 1
    outer loop
      vertex 38.3922 -29.0556 6
      vertex 39.2127 -27.7999 6
      vertex 38.7811 -27.5506 6
    endloop
  endfacet
  facet normal 0 0 1
    outer loop
      vertex 39.6 -28.0783 6
      vertex 38.3922 -29.0556 6
      vertex 38.792 -29.3549 6
    endloop
  endfacet
  facet normal 0 0 1
    outer loop
      vertex 37.954 -28.8163 6
      vertex 38.7811 -27.5506 6
      vertex 38.3267 -27.3456 6
    endloop
  endfacet
  facet normal 0 0 1
    outer loop
      vertex 38.7811 -27.5506 6
      vertex 37.954 -28.8163 6
      vertex 38.3922 -29.0556 6
    endloop
  endfacet
  facet normal 0 0 1
    outer loop
      vertex 37.4861 -28.6418 6
      vertex 38.3267 -27.3456 6
      vertex 37.8542 -27.1869 6
    endloop
  endfacet
  facet normal 0 0 1
    outer loop
      vertex 38.3267 -27.3456 6
      vertex 37.4861 -28.6418 6
      vertex 37.954 -28.8163 6
    endloop
  endfacet
  facet normal 0 0 1
    outer loop
      vertex 37.3682 -27.076 6
      vertex 37.4861 -28.6418 6
      vertex 37.8542 -27.1869 6
    endloop
  endfacet
  facet normal 0 0 1
    outer loop
      vertex 37.3682 -27.076 6
      vertex 36.9981 -28.5356 6
      vertex 37.4861 -28.6418 6
    endloop
  endfacet
  facet normal 0 0 1
    outer loop
      vertex 36.8736 -27.014 6
      vertex 36.9981 -28.5356 6
      vertex 37.3682 -27.076 6
    endloop
  endfacet
  facet normal 0 0 1
    outer loop
      vertex 36.8736 -27.014 6
      vertex 36.5 -28.5 6
      vertex 36.9981 -28.5356 6
    endloop
  endfacet
  facet normal 0 0 1
    outer loop
      vertex 36.3753 -27.0016 6
      vertex 36.5 -28.5 6
      vertex 36.8736 -27.014 6
    endloop
  endfacet
  facet normal 0 0 1
    outer loop
      vertex 36.3753 -27.0016 6
      vertex 36.0019 -28.5356 6
      vertex 36.5 -28.5 6
    endloop
  endfacet
  facet normal -0 0 1
    outer loop
      vertex 35.8783 -27.0388 6
      vertex 36.0019 -28.5356 6
      vertex 36.3753 -27.0016 6
    endloop
  endfacet
  facet normal -0 0 1
    outer loop
      vertex 35.3874 -27.1254 6
      vertex 36.0019 -28.5356 6
      vertex 35.8783 -27.0388 6
    endloop
  endfacet
  facet normal 0 0 1
    outer loop
      vertex 36.0019 -28.5356 6
      vertex 35.3874 -27.1254 6
      vertex 35.5139 -28.6418 6
    endloop
  endfacet
  facet normal -0 0 1
    outer loop
      vertex 34.9076 -27.2604 6
      vertex 35.5139 -28.6418 6
      vertex 35.3874 -27.1254 6
    endloop
  endfacet
  facet normal 0 0 1
    outer loop
      vertex 35.5139 -28.6418 6
      vertex 34.9076 -27.2604 6
      vertex 35.046 -28.8163 6
    endloop
  endfacet
  facet normal -0 0 1
    outer loop
      vertex 34.4436 -27.4425 6
      vertex 35.046 -28.8163 6
      vertex 34.9076 -27.2604 6
    endloop
  endfacet
  facet normal -0 0 1
    outer loop
      vertex 34 -27.6699 6
      vertex 35.046 -28.8163 6
      vertex 34.4436 -27.4425 6
    endloop
  endfacet
  facet normal 0 0 1
    outer loop
      vertex 35.046 -28.8163 6
      vertex 34 -27.6699 6
      vertex 34.6078 -29.0556 6
    endloop
  endfacet
  facet normal -0 0 1
    outer loop
      vertex 33.5813 -27.9403 6
      vertex 34.6078 -29.0556 6
      vertex 34 -27.6699 6
    endloop
  endfacet
  facet normal 0 0 1
    outer loop
      vertex 34.6078 -29.0556 6
      vertex 33.5813 -27.9403 6
      vertex 34.208 -29.3549 6
    endloop
  endfacet
  facet normal -0 0 1
    outer loop
      vertex 33.1916 -28.2511 6
      vertex 34.208 -29.3549 6
      vertex 33.5813 -27.9403 6
    endloop
  endfacet
  facet normal -0 0 1
    outer loop
      vertex 32.8347 -28.5991 6
      vertex 34.208 -29.3549 6
      vertex 33.1916 -28.2511 6
    endloop
  endfacet
  facet normal 0 0 1
    outer loop
      vertex 34.208 -29.3549 6
      vertex 32.8347 -28.5991 6
      vertex 33.8549 -29.708 6
    endloop
  endfacet
  facet normal -0 0 1
    outer loop
      vertex 32.5143 -28.981 6
      vertex 33.8549 -29.708 6
      vertex 32.8347 -28.5991 6
    endloop
  endfacet
  facet normal 0 0 1
    outer loop
      vertex 33.8549 -29.708 6
      vertex 32.5143 -28.981 6
      vertex 33.5556 -30.1078 6
    endloop
  endfacet
  facet normal -0 0 1
    outer loop
      vertex 32.2335 -29.3928 6
      vertex 33.5556 -30.1078 6
      vertex 32.5143 -28.981 6
    endloop
  endfacet
  facet normal 0 0 1
    outer loop
      vertex 33.5556 -30.1078 6
      vertex 32.2335 -29.3928 6
      vertex 33.3163 -30.546 6
    endloop
  endfacet
  facet normal -0 0 1
    outer loop
      vertex 31.9952 -29.8306 6
      vertex 33.3163 -30.546 6
      vertex 32.2335 -29.3928 6
    endloop
  endfacet
  facet normal -0 0 1
    outer loop
      vertex 31.8015 -30.2899 6
      vertex 33.3163 -30.546 6
      vertex 31.9952 -29.8306 6
    endloop
  endfacet
  facet normal 0 0 1
    outer loop
      vertex 33.3163 -30.546 6
      vertex 31.8015 -30.2899 6
      vertex 33.1418 -31.0139 6
    endloop
  endfacet
  facet normal -0 0 1
    outer loop
      vertex 31.6546 -30.7662 6
      vertex 33.1418 -31.0139 6
      vertex 31.8015 -30.2899 6
    endloop
  endfacet
  facet normal 0 0 1
    outer loop
      vertex 33.1418 -31.0139 6
      vertex 31.6546 -30.7662 6
      vertex 33.0356 -31.5019 6
    endloop
  endfacet
  facet normal 0 0 1
    outer loop
      vertex 33.8549 -34.292 6
      vertex 32.2286 -34.5981 6
      vertex 34.161 -34.5981 6
    endloop
  endfacet
  facet normal 0 0 1
    outer loop
      vertex 33.5556 -33.8922 6
      vertex 32.2286 -34.5981 6
      vertex 33.8549 -34.292 6
    endloop
  endfacet
  facet normal 0 0 1
    outer loop
      vertex 33.3163 -33.454 6
      vertex 32.2286 -34.5981 6
      vertex 33.5556 -33.8922 6
    endloop
  endfacet
  facet normal 0 0 1
    outer loop
      vertex 31.8015 -33.7101 6
      vertex 33.3163 -33.454 6
      vertex 33.1418 -32.9861 6
    endloop
  endfacet
  facet normal -0 0 1
    outer loop
      vertex 31.5558 -31.2548 6
      vertex 33.0356 -31.5019 6
      vertex 31.6546 -30.7662 6
    endloop
  endfacet
  facet normal 0 0 1
    outer loop
      vertex 31.5062 -31.7508 6
      vertex 33.0356 -31.5019 6
      vertex 31.5558 -31.2548 6
    endloop
  endfacet
  facet normal 0 0 1
    outer loop
      vertex 33.3163 -33.454 6
      vertex 31.9952 -34.1694 6
      vertex 32.2286 -34.5981 6
    endloop
  endfacet
  facet normal 0 0 1
    outer loop
      vertex 33.0356 -31.5019 6
      vertex 31.5062 -31.7508 6
      vertex 33 -32 6
    endloop
  endfacet
  facet normal 0 0 1
    outer loop
      vertex 33.3163 -33.454 6
      vertex 31.8015 -33.7101 6
      vertex 31.9952 -34.1694 6
    endloop
  endfacet
  facet normal 0 0 1
    outer loop
      vertex 31.5062 -32.2492 6
      vertex 33 -32 6
      vertex 31.5062 -31.7508 6
    endloop
  endfacet
  facet normal 0 0 1
    outer loop
      vertex 33.1418 -32.9861 6
      vertex 31.6546 -33.2338 6
      vertex 31.8015 -33.7101 6
    endloop
  endfacet
  facet normal 0 0 1
    outer loop
      vertex 33 -32 6
      vertex 31.5062 -32.2492 6
      vertex 33.0356 -32.4981 6
    endloop
  endfacet
  facet normal 0 0 1
    outer loop
      vertex 33.0356 -32.4981 6
      vertex 31.6546 -33.2338 6
      vertex 33.1418 -32.9861 6
    endloop
  endfacet
  facet normal 0 -0 1
    outer loop
      vertex 31.5558 -32.7452 6
      vertex 33.0356 -32.4981 6
      vertex 31.5062 -32.2492 6
    endloop
  endfacet
  facet normal 0 -0 1
    outer loop
      vertex 31.6546 -33.2338 6
      vertex 33.0356 -32.4981 6
      vertex 31.5558 -32.7452 6
    endloop
  endfacet
  facet normal 0 0 1
    outer loop
      vertex 38.15 -32 6
      vertex 40 -32 6
      vertex 39.9644 -31.5019 6
    endloop
  endfacet
  facet normal 0 0 1
    outer loop
      vertex 38.0767 -31.5137 6
      vertex 39.9644 -31.5019 6
      vertex 39.8582 -31.0139 6
    endloop
  endfacet
  facet normal 0 0 1
    outer loop
      vertex 40 -32 6
      vertex 38.15 -32 6
      vertex 39.9644 -32.4981 6
    endloop
  endfacet
  facet normal 0 0 1
    outer loop
      vertex 38.0767 -31.5137 6
      vertex 39.8582 -31.0139 6
      vertex 39.6837 -30.546 6
    endloop
  endfacet
  facet normal -0 0 1
    outer loop
      vertex 38.0767 -32.4863 6
      vertex 39.9644 -32.4981 6
      vertex 38.15 -32 6
    endloop
  endfacet
  facet normal 0 0 1
    outer loop
      vertex 38.0767 -31.5137 6
      vertex 39.6837 -30.546 6
      vertex 39.6 -30.3927 6
    endloop
  endfacet
  facet normal 0 0 1
    outer loop
      vertex 37.8633 -31.0705 6
      vertex 39.6 -30.3927 6
      vertex 39.4444 -30.1078 6
    endloop
  endfacet
  facet normal 0 0 1
    outer loop
      vertex 39.9644 -32.4981 6
      vertex 38.0767 -32.4863 6
      vertex 39.8582 -32.9861 6
    endloop
  endfacet
  facet normal 0 0 1
    outer loop
      vertex 37.8633 -31.0705 6
      vertex 39.4444 -30.1078 6
      vertex 39.1451 -29.708 6
    endloop
  endfacet
  facet normal 0 0 1
    outer loop
      vertex 39.8582 -32.9861 6
      vertex 38.0767 -32.4863 6
      vertex 39.6837 -33.454 6
    endloop
  endfacet
  facet normal 0 0 1
    outer loop
      vertex 37.5288 -30.71 6
      vertex 39.1451 -29.708 6
      vertex 38.792 -29.3549 6
    endloop
  endfacet
  facet normal -0 0 1
    outer loop
      vertex 37.8633 -32.9295 6
      vertex 39.6837 -33.454 6
      vertex 38.0767 -32.4863 6
    endloop
  endfacet
  facet normal 0 0 1
    outer loop
      vertex 37.5288 -30.71 6
      vertex 38.792 -29.3549 6
      vertex 38.3922 -29.0556 6
    endloop
  endfacet
  facet normal 0 0 1
    outer loop
      vertex 39.6837 -33.454 6
      vertex 37.8633 -32.9295 6
      vertex 39.4444 -33.8922 6
    endloop
  endfacet
  facet normal 0 0 1
    outer loop
      vertex 39.4444 -33.8922 6
      vertex 37.8633 -32.9295 6
      vertex 39.1451 -34.292 6
    endloop
  endfacet
  facet normal 0 0 1
    outer loop
      vertex 39.9644 -31.5019 6
      vertex 38.0767 -31.5137 6
      vertex 38.15 -32 6
    endloop
  endfacet
  facet normal 0 0 1
    outer loop
      vertex 37.1028 -30.4641 6
      vertex 38.3922 -29.0556 6
      vertex 37.954 -28.8163 6
    endloop
  endfacet
  facet normal 0 0 1
    outer loop
      vertex 39.6 -30.3927 6
      vertex 37.8633 -31.0705 6
      vertex 38.0767 -31.5137 6
    endloop
  endfacet
  facet normal 0 0 1
    outer loop
      vertex 39.1451 -29.708 6
      vertex 37.5288 -30.71 6
      vertex 37.8633 -31.0705 6
    endloop
  endfacet
  facet normal 0 0 1
    outer loop
      vertex 37.1028 -30.4641 6
      vertex 37.954 -28.8163 6
      vertex 37.4861 -28.6418 6
    endloop
  endfacet
  facet normal 0 0 1
    outer loop
      vertex 38.3922 -29.0556 6
      vertex 37.1028 -30.4641 6
      vertex 37.5288 -30.71 6
    endloop
  endfacet
  facet normal 0 0 1
    outer loop
      vertex 36.6233 -30.3546 6
      vertex 37.4861 -28.6418 6
      vertex 36.9981 -28.5356 6
    endloop
  endfacet
  facet normal 0 0 1
    outer loop
      vertex 37.4861 -28.6418 6
      vertex 36.6233 -30.3546 6
      vertex 37.1028 -30.4641 6
    endloop
  endfacet
  facet normal 0 0 1
    outer loop
      vertex 36.5 -28.5 6
      vertex 36.6233 -30.3546 6
      vertex 36.9981 -28.5356 6
    endloop
  endfacet
  facet normal 0 0 1
    outer loop
      vertex 36.5 -28.5 6
      vertex 36.1328 -30.3914 6
      vertex 36.6233 -30.3546 6
    endloop
  endfacet
  facet normal -0 0 1
    outer loop
      vertex 36.0019 -28.5356 6
      vertex 36.1328 -30.3914 6
      vertex 36.5 -28.5 6
    endloop
  endfacet
  facet normal -0 0 1
    outer loop
      vertex 35.5139 -28.6418 6
      vertex 36.1328 -30.3914 6
      vertex 36.0019 -28.5356 6
    endloop
  endfacet
  facet normal -0 0 1
    outer loop
      vertex 35.046 -28.8163 6
      vertex 36.1328 -30.3914 6
      vertex 35.5139 -28.6418 6
    endloop
  endfacet
  facet normal 0 0 1
    outer loop
      vertex 36.1328 -30.3914 6
      vertex 35.046 -28.8163 6
      vertex 35.675 -30.5711 6
    endloop
  endfacet
  facet normal -0 0 1
    outer loop
      vertex 34.6078 -29.0556 6
      vertex 35.675 -30.5711 6
      vertex 35.046 -28.8163 6
    endloop
  endfacet
  facet normal -0 0 1
    outer loop
      vertex 34.208 -29.3549 6
      vertex 35.675 -30.5711 6
      vertex 34.6078 -29.0556 6
    endloop
  endfacet
  facet normal 0 0 1
    outer loop
      vertex 35.675 -30.5711 6
      vertex 34.208 -29.3549 6
      vertex 35.2905 -30.8777 6
    endloop
  endfacet
  facet normal -0 0 1
    outer loop
      vertex 33.5556 -30.1078 6
      vertex 35.2905 -30.8777 6
      vertex 33.8549 -29.708 6
    endloop
  endfacet
  facet normal -0 0 1
    outer loop
      vertex 33.8549 -29.708 6
      vertex 35.2905 -30.8777 6
      vertex 34.208 -29.3549 6
    endloop
  endfacet
  facet normal -0 0 1
    outer loop
      vertex 37.5288 -33.29 6
      vertex 39.1451 -34.292 6
      vertex 37.8633 -32.9295 6
    endloop
  endfacet
  facet normal 0 0 1
    outer loop
      vertex 39.1451 -34.292 6
      vertex 37.5288 -33.29 6
      vertex 38.792 -34.6451 6
    endloop
  endfacet
  facet normal 0 0 1
    outer loop
      vertex 38.792 -34.6451 6
      vertex 37.5288 -33.29 6
      vertex 38.3922 -34.9444 6
    endloop
  endfacet
  facet normal -0 0 1
    outer loop
      vertex 37.1028 -33.5359 6
      vertex 38.3922 -34.9444 6
      vertex 37.5288 -33.29 6
    endloop
  endfacet
  facet normal 0 0 1
    outer loop
      vertex 38.3922 -34.9444 6
      vertex 37.1028 -33.5359 6
      vertex 37.954 -35.1837 6
    endloop
  endfacet
  facet normal 0 0 1
    outer loop
      vertex 37.954 -35.1837 6
      vertex 37.1028 -33.5359 6
      vertex 37.4861 -35.3582 6
    endloop
  endfacet
  facet normal -0 0 1
    outer loop
      vertex 36.6233 -33.6454 6
      vertex 37.4861 -35.3582 6
      vertex 37.1028 -33.5359 6
    endloop
  endfacet
  facet normal 0 0 1
    outer loop
      vertex 37.4861 -35.3582 6
      vertex 36.6233 -33.6454 6
      vertex 36.9981 -35.4644 6
    endloop
  endfacet
  facet normal 0 0 1
    outer loop
      vertex 36.6233 -33.6454 6
      vertex 36.5 -35.5 6
      vertex 36.9981 -35.4644 6
    endloop
  endfacet
  facet normal 0 0 1
    outer loop
      vertex 36.1328 -33.6086 6
      vertex 36.5 -35.5 6
      vertex 36.6233 -33.6454 6
    endloop
  endfacet
  facet normal 0 0 1
    outer loop
      vertex 36.1328 -33.6086 6
      vertex 36.0019 -35.4644 6
      vertex 36.5 -35.5 6
    endloop
  endfacet
  facet normal 0 0 1
    outer loop
      vertex 35.046 -35.1837 6
      vertex 36.1328 -33.6086 6
      vertex 35.675 -33.4289 6
    endloop
  endfacet
  facet normal 0 0 1
    outer loop
      vertex 36.1328 -33.6086 6
      vertex 35.5139 -35.3582 6
      vertex 36.0019 -35.4644 6
    endloop
  endfacet
  facet normal 0 0 1
    outer loop
      vertex 34.208 -34.6451 6
      vertex 35.675 -33.4289 6
      vertex 35.2905 -33.1223 6
    endloop
  endfacet
  facet normal 0 0 1
    outer loop
      vertex 36.1328 -33.6086 6
      vertex 35.046 -35.1837 6
      vertex 35.5139 -35.3582 6
    endloop
  endfacet
  facet normal 0 0 1
    outer loop
      vertex 33.5556 -33.8922 6
      vertex 35.2905 -33.1223 6
      vertex 35.0134 -32.7159 6
    endloop
  endfacet
  facet normal 0 0 1
    outer loop
      vertex 33.1418 -32.9861 6
      vertex 35.0134 -32.7159 6
      vertex 34.8684 -32.2459 6
    endloop
  endfacet
  facet normal 0 0 1
    outer loop
      vertex 35.2905 -30.8777 6
      vertex 33.5556 -30.1078 6
      vertex 35.0134 -31.2841 6
    endloop
  endfacet
  facet normal 0 0 1
    outer loop
      vertex 35.675 -33.4289 6
      vertex 34.6078 -34.9444 6
      vertex 35.046 -35.1837 6
    endloop
  endfacet
  facet normal -0 0 1
    outer loop
      vertex 33.3163 -30.546 6
      vertex 35.0134 -31.2841 6
      vertex 33.5556 -30.1078 6
    endloop
  endfacet
  facet normal 0 0 1
    outer loop
      vertex 35.2905 -33.1223 6
      vertex 34.161 -34.5981 6
      vertex 34.208 -34.6451 6
    endloop
  endfacet
  facet normal 0 0 1
    outer loop
      vertex 35.675 -33.4289 6
      vertex 34.208 -34.6451 6
      vertex 34.6078 -34.9444 6
    endloop
  endfacet
  facet normal -0 0 1
    outer loop
      vertex 33.1418 -31.0139 6
      vertex 35.0134 -31.2841 6
      vertex 33.3163 -30.546 6
    endloop
  endfacet
  facet normal 0 0 1
    outer loop
      vertex 35.2905 -33.1223 6
      vertex 33.8549 -34.292 6
      vertex 34.161 -34.5981 6
    endloop
  endfacet
  facet normal 0 0 1
    outer loop
      vertex 35.0134 -31.2841 6
      vertex 33.1418 -31.0139 6
      vertex 34.8684 -31.7541 6
    endloop
  endfacet
  facet normal 0 0 1
    outer loop
      vertex 35.2905 -33.1223 6
      vertex 33.5556 -33.8922 6
      vertex 33.8549 -34.292 6
    endloop
  endfacet
  facet normal -0 0 1
    outer loop
      vertex 33.0356 -31.5019 6
      vertex 34.8684 -31.7541 6
      vertex 33.1418 -31.0139 6
    endloop
  endfacet
  facet normal 0 0 1
    outer loop
      vertex 35.0134 -32.7159 6
      vertex 33.3163 -33.454 6
      vertex 33.5556 -33.8922 6
    endloop
  endfacet
  facet normal 0 0 1
    outer loop
      vertex 33 -32 6
      vertex 34.8684 -31.7541 6
      vertex 33.0356 -31.5019 6
    endloop
  endfacet
  facet normal 0 0 1
    outer loop
      vertex 35.0134 -32.7159 6
      vertex 33.1418 -32.9861 6
      vertex 33.3163 -33.454 6
    endloop
  endfacet
  facet normal 0 0 1
    outer loop
      vertex 34.8684 -31.7541 6
      vertex 33 -32 6
      vertex 34.8684 -32.2459 6
    endloop
  endfacet
  facet normal 0 0 1
    outer loop
      vertex 34.8684 -32.2459 6
      vertex 33.0356 -32.4981 6
      vertex 33.1418 -32.9861 6
    endloop
  endfacet
  facet normal 0 0 1
    outer loop
      vertex 34.8684 -32.2459 6
      vertex 33 -32 6
      vertex 33.0356 -32.4981 6
    endloop
  endfacet
  facet normal -0.62352 0.781807 0
    outer loop
      vertex 33.5813 -27.9403 0
      vertex 33.1916 -28.2511 6
      vertex 33.5813 -27.9403 6
    endloop
  endfacet
  facet normal -0.62352 0.781807 0
    outer loop
      vertex 33.1916 -28.2511 6
      vertex 33.5813 -27.9403 0
      vertex 33.1916 -28.2511 0
    endloop
  endfacet
  facet normal -0.542511 0.840049 0
    outer loop
      vertex 34 -27.6699 0
      vertex 33.5813 -27.9403 6
      vertex 34 -27.6699 6
    endloop
  endfacet
  facet normal -0.542511 0.840049 0
    outer loop
      vertex 33.5813 -27.9403 6
      vertex 34 -27.6699 0
      vertex 33.5813 -27.9403 0
    endloop
  endfacet
  facet normal -0.698123 0.715978 0
    outer loop
      vertex 33.1916 -28.2511 0
      vertex 32.8347 -28.5991 6
      vertex 33.1916 -28.2511 6
    endloop
  endfacet
  facet normal -0.698123 0.715978 0
    outer loop
      vertex 32.8347 -28.5991 6
      vertex 33.1916 -28.2511 0
      vertex 32.8347 -28.5991 0
    endloop
  endfacet
  facet normal -0.36533 0.930878 0
    outer loop
      vertex 34.9076 -27.2604 0
      vertex 34.4436 -27.4425 6
      vertex 34.9076 -27.2604 6
    endloop
  endfacet
  facet normal -0.36533 0.930878 0
    outer loop
      vertex 34.4436 -27.4425 6
      vertex 34.9076 -27.2604 0
      vertex 34.4436 -27.4425 0
    endloop
  endfacet
  facet normal -0.173728 0.984794 0
    outer loop
      vertex 35.8783 -27.0388 0
      vertex 35.3874 -27.1254 6
      vertex 35.8783 -27.0388 6
    endloop
  endfacet
  facet normal -0.173728 0.984794 0
    outer loop
      vertex 35.3874 -27.1254 6
      vertex 35.8783 -27.0388 0
      vertex 35.3874 -27.1254 0
    endloop
  endfacet
  facet normal -0.878271 -0.478163 0
    outer loop
      vertex 32.2286 -34.5981 0
      vertex 31.9952 -34.1694 6
      vertex 31.9952 -34.1694 0
    endloop
  endfacet
  facet normal -0.878271 -0.478163 0
    outer loop
      vertex 31.9952 -34.1694 6
      vertex 32.2286 -34.5981 0
      vertex 32.2286 -34.5981 6
    endloop
  endfacet
  facet normal -0.955584 -0.29472 0
    outer loop
      vertex 31.8015 -33.7101 0
      vertex 31.6546 -33.2338 6
      vertex 31.6546 -33.2338 0
    endloop
  endfacet
  facet normal -0.955584 -0.29472 0
    outer loop
      vertex 31.6546 -33.2338 6
      vertex 31.8015 -33.7101 0
      vertex 31.8015 -33.7101 6
    endloop
  endfacet
  facet normal -0.921412 -0.388586 0
    outer loop
      vertex 31.9952 -34.1694 0
      vertex 31.8015 -33.7101 6
      vertex 31.8015 -33.7101 0
    endloop
  endfacet
  facet normal -0.921412 -0.388586 0
    outer loop
      vertex 31.8015 -33.7101 6
      vertex 31.9952 -34.1694 0
      vertex 31.9952 -34.1694 6
    endloop
  endfacet
  facet normal -0.980162 -0.198199 0
    outer loop
      vertex 31.6546 -33.2338 0
      vertex 31.5558 -32.7452 6
      vertex 31.5558 -32.7452 0
    endloop
  endfacet
  facet normal -0.980162 -0.198199 0
    outer loop
      vertex 31.5558 -32.7452 6
      vertex 31.6546 -33.2338 0
      vertex 31.6546 -33.2338 6
    endloop
  endfacet
  facet normal -0.995037 -0.0995037 0
    outer loop
      vertex 31.5558 -32.7452 0
      vertex 31.5062 -32.2492 6
      vertex 31.5062 -32.2492 0
    endloop
  endfacet
  facet normal -0.995037 -0.0995037 0
    outer loop
      vertex 31.5062 -32.2492 6
      vertex 31.5558 -32.7452 0
      vertex 31.5558 -32.7452 6
    endloop
  endfacet
  facet normal -0.921412 0.388586 0
    outer loop
      vertex 31.8015 33.7101 0
      vertex 31.9952 34.1694 6
      vertex 31.9952 34.1694 0
    endloop
  endfacet
  facet normal -0.921412 0.388586 0
    outer loop
      vertex 31.9952 34.1694 6
      vertex 31.8015 33.7101 0
      vertex 31.8015 33.7101 6
    endloop
  endfacet
  facet normal -0.995037 0.0995037 0
    outer loop
      vertex 31.5062 32.2492 0
      vertex 31.5558 32.7452 6
      vertex 31.5558 32.7452 0
    endloop
  endfacet
  facet normal -0.995037 0.0995037 0
    outer loop
      vertex 31.5558 32.7452 6
      vertex 31.5062 32.2492 0
      vertex 31.5062 32.2492 6
    endloop
  endfacet
  facet normal -1 0 0
    outer loop
      vertex 31.5062 31.7508 0
      vertex 31.5062 32.2492 6
      vertex 31.5062 32.2492 0
    endloop
  endfacet
  facet normal -1 -0 0
    outer loop
      vertex 31.5062 32.2492 6
      vertex 31.5062 31.7508 0
      vertex 31.5062 31.7508 6
    endloop
  endfacet
  facet normal 0 0 1
    outer loop
      vertex 33.8549 29.708 6
      vertex 32.5143 28.981 6
      vertex 32.8347 28.5991 6
    endloop
  endfacet
  facet normal -0 0 1
    outer loop
      vertex 31.5062 32.2492 6
      vertex 33 32 6
      vertex 33.0356 32.4981 6
    endloop
  endfacet
  facet normal 0 0 1
    outer loop
      vertex 33.0356 31.5019 6
      vertex 32.2335 29.3928 6
      vertex 32.5143 28.981 6
    endloop
  endfacet
  facet normal 0 0 1
    outer loop
      vertex 31.6546 33.2338 6
      vertex 33.0356 32.4981 6
      vertex 33.1418 32.9861 6
    endloop
  endfacet
  facet normal -0 0 1
    outer loop
      vertex 32.2286 34.5981 6
      vertex 33.8549 34.292 6
      vertex 34.161 34.5981 6
    endloop
  endfacet
  facet normal 0 0 1
    outer loop
      vertex 32.2286 34.5981 6
      vertex 33.5556 33.8922 6
      vertex 33.8549 34.292 6
    endloop
  endfacet
  facet normal 0 0 1
    outer loop
      vertex 32.2286 34.5981 6
      vertex 33.3163 33.454 6
      vertex 33.5556 33.8922 6
    endloop
  endfacet
  facet normal -0 0 1
    outer loop
      vertex 31.9952 34.1694 6
      vertex 33.3163 33.454 6
      vertex 32.2286 34.5981 6
    endloop
  endfacet
  facet normal -0 0 1
    outer loop
      vertex 31.8015 33.7101 6
      vertex 33.3163 33.454 6
      vertex 31.9952 34.1694 6
    endloop
  endfacet
  facet normal 0 0 1
    outer loop
      vertex 33.3163 33.454 6
      vertex 31.8015 33.7101 6
      vertex 33.1418 32.9861 6
    endloop
  endfacet
  facet normal 0 0 1
    outer loop
      vertex 33.0356 31.5019 6
      vertex 31.9952 29.8306 6
      vertex 32.2335 29.3928 6
    endloop
  endfacet
  facet normal -0 0 1
    outer loop
      vertex 31.6546 33.2338 6
      vertex 33.1418 32.9861 6
      vertex 31.8015 33.7101 6
    endloop
  endfacet
  facet normal 0 0 1
    outer loop
      vertex 33.0356 31.5019 6
      vertex 31.8015 30.2899 6
      vertex 31.9952 29.8306 6
    endloop
  endfacet
  facet normal 0 0 1
    outer loop
      vertex 33.0356 32.4981 6
      vertex 31.6546 33.2338 6
      vertex 31.5558 32.7452 6
    endloop
  endfacet
  facet normal 0 0 1
    outer loop
      vertex 33.0356 31.5019 6
      vertex 31.6546 30.7662 6
      vertex 31.8015 30.2899 6
    endloop
  endfacet
  facet normal 0 0 1
    outer loop
      vertex 33.0356 32.4981 6
      vertex 31.5558 32.7452 6
      vertex 31.5062 32.2492 6
    endloop
  endfacet
  facet normal 0 0 1
    outer loop
      vertex 33.0356 31.5019 6
      vertex 31.5558 31.2548 6
      vertex 31.6546 30.7662 6
    endloop
  endfacet
  facet normal 0 0 1
    outer loop
      vertex 33 32 6
      vertex 31.5062 32.2492 6
      vertex 31.5062 31.7508 6
    endloop
  endfacet
  facet normal 0 0 1
    outer loop
      vertex 33.0356 31.5019 6
      vertex 31.5062 31.7508 6
      vertex 31.5558 31.2548 6
    endloop
  endfacet
  facet normal -0 0 1
    outer loop
      vertex 39.4444 30.1078 6
      vertex 39.6 28.0783 6
      vertex 39.6 30.3927 6
    endloop
  endfacet
  facet normal -0 0 1
    outer loop
      vertex 39.1451 29.708 6
      vertex 39.6 28.0783 6
      vertex 39.4444 30.1078 6
    endloop
  endfacet
  facet normal -0 0 1
    outer loop
      vertex 38.792 29.3549 6
      vertex 39.6 28.0783 6
      vertex 39.1451 29.708 6
    endloop
  endfacet
  facet normal -0 0 1
    outer loop
      vertex 38.3922 29.0556 6
      vertex 39.6 28.0783 6
      vertex 38.792 29.3549 6
    endloop
  endfacet
  facet normal 0 0 1
    outer loop
      vertex 39.6 28.0783 6
      vertex 38.3922 29.0556 6
      vertex 39.2127 27.7999 6
    endloop
  endfacet
  facet normal 0 0 1
    outer loop
      vertex 39.2127 27.7999 6
      vertex 38.3922 29.0556 6
      vertex 38.7811 27.5506 6
    endloop
  endfacet
  facet normal -0 0 1
    outer loop
      vertex 37.954 28.8163 6
      vertex 38.7811 27.5506 6
      vertex 38.3922 29.0556 6
    endloop
  endfacet
  facet normal 0 0 1
    outer loop
      vertex 38.7811 27.5506 6
      vertex 37.954 28.8163 6
      vertex 38.3267 27.3456 6
    endloop
  endfacet
  facet normal -0 0 1
    outer loop
      vertex 37.4861 28.6418 6
      vertex 38.3267 27.3456 6
      vertex 37.954 28.8163 6
    endloop
  endfacet
  facet normal 0 0 1
    outer loop
      vertex 38.3267 27.3456 6
      vertex 37.4861 28.6418 6
      vertex 37.8542 27.1869 6
    endloop
  endfacet
  facet normal 0 0 1
    outer loop
      vertex 37.4861 28.6418 6
      vertex 37.3682 27.076 6
      vertex 37.8542 27.1869 6
    endloop
  endfacet
  facet normal -0 0 1
    outer loop
      vertex 36.9981 28.5356 6
      vertex 37.3682 27.076 6
      vertex 37.4861 28.6418 6
    endloop
  endfacet
  facet normal 0 0 1
    outer loop
      vertex 36.9981 28.5356 6
      vertex 36.8736 27.014 6
      vertex 37.3682 27.076 6
    endloop
  endfacet
  facet normal -0 0 1
    outer loop
      vertex 36.5 28.5 6
      vertex 36.8736 27.014 6
      vertex 36.9981 28.5356 6
    endloop
  endfacet
  facet normal 0 0 1
    outer loop
      vertex 36.5 28.5 6
      vertex 36.3753 27.0016 6
      vertex 36.8736 27.014 6
    endloop
  endfacet
  facet normal 0 0 1
    outer loop
      vertex 36.0019 28.5356 6
      vertex 36.3753 27.0016 6
      vertex 36.5 28.5 6
    endloop
  endfacet
  facet normal 0 0 1
    outer loop
      vertex 36.0019 28.5356 6
      vertex 35.8783 27.0388 6
      vertex 36.3753 27.0016 6
    endloop
  endfacet
  facet normal 0 0 1
    outer loop
      vertex 35.3874 27.1254 6
      vertex 36.0019 28.5356 6
      vertex 35.5139 28.6418 6
    endloop
  endfacet
  facet normal 0 0 1
    outer loop
      vertex 36.0019 28.5356 6
      vertex 35.3874 27.1254 6
      vertex 35.8783 27.0388 6
    endloop
  endfacet
  facet normal 0 0 1
    outer loop
      vertex 34.9076 27.2604 6
      vertex 35.5139 28.6418 6
      vertex 35.046 28.8163 6
    endloop
  endfacet
  facet normal 0 0 1
    outer loop
      vertex 35.5139 28.6418 6
      vertex 34.9076 27.2604 6
      vertex 35.3874 27.1254 6
    endloop
  endfacet
  facet normal 0 0 1
    outer loop
      vertex 34 27.6699 6
      vertex 35.046 28.8163 6
      vertex 34.6078 29.0556 6
    endloop
  endfacet
  facet normal 0 0 1
    outer loop
      vertex 35.046 28.8163 6
      vertex 34.4436 27.4425 6
      vertex 34.9076 27.2604 6
    endloop
  endfacet
  facet normal 0 0 1
    outer loop
      vertex 33.5813 27.9403 6
      vertex 34.6078 29.0556 6
      vertex 34.208 29.3549 6
    endloop
  endfacet
  facet normal 0 0 1
    outer loop
      vertex 35.046 28.8163 6
      vertex 34 27.6699 6
      vertex 34.4436 27.4425 6
    endloop
  endfacet
  facet normal 0 0 1
    outer loop
      vertex 32.8347 28.5991 6
      vertex 34.208 29.3549 6
      vertex 33.8549 29.708 6
    endloop
  endfacet
  facet normal 0 0 1
    outer loop
      vertex 34.6078 29.0556 6
      vertex 33.5813 27.9403 6
      vertex 34 27.6699 6
    endloop
  endfacet
  facet normal 0 0 1
    outer loop
      vertex 32.5143 28.981 6
      vertex 33.8549 29.708 6
      vertex 33.5556 30.1078 6
    endloop
  endfacet
  facet normal 0 0 1
    outer loop
      vertex 32.5143 28.981 6
      vertex 33.5556 30.1078 6
      vertex 33.3163 30.546 6
    endloop
  endfacet
  facet normal 0 0 1
    outer loop
      vertex 34.208 29.3549 6
      vertex 33.1916 28.2511 6
      vertex 33.5813 27.9403 6
    endloop
  endfacet
  facet normal 0 0 1
    outer loop
      vertex 32.5143 28.981 6
      vertex 33.3163 30.546 6
      vertex 33.1418 31.0139 6
    endloop
  endfacet
  facet normal 0 0 1
    outer loop
      vertex 32.5143 28.981 6
      vertex 33.1418 31.0139 6
      vertex 33.0356 31.5019 6
    endloop
  endfacet
  facet normal -0 0 1
    outer loop
      vertex 31.5062 31.7508 6
      vertex 33.0356 31.5019 6
      vertex 33 32 6
    endloop
  endfacet
  facet normal 0 0 1
    outer loop
      vertex 34.208 29.3549 6
      vertex 32.8347 28.5991 6
      vertex 33.1916 28.2511 6
    endloop
  endfacet
  facet normal 0 0 1
    outer loop
      vertex 38.15 32 6
      vertex 40 32 6
      vertex 39.9644 32.4981 6
    endloop
  endfacet
  facet normal 0 0 1
    outer loop
      vertex 38.0767 32.4863 6
      vertex 39.9644 32.4981 6
      vertex 39.8582 32.9861 6
    endloop
  endfacet
  facet normal 0 0 1
    outer loop
      vertex 40 32 6
      vertex 38.15 32 6
      vertex 39.9644 31.5019 6
    endloop
  endfacet
  facet normal 0 0 1
    outer loop
      vertex 38.0767 32.4863 6
      vertex 39.8582 32.9861 6
      vertex 39.6837 33.454 6
    endloop
  endfacet
  facet normal -0 0 1
    outer loop
      vertex 38.0767 31.5137 6
      vertex 39.9644 31.5019 6
      vertex 38.15 32 6
    endloop
  endfacet
  facet normal 0 0 1
    outer loop
      vertex 39.9644 31.5019 6
      vertex 38.0767 31.5137 6
      vertex 39.8582 31.0139 6
    endloop
  endfacet
  facet normal 0 0 1
    outer loop
      vertex 37.8633 32.9295 6
      vertex 39.6837 33.454 6
      vertex 39.4444 33.8922 6
    endloop
  endfacet
  facet normal 0 0 1
    outer loop
      vertex 39.8582 31.0139 6
      vertex 38.0767 31.5137 6
      vertex 39.6837 30.546 6
    endloop
  endfacet
  facet normal 0 0 1
    outer loop
      vertex 37.8633 32.9295 6
      vertex 39.4444 33.8922 6
      vertex 39.1451 34.292 6
    endloop
  endfacet
  facet normal 0 0 1
    outer loop
      vertex 39.6837 30.546 6
      vertex 38.0767 31.5137 6
      vertex 39.6 30.3927 6
    endloop
  endfacet
  facet normal 0 0 1
    outer loop
      vertex 37.5288 33.29 6
      vertex 39.1451 34.292 6
      vertex 38.792 34.6451 6
    endloop
  endfacet
  facet normal -0 0 1
    outer loop
      vertex 37.8633 31.0705 6
      vertex 39.6 30.3927 6
      vertex 38.0767 31.5137 6
    endloop
  endfacet
  facet normal 0 0 1
    outer loop
      vertex 37.5288 33.29 6
      vertex 38.792 34.6451 6
      vertex 38.3922 34.9444 6
    endloop
  endfacet
  facet normal 0 0 1
    outer loop
      vertex 39.6 30.3927 6
      vertex 37.8633 31.0705 6
      vertex 39.4444 30.1078 6
    endloop
  endfacet
  facet normal 0 0 1
    outer loop
      vertex 39.4444 30.1078 6
      vertex 37.8633 31.0705 6
      vertex 39.1451 29.708 6
    endloop
  endfacet
  facet normal 0 0 1
    outer loop
      vertex 39.9644 32.4981 6
      vertex 38.0767 32.4863 6
      vertex 38.15 32 6
    endloop
  endfacet
  facet normal 0 0 1
    outer loop
      vertex 37.1028 33.5359 6
      vertex 38.3922 34.9444 6
      vertex 37.954 35.1837 6
    endloop
  endfacet
  facet normal 0 0 1
    outer loop
      vertex 39.6837 33.454 6
      vertex 37.8633 32.9295 6
      vertex 38.0767 32.4863 6
    endloop
  endfacet
  facet normal 0 0 1
    outer loop
      vertex 39.1451 34.292 6
      vertex 37.5288 33.29 6
      vertex 37.8633 32.9295 6
    endloop
  endfacet
  facet normal 0 0 1
    outer loop
      vertex 37.1028 33.5359 6
      vertex 37.954 35.1837 6
      vertex 37.4861 35.3582 6
    endloop
  endfacet
  facet normal 0 0 1
    outer loop
      vertex 38.3922 34.9444 6
      vertex 37.1028 33.5359 6
      vertex 37.5288 33.29 6
    endloop
  endfacet
  facet normal 0 0 1
    outer loop
      vertex 36.6233 33.6454 6
      vertex 37.4861 35.3582 6
      vertex 36.9981 35.4644 6
    endloop
  endfacet
  facet normal 0 0 1
    outer loop
      vertex 37.4861 35.3582 6
      vertex 36.6233 33.6454 6
      vertex 37.1028 33.5359 6
    endloop
  endfacet
  facet normal 0 0 1
    outer loop
      vertex 36.5 35.5 6
      vertex 36.6233 33.6454 6
      vertex 36.9981 35.4644 6
    endloop
  endfacet
  facet normal 0 0 1
    outer loop
      vertex 36.5 35.5 6
      vertex 36.1328 33.6086 6
      vertex 36.6233 33.6454 6
    endloop
  endfacet
  facet normal -0 0 1
    outer loop
      vertex 36.0019 35.4644 6
      vertex 36.1328 33.6086 6
      vertex 36.5 35.5 6
    endloop
  endfacet
  facet normal -0 0 1
    outer loop
      vertex 35.5139 35.3582 6
      vertex 36.1328 33.6086 6
      vertex 36.0019 35.4644 6
    endloop
  endfacet
  facet normal -0 0 1
    outer loop
      vertex 35.046 35.1837 6
      vertex 36.1328 33.6086 6
      vertex 35.5139 35.3582 6
    endloop
  endfacet
  facet normal 0 0 1
    outer loop
      vertex 36.1328 33.6086 6
      vertex 35.046 35.1837 6
      vertex 35.675 33.4289 6
    endloop
  endfacet
  facet normal -0 0 1
    outer loop
      vertex 34.6078 34.9444 6
      vertex 35.675 33.4289 6
      vertex 35.046 35.1837 6
    endloop
  endfacet
  facet normal -0 0 1
    outer loop
      vertex 34.208 34.6451 6
      vertex 35.675 33.4289 6
      vertex 34.6078 34.9444 6
    endloop
  endfacet
  facet normal 0 0 1
    outer loop
      vertex 35.675 33.4289 6
      vertex 34.208 34.6451 6
      vertex 35.2905 33.1223 6
    endloop
  endfacet
  facet normal -0 0 1
    outer loop
      vertex 33.8549 34.292 6
      vertex 35.2905 33.1223 6
      vertex 34.161 34.5981 6
    endloop
  endfacet
  facet normal -0 0 1
    outer loop
      vertex 34.161 34.5981 6
      vertex 35.2905 33.1223 6
      vertex 34.208 34.6451 6
    endloop
  endfacet
  facet normal -0 0 1
    outer loop
      vertex 37.5288 30.71 6
      vertex 39.1451 29.708 6
      vertex 37.8633 31.0705 6
    endloop
  endfacet
  facet normal 0 0 1
    outer loop
      vertex 39.1451 29.708 6
      vertex 37.5288 30.71 6
      vertex 38.792 29.3549 6
    endloop
  endfacet
  facet normal 0 0 1
    outer loop
      vertex 38.792 29.3549 6
      vertex 37.5288 30.71 6
      vertex 38.3922 29.0556 6
    endloop
  endfacet
  facet normal -0 0 1
    outer loop
      vertex 37.1028 30.4641 6
      vertex 38.3922 29.0556 6
      vertex 37.5288 30.71 6
    endloop
  endfacet
  facet normal 0 0 1
    outer loop
      vertex 38.3922 29.0556 6
      vertex 37.1028 30.4641 6
      vertex 37.954 28.8163 6
    endloop
  endfacet
  facet normal 0 0 1
    outer loop
      vertex 37.954 28.8163 6
      vertex 37.1028 30.4641 6
      vertex 37.4861 28.6418 6
    endloop
  endfacet
  facet normal -0 0 1
    outer loop
      vertex 36.6233 30.3546 6
      vertex 37.4861 28.6418 6
      vertex 37.1028 30.4641 6
    endloop
  endfacet
  facet normal 0 0 1
    outer loop
      vertex 37.4861 28.6418 6
      vertex 36.6233 30.3546 6
      vertex 36.9981 28.5356 6
    endloop
  endfacet
  facet normal 0 0 1
    outer loop
      vertex 36.6233 30.3546 6
      vertex 36.5 28.5 6
      vertex 36.9981 28.5356 6
    endloop
  endfacet
  facet normal 0 0 1
    outer loop
      vertex 36.1328 30.3914 6
      vertex 36.5 28.5 6
      vertex 36.6233 30.3546 6
    endloop
  endfacet
  facet normal 0 0 1
    outer loop
      vertex 36.1328 30.3914 6
      vertex 36.0019 28.5356 6
      vertex 36.5 28.5 6
    endloop
  endfacet
  facet normal 0 0 1
    outer loop
      vertex 35.046 28.8163 6
      vertex 36.1328 30.3914 6
      vertex 35.675 30.5711 6
    endloop
  endfacet
  facet normal 0 0 1
    outer loop
      vertex 36.1328 30.3914 6
      vertex 35.5139 28.6418 6
      vertex 36.0019 28.5356 6
    endloop
  endfacet
  facet normal 0 0 1
    outer loop
      vertex 34.208 29.3549 6
      vertex 35.675 30.5711 6
      vertex 35.2905 30.8777 6
    endloop
  endfacet
  facet normal 0 0 1
    outer loop
      vertex 36.1328 30.3914 6
      vertex 35.046 28.8163 6
      vertex 35.5139 28.6418 6
    endloop
  endfacet
  facet normal 0 0 1
    outer loop
      vertex 33.5556 30.1078 6
      vertex 35.2905 30.8777 6
      vertex 35.0134 31.2841 6
    endloop
  endfacet
  facet normal 0 0 1
    outer loop
      vertex 33.1418 31.0139 6
      vertex 35.0134 31.2841 6
      vertex 34.8684 31.7541 6
    endloop
  endfacet
  facet normal -0 0 1
    outer loop
      vertex 33.5556 33.8922 6
      vertex 35.2905 33.1223 6
      vertex 33.8549 34.292 6
    endloop
  endfacet
  facet normal 0 0 1
    outer loop
      vertex 35.675 30.5711 6
      vertex 34.6078 29.0556 6
      vertex 35.046 28.8163 6
    endloop
  endfacet
  facet normal 0 0 1
    outer loop
      vertex 35.2905 33.1223 6
      vertex 33.5556 33.8922 6
      vertex 35.0134 32.7159 6
    endloop
  endfacet
  facet normal -0 0 1
    outer loop
      vertex 33.3163 33.454 6
      vertex 35.0134 32.7159 6
      vertex 33.5556 33.8922 6
    endloop
  endfacet
  facet normal 0 0 1
    outer loop
      vertex 35.675 30.5711 6
      vertex 34.208 29.3549 6
      vertex 34.6078 29.0556 6
    endloop
  endfacet
  facet normal -0 0 1
    outer loop
      vertex 33.1418 32.9861 6
      vertex 35.0134 32.7159 6
      vertex 33.3163 33.454 6
    endloop
  endfacet
  facet normal 0 0 1
    outer loop
      vertex 35.2905 30.8777 6
      vertex 33.8549 29.708 6
      vertex 34.208 29.3549 6
    endloop
  endfacet
  facet normal 0 0 1
    outer loop
      vertex 35.0134 32.7159 6
      vertex 33.1418 32.9861 6
      vertex 34.8684 32.2459 6
    endloop
  endfacet
  facet normal 0 0 1
    outer loop
      vertex 35.2905 30.8777 6
      vertex 33.5556 30.1078 6
      vertex 33.8549 29.708 6
    endloop
  endfacet
  facet normal -0 0 1
    outer loop
      vertex 33.0356 32.4981 6
      vertex 34.8684 32.2459 6
      vertex 33.1418 32.9861 6
    endloop
  endfacet
  facet normal 0 0 1
    outer loop
      vertex 35.0134 31.2841 6
      vertex 33.3163 30.546 6
      vertex 33.5556 30.1078 6
    endloop
  endfacet
  facet normal 0 0 1
    outer loop
      vertex 33 32 6
      vertex 34.8684 32.2459 6
      vertex 33.0356 32.4981 6
    endloop
  endfacet
  facet normal 0 0 1
    outer loop
      vertex 35.0134 31.2841 6
      vertex 33.1418 31.0139 6
      vertex 33.3163 30.546 6
    endloop
  endfacet
  facet normal 0 0 1
    outer loop
      vertex 34.8684 32.2459 6
      vertex 33 32 6
      vertex 34.8684 31.7541 6
    endloop
  endfacet
  facet normal 0 0 1
    outer loop
      vertex 34.8684 31.7541 6
      vertex 33.0356 31.5019 6
      vertex 33.1418 31.0139 6
    endloop
  endfacet
  facet normal 0 0 1
    outer loop
      vertex 34.8684 31.7541 6
      vertex 33 32 6
      vertex 33.0356 31.5019 6
    endloop
  endfacet
  facet normal -0.955584 0.29472 0
    outer loop
      vertex 31.6546 33.2338 0
      vertex 31.8015 33.7101 6
      vertex 31.8015 33.7101 0
    endloop
  endfacet
  facet normal -0.955584 0.29472 0
    outer loop
      vertex 31.8015 33.7101 6
      vertex 31.6546 33.2338 0
      vertex 31.6546 33.2338 6
    endloop
  endfacet
  facet normal -0.980162 0.198199 0
    outer loop
      vertex 31.5558 32.7452 0
      vertex 31.6546 33.2338 6
      vertex 31.6546 33.2338 0
    endloop
  endfacet
  facet normal -0.980162 0.198199 0
    outer loop
      vertex 31.6546 33.2338 6
      vertex 31.5558 32.7452 0
      vertex 31.5558 32.7452 6
    endloop
  endfacet
  facet normal -0.878271 0.478163 0
    outer loop
      vertex 31.9952 34.1694 0
      vertex 32.2286 34.5981 6
      vertex 32.2286 34.5981 0
    endloop
  endfacet
  facet normal -0.878271 0.478163 0
    outer loop
      vertex 32.2286 34.5981 6
      vertex 31.9952 34.1694 0
      vertex 31.9952 34.1694 6
    endloop
  endfacet
  facet normal 0.0248769 -0.999691 0
    outer loop
      vertex 36.3753 27.0016 0
      vertex 36.8736 27.014 6
      vertex 36.3753 27.0016 6
    endloop
  endfacet
  facet normal 0.0248769 -0.999691 0
    outer loop
      vertex 36.8736 27.014 6
      vertex 36.3753 27.0016 0
      vertex 36.8736 27.014 0
    endloop
  endfacet
  facet normal -0.955584 -0.29472 0
    outer loop
      vertex 31.8015 30.2899 0
      vertex 31.6546 30.7662 6
      vertex 31.6546 30.7662 0
    endloop
  endfacet
  facet normal -0.955584 -0.29472 0
    outer loop
      vertex 31.6546 30.7662 6
      vertex 31.8015 30.2899 0
      vertex 31.8015 30.2899 6
    endloop
  endfacet
  facet normal -0.878317 -0.478079 0
    outer loop
      vertex 32.2335 29.3928 0
      vertex 31.9952 29.8306 6
      vertex 31.9952 29.8306 0
    endloop
  endfacet
  facet normal -0.878317 -0.478079 0
    outer loop
      vertex 31.9952 29.8306 6
      vertex 32.2335 29.3928 0
      vertex 32.2335 29.3928 6
    endloop
  endfacet
  facet normal 0.12438 -0.992235 0
    outer loop
      vertex 36.8736 27.014 0
      vertex 37.3682 27.076 6
      vertex 36.8736 27.014 6
    endloop
  endfacet
  facet normal 0.12438 -0.992235 0
    outer loop
      vertex 37.3682 27.076 6
      vertex 36.8736 27.014 0
      vertex 37.3682 27.076 0
    endloop
  endfacet
  facet normal 0.222471 -0.974939 0
    outer loop
      vertex 37.3682 27.076 0
      vertex 37.8542 27.1869 6
      vertex 37.3682 27.076 6
    endloop
  endfacet
  facet normal 0.222471 -0.974939 0
    outer loop
      vertex 37.8542 27.1869 6
      vertex 37.3682 27.076 0
      vertex 37.8542 27.1869 0
    endloop
  endfacet
  facet normal -0.995037 -0.0995037 0
    outer loop
      vertex 31.5558 31.2548 0
      vertex 31.5062 31.7508 6
      vertex 31.5062 31.7508 0
    endloop
  endfacet
  facet normal -0.995037 -0.0995037 0
    outer loop
      vertex 31.5062 31.7508 6
      vertex 31.5558 31.2548 0
      vertex 31.5558 31.2548 6
    endloop
  endfacet
  facet normal -0.921412 -0.388586 0
    outer loop
      vertex 31.9952 29.8306 0
      vertex 31.8015 30.2899 6
      vertex 31.8015 30.2899 0
    endloop
  endfacet
  facet normal -0.921412 -0.388586 0
    outer loop
      vertex 31.8015 30.2899 6
      vertex 31.9952 29.8306 0
      vertex 31.9952 29.8306 6
    endloop
  endfacet
  facet normal 0.411232 -0.911531 0
    outer loop
      vertex 38.3267 27.3456 0
      vertex 38.7811 27.5506 6
      vertex 38.3267 27.3456 6
    endloop
  endfacet
  facet normal 0.411232 -0.911531 0
    outer loop
      vertex 38.7811 27.5506 6
      vertex 38.3267 27.3456 0
      vertex 38.7811 27.5506 0
    endloop
  endfacet
  facet normal -0.0746403 -0.997211 0
    outer loop
      vertex 35.8783 27.0388 0
      vertex 36.3753 27.0016 6
      vertex 35.8783 27.0388 6
    endloop
  endfacet
  facet normal -0.0746403 -0.997211 -0
    outer loop
      vertex 36.3753 27.0016 6
      vertex 35.8783 27.0388 0
      vertex 36.3753 27.0016 0
    endloop
  endfacet
  facet normal -0.766096 -0.642726 0
    outer loop
      vertex 32.8347 28.5991 0
      vertex 32.5143 28.981 6
      vertex 32.5143 28.981 0
    endloop
  endfacet
  facet normal -0.766096 -0.642726 0
    outer loop
      vertex 32.5143 28.981 6
      vertex 32.8347 28.5991 0
      vertex 32.8347 28.5991 6
    endloop
  endfacet
  facet normal -0.698123 -0.715978 0
    outer loop
      vertex 32.8347 28.5991 0
      vertex 33.1916 28.2511 6
      vertex 32.8347 28.5991 6
    endloop
  endfacet
  facet normal -0.698123 -0.715978 -0
    outer loop
      vertex 33.1916 28.2511 6
      vertex 32.8347 28.5991 0
      vertex 33.1916 28.2511 0
    endloop
  endfacet
  facet normal -0.980162 -0.198199 0
    outer loop
      vertex 31.6546 30.7662 0
      vertex 31.5558 31.2548 6
      vertex 31.5558 31.2548 0
    endloop
  endfacet
  facet normal -0.980162 -0.198199 0
    outer loop
      vertex 31.5558 31.2548 6
      vertex 31.6546 30.7662 0
      vertex 31.6546 30.7662 6
    endloop
  endfacet
  facet normal 0.318394 -0.947959 0
    outer loop
      vertex 37.8542 27.1869 0
      vertex 38.3267 27.3456 6
      vertex 37.8542 27.1869 6
    endloop
  endfacet
  facet normal 0.318394 -0.947959 0
    outer loop
      vertex 38.3267 27.3456 6
      vertex 37.8542 27.1869 0
      vertex 38.3267 27.3456 0
    endloop
  endfacet
  facet normal 0.583675 -0.811987 0
    outer loop
      vertex 39.2127 27.7999 0
      vertex 39.6 28.0783 6
      vertex 39.2127 27.7999 6
    endloop
  endfacet
  facet normal 0.583675 -0.811987 0
    outer loop
      vertex 39.6 28.0783 6
      vertex 39.2127 27.7999 0
      vertex 39.6 28.0783 0
    endloop
  endfacet
  facet normal 0.500174 -0.865925 0
    outer loop
      vertex 38.7811 27.5506 0
      vertex 39.2127 27.7999 6
      vertex 38.7811 27.5506 6
    endloop
  endfacet
  facet normal 0.500174 -0.865925 0
    outer loop
      vertex 39.2127 27.7999 6
      vertex 38.7811 27.5506 0
      vertex 39.2127 27.7999 0
    endloop
  endfacet
  facet normal -0.62352 -0.781807 0
    outer loop
      vertex 33.1916 28.2511 0
      vertex 33.5813 27.9403 6
      vertex 33.1916 28.2511 6
    endloop
  endfacet
  facet normal -0.62352 -0.781807 -0
    outer loop
      vertex 33.5813 27.9403 6
      vertex 33.1916 28.2511 0
      vertex 33.5813 27.9403 0
    endloop
  endfacet
  facet normal -0.456178 -0.889888 0
    outer loop
      vertex 34 27.6699 0
      vertex 34.4436 27.4425 6
      vertex 34 27.6699 6
    endloop
  endfacet
  facet normal -0.456178 -0.889888 -0
    outer loop
      vertex 34.4436 27.4425 6
      vertex 34 27.6699 0
      vertex 34.4436 27.4425 0
    endloop
  endfacet
  facet normal -0.542511 -0.840049 0
    outer loop
      vertex 33.5813 27.9403 0
      vertex 34 27.6699 6
      vertex 33.5813 27.9403 6
    endloop
  endfacet
  facet normal -0.542511 -0.840049 -0
    outer loop
      vertex 34 27.6699 6
      vertex 33.5813 27.9403 0
      vertex 34 27.6699 0
    endloop
  endfacet
  facet normal -0.27085 -0.962622 0
    outer loop
      vertex 34.9076 27.2604 0
      vertex 35.3874 27.1254 6
      vertex 34.9076 27.2604 6
    endloop
  endfacet
  facet normal -0.27085 -0.962622 -0
    outer loop
      vertex 35.3874 27.1254 6
      vertex 34.9076 27.2604 0
      vertex 35.3874 27.1254 0
    endloop
  endfacet
  facet normal -0.826202 -0.563374 0
    outer loop
      vertex 32.5143 28.981 0
      vertex 32.2335 29.3928 6
      vertex 32.2335 29.3928 0
    endloop
  endfacet
  facet normal -0.826202 -0.563374 0
    outer loop
      vertex 32.2335 29.3928 6
      vertex 32.5143 28.981 0
      vertex 32.5143 28.981 6
    endloop
  endfacet
  facet normal -0.36533 -0.930878 0
    outer loop
      vertex 34.4436 27.4425 0
      vertex 34.9076 27.2604 6
      vertex 34.4436 27.4425 6
    endloop
  endfacet
  facet normal -0.36533 -0.930878 -0
    outer loop
      vertex 34.9076 27.2604 6
      vertex 34.4436 27.4425 0
      vertex 34.9076 27.2604 0
    endloop
  endfacet
  facet normal -0.173728 -0.984794 0
    outer loop
      vertex 35.3874 27.1254 0
      vertex 35.8783 27.0388 6
      vertex 35.3874 27.1254 6
    endloop
  endfacet
  facet normal -0.173728 -0.984794 -0
    outer loop
      vertex 35.8783 27.0388 6
      vertex 35.3874 27.1254 0
      vertex 35.8783 27.0388 0
    endloop
  endfacet
  facet normal -1 0 0
    outer loop
      vertex -30.8 -22.9 18
      vertex -30.8 -21 0
      vertex -30.8 -22.9 15
    endloop
  endfacet
  facet normal -1 0 0
    outer loop
      vertex -30.8 -23 0
      vertex -30.8 -22.9 15
      vertex -30.8 -21 0
    endloop
  endfacet
  facet normal -1 -0 0
    outer loop
      vertex -30.8 -22.9 15
      vertex -30.8 -23 0
      vertex -30.8 -23 15
    endloop
  endfacet
  facet normal -1 0 0
    outer loop
      vertex -30.8 -21 0
      vertex -30.8 -22.9 18
      vertex -30.8 -21 59.6
    endloop
  endfacet
  facet normal -1 -0 0
    outer loop
      vertex -30.8 -21 59.6
      vertex -30.8 -22.9 18
      vertex -30.8 -22.9 59.6
    endloop
  endfacet
  facet normal 1 0 0
    outer loop
      vertex 30.8 -22.9 18
      vertex 30.8 -21 59.6
      vertex 30.8 -22.9 59.6
    endloop
  endfacet
  facet normal 1 0 0
    outer loop
      vertex 30.8 -21 59.6
      vertex 30.8 -22.9 18
      vertex 30.8 -21 0
    endloop
  endfacet
  facet normal 1 -0 0
    outer loop
      vertex 30.8 -22.9 15
      vertex 30.8 -21 0
      vertex 30.8 -22.9 18
    endloop
  endfacet
  facet normal 1 0 0
    outer loop
      vertex 30.8 -23 0
      vertex 30.8 -22.9 15
      vertex 30.8 -23 15
    endloop
  endfacet
  facet normal 1 0 0
    outer loop
      vertex 30.8 -22.9 15
      vertex 30.8 -23 0
      vertex 30.8 -21 0
    endloop
  endfacet
  facet normal 0 1 0
    outer loop
      vertex 30.8 -21 59.6
      vertex 6 -21 15.6
      vertex -30.8 -21 59.6
    endloop
  endfacet
  facet normal 0 1 -0
    outer loop
      vertex 30.8 -21 0
      vertex 6 -21 15.6
      vertex 30.8 -21 59.6
    endloop
  endfacet
  facet normal 0 1 0
    outer loop
      vertex 6 -21 2.4
      vertex 30.8 -21 0
      vertex -6 -21 2.4
    endloop
  endfacet
  facet normal 0 1 0
    outer loop
      vertex 6 -21 15.6
      vertex 30.8 -21 0
      vertex 6 -21 2.4
    endloop
  endfacet
  facet normal 0 1 -0
    outer loop
      vertex -6 -21 15.6
      vertex -30.8 -21 59.6
      vertex 6 -21 15.6
    endloop
  endfacet
  facet normal 0 1 0
    outer loop
      vertex -30.8 -21 0
      vertex -6 -21 15.6
      vertex -6 -21 2.4
    endloop
  endfacet
  facet normal 0 1 0
    outer loop
      vertex -6 -21 15.6
      vertex -30.8 -21 0
      vertex -30.8 -21 59.6
    endloop
  endfacet
  facet normal 0 1 0
    outer loop
      vertex -30.8 -21 0
      vertex -6 -21 2.4
      vertex 30.8 -21 0
    endloop
  endfacet
  facet normal 0 0 -1
    outer loop
      vertex -30.8 -23 0
      vertex 30.8 -21 0
      vertex 30.8 -23 0
    endloop
  endfacet
  facet normal -0 0 -1
    outer loop
      vertex 30.8 -21 0
      vertex -30.8 -23 0
      vertex -30.8 -21 0
    endloop
  endfacet
  facet normal 0 -1 0
    outer loop
      vertex -26.8 -23 59.6
      vertex -26.1 -23 59.4
      vertex -26.1 -23 59.6
    endloop
  endfacet
  facet normal 0 -1 0
    outer loop
      vertex -24.25 -23 18
      vertex -26.1 -23 59.4
      vertex -26.8 -23 18
    endloop
  endfacet
  facet normal 0 -1 0
    outer loop
      vertex -26.8 -23 18
      vertex -26.1 -23 59.4
      vertex -26.8 -23 59.6
    endloop
  endfacet
  facet normal 0 -1 0
    outer loop
      vertex 26.1 -23 59.4
      vertex 26.8 -23 59.6
      vertex 26.1 -23 59.6
    endloop
  endfacet
  facet normal 0 -1 0
    outer loop
      vertex -6 -23 15.6
      vertex -26.1 -23 59.4
      vertex -24.25 -23 18
    endloop
  endfacet
  facet normal 0 -1 0
    outer loop
      vertex -26.1 -23 59.4
      vertex -6 -23 15.6
      vertex 26.1 -23 59.4
    endloop
  endfacet
  facet normal 0 -1 0
    outer loop
      vertex 6 -23 15.6
      vertex 26.1 -23 59.4
      vertex -6 -23 15.6
    endloop
  endfacet
  facet normal 0 -1 0
    outer loop
      vertex 26.1 -23 59.4
      vertex 26.8 -23 18
      vertex 26.8 -23 59.6
    endloop
  endfacet
  facet normal 0 -1 0
    outer loop
      vertex -30.8 -23 0
      vertex -24.25 -23 15
      vertex -30.8 -23 15
    endloop
  endfacet
  facet normal 0 -1 -0
    outer loop
      vertex -6 -23 2.4
      vertex -30.8 -23 0
      vertex 6 -23 2.4
    endloop
  endfacet
  facet normal 0 -1 -0
    outer loop
      vertex -24.25 -23 15
      vertex -30.8 -23 0
      vertex -6 -23 2.4
    endloop
  endfacet
  facet normal -0 -1 0
    outer loop
      vertex 24.25 -23 18
      vertex 26.1 -23 59.4
      vertex 6 -23 15.6
    endloop
  endfacet
  facet normal 0 -1 0
    outer loop
      vertex -24.25 -23 15
      vertex -6 -23 15.6
      vertex -24.25 -23 18
    endloop
  endfacet
  facet normal 0 -1 -0
    outer loop
      vertex -6 -23 15.6
      vertex -24.25 -23 15
      vertex -6 -23 2.4
    endloop
  endfacet
  facet normal 0 -1 0
    outer loop
      vertex 26.8 -23 18
      vertex 26.1 -23 59.4
      vertex 24.25 -23 18
    endloop
  endfacet
  facet normal 0 -1 0
    outer loop
      vertex 6 -23 15.6
      vertex 24.25 -23 15
      vertex 24.25 -23 18
    endloop
  endfacet
  facet normal 0 -1 0
    outer loop
      vertex 6 -23 2.4
      vertex 24.25 -23 15
      vertex 6 -23 15.6
    endloop
  endfacet
  facet normal 0 -1 0
    outer loop
      vertex 30.8 -23 0
      vertex 24.25 -23 15
      vertex 6 -23 2.4
    endloop
  endfacet
  facet normal 0 -1 0
    outer loop
      vertex 24.25 -23 15
      vertex 30.8 -23 0
      vertex 30.8 -23 15
    endloop
  endfacet
  facet normal 0 -1 0
    outer loop
      vertex 30.8 -23 0
      vertex 6 -23 2.4
      vertex -30.8 -23 0
    endloop
  endfacet
  facet normal 0 -1 0
    outer loop
      vertex -26.1 -23 59.6
      vertex 26.1 -23 62
      vertex -26.1 -23 62
    endloop
  endfacet
  facet normal 0 -1 0
    outer loop
      vertex -26.1 -23 59.6
      vertex 26.1 -23 59.6
      vertex 26.1 -23 62
    endloop
  endfacet
  facet normal 0 -1 0
    outer loop
      vertex -26.1 -23 59.4
      vertex 26.1 -23 59.6
      vertex -26.1 -23 59.6
    endloop
  endfacet
  facet normal 0 -1 -0
    outer loop
      vertex 26.1 -23 59.6
      vertex -26.1 -23 59.4
      vertex 26.1 -23 59.4
    endloop
  endfacet
  facet normal -0.599295 -0.800528 0
    outer loop
      vertex -34.6078 -29.0556 15
      vertex -34.208 -29.3549 18
      vertex -34.6078 -29.0556 18
    endloop
  endfacet
  facet normal -0.599295 -0.800528 -0
    outer loop
      vertex -34.208 -29.3549 18
      vertex -34.6078 -29.0556 15
      vertex -34.208 -29.3549 15
    endloop
  endfacet
  facet normal -0.599295 -0.800528 0
    outer loop
      vertex -34.6078 -29.0556 59.6
      vertex -34.208 -29.3549 62
      vertex -34.6078 -29.0556 62
    endloop
  endfacet
  facet normal -0.599295 -0.800528 -0
    outer loop
      vertex -34.208 -29.3549 62
      vertex -34.6078 -29.0556 59.6
      vertex -34.208 -29.3549 59.6
    endloop
  endfacet
  facet normal -0.977129 0.212646 0
    outer loop
      vertex -33.1418 -32.9861 15
      vertex -33.0356 -32.4981 18
      vertex -33.0356 -32.4981 15
    endloop
  endfacet
  facet normal -0.977129 0.212646 0
    outer loop
      vertex -33.0356 -32.4981 18
      vertex -33.1418 -32.9861 15
      vertex -33.1418 -32.9861 18
    endloop
  endfacet
  facet normal -0.977129 0.212646 0
    outer loop
      vertex -33.1418 -32.9861 59.6
      vertex -33.0356 -32.4981 62
      vertex -33.0356 -32.4981 59.6
    endloop
  endfacet
  facet normal -0.977129 0.212646 0
    outer loop
      vertex -33.0356 -32.4981 62
      vertex -33.1418 -32.9861 59.6
      vertex -33.1418 -32.9861 62
    endloop
  endfacet
  facet normal 0.349433 0.936961 -0
    outer loop
      vertex -37.4861 -35.3582 6
      vertex -37.954 -35.1837 62
      vertex -37.4861 -35.3582 62
    endloop
  endfacet
  facet normal 0.349433 0.936961 0
    outer loop
      vertex -37.954 -35.1837 62
      vertex -37.4861 -35.3582 6
      vertex -37.954 -35.1837 6
    endloop
  endfacet
  facet normal 0.479287 -0.877658 0
    outer loop
      vertex -38.3922 -29.0556 59.6
      vertex -37.954 -28.8163 62
      vertex -38.3922 -29.0556 62
    endloop
  endfacet
  facet normal 0.479287 -0.877658 0
    outer loop
      vertex -37.954 -28.8163 62
      vertex -38.3922 -29.0556 59.6
      vertex -37.954 -28.8163 59.6
    endloop
  endfacet
  facet normal 0.936961 -0.349433 0
    outer loop
      vertex -39.8582 -31.0139 62
      vertex -39.6837 -30.546 6
      vertex -39.6837 -30.546 62
    endloop
  endfacet
  facet normal 0.936961 -0.349433 0
    outer loop
      vertex -39.6837 -30.546 6
      vertex -39.8582 -31.0139 62
      vertex -39.8582 -31.0139 6
    endloop
  endfacet
  facet normal 0.479287 0.877658 -0
    outer loop
      vertex -37.954 -35.1837 6
      vertex -38.3922 -34.9444 62
      vertex -37.954 -35.1837 62
    endloop
  endfacet
  facet normal 0.479287 0.877658 0
    outer loop
      vertex -38.3922 -34.9444 62
      vertex -37.954 -35.1837 6
      vertex -38.3922 -34.9444 6
    endloop
  endfacet
  facet normal -0.877658 -0.479287 0
    outer loop
      vertex -33.3163 -30.546 15
      vertex -33.5556 -30.1078 18
      vertex -33.5556 -30.1078 15
    endloop
  endfacet
  facet normal -0.877658 -0.479287 0
    outer loop
      vertex -33.5556 -30.1078 18
      vertex -33.3163 -30.546 15
      vertex -33.3163 -30.546 18
    endloop
  endfacet
  facet normal -0.877658 -0.479287 0
    outer loop
      vertex -33.3163 -30.546 59.6
      vertex -33.5556 -30.1078 62
      vertex -33.5556 -30.1078 59.6
    endloop
  endfacet
  facet normal -0.877658 -0.479287 0
    outer loop
      vertex -33.5556 -30.1078 62
      vertex -33.3163 -30.546 59.6
      vertex -33.3163 -30.546 62
    endloop
  endfacet
  facet normal -0.977129 -0.212646 0
    outer loop
      vertex -33.0356 -31.5019 15
      vertex -33.1418 -31.0139 18
      vertex -33.1418 -31.0139 15
    endloop
  endfacet
  facet normal -0.977129 -0.212646 0
    outer loop
      vertex -33.1418 -31.0139 18
      vertex -33.0356 -31.5019 15
      vertex -33.0356 -31.5019 18
    endloop
  endfacet
  facet normal -0.977129 -0.212646 0
    outer loop
      vertex -33.0356 -31.5019 59.6
      vertex -33.1418 -31.0139 62
      vertex -33.1418 -31.0139 59.6
    endloop
  endfacet
  facet normal -0.977129 -0.212646 0
    outer loop
      vertex -33.1418 -31.0139 62
      vertex -33.0356 -31.5019 59.6
      vertex -33.0356 -31.5019 62
    endloop
  endfacet
  facet normal -0.800528 -0.599295 0
    outer loop
      vertex -33.5556 -30.1078 15
      vertex -33.8549 -29.708 18
      vertex -33.8549 -29.708 15
    endloop
  endfacet
  facet normal -0.800528 -0.599295 0
    outer loop
      vertex -33.8549 -29.708 18
      vertex -33.5556 -30.1078 15
      vertex -33.5556 -30.1078 18
    endloop
  endfacet
  facet normal -0.800528 -0.599295 0
    outer loop
      vertex -33.5556 -30.1078 59.6
      vertex -33.8549 -29.708 62
      vertex -33.8549 -29.708 59.6
    endloop
  endfacet
  facet normal -0.800528 -0.599295 0
    outer loop
      vertex -33.8549 -29.708 62
      vertex -33.5556 -30.1078 59.6
      vertex -33.5556 -30.1078 62
    endloop
  endfacet
  facet normal -0.707107 -0.707107 0
    outer loop
      vertex -33.8549 -29.708 15
      vertex -34.208 -29.3549 18
      vertex -34.208 -29.3549 15
    endloop
  endfacet
  facet normal -0.707107 -0.707107 0
    outer loop
      vertex -34.208 -29.3549 18
      vertex -33.8549 -29.708 15
      vertex -33.8549 -29.708 18
    endloop
  endfacet
  facet normal -0.707107 -0.707107 0
    outer loop
      vertex -33.8549 -29.708 59.6
      vertex -34.208 -29.3549 62
      vertex -34.208 -29.3549 59.6
    endloop
  endfacet
  facet normal -0.707107 -0.707107 0
    outer loop
      vertex -34.208 -29.3549 62
      vertex -33.8549 -29.708 59.6
      vertex -33.8549 -29.708 62
    endloop
  endfacet
  facet normal -0.349433 -0.936961 0
    outer loop
      vertex -35.5139 -28.6418 15
      vertex -35.046 -28.8163 18
      vertex -35.5139 -28.6418 18
    endloop
  endfacet
  facet normal -0.349433 -0.936961 -0
    outer loop
      vertex -35.046 -28.8163 18
      vertex -35.5139 -28.6418 15
      vertex -35.046 -28.8163 15
    endloop
  endfacet
  facet normal -0.349433 -0.936961 0
    outer loop
      vertex -35.5139 -28.6418 59.6
      vertex -35.046 -28.8163 62
      vertex -35.5139 -28.6418 62
    endloop
  endfacet
  facet normal -0.349433 -0.936961 -0
    outer loop
      vertex -35.046 -28.8163 62
      vertex -35.5139 -28.6418 59.6
      vertex -35.046 -28.8163 59.6
    endloop
  endfacet
  facet normal 0.997456 -0.0712897 0
    outer loop
      vertex -40 -32 62
      vertex -39.9644 -31.5019 6
      vertex -39.9644 -31.5019 62
    endloop
  endfacet
  facet normal 0.997456 -0.0712897 0
    outer loop
      vertex -39.9644 -31.5019 6
      vertex -40 -32 62
      vertex -40 -32 6
    endloop
  endfacet
  facet normal 0.800528 -0.599295 0
    outer loop
      vertex -39.4444 -30.1078 62
      vertex -39.1451 -29.708 59.6
      vertex -39.1451 -29.708 62
    endloop
  endfacet
  facet normal 0.800528 -0.599295 0
    outer loop
      vertex -39.1451 -29.708 59.6
      vertex -39.4444 -30.1078 62
      vertex -39.4444 -30.1078 59.6
    endloop
  endfacet
  facet normal 0.599295 -0.800528 0
    outer loop
      vertex -38.792 -29.3549 59.6
      vertex -38.3922 -29.0556 62
      vertex -38.792 -29.3549 62
    endloop
  endfacet
  facet normal 0.599295 -0.800528 0
    outer loop
      vertex -38.3922 -29.0556 62
      vertex -38.792 -29.3549 59.6
      vertex -38.3922 -29.0556 59.6
    endloop
  endfacet
  facet normal 0.212646 -0.977129 0
    outer loop
      vertex -37.4861 -28.6418 59.6
      vertex -36.9981 -28.5356 62
      vertex -37.4861 -28.6418 62
    endloop
  endfacet
  facet normal 0.212646 -0.977129 0
    outer loop
      vertex -36.9981 -28.5356 62
      vertex -37.4861 -28.6418 59.6
      vertex -36.9981 -28.5356 59.6
    endloop
  endfacet
  facet normal 0.707107 -0.707107 0
    outer loop
      vertex -39.1451 -29.708 62
      vertex -38.792 -29.3549 59.6
      vertex -38.792 -29.3549 62
    endloop
  endfacet
  facet normal 0.707107 -0.707107 0
    outer loop
      vertex -38.792 -29.3549 59.6
      vertex -39.1451 -29.708 62
      vertex -39.1451 -29.708 59.6
    endloop
  endfacet
  facet normal -0.997456 0.0712897 0
    outer loop
      vertex -33.0356 -32.4981 15
      vertex -33 -32 18
      vertex -33 -32 15
    endloop
  endfacet
  facet normal -0.997456 0.0712897 0
    outer loop
      vertex -33 -32 18
      vertex -33.0356 -32.4981 15
      vertex -33.0356 -32.4981 18
    endloop
  endfacet
  facet normal -0.997456 0.0712897 0
    outer loop
      vertex -33.0356 -32.4981 59.6
      vertex -33 -32 62
      vertex -33 -32 59.6
    endloop
  endfacet
  facet normal -0.997456 0.0712897 0
    outer loop
      vertex -33 -32 62
      vertex -33.0356 -32.4981 59.6
      vertex -33.0356 -32.4981 62
    endloop
  endfacet
  facet normal -0.349433 0.936961 0
    outer loop
      vertex -35.046 -35.1837 6
      vertex -35.5139 -35.3582 62
      vertex -35.046 -35.1837 62
    endloop
  endfacet
  facet normal -0.349433 0.936961 0
    outer loop
      vertex -35.5139 -35.3582 62
      vertex -35.046 -35.1837 6
      vertex -35.5139 -35.3582 6
    endloop
  endfacet
  facet normal -0.800528 0.599295 0
    outer loop
      vertex -33.8549 -34.292 15
      vertex -33.5556 -33.8922 18
      vertex -33.5556 -33.8922 15
    endloop
  endfacet
  facet normal -0.800528 0.599295 0
    outer loop
      vertex -33.5556 -33.8922 18
      vertex -33.8549 -34.292 15
      vertex -33.8549 -34.292 18
    endloop
  endfacet
  facet normal -0.800528 0.599295 0
    outer loop
      vertex -33.8549 -34.292 59.6
      vertex -33.5556 -33.8922 62
      vertex -33.5556 -33.8922 59.6
    endloop
  endfacet
  facet normal -0.800528 0.599295 0
    outer loop
      vertex -33.5556 -33.8922 62
      vertex -33.8549 -34.292 59.6
      vertex -33.8549 -34.292 62
    endloop
  endfacet
  facet normal 0.212646 0.977129 -0
    outer loop
      vertex -36.9981 -35.4644 6
      vertex -37.4861 -35.3582 62
      vertex -36.9981 -35.4644 62
    endloop
  endfacet
  facet normal 0.212646 0.977129 0
    outer loop
      vertex -37.4861 -35.3582 62
      vertex -36.9981 -35.4644 6
      vertex -37.4861 -35.3582 6
    endloop
  endfacet
  facet normal 0.707107 0.707107 0
    outer loop
      vertex -38.792 -34.6451 62
      vertex -39.1451 -34.292 6
      vertex -39.1451 -34.292 62
    endloop
  endfacet
  facet normal 0.707107 0.707107 0
    outer loop
      vertex -39.1451 -34.292 6
      vertex -38.792 -34.6451 62
      vertex -38.792 -34.6451 6
    endloop
  endfacet
  facet normal 0.936961 0.349433 0
    outer loop
      vertex -39.6837 -33.454 62
      vertex -39.8582 -32.9861 6
      vertex -39.8582 -32.9861 62
    endloop
  endfacet
  facet normal 0.936961 0.349433 0
    outer loop
      vertex -39.8582 -32.9861 6
      vertex -39.6837 -33.454 62
      vertex -39.6837 -33.454 6
    endloop
  endfacet
  facet normal 0.997456 0.0712897 0
    outer loop
      vertex -39.9644 -32.4981 62
      vertex -40 -32 6
      vertex -40 -32 62
    endloop
  endfacet
  facet normal 0.997456 0.0712897 0
    outer loop
      vertex -40 -32 6
      vertex -39.9644 -32.4981 62
      vertex -39.9644 -32.4981 6
    endloop
  endfacet
  facet normal -0.936961 -0.349433 0
    outer loop
      vertex -33.1418 -31.0139 15
      vertex -33.3163 -30.546 18
      vertex -33.3163 -30.546 15
    endloop
  endfacet
  facet normal -0.936961 -0.349433 0
    outer loop
      vertex -33.3163 -30.546 18
      vertex -33.1418 -31.0139 15
      vertex -33.1418 -31.0139 18
    endloop
  endfacet
  facet normal -0.936961 -0.349433 0
    outer loop
      vertex -33.1418 -31.0139 59.6
      vertex -33.3163 -30.546 62
      vertex -33.3163 -30.546 59.6
    endloop
  endfacet
  facet normal -0.936961 -0.349433 0
    outer loop
      vertex -33.3163 -30.546 62
      vertex -33.1418 -31.0139 59.6
      vertex -33.1418 -31.0139 62
    endloop
  endfacet
  facet normal -0.479287 -0.877658 0
    outer loop
      vertex -35.046 -28.8163 15
      vertex -34.6078 -29.0556 18
      vertex -35.046 -28.8163 18
    endloop
  endfacet
  facet normal -0.479287 -0.877658 -0
    outer loop
      vertex -34.6078 -29.0556 18
      vertex -35.046 -28.8163 15
      vertex -34.6078 -29.0556 15
    endloop
  endfacet
  facet normal -0.479287 -0.877658 0
    outer loop
      vertex -35.046 -28.8163 59.6
      vertex -34.6078 -29.0556 62
      vertex -35.046 -28.8163 62
    endloop
  endfacet
  facet normal -0.479287 -0.877658 -0
    outer loop
      vertex -34.6078 -29.0556 62
      vertex -35.046 -28.8163 59.6
      vertex -34.6078 -29.0556 59.6
    endloop
  endfacet
  facet normal 0.0712897 -0.997456 0
    outer loop
      vertex -36.9981 -28.5356 59.6
      vertex -36.5 -28.5 62
      vertex -36.9981 -28.5356 62
    endloop
  endfacet
  facet normal 0.0712897 -0.997456 0
    outer loop
      vertex -36.5 -28.5 62
      vertex -36.9981 -28.5356 59.6
      vertex -36.5 -28.5 59.6
    endloop
  endfacet
  facet normal -0.212722 -0.977113 0
    outer loop
      vertex -35.75 -28.5904 15
      vertex -35.5139 -28.6418 18
      vertex -35.75 -28.5904 18
    endloop
  endfacet
  facet normal -0.212722 -0.977113 -0
    outer loop
      vertex -35.5139 -28.6418 18
      vertex -35.75 -28.5904 15
      vertex -35.5139 -28.6418 15
    endloop
  endfacet
  facet normal -0.212646 -0.977129 0
    outer loop
      vertex -36.0019 -28.5356 59.6
      vertex -35.5139 -28.6418 62
      vertex -36.0019 -28.5356 62
    endloop
  endfacet
  facet normal -0.212646 -0.977129 -0
    outer loop
      vertex -35.5139 -28.6418 62
      vertex -36.0019 -28.5356 59.6
      vertex -35.5139 -28.6418 59.6
    endloop
  endfacet
  facet normal 0.977129 -0.212646 0
    outer loop
      vertex -39.9644 -31.5019 62
      vertex -39.8582 -31.0139 6
      vertex -39.8582 -31.0139 62
    endloop
  endfacet
  facet normal 0.977129 -0.212646 0
    outer loop
      vertex -39.8582 -31.0139 6
      vertex -39.9644 -31.5019 62
      vertex -39.9644 -31.5019 6
    endloop
  endfacet
  facet normal 0.877648 -0.479306 0
    outer loop
      vertex -39.4444 -30.1078 62
      vertex -39.5924 -30.3788 59.6
      vertex -39.4444 -30.1078 59.6
    endloop
  endfacet
  facet normal 0.877658 -0.479287 -2.75395e-06
    outer loop
      vertex -39.6837 -30.546 62
      vertex -39.5924 -30.3788 59.6
      vertex -39.4444 -30.1078 62
    endloop
  endfacet
  facet normal 0.877675 -0.479257 0
    outer loop
      vertex -39.6837 -30.546 6
      vertex -39.5924 -30.3788 59.6
      vertex -39.6837 -30.546 62
    endloop
  endfacet
  facet normal 0.877675 -0.479257 0
    outer loop
      vertex -39.5924 -30.3788 59.6
      vertex -39.6837 -30.546 6
      vertex -39.5924 -30.3788 6
    endloop
  endfacet
  facet normal 0.349433 -0.936961 0
    outer loop
      vertex -37.954 -28.8163 59.6
      vertex -37.4861 -28.6418 62
      vertex -37.954 -28.8163 62
    endloop
  endfacet
  facet normal 0.349433 -0.936961 0
    outer loop
      vertex -37.4861 -28.6418 62
      vertex -37.954 -28.8163 59.6
      vertex -37.4861 -28.6418 59.6
    endloop
  endfacet
  facet normal -0.997456 -0.0712897 0
    outer loop
      vertex -33 -32 15
      vertex -33.0356 -31.5019 18
      vertex -33.0356 -31.5019 15
    endloop
  endfacet
  facet normal -0.997456 -0.0712897 0
    outer loop
      vertex -33.0356 -31.5019 18
      vertex -33 -32 15
      vertex -33 -32 18
    endloop
  endfacet
  facet normal -0.997456 -0.0712897 0
    outer loop
      vertex -33 -32 59.6
      vertex -33.0356 -31.5019 62
      vertex -33.0356 -31.5019 59.6
    endloop
  endfacet
  facet normal -0.997456 -0.0712897 0
    outer loop
      vertex -33.0356 -31.5019 62
      vertex -33 -32 59.6
      vertex -33 -32 62
    endloop
  endfacet
  facet normal -0.0712897 0.997456 0
    outer loop
      vertex -36.0019 -35.4644 6
      vertex -36.5 -35.5 62
      vertex -36.0019 -35.4644 62
    endloop
  endfacet
  facet normal -0.0712897 0.997456 0
    outer loop
      vertex -36.5 -35.5 62
      vertex -36.0019 -35.4644 6
      vertex -36.5 -35.5 6
    endloop
  endfacet
  facet normal -0.212646 0.977129 0
    outer loop
      vertex -35.5139 -35.3582 6
      vertex -36.0019 -35.4644 62
      vertex -35.5139 -35.3582 62
    endloop
  endfacet
  facet normal -0.212646 0.977129 0
    outer loop
      vertex -36.0019 -35.4644 62
      vertex -35.5139 -35.3582 6
      vertex -36.0019 -35.4644 6
    endloop
  endfacet
  facet normal -0.707107 0.707107 0
    outer loop
      vertex -34.208 -34.6451 6
      vertex -34.161 -34.5981 15
      vertex -34.161 -34.5981 6
    endloop
  endfacet
  facet normal -0.707107 0.707107 0
    outer loop
      vertex -34.161 -34.5981 15
      vertex -34.208 -34.6451 6
      vertex -34.161 -34.5981 18
    endloop
  endfacet
  facet normal -0.707107 0.707107 0
    outer loop
      vertex -34.208 -34.6451 62
      vertex -34.161 -34.5981 18
      vertex -34.208 -34.6451 6
    endloop
  endfacet
  facet normal -0.707107 0.707107 0
    outer loop
      vertex -34.161 -34.5981 15
      vertex -33.8549 -34.292 18
      vertex -33.8549 -34.292 15
    endloop
  endfacet
  facet normal -0.707107 0.707107 0
    outer loop
      vertex -33.8549 -34.292 18
      vertex -34.161 -34.5981 15
      vertex -34.161 -34.5981 18
    endloop
  endfacet
  facet normal -0.707107 0.707107 0
    outer loop
      vertex -34.161 -34.5981 59.6
      vertex -33.8549 -34.292 62
      vertex -33.8549 -34.292 59.6
    endloop
  endfacet
  facet normal -0.707107 0.707107 0
    outer loop
      vertex -34.161 -34.5981 59.6
      vertex -34.208 -34.6451 62
      vertex -33.8549 -34.292 62
    endloop
  endfacet
  facet normal -0.707107 0.707107 0
    outer loop
      vertex -34.161 -34.5981 18
      vertex -34.208 -34.6451 62
      vertex -34.161 -34.5981 59.6
    endloop
  endfacet
  facet normal -0.479287 0.877658 0
    outer loop
      vertex -34.6078 -34.9444 6
      vertex -35.046 -35.1837 62
      vertex -34.6078 -34.9444 62
    endloop
  endfacet
  facet normal -0.479287 0.877658 0
    outer loop
      vertex -35.046 -35.1837 62
      vertex -34.6078 -34.9444 6
      vertex -35.046 -35.1837 6
    endloop
  endfacet
  facet normal -0.936961 0.349433 0
    outer loop
      vertex -33.3163 -33.454 15
      vertex -33.1418 -32.9861 18
      vertex -33.1418 -32.9861 15
    endloop
  endfacet
  facet normal -0.936961 0.349433 0
    outer loop
      vertex -33.1418 -32.9861 18
      vertex -33.3163 -33.454 15
      vertex -33.3163 -33.454 18
    endloop
  endfacet
  facet normal -0.936961 0.349433 0
    outer loop
      vertex -33.3163 -33.454 59.6
      vertex -33.1418 -32.9861 62
      vertex -33.1418 -32.9861 59.6
    endloop
  endfacet
  facet normal -0.936961 0.349433 0
    outer loop
      vertex -33.1418 -32.9861 62
      vertex -33.3163 -33.454 59.6
      vertex -33.3163 -33.454 62
    endloop
  endfacet
  facet normal 0.0712897 0.997456 -0
    outer loop
      vertex -36.5 -35.5 6
      vertex -36.9981 -35.4644 62
      vertex -36.5 -35.5 62
    endloop
  endfacet
  facet normal 0.0712897 0.997456 0
    outer loop
      vertex -36.9981 -35.4644 62
      vertex -36.5 -35.5 6
      vertex -36.9981 -35.4644 6
    endloop
  endfacet
  facet normal 0.599295 0.800528 -0
    outer loop
      vertex -38.3922 -34.9444 6
      vertex -38.792 -34.6451 62
      vertex -38.3922 -34.9444 62
    endloop
  endfacet
  facet normal 0.599295 0.800528 0
    outer loop
      vertex -38.792 -34.6451 62
      vertex -38.3922 -34.9444 6
      vertex -38.792 -34.6451 6
    endloop
  endfacet
  facet normal 0.977129 0.212646 0
    outer loop
      vertex -39.8582 -32.9861 62
      vertex -39.9644 -32.4981 6
      vertex -39.9644 -32.4981 62
    endloop
  endfacet
  facet normal 0.977129 0.212646 0
    outer loop
      vertex -39.9644 -32.4981 6
      vertex -39.8582 -32.9861 62
      vertex -39.8582 -32.9861 6
    endloop
  endfacet
  facet normal 0.877658 0.479287 0
    outer loop
      vertex -39.4444 -33.8922 62
      vertex -39.6837 -33.454 6
      vertex -39.6837 -33.454 62
    endloop
  endfacet
  facet normal 0.877658 0.479287 0
    outer loop
      vertex -39.6837 -33.454 6
      vertex -39.4444 -33.8922 62
      vertex -39.4444 -33.8922 6
    endloop
  endfacet
  facet normal 0.800528 0.599295 0
    outer loop
      vertex -39.1451 -34.292 62
      vertex -39.4444 -33.8922 6
      vertex -39.4444 -33.8922 62
    endloop
  endfacet
  facet normal 0.800528 0.599295 0
    outer loop
      vertex -39.4444 -33.8922 6
      vertex -39.1451 -34.292 62
      vertex -39.1451 -34.292 6
    endloop
  endfacet
  facet normal -0.0712897 -0.997456 0
    outer loop
      vertex -36.5 -28.5 59.6
      vertex -36.0019 -28.5356 62
      vertex -36.5 -28.5 62
    endloop
  endfacet
  facet normal -0.0712897 -0.997456 -0
    outer loop
      vertex -36.0019 -28.5356 62
      vertex -36.5 -28.5 59.6
      vertex -36.0019 -28.5356 59.6
    endloop
  endfacet
  facet normal -0.599295 0.800528 0
    outer loop
      vertex -34.208 -34.6451 6
      vertex -34.6078 -34.9444 62
      vertex -34.208 -34.6451 62
    endloop
  endfacet
  facet normal -0.599295 0.800528 0
    outer loop
      vertex -34.6078 -34.9444 62
      vertex -34.208 -34.6451 6
      vertex -34.6078 -34.9444 6
    endloop
  endfacet
  facet normal -0.877658 0.479287 0
    outer loop
      vertex -33.5556 -33.8922 15
      vertex -33.3163 -33.454 18
      vertex -33.3163 -33.454 15
    endloop
  endfacet
  facet normal -0.877658 0.479287 0
    outer loop
      vertex -33.3163 -33.454 18
      vertex -33.5556 -33.8922 15
      vertex -33.5556 -33.8922 18
    endloop
  endfacet
  facet normal -0.877658 0.479287 0
    outer loop
      vertex -33.5556 -33.8922 59.6
      vertex -33.3163 -33.454 62
      vertex -33.3163 -33.454 59.6
    endloop
  endfacet
  facet normal -0.877658 0.479287 0
    outer loop
      vertex -33.3163 -33.454 62
      vertex -33.5556 -33.8922 59.6
      vertex -33.5556 -33.8922 62
    endloop
  endfacet
  facet normal -0.800528 -0.599295 0
    outer loop
      vertex -33.5556 33.8922 59.6
      vertex -33.8549 34.292 62
      vertex -33.8549 34.292 59.6
    endloop
  endfacet
  facet normal -0.800528 -0.599295 0
    outer loop
      vertex -33.8549 34.292 62
      vertex -33.5556 33.8922 59.6
      vertex -33.5556 33.8922 62
    endloop
  endfacet
  facet normal -0.349433 -0.936961 0
    outer loop
      vertex -35.5139 35.3582 6
      vertex -35.046 35.1837 62
      vertex -35.5139 35.3582 62
    endloop
  endfacet
  facet normal -0.349433 -0.936961 -0
    outer loop
      vertex -35.046 35.1837 62
      vertex -35.5139 35.3582 6
      vertex -35.046 35.1837 6
    endloop
  endfacet
  facet normal 0.212646 -0.977129 0
    outer loop
      vertex -37.4861 35.3582 6
      vertex -36.9981 35.4644 62
      vertex -37.4861 35.3582 62
    endloop
  endfacet
  facet normal 0.212646 -0.977129 0
    outer loop
      vertex -36.9981 35.4644 62
      vertex -37.4861 35.3582 6
      vertex -36.9981 35.4644 6
    endloop
  endfacet
  facet normal 0.877658 -0.479287 0
    outer loop
      vertex -39.6837 33.454 62
      vertex -39.4444 33.8922 6
      vertex -39.4444 33.8922 62
    endloop
  endfacet
  facet normal 0.877658 -0.479287 0
    outer loop
      vertex -39.4444 33.8922 6
      vertex -39.6837 33.454 62
      vertex -39.6837 33.454 6
    endloop
  endfacet
  facet normal -0.977129 0.212646 0
    outer loop
      vertex -33.1418 31.0139 59.6
      vertex -33.0356 31.5019 62
      vertex -33.0356 31.5019 59.6
    endloop
  endfacet
  facet normal -0.977129 0.212646 0
    outer loop
      vertex -33.0356 31.5019 62
      vertex -33.1418 31.0139 59.6
      vertex -33.1418 31.0139 62
    endloop
  endfacet
  facet normal -0.977129 -0.212646 0
    outer loop
      vertex -33.0356 32.4981 59.6
      vertex -33.1418 32.9861 62
      vertex -33.1418 32.9861 59.6
    endloop
  endfacet
  facet normal -0.977129 -0.212646 0
    outer loop
      vertex -33.1418 32.9861 62
      vertex -33.0356 32.4981 59.6
      vertex -33.0356 32.4981 62
    endloop
  endfacet
  facet normal -0.707107 -0.707107 -0
    outer loop
      vertex -34.161 34.5981 59.6
      vertex -34.208 34.6451 6
      vertex -34.161 34.5981 6
    endloop
  endfacet
  facet normal -0.707107 -0.707107 0
    outer loop
      vertex -34.208 34.6451 6
      vertex -34.161 34.5981 59.6
      vertex -34.208 34.6451 62
    endloop
  endfacet
  facet normal -0.707107 -0.707107 -0
    outer loop
      vertex -33.8549 34.292 62
      vertex -34.161 34.5981 59.6
      vertex -33.8549 34.292 59.6
    endloop
  endfacet
  facet normal -0.707107 -0.707107 0
    outer loop
      vertex -34.161 34.5981 59.6
      vertex -33.8549 34.292 62
      vertex -34.208 34.6451 62
    endloop
  endfacet
  facet normal -0.0712897 -0.997456 0
    outer loop
      vertex -36.5 35.5 6
      vertex -36.0019 35.4644 62
      vertex -36.5 35.5 62
    endloop
  endfacet
  facet normal -0.0712897 -0.997456 -0
    outer loop
      vertex -36.0019 35.4644 62
      vertex -36.5 35.5 6
      vertex -36.0019 35.4644 6
    endloop
  endfacet
  facet normal -0.479287 -0.877658 0
    outer loop
      vertex -35.046 35.1837 6
      vertex -34.6078 34.9444 62
      vertex -35.046 35.1837 62
    endloop
  endfacet
  facet normal -0.479287 -0.877658 -0
    outer loop
      vertex -34.6078 34.9444 62
      vertex -35.046 35.1837 6
      vertex -34.6078 34.9444 6
    endloop
  endfacet
  facet normal 0.707107 -0.707107 0
    outer loop
      vertex -39.1451 34.292 62
      vertex -38.792 34.6451 6
      vertex -38.792 34.6451 62
    endloop
  endfacet
  facet normal 0.707107 -0.707107 0
    outer loop
      vertex -38.792 34.6451 6
      vertex -39.1451 34.292 62
      vertex -39.1451 34.292 6
    endloop
  endfacet
  facet normal 0.349433 -0.936961 0
    outer loop
      vertex -37.954 35.1837 6
      vertex -37.4861 35.3582 62
      vertex -37.954 35.1837 62
    endloop
  endfacet
  facet normal 0.349433 -0.936961 0
    outer loop
      vertex -37.4861 35.3582 62
      vertex -37.954 35.1837 6
      vertex -37.4861 35.3582 6
    endloop
  endfacet
  facet normal 0.0712897 -0.997456 0
    outer loop
      vertex -36.9981 35.4644 6
      vertex -36.5 35.5 62
      vertex -36.9981 35.4644 62
    endloop
  endfacet
  facet normal 0.0712897 -0.997456 0
    outer loop
      vertex -36.5 35.5 62
      vertex -36.9981 35.4644 6
      vertex -36.5 35.5 6
    endloop
  endfacet
  facet normal -0.997456 0.0712897 0
    outer loop
      vertex -33.0356 31.5019 59.6
      vertex -33 32 62
      vertex -33 32 59.6
    endloop
  endfacet
  facet normal -0.997456 0.0712897 0
    outer loop
      vertex -33 32 62
      vertex -33.0356 31.5019 59.6
      vertex -33.0356 31.5019 62
    endloop
  endfacet
  facet normal -0.936961 0.349433 0
    outer loop
      vertex -33.3163 30.546 59.6
      vertex -33.1418 31.0139 62
      vertex -33.1418 31.0139 59.6
    endloop
  endfacet
  facet normal -0.936961 0.349433 0
    outer loop
      vertex -33.1418 31.0139 62
      vertex -33.3163 30.546 59.6
      vertex -33.3163 30.546 62
    endloop
  endfacet
  facet normal -0.599295 0.800528 0
    outer loop
      vertex -34.208 29.3549 59.6
      vertex -34.6078 29.0556 62
      vertex -34.208 29.3549 62
    endloop
  endfacet
  facet normal -0.599295 0.800528 0
    outer loop
      vertex -34.6078 29.0556 62
      vertex -34.208 29.3549 59.6
      vertex -34.6078 29.0556 59.6
    endloop
  endfacet
  facet normal -0.212646 -0.977129 0
    outer loop
      vertex -36.0019 35.4644 6
      vertex -35.5139 35.3582 62
      vertex -36.0019 35.4644 62
    endloop
  endfacet
  facet normal -0.212646 -0.977129 -0
    outer loop
      vertex -35.5139 35.3582 62
      vertex -36.0019 35.4644 6
      vertex -35.5139 35.3582 6
    endloop
  endfacet
  facet normal -0.599295 -0.800528 0
    outer loop
      vertex -34.6078 34.9444 6
      vertex -34.208 34.6451 62
      vertex -34.6078 34.9444 62
    endloop
  endfacet
  facet normal -0.599295 -0.800528 -0
    outer loop
      vertex -34.208 34.6451 62
      vertex -34.6078 34.9444 6
      vertex -34.208 34.6451 6
    endloop
  endfacet
  facet normal 0.997456 -0.0712897 0
    outer loop
      vertex -40 32 62
      vertex -39.9644 32.4981 6
      vertex -39.9644 32.4981 62
    endloop
  endfacet
  facet normal 0.997456 -0.0712897 0
    outer loop
      vertex -39.9644 32.4981 6
      vertex -40 32 62
      vertex -40 32 6
    endloop
  endfacet
  facet normal 0.936961 -0.349433 0
    outer loop
      vertex -39.8582 32.9861 62
      vertex -39.6837 33.454 6
      vertex -39.6837 33.454 62
    endloop
  endfacet
  facet normal 0.936961 -0.349433 0
    outer loop
      vertex -39.6837 33.454 6
      vertex -39.8582 32.9861 62
      vertex -39.8582 32.9861 6
    endloop
  endfacet
  facet normal 0.800528 -0.599295 0
    outer loop
      vertex -39.4444 33.8922 62
      vertex -39.1451 34.292 6
      vertex -39.1451 34.292 62
    endloop
  endfacet
  facet normal 0.800528 -0.599295 0
    outer loop
      vertex -39.1451 34.292 6
      vertex -39.4444 33.8922 62
      vertex -39.4444 33.8922 6
    endloop
  endfacet
  facet normal 0.479287 -0.877658 0
    outer loop
      vertex -38.3922 34.9444 6
      vertex -37.954 35.1837 62
      vertex -38.3922 34.9444 62
    endloop
  endfacet
  facet normal 0.479287 -0.877658 0
    outer loop
      vertex -37.954 35.1837 62
      vertex -38.3922 34.9444 6
      vertex -37.954 35.1837 6
    endloop
  endfacet
  facet normal 0.599295 -0.800528 0
    outer loop
      vertex -38.792 34.6451 6
      vertex -38.3922 34.9444 62
      vertex -38.792 34.6451 62
    endloop
  endfacet
  facet normal 0.599295 -0.800528 0
    outer loop
      vertex -38.3922 34.9444 62
      vertex -38.792 34.6451 6
      vertex -38.3922 34.9444 6
    endloop
  endfacet
  facet normal -0.997456 -0.0712897 0
    outer loop
      vertex -33 32 59.6
      vertex -33.0356 32.4981 62
      vertex -33.0356 32.4981 59.6
    endloop
  endfacet
  facet normal -0.997456 -0.0712897 0
    outer loop
      vertex -33.0356 32.4981 62
      vertex -33 32 59.6
      vertex -33 32 62
    endloop
  endfacet
  facet normal -0.800528 0.599295 0
    outer loop
      vertex -33.8549 29.708 59.6
      vertex -33.5556 30.1078 62
      vertex -33.5556 30.1078 59.6
    endloop
  endfacet
  facet normal -0.800528 0.599295 0
    outer loop
      vertex -33.5556 30.1078 62
      vertex -33.8549 29.708 59.6
      vertex -33.8549 29.708 62
    endloop
  endfacet
  facet normal 0.997456 0.0712897 0
    outer loop
      vertex -39.9644 31.5019 62
      vertex -40 32 6
      vertex -40 32 62
    endloop
  endfacet
  facet normal 0.997456 0.0712897 0
    outer loop
      vertex -40 32 6
      vertex -39.9644 31.5019 62
      vertex -39.9644 31.5019 6
    endloop
  endfacet
  facet normal 0.977129 0.212646 0
    outer loop
      vertex -39.8582 31.0139 62
      vertex -39.9644 31.5019 6
      vertex -39.9644 31.5019 62
    endloop
  endfacet
  facet normal 0.977129 0.212646 0
    outer loop
      vertex -39.9644 31.5019 6
      vertex -39.8582 31.0139 62
      vertex -39.8582 31.0139 6
    endloop
  endfacet
  facet normal 0.877675 0.479257 0
    outer loop
      vertex -39.6837 30.546 62
      vertex -39.5924 30.3788 59.6
      vertex -39.6837 30.546 6
    endloop
  endfacet
  facet normal 0.877658 0.479287 -2.75395e-06
    outer loop
      vertex -39.4444 30.1078 62
      vertex -39.5924 30.3788 59.6
      vertex -39.6837 30.546 62
    endloop
  endfacet
  facet normal 0.877648 0.479306 0
    outer loop
      vertex -39.5924 30.3788 59.6
      vertex -39.4444 30.1078 62
      vertex -39.4444 30.1078 59.6
    endloop
  endfacet
  facet normal 0.877675 0.479257 0
    outer loop
      vertex -39.6837 30.546 6
      vertex -39.5924 30.3788 59.6
      vertex -39.5924 30.3788 6
    endloop
  endfacet
  facet normal -0.212646 0.977129 0
    outer loop
      vertex -35.5139 28.6418 59.6
      vertex -36.0019 28.5356 62
      vertex -35.5139 28.6418 62
    endloop
  endfacet
  facet normal -0.212646 0.977129 0
    outer loop
      vertex -36.0019 28.5356 62
      vertex -35.5139 28.6418 59.6
      vertex -36.0019 28.5356 59.6
    endloop
  endfacet
  facet normal -0.877658 -0.479287 0
    outer loop
      vertex -33.3163 33.454 59.6
      vertex -33.5556 33.8922 62
      vertex -33.5556 33.8922 59.6
    endloop
  endfacet
  facet normal -0.877658 -0.479287 0
    outer loop
      vertex -33.5556 33.8922 62
      vertex -33.3163 33.454 59.6
      vertex -33.3163 33.454 62
    endloop
  endfacet
  facet normal -0.936961 -0.349433 0
    outer loop
      vertex -33.1418 32.9861 59.6
      vertex -33.3163 33.454 62
      vertex -33.3163 33.454 59.6
    endloop
  endfacet
  facet normal -0.936961 -0.349433 0
    outer loop
      vertex -33.3163 33.454 62
      vertex -33.1418 32.9861 59.6
      vertex -33.1418 32.9861 62
    endloop
  endfacet
  facet normal 0.977129 -0.212646 0
    outer loop
      vertex -39.9644 32.4981 62
      vertex -39.8582 32.9861 6
      vertex -39.8582 32.9861 62
    endloop
  endfacet
  facet normal 0.977129 -0.212646 0
    outer loop
      vertex -39.8582 32.9861 6
      vertex -39.9644 32.4981 62
      vertex -39.9644 32.4981 6
    endloop
  endfacet
  facet normal -0.877658 0.479287 0
    outer loop
      vertex -33.5556 30.1078 59.6
      vertex -33.3163 30.546 62
      vertex -33.3163 30.546 59.6
    endloop
  endfacet
  facet normal -0.877658 0.479287 0
    outer loop
      vertex -33.3163 30.546 62
      vertex -33.5556 30.1078 59.6
      vertex -33.5556 30.1078 62
    endloop
  endfacet
  facet normal 0.707107 0.707107 0
    outer loop
      vertex -38.792 29.3549 62
      vertex -39.1451 29.708 59.6
      vertex -39.1451 29.708 62
    endloop
  endfacet
  facet normal 0.707107 0.707107 0
    outer loop
      vertex -39.1451 29.708 59.6
      vertex -38.792 29.3549 62
      vertex -38.792 29.3549 59.6
    endloop
  endfacet
  facet normal -0.479287 0.877658 0
    outer loop
      vertex -34.6078 29.0556 59.6
      vertex -35.046 28.8163 62
      vertex -34.6078 29.0556 62
    endloop
  endfacet
  facet normal -0.479287 0.877658 0
    outer loop
      vertex -35.046 28.8163 62
      vertex -34.6078 29.0556 59.6
      vertex -35.046 28.8163 59.6
    endloop
  endfacet
  facet normal -0.349433 0.936961 0
    outer loop
      vertex -35.046 28.8163 59.6
      vertex -35.5139 28.6418 62
      vertex -35.046 28.8163 62
    endloop
  endfacet
  facet normal -0.349433 0.936961 0
    outer loop
      vertex -35.5139 28.6418 62
      vertex -35.046 28.8163 59.6
      vertex -35.5139 28.6418 59.6
    endloop
  endfacet
  facet normal -0.707107 0.707107 0
    outer loop
      vertex -34.208 29.3549 59.6
      vertex -33.8549 29.708 62
      vertex -33.8549 29.708 59.6
    endloop
  endfacet
  facet normal -0.707107 0.707107 0
    outer loop
      vertex -33.8549 29.708 62
      vertex -34.208 29.3549 59.6
      vertex -34.208 29.3549 62
    endloop
  endfacet
  facet normal 0.349433 0.936961 -0
    outer loop
      vertex -37.4861 28.6418 59.6
      vertex -37.954 28.8163 62
      vertex -37.4861 28.6418 62
    endloop
  endfacet
  facet normal 0.349433 0.936961 0
    outer loop
      vertex -37.954 28.8163 62
      vertex -37.4861 28.6418 59.6
      vertex -37.954 28.8163 59.6
    endloop
  endfacet
  facet normal -0.0712897 0.997456 0
    outer loop
      vertex -36.0019 28.5356 59.6
      vertex -36.5 28.5 62
      vertex -36.0019 28.5356 62
    endloop
  endfacet
  facet normal -0.0712897 0.997456 0
    outer loop
      vertex -36.5 28.5 62
      vertex -36.0019 28.5356 59.6
      vertex -36.5 28.5 59.6
    endloop
  endfacet
  facet normal 0.0712897 0.997456 -0
    outer loop
      vertex -36.5 28.5 59.6
      vertex -36.9981 28.5356 62
      vertex -36.5 28.5 62
    endloop
  endfacet
  facet normal 0.0712897 0.997456 0
    outer loop
      vertex -36.9981 28.5356 62
      vertex -36.5 28.5 59.6
      vertex -36.9981 28.5356 59.6
    endloop
  endfacet
  facet normal 0.212646 0.977129 -0
    outer loop
      vertex -36.9981 28.5356 59.6
      vertex -37.4861 28.6418 62
      vertex -36.9981 28.5356 62
    endloop
  endfacet
  facet normal 0.212646 0.977129 0
    outer loop
      vertex -37.4861 28.6418 62
      vertex -36.9981 28.5356 59.6
      vertex -37.4861 28.6418 59.6
    endloop
  endfacet
  facet normal 0.936961 0.349433 0
    outer loop
      vertex -39.6837 30.546 62
      vertex -39.8582 31.0139 6
      vertex -39.8582 31.0139 62
    endloop
  endfacet
  facet normal 0.936961 0.349433 0
    outer loop
      vertex -39.8582 31.0139 6
      vertex -39.6837 30.546 62
      vertex -39.6837 30.546 6
    endloop
  endfacet
  facet normal 0.800528 0.599295 0
    outer loop
      vertex -39.1451 29.708 62
      vertex -39.4444 30.1078 59.6
      vertex -39.4444 30.1078 62
    endloop
  endfacet
  facet normal 0.800528 0.599295 0
    outer loop
      vertex -39.4444 30.1078 59.6
      vertex -39.1451 29.708 62
      vertex -39.1451 29.708 59.6
    endloop
  endfacet
  facet normal 0.479287 0.877658 -0
    outer loop
      vertex -37.954 28.8163 59.6
      vertex -38.3922 29.0556 62
      vertex -37.954 28.8163 62
    endloop
  endfacet
  facet normal 0.479287 0.877658 0
    outer loop
      vertex -38.3922 29.0556 62
      vertex -37.954 28.8163 59.6
      vertex -38.3922 29.0556 59.6
    endloop
  endfacet
  facet normal 0.599295 0.800528 -0
    outer loop
      vertex -38.3922 29.0556 59.6
      vertex -38.792 29.3549 62
      vertex -38.3922 29.0556 62
    endloop
  endfacet
  facet normal 0.599295 0.800528 0
    outer loop
      vertex -38.792 29.3549 62
      vertex -38.3922 29.0556 59.6
      vertex -38.792 29.3549 59.6
    endloop
  endfacet
  facet normal -0.800528 -0.599295 0
    outer loop
      vertex 39.4444 -30.1078 59.6
      vertex 39.1451 -29.708 62
      vertex 39.1451 -29.708 59.6
    endloop
  endfacet
  facet normal -0.800528 -0.599295 0
    outer loop
      vertex 39.1451 -29.708 62
      vertex 39.4444 -30.1078 59.6
      vertex 39.4444 -30.1078 62
    endloop
  endfacet
  facet normal -0.349433 -0.936961 0
    outer loop
      vertex 37.4861 -28.6418 59.6
      vertex 37.954 -28.8163 62
      vertex 37.4861 -28.6418 62
    endloop
  endfacet
  facet normal -0.349433 -0.936961 -0
    outer loop
      vertex 37.954 -28.8163 62
      vertex 37.4861 -28.6418 59.6
      vertex 37.954 -28.8163 59.6
    endloop
  endfacet
  facet normal 0.479287 -0.877658 0
    outer loop
      vertex 34.6078 -29.0556 15
      vertex 35.046 -28.8163 18
      vertex 34.6078 -29.0556 18
    endloop
  endfacet
  facet normal 0.479287 -0.877658 0
    outer loop
      vertex 35.046 -28.8163 18
      vertex 34.6078 -29.0556 15
      vertex 35.046 -28.8163 15
    endloop
  endfacet
  facet normal 0.479287 -0.877658 0
    outer loop
      vertex 34.6078 -29.0556 59.6
      vertex 35.046 -28.8163 62
      vertex 34.6078 -29.0556 62
    endloop
  endfacet
  facet normal 0.479287 -0.877658 0
    outer loop
      vertex 35.046 -28.8163 62
      vertex 34.6078 -29.0556 59.6
      vertex 35.046 -28.8163 59.6
    endloop
  endfacet
  facet normal 0.936961 -0.349433 0
    outer loop
      vertex 33.1418 -31.0139 18
      vertex 33.3163 -30.546 15
      vertex 33.3163 -30.546 18
    endloop
  endfacet
  facet normal 0.936961 -0.349433 0
    outer loop
      vertex 33.3163 -30.546 15
      vertex 33.1418 -31.0139 18
      vertex 33.1418 -31.0139 15
    endloop
  endfacet
  facet normal 0.936961 -0.349433 0
    outer loop
      vertex 33.1418 -31.0139 62
      vertex 33.3163 -30.546 59.6
      vertex 33.3163 -30.546 62
    endloop
  endfacet
  facet normal 0.936961 -0.349433 0
    outer loop
      vertex 33.3163 -30.546 59.6
      vertex 33.1418 -31.0139 62
      vertex 33.1418 -31.0139 59.6
    endloop
  endfacet
  facet normal -0.977129 0.212646 0
    outer loop
      vertex 39.8582 -32.9861 6
      vertex 39.9644 -32.4981 62
      vertex 39.9644 -32.4981 6
    endloop
  endfacet
  facet normal -0.977129 0.212646 0
    outer loop
      vertex 39.9644 -32.4981 62
      vertex 39.8582 -32.9861 6
      vertex 39.8582 -32.9861 62
    endloop
  endfacet
  facet normal -0.977129 -0.212646 0
    outer loop
      vertex 39.9644 -31.5019 6
      vertex 39.8582 -31.0139 62
      vertex 39.8582 -31.0139 6
    endloop
  endfacet
  facet normal -0.977129 -0.212646 0
    outer loop
      vertex 39.8582 -31.0139 62
      vertex 39.9644 -31.5019 6
      vertex 39.9644 -31.5019 62
    endloop
  endfacet
  facet normal -0.707107 -0.707107 0
    outer loop
      vertex 39.1451 -29.708 59.6
      vertex 38.792 -29.3549 62
      vertex 38.792 -29.3549 59.6
    endloop
  endfacet
  facet normal -0.707107 -0.707107 0
    outer loop
      vertex 38.792 -29.3549 62
      vertex 39.1451 -29.708 59.6
      vertex 39.1451 -29.708 62
    endloop
  endfacet
  facet normal -0.479287 -0.877658 0
    outer loop
      vertex 37.954 -28.8163 59.6
      vertex 38.3922 -29.0556 62
      vertex 37.954 -28.8163 62
    endloop
  endfacet
  facet normal -0.479287 -0.877658 -0
    outer loop
      vertex 38.3922 -29.0556 62
      vertex 37.954 -28.8163 59.6
      vertex 38.3922 -29.0556 59.6
    endloop
  endfacet
  facet normal 0.800528 -0.599295 0
    outer loop
      vertex 33.5556 -30.1078 18
      vertex 33.8549 -29.708 15
      vertex 33.8549 -29.708 18
    endloop
  endfacet
  facet normal 0.800528 -0.599295 0
    outer loop
      vertex 33.8549 -29.708 15
      vertex 33.5556 -30.1078 18
      vertex 33.5556 -30.1078 15
    endloop
  endfacet
  facet normal 0.800528 -0.599295 0
    outer loop
      vertex 33.5556 -30.1078 62
      vertex 33.8549 -29.708 59.6
      vertex 33.8549 -29.708 62
    endloop
  endfacet
  facet normal 0.800528 -0.599295 0
    outer loop
      vertex 33.8549 -29.708 59.6
      vertex 33.5556 -30.1078 62
      vertex 33.5556 -30.1078 59.6
    endloop
  endfacet
  facet normal 0.599295 -0.800528 0
    outer loop
      vertex 34.208 -29.3549 15
      vertex 34.6078 -29.0556 18
      vertex 34.208 -29.3549 18
    endloop
  endfacet
  facet normal 0.599295 -0.800528 0
    outer loop
      vertex 34.6078 -29.0556 18
      vertex 34.208 -29.3549 15
      vertex 34.6078 -29.0556 15
    endloop
  endfacet
  facet normal 0.599295 -0.800528 0
    outer loop
      vertex 34.208 -29.3549 59.6
      vertex 34.6078 -29.0556 62
      vertex 34.208 -29.3549 62
    endloop
  endfacet
  facet normal 0.599295 -0.800528 0
    outer loop
      vertex 34.6078 -29.0556 62
      vertex 34.208 -29.3549 59.6
      vertex 34.6078 -29.0556 59.6
    endloop
  endfacet
  facet normal 0.212722 -0.977113 0
    outer loop
      vertex 35.5139 -28.6418 15
      vertex 35.75 -28.5904 18
      vertex 35.5139 -28.6418 18
    endloop
  endfacet
  facet normal 0.212722 -0.977113 0
    outer loop
      vertex 35.75 -28.5904 18
      vertex 35.5139 -28.6418 15
      vertex 35.75 -28.5904 15
    endloop
  endfacet
  facet normal 0.212646 -0.977129 0
    outer loop
      vertex 35.5139 -28.6418 59.6
      vertex 36.0019 -28.5356 62
      vertex 35.5139 -28.6418 62
    endloop
  endfacet
  facet normal 0.212646 -0.977129 0
    outer loop
      vertex 36.0019 -28.5356 62
      vertex 35.5139 -28.6418 59.6
      vertex 36.0019 -28.5356 59.6
    endloop
  endfacet
  facet normal 0.707107 -0.707107 0
    outer loop
      vertex 33.8549 -29.708 18
      vertex 34.208 -29.3549 15
      vertex 34.208 -29.3549 18
    endloop
  endfacet
  facet normal 0.707107 -0.707107 0
    outer loop
      vertex 34.208 -29.3549 15
      vertex 33.8549 -29.708 18
      vertex 33.8549 -29.708 15
    endloop
  endfacet
  facet normal 0.707107 -0.707107 0
    outer loop
      vertex 33.8549 -29.708 62
      vertex 34.208 -29.3549 59.6
      vertex 34.208 -29.3549 62
    endloop
  endfacet
  facet normal 0.707107 -0.707107 0
    outer loop
      vertex 34.208 -29.3549 59.6
      vertex 33.8549 -29.708 62
      vertex 33.8549 -29.708 59.6
    endloop
  endfacet
  facet normal -0.997456 -0.0712897 0
    outer loop
      vertex 40 -32 6
      vertex 39.9644 -31.5019 62
      vertex 39.9644 -31.5019 6
    endloop
  endfacet
  facet normal -0.997456 -0.0712897 0
    outer loop
      vertex 39.9644 -31.5019 62
      vertex 40 -32 6
      vertex 40 -32 62
    endloop
  endfacet
  facet normal -0.936961 0.349433 0
    outer loop
      vertex 39.6837 -33.454 6
      vertex 39.8582 -32.9861 62
      vertex 39.8582 -32.9861 6
    endloop
  endfacet
  facet normal -0.936961 0.349433 0
    outer loop
      vertex 39.8582 -32.9861 62
      vertex 39.6837 -33.454 6
      vertex 39.6837 -33.454 62
    endloop
  endfacet
  facet normal 0.599295 0.800528 -0
    outer loop
      vertex 34.6078 -34.9444 6
      vertex 34.208 -34.6451 62
      vertex 34.6078 -34.9444 62
    endloop
  endfacet
  facet normal 0.599295 0.800528 0
    outer loop
      vertex 34.208 -34.6451 62
      vertex 34.6078 -34.9444 6
      vertex 34.208 -34.6451 6
    endloop
  endfacet
  facet normal 0.800528 0.599295 0
    outer loop
      vertex 33.8549 -34.292 18
      vertex 33.5556 -33.8922 15
      vertex 33.5556 -33.8922 18
    endloop
  endfacet
  facet normal 0.800528 0.599295 0
    outer loop
      vertex 33.5556 -33.8922 15
      vertex 33.8549 -34.292 18
      vertex 33.8549 -34.292 15
    endloop
  endfacet
  facet normal 0.800528 0.599295 0
    outer loop
      vertex 33.8549 -34.292 62
      vertex 33.5556 -33.8922 59.6
      vertex 33.5556 -33.8922 62
    endloop
  endfacet
  facet normal 0.800528 0.599295 0
    outer loop
      vertex 33.5556 -33.8922 59.6
      vertex 33.8549 -34.292 62
      vertex 33.8549 -34.292 59.6
    endloop
  endfacet
  facet normal -0.599295 0.800528 0
    outer loop
      vertex 38.792 -34.6451 6
      vertex 38.3922 -34.9444 62
      vertex 38.792 -34.6451 62
    endloop
  endfacet
  facet normal -0.599295 0.800528 0
    outer loop
      vertex 38.3922 -34.9444 62
      vertex 38.792 -34.6451 6
      vertex 38.3922 -34.9444 6
    endloop
  endfacet
  facet normal 0.0712897 -0.997456 0
    outer loop
      vertex 36.0019 -28.5356 59.6
      vertex 36.5 -28.5 62
      vertex 36.0019 -28.5356 62
    endloop
  endfacet
  facet normal 0.0712897 -0.997456 0
    outer loop
      vertex 36.5 -28.5 62
      vertex 36.0019 -28.5356 59.6
      vertex 36.5 -28.5 59.6
    endloop
  endfacet
  facet normal -0.212646 -0.977129 0
    outer loop
      vertex 36.9981 -28.5356 59.6
      vertex 37.4861 -28.6418 62
      vertex 36.9981 -28.5356 62
    endloop
  endfacet
  facet normal -0.212646 -0.977129 -0
    outer loop
      vertex 37.4861 -28.6418 62
      vertex 36.9981 -28.5356 59.6
      vertex 37.4861 -28.6418 59.6
    endloop
  endfacet
  facet normal -0.599295 -0.800528 0
    outer loop
      vertex 38.3922 -29.0556 59.6
      vertex 38.792 -29.3549 62
      vertex 38.3922 -29.0556 62
    endloop
  endfacet
  facet normal -0.599295 -0.800528 -0
    outer loop
      vertex 38.792 -29.3549 62
      vertex 38.3922 -29.0556 59.6
      vertex 38.792 -29.3549 59.6
    endloop
  endfacet
  facet normal 0.997456 0.0712897 0
    outer loop
      vertex 33.0356 -32.4981 18
      vertex 33 -32 15
      vertex 33 -32 18
    endloop
  endfacet
  facet normal 0.997456 0.0712897 0
    outer loop
      vertex 33 -32 15
      vertex 33.0356 -32.4981 18
      vertex 33.0356 -32.4981 15
    endloop
  endfacet
  facet normal 0.997456 0.0712897 0
    outer loop
      vertex 33.0356 -32.4981 62
      vertex 33 -32 59.6
      vertex 33 -32 62
    endloop
  endfacet
  facet normal 0.997456 0.0712897 0
    outer loop
      vertex 33 -32 59.6
      vertex 33.0356 -32.4981 62
      vertex 33.0356 -32.4981 59.6
    endloop
  endfacet
  facet normal 0.977129 -0.212646 0
    outer loop
      vertex 33.0356 -31.5019 18
      vertex 33.1418 -31.0139 15
      vertex 33.1418 -31.0139 18
    endloop
  endfacet
  facet normal 0.977129 -0.212646 0
    outer loop
      vertex 33.1418 -31.0139 15
      vertex 33.0356 -31.5019 18
      vertex 33.0356 -31.5019 15
    endloop
  endfacet
  facet normal 0.977129 -0.212646 0
    outer loop
      vertex 33.0356 -31.5019 62
      vertex 33.1418 -31.0139 59.6
      vertex 33.1418 -31.0139 62
    endloop
  endfacet
  facet normal 0.977129 -0.212646 0
    outer loop
      vertex 33.1418 -31.0139 59.6
      vertex 33.0356 -31.5019 62
      vertex 33.0356 -31.5019 59.6
    endloop
  endfacet
  facet normal 0.877658 -0.479287 0
    outer loop
      vertex 33.3163 -30.546 18
      vertex 33.5556 -30.1078 15
      vertex 33.5556 -30.1078 18
    endloop
  endfacet
  facet normal 0.877658 -0.479287 0
    outer loop
      vertex 33.5556 -30.1078 15
      vertex 33.3163 -30.546 18
      vertex 33.3163 -30.546 15
    endloop
  endfacet
  facet normal 0.877658 -0.479287 0
    outer loop
      vertex 33.3163 -30.546 62
      vertex 33.5556 -30.1078 59.6
      vertex 33.5556 -30.1078 62
    endloop
  endfacet
  facet normal 0.877658 -0.479287 0
    outer loop
      vertex 33.5556 -30.1078 59.6
      vertex 33.3163 -30.546 62
      vertex 33.3163 -30.546 59.6
    endloop
  endfacet
  facet normal 0.349433 -0.936961 0
    outer loop
      vertex 35.046 -28.8163 15
      vertex 35.5139 -28.6418 18
      vertex 35.046 -28.8163 18
    endloop
  endfacet
  facet normal 0.349433 -0.936961 0
    outer loop
      vertex 35.5139 -28.6418 18
      vertex 35.046 -28.8163 15
      vertex 35.5139 -28.6418 15
    endloop
  endfacet
  facet normal 0.349433 -0.936961 0
    outer loop
      vertex 35.046 -28.8163 59.6
      vertex 35.5139 -28.6418 62
      vertex 35.046 -28.8163 62
    endloop
  endfacet
  facet normal 0.349433 -0.936961 0
    outer loop
      vertex 35.5139 -28.6418 62
      vertex 35.046 -28.8163 59.6
      vertex 35.5139 -28.6418 59.6
    endloop
  endfacet
  facet normal -0.997456 0.0712897 0
    outer loop
      vertex 39.9644 -32.4981 6
      vertex 40 -32 62
      vertex 40 -32 6
    endloop
  endfacet
  facet normal -0.997456 0.0712897 0
    outer loop
      vertex 40 -32 62
      vertex 39.9644 -32.4981 6
      vertex 39.9644 -32.4981 62
    endloop
  endfacet
  facet normal -0.800528 0.599295 0
    outer loop
      vertex 39.1451 -34.292 6
      vertex 39.4444 -33.8922 62
      vertex 39.4444 -33.8922 6
    endloop
  endfacet
  facet normal -0.800528 0.599295 0
    outer loop
      vertex 39.4444 -33.8922 62
      vertex 39.1451 -34.292 6
      vertex 39.1451 -34.292 62
    endloop
  endfacet
  facet normal 0.977129 0.212646 0
    outer loop
      vertex 33.1418 -32.9861 18
      vertex 33.0356 -32.4981 15
      vertex 33.0356 -32.4981 18
    endloop
  endfacet
  facet normal 0.977129 0.212646 0
    outer loop
      vertex 33.0356 -32.4981 15
      vertex 33.1418 -32.9861 18
      vertex 33.1418 -32.9861 15
    endloop
  endfacet
  facet normal 0.977129 0.212646 0
    outer loop
      vertex 33.1418 -32.9861 62
      vertex 33.0356 -32.4981 59.6
      vertex 33.0356 -32.4981 62
    endloop
  endfacet
  facet normal 0.977129 0.212646 0
    outer loop
      vertex 33.0356 -32.4981 59.6
      vertex 33.1418 -32.9861 62
      vertex 33.1418 -32.9861 59.6
    endloop
  endfacet
  facet normal 0.707107 0.707107 0
    outer loop
      vertex 33.8549 -34.292 62
      vertex 34.161 -34.5981 59.6
      vertex 33.8549 -34.292 59.6
    endloop
  endfacet
  facet normal 0.707107 0.707107 0
    outer loop
      vertex 34.208 -34.6451 62
      vertex 34.161 -34.5981 18
      vertex 34.161 -34.5981 59.6
    endloop
  endfacet
  facet normal 0.707107 0.707107 0
    outer loop
      vertex 34.161 -34.5981 18
      vertex 34.208 -34.6451 62
      vertex 34.161 -34.5981 15
    endloop
  endfacet
  facet normal 0.707107 0.707107 0
    outer loop
      vertex 34.208 -34.6451 62
      vertex 34.161 -34.5981 59.6
      vertex 33.8549 -34.292 62
    endloop
  endfacet
  facet normal 0.707107 0.707107 0
    outer loop
      vertex 34.161 -34.5981 15
      vertex 34.208 -34.6451 62
      vertex 34.208 -34.6451 6
    endloop
  endfacet
  facet normal 0.707107 0.707107 0
    outer loop
      vertex 34.161 -34.5981 15
      vertex 34.208 -34.6451 6
      vertex 34.161 -34.5981 6
    endloop
  endfacet
  facet normal 0.707107 0.707107 0
    outer loop
      vertex 34.161 -34.5981 18
      vertex 33.8549 -34.292 15
      vertex 33.8549 -34.292 18
    endloop
  endfacet
  facet normal 0.707107 0.707107 0
    outer loop
      vertex 33.8549 -34.292 15
      vertex 34.161 -34.5981 18
      vertex 34.161 -34.5981 15
    endloop
  endfacet
  facet normal -0.212646 0.977129 0
    outer loop
      vertex 37.4861 -35.3582 6
      vertex 36.9981 -35.4644 62
      vertex 37.4861 -35.3582 62
    endloop
  endfacet
  facet normal -0.212646 0.977129 0
    outer loop
      vertex 36.9981 -35.4644 62
      vertex 37.4861 -35.3582 6
      vertex 36.9981 -35.4644 6
    endloop
  endfacet
  facet normal -0.877636 -0.479327 0
    outer loop
      vertex 39.6 -30.3927 59.6
      vertex 39.4444 -30.1078 62
      vertex 39.4444 -30.1078 59.6
    endloop
  endfacet
  facet normal -0.877658 -0.479287 -6.13379e-06
    outer loop
      vertex 39.6 -30.3927 59.6
      vertex 39.6837 -30.546 62
      vertex 39.4444 -30.1078 62
    endloop
  endfacet
  facet normal -0.877699 -0.479213 -0
    outer loop
      vertex 39.6837 -30.546 62
      vertex 39.6 -30.3927 59.6
      vertex 39.6837 -30.546 6
    endloop
  endfacet
  facet normal -0.877699 -0.479213 0
    outer loop
      vertex 39.6 -30.3927 6
      vertex 39.6837 -30.546 6
      vertex 39.6 -30.3927 59.6
    endloop
  endfacet
  facet normal -0.936961 -0.349433 0
    outer loop
      vertex 39.8582 -31.0139 6
      vertex 39.6837 -30.546 62
      vertex 39.6837 -30.546 6
    endloop
  endfacet
  facet normal -0.936961 -0.349433 0
    outer loop
      vertex 39.6837 -30.546 62
      vertex 39.8582 -31.0139 6
      vertex 39.8582 -31.0139 62
    endloop
  endfacet
  facet normal -0.0712897 -0.997456 0
    outer loop
      vertex 36.5 -28.5 59.6
      vertex 36.9981 -28.5356 62
      vertex 36.5 -28.5 62
    endloop
  endfacet
  facet normal -0.0712897 -0.997456 -0
    outer loop
      vertex 36.9981 -28.5356 62
      vertex 36.5 -28.5 59.6
      vertex 36.9981 -28.5356 59.6
    endloop
  endfacet
  facet normal 0.997456 -0.0712897 0
    outer loop
      vertex 33 -32 18
      vertex 33.0356 -31.5019 15
      vertex 33.0356 -31.5019 18
    endloop
  endfacet
  facet normal 0.997456 -0.0712897 0
    outer loop
      vertex 33.0356 -31.5019 15
      vertex 33 -32 18
      vertex 33 -32 15
    endloop
  endfacet
  facet normal 0.997456 -0.0712897 0
    outer loop
      vertex 33 -32 62
      vertex 33.0356 -31.5019 59.6
      vertex 33.0356 -31.5019 62
    endloop
  endfacet
  facet normal 0.997456 -0.0712897 0
    outer loop
      vertex 33.0356 -31.5019 59.6
      vertex 33 -32 62
      vertex 33 -32 59.6
    endloop
  endfacet
  facet normal -0.877658 0.479287 0
    outer loop
      vertex 39.4444 -33.8922 6
      vertex 39.6837 -33.454 62
      vertex 39.6837 -33.454 6
    endloop
  endfacet
  facet normal -0.877658 0.479287 0
    outer loop
      vertex 39.6837 -33.454 62
      vertex 39.4444 -33.8922 6
      vertex 39.4444 -33.8922 62
    endloop
  endfacet
  facet normal -0.0712897 0.997456 0
    outer loop
      vertex 36.9981 -35.4644 6
      vertex 36.5 -35.5 62
      vertex 36.9981 -35.4644 62
    endloop
  endfacet
  facet normal -0.0712897 0.997456 0
    outer loop
      vertex 36.5 -35.5 62
      vertex 36.9981 -35.4644 6
      vertex 36.5 -35.5 6
    endloop
  endfacet
  facet normal 0.877658 0.479287 0
    outer loop
      vertex 33.5556 -33.8922 18
      vertex 33.3163 -33.454 15
      vertex 33.3163 -33.454 18
    endloop
  endfacet
  facet normal 0.877658 0.479287 0
    outer loop
      vertex 33.3163 -33.454 15
      vertex 33.5556 -33.8922 18
      vertex 33.5556 -33.8922 15
    endloop
  endfacet
  facet normal 0.877658 0.479287 0
    outer loop
      vertex 33.5556 -33.8922 62
      vertex 33.3163 -33.454 59.6
      vertex 33.3163 -33.454 62
    endloop
  endfacet
  facet normal 0.877658 0.479287 0
    outer loop
      vertex 33.3163 -33.454 59.6
      vertex 33.5556 -33.8922 62
      vertex 33.5556 -33.8922 59.6
    endloop
  endfacet
  facet normal 0.936961 0.349433 0
    outer loop
      vertex 33.3163 -33.454 18
      vertex 33.1418 -32.9861 15
      vertex 33.1418 -32.9861 18
    endloop
  endfacet
  facet normal 0.936961 0.349433 0
    outer loop
      vertex 33.1418 -32.9861 15
      vertex 33.3163 -33.454 18
      vertex 33.3163 -33.454 15
    endloop
  endfacet
  facet normal 0.936961 0.349433 0
    outer loop
      vertex 33.3163 -33.454 62
      vertex 33.1418 -32.9861 59.6
      vertex 33.1418 -32.9861 62
    endloop
  endfacet
  facet normal 0.936961 0.349433 0
    outer loop
      vertex 33.1418 -32.9861 59.6
      vertex 33.3163 -33.454 62
      vertex 33.3163 -33.454 59.6
    endloop
  endfacet
  facet normal -0.479287 0.877658 0
    outer loop
      vertex 38.3922 -34.9444 6
      vertex 37.954 -35.1837 62
      vertex 38.3922 -34.9444 62
    endloop
  endfacet
  facet normal -0.479287 0.877658 0
    outer loop
      vertex 37.954 -35.1837 62
      vertex 38.3922 -34.9444 6
      vertex 37.954 -35.1837 6
    endloop
  endfacet
  facet normal -0.349433 0.936961 0
    outer loop
      vertex 37.954 -35.1837 6
      vertex 37.4861 -35.3582 62
      vertex 37.954 -35.1837 62
    endloop
  endfacet
  facet normal -0.349433 0.936961 0
    outer loop
      vertex 37.4861 -35.3582 62
      vertex 37.954 -35.1837 6
      vertex 37.4861 -35.3582 6
    endloop
  endfacet
  facet normal -0.707107 0.707107 0
    outer loop
      vertex 38.792 -34.6451 6
      vertex 39.1451 -34.292 62
      vertex 39.1451 -34.292 6
    endloop
  endfacet
  facet normal -0.707107 0.707107 0
    outer loop
      vertex 39.1451 -34.292 62
      vertex 38.792 -34.6451 6
      vertex 38.792 -34.6451 62
    endloop
  endfacet
  facet normal 0.212646 0.977129 -0
    outer loop
      vertex 36.0019 -35.4644 6
      vertex 35.5139 -35.3582 62
      vertex 36.0019 -35.4644 62
    endloop
  endfacet
  facet normal 0.212646 0.977129 0
    outer loop
      vertex 35.5139 -35.3582 62
      vertex 36.0019 -35.4644 6
      vertex 35.5139 -35.3582 6
    endloop
  endfacet
  facet normal 0.349433 0.936961 -0
    outer loop
      vertex 35.5139 -35.3582 6
      vertex 35.046 -35.1837 62
      vertex 35.5139 -35.3582 62
    endloop
  endfacet
  facet normal 0.349433 0.936961 0
    outer loop
      vertex 35.046 -35.1837 62
      vertex 35.5139 -35.3582 6
      vertex 35.046 -35.1837 6
    endloop
  endfacet
  facet normal 0.0712897 0.997456 -0
    outer loop
      vertex 36.5 -35.5 6
      vertex 36.0019 -35.4644 62
      vertex 36.5 -35.5 62
    endloop
  endfacet
  facet normal 0.0712897 0.997456 0
    outer loop
      vertex 36.0019 -35.4644 62
      vertex 36.5 -35.5 6
      vertex 36.0019 -35.4644 6
    endloop
  endfacet
  facet normal 0.479287 0.877658 -0
    outer loop
      vertex 35.046 -35.1837 6
      vertex 34.6078 -34.9444 62
      vertex 35.046 -35.1837 62
    endloop
  endfacet
  facet normal 0.479287 0.877658 0
    outer loop
      vertex 34.6078 -34.9444 62
      vertex 35.046 -35.1837 6
      vertex 34.6078 -34.9444 6
    endloop
  endfacet
  facet normal -0.599295 -0.800528 0
    outer loop
      vertex 38.3922 34.9444 6
      vertex 38.792 34.6451 62
      vertex 38.3922 34.9444 62
    endloop
  endfacet
  facet normal -0.599295 -0.800528 -0
    outer loop
      vertex 38.792 34.6451 62
      vertex 38.3922 34.9444 6
      vertex 38.792 34.6451 6
    endloop
  endfacet
  facet normal 0.977129 -0.212646 0
    outer loop
      vertex 33.0356 32.4981 62
      vertex 33.1418 32.9861 59.6
      vertex 33.1418 32.9861 62
    endloop
  endfacet
  facet normal 0.977129 -0.212646 0
    outer loop
      vertex 33.1418 32.9861 59.6
      vertex 33.0356 32.4981 62
      vertex 33.0356 32.4981 59.6
    endloop
  endfacet
  facet normal 0.212646 0.977129 -0
    outer loop
      vertex 36.0019 28.5356 59.6
      vertex 35.5139 28.6418 62
      vertex 36.0019 28.5356 62
    endloop
  endfacet
  facet normal 0.212646 0.977129 0
    outer loop
      vertex 35.5139 28.6418 62
      vertex 36.0019 28.5356 59.6
      vertex 35.5139 28.6418 59.6
    endloop
  endfacet
  facet normal -0.479287 -0.877658 0
    outer loop
      vertex 37.954 35.1837 6
      vertex 38.3922 34.9444 62
      vertex 37.954 35.1837 62
    endloop
  endfacet
  facet normal -0.479287 -0.877658 -0
    outer loop
      vertex 38.3922 34.9444 62
      vertex 37.954 35.1837 6
      vertex 38.3922 34.9444 6
    endloop
  endfacet
  facet normal 0.479287 -0.877658 0
    outer loop
      vertex 34.6078 34.9444 6
      vertex 35.046 35.1837 62
      vertex 34.6078 34.9444 62
    endloop
  endfacet
  facet normal 0.479287 -0.877658 0
    outer loop
      vertex 35.046 35.1837 62
      vertex 34.6078 34.9444 6
      vertex 35.046 35.1837 6
    endloop
  endfacet
  facet normal 0.936961 -0.349433 0
    outer loop
      vertex 33.1418 32.9861 62
      vertex 33.3163 33.454 59.6
      vertex 33.3163 33.454 62
    endloop
  endfacet
  facet normal 0.936961 -0.349433 0
    outer loop
      vertex 33.3163 33.454 59.6
      vertex 33.1418 32.9861 62
      vertex 33.1418 32.9861 59.6
    endloop
  endfacet
  facet normal 0.800528 0.599295 0
    outer loop
      vertex 33.8549 29.708 62
      vertex 33.5556 30.1078 59.6
      vertex 33.5556 30.1078 62
    endloop
  endfacet
  facet normal 0.800528 0.599295 0
    outer loop
      vertex 33.5556 30.1078 59.6
      vertex 33.8549 29.708 62
      vertex 33.8549 29.708 59.6
    endloop
  endfacet
  facet normal -0.936961 -0.349433 0
    outer loop
      vertex 39.8582 32.9861 6
      vertex 39.6837 33.454 62
      vertex 39.6837 33.454 6
    endloop
  endfacet
  facet normal -0.936961 -0.349433 0
    outer loop
      vertex 39.6837 33.454 62
      vertex 39.8582 32.9861 6
      vertex 39.8582 32.9861 62
    endloop
  endfacet
  facet normal -0.800528 -0.599295 0
    outer loop
      vertex 39.4444 33.8922 6
      vertex 39.1451 34.292 62
      vertex 39.1451 34.292 6
    endloop
  endfacet
  facet normal -0.800528 -0.599295 0
    outer loop
      vertex 39.1451 34.292 62
      vertex 39.4444 33.8922 6
      vertex 39.4444 33.8922 62
    endloop
  endfacet
  facet normal -0.707107 -0.707107 0
    outer loop
      vertex 39.1451 34.292 6
      vertex 38.792 34.6451 62
      vertex 38.792 34.6451 6
    endloop
  endfacet
  facet normal -0.707107 -0.707107 0
    outer loop
      vertex 38.792 34.6451 62
      vertex 39.1451 34.292 6
      vertex 39.1451 34.292 62
    endloop
  endfacet
  facet normal -0.349433 -0.936961 0
    outer loop
      vertex 37.4861 35.3582 6
      vertex 37.954 35.1837 62
      vertex 37.4861 35.3582 62
    endloop
  endfacet
  facet normal -0.349433 -0.936961 -0
    outer loop
      vertex 37.954 35.1837 62
      vertex 37.4861 35.3582 6
      vertex 37.954 35.1837 6
    endloop
  endfacet
  facet normal 0.0712897 -0.997456 0
    outer loop
      vertex 36.0019 35.4644 6
      vertex 36.5 35.5 62
      vertex 36.0019 35.4644 62
    endloop
  endfacet
  facet normal 0.0712897 -0.997456 0
    outer loop
      vertex 36.5 35.5 62
      vertex 36.0019 35.4644 6
      vertex 36.5 35.5 6
    endloop
  endfacet
  facet normal -0.0712897 -0.997456 0
    outer loop
      vertex 36.5 35.5 6
      vertex 36.9981 35.4644 62
      vertex 36.5 35.5 62
    endloop
  endfacet
  facet normal -0.0712897 -0.997456 -0
    outer loop
      vertex 36.9981 35.4644 62
      vertex 36.5 35.5 6
      vertex 36.9981 35.4644 6
    endloop
  endfacet
  facet normal 0.997456 0.0712897 0
    outer loop
      vertex 33.0356 31.5019 62
      vertex 33 32 59.6
      vertex 33 32 62
    endloop
  endfacet
  facet normal 0.997456 0.0712897 0
    outer loop
      vertex 33 32 59.6
      vertex 33.0356 31.5019 62
      vertex 33.0356 31.5019 59.6
    endloop
  endfacet
  facet normal 0.800528 -0.599295 0
    outer loop
      vertex 33.5556 33.8922 62
      vertex 33.8549 34.292 59.6
      vertex 33.8549 34.292 62
    endloop
  endfacet
  facet normal 0.800528 -0.599295 0
    outer loop
      vertex 33.8549 34.292 59.6
      vertex 33.5556 33.8922 62
      vertex 33.5556 33.8922 59.6
    endloop
  endfacet
  facet normal 0.599295 -0.800528 0
    outer loop
      vertex 34.208 34.6451 6
      vertex 34.6078 34.9444 62
      vertex 34.208 34.6451 62
    endloop
  endfacet
  facet normal 0.599295 -0.800528 0
    outer loop
      vertex 34.6078 34.9444 62
      vertex 34.208 34.6451 6
      vertex 34.6078 34.9444 6
    endloop
  endfacet
  facet normal 0.212646 -0.977129 0
    outer loop
      vertex 35.5139 35.3582 6
      vertex 36.0019 35.4644 62
      vertex 35.5139 35.3582 62
    endloop
  endfacet
  facet normal 0.212646 -0.977129 0
    outer loop
      vertex 36.0019 35.4644 62
      vertex 35.5139 35.3582 6
      vertex 36.0019 35.4644 6
    endloop
  endfacet
  facet normal 0.707107 -0.707107 0
    outer loop
      vertex 34.208 34.6451 62
      vertex 34.161 34.5981 59.6
      vertex 34.208 34.6451 6
    endloop
  endfacet
  facet normal 0.707107 -0.707107 0
    outer loop
      vertex 33.8549 34.292 62
      vertex 34.161 34.5981 59.6
      vertex 34.208 34.6451 62
    endloop
  endfacet
  facet normal 0.707107 -0.707107 0
    outer loop
      vertex 34.161 34.5981 59.6
      vertex 33.8549 34.292 62
      vertex 33.8549 34.292 59.6
    endloop
  endfacet
  facet normal 0.707107 -0.707107 0
    outer loop
      vertex 34.208 34.6451 6
      vertex 34.161 34.5981 59.6
      vertex 34.161 34.5981 6
    endloop
  endfacet
  facet normal -0.997456 -0.0712897 0
    outer loop
      vertex 40 32 6
      vertex 39.9644 32.4981 62
      vertex 39.9644 32.4981 6
    endloop
  endfacet
  facet normal -0.997456 -0.0712897 0
    outer loop
      vertex 39.9644 32.4981 62
      vertex 40 32 6
      vertex 40 32 62
    endloop
  endfacet
  facet normal -0.212646 0.977129 0
    outer loop
      vertex 37.4861 28.6418 59.6
      vertex 36.9981 28.5356 62
      vertex 37.4861 28.6418 62
    endloop
  endfacet
  facet normal -0.212646 0.977129 0
    outer loop
      vertex 36.9981 28.5356 62
      vertex 37.4861 28.6418 59.6
      vertex 36.9981 28.5356 59.6
    endloop
  endfacet
  facet normal -0.800528 0.599295 0
    outer loop
      vertex 39.1451 29.708 59.6
      vertex 39.4444 30.1078 62
      vertex 39.4444 30.1078 59.6
    endloop
  endfacet
  facet normal -0.800528 0.599295 0
    outer loop
      vertex 39.4444 30.1078 62
      vertex 39.1451 29.708 59.6
      vertex 39.1451 29.708 62
    endloop
  endfacet
  facet normal -0.349433 0.936961 0
    outer loop
      vertex 37.954 28.8163 59.6
      vertex 37.4861 28.6418 62
      vertex 37.954 28.8163 62
    endloop
  endfacet
  facet normal -0.349433 0.936961 0
    outer loop
      vertex 37.4861 28.6418 62
      vertex 37.954 28.8163 59.6
      vertex 37.4861 28.6418 59.6
    endloop
  endfacet
  facet normal -0.599295 0.800528 0
    outer loop
      vertex 38.792 29.3549 59.6
      vertex 38.3922 29.0556 62
      vertex 38.792 29.3549 62
    endloop
  endfacet
  facet normal -0.599295 0.800528 0
    outer loop
      vertex 38.3922 29.0556 62
      vertex 38.792 29.3549 59.6
      vertex 38.3922 29.0556 59.6
    endloop
  endfacet
  facet normal 0.977129 0.212646 0
    outer loop
      vertex 33.1418 31.0139 62
      vertex 33.0356 31.5019 59.6
      vertex 33.0356 31.5019 62
    endloop
  endfacet
  facet normal 0.977129 0.212646 0
    outer loop
      vertex 33.0356 31.5019 59.6
      vertex 33.1418 31.0139 62
      vertex 33.1418 31.0139 59.6
    endloop
  endfacet
  facet normal -0.977129 -0.212646 0
    outer loop
      vertex 39.9644 32.4981 6
      vertex 39.8582 32.9861 62
      vertex 39.8582 32.9861 6
    endloop
  endfacet
  facet normal -0.977129 -0.212646 0
    outer loop
      vertex 39.8582 32.9861 62
      vertex 39.9644 32.4981 6
      vertex 39.9644 32.4981 62
    endloop
  endfacet
  facet normal -0.877658 -0.479287 0
    outer loop
      vertex 39.6837 33.454 6
      vertex 39.4444 33.8922 62
      vertex 39.4444 33.8922 6
    endloop
  endfacet
  facet normal -0.877658 -0.479287 0
    outer loop
      vertex 39.4444 33.8922 62
      vertex 39.6837 33.454 6
      vertex 39.6837 33.454 62
    endloop
  endfacet
  facet normal 0.877658 -0.479287 0
    outer loop
      vertex 33.3163 33.454 62
      vertex 33.5556 33.8922 59.6
      vertex 33.5556 33.8922 62
    endloop
  endfacet
  facet normal 0.877658 -0.479287 0
    outer loop
      vertex 33.5556 33.8922 59.6
      vertex 33.3163 33.454 62
      vertex 33.3163 33.454 59.6
    endloop
  endfacet
  facet normal 0.349433 -0.936961 0
    outer loop
      vertex 35.046 35.1837 6
      vertex 35.5139 35.3582 62
      vertex 35.046 35.1837 62
    endloop
  endfacet
  facet normal 0.349433 -0.936961 0
    outer loop
      vertex 35.5139 35.3582 62
      vertex 35.046 35.1837 6
      vertex 35.5139 35.3582 6
    endloop
  endfacet
  facet normal -0.997456 0.0712897 0
    outer loop
      vertex 39.9644 31.5019 6
      vertex 40 32 62
      vertex 40 32 6
    endloop
  endfacet
  facet normal -0.997456 0.0712897 0
    outer loop
      vertex 40 32 62
      vertex 39.9644 31.5019 6
      vertex 39.9644 31.5019 62
    endloop
  endfacet
  facet normal -0.977129 0.212646 0
    outer loop
      vertex 39.8582 31.0139 6
      vertex 39.9644 31.5019 62
      vertex 39.9644 31.5019 6
    endloop
  endfacet
  facet normal -0.977129 0.212646 0
    outer loop
      vertex 39.9644 31.5019 62
      vertex 39.8582 31.0139 6
      vertex 39.8582 31.0139 62
    endloop
  endfacet
  facet normal -0.707107 0.707107 0
    outer loop
      vertex 38.792 29.3549 59.6
      vertex 39.1451 29.708 62
      vertex 39.1451 29.708 59.6
    endloop
  endfacet
  facet normal -0.707107 0.707107 0
    outer loop
      vertex 39.1451 29.708 62
      vertex 38.792 29.3549 59.6
      vertex 38.792 29.3549 62
    endloop
  endfacet
  facet normal -0.936961 0.349433 0
    outer loop
      vertex 39.6837 30.546 6
      vertex 39.8582 31.0139 62
      vertex 39.8582 31.0139 6
    endloop
  endfacet
  facet normal -0.936961 0.349433 0
    outer loop
      vertex 39.8582 31.0139 62
      vertex 39.6837 30.546 6
      vertex 39.6837 30.546 62
    endloop
  endfacet
  facet normal 0.0712897 0.997456 -0
    outer loop
      vertex 36.5 28.5 59.6
      vertex 36.0019 28.5356 62
      vertex 36.5 28.5 62
    endloop
  endfacet
  facet normal 0.0712897 0.997456 0
    outer loop
      vertex 36.0019 28.5356 62
      vertex 36.5 28.5 59.6
      vertex 36.0019 28.5356 59.6
    endloop
  endfacet
  facet normal -0.0712897 0.997456 0
    outer loop
      vertex 36.9981 28.5356 59.6
      vertex 36.5 28.5 62
      vertex 36.9981 28.5356 62
    endloop
  endfacet
  facet normal -0.0712897 0.997456 0
    outer loop
      vertex 36.5 28.5 62
      vertex 36.9981 28.5356 59.6
      vertex 36.5 28.5 59.6
    endloop
  endfacet
  facet normal 0.349433 0.936961 -0
    outer loop
      vertex 35.5139 28.6418 59.6
      vertex 35.046 28.8163 62
      vertex 35.5139 28.6418 62
    endloop
  endfacet
  facet normal 0.349433 0.936961 0
    outer loop
      vertex 35.046 28.8163 62
      vertex 35.5139 28.6418 59.6
      vertex 35.046 28.8163 59.6
    endloop
  endfacet
  facet normal 0.599295 0.800528 -0
    outer loop
      vertex 34.6078 29.0556 59.6
      vertex 34.208 29.3549 62
      vertex 34.6078 29.0556 62
    endloop
  endfacet
  facet normal 0.599295 0.800528 0
    outer loop
      vertex 34.208 29.3549 62
      vertex 34.6078 29.0556 59.6
      vertex 34.208 29.3549 59.6
    endloop
  endfacet
  facet normal 0.936961 0.349433 0
    outer loop
      vertex 33.3163 30.546 62
      vertex 33.1418 31.0139 59.6
      vertex 33.1418 31.0139 62
    endloop
  endfacet
  facet normal 0.936961 0.349433 0
    outer loop
      vertex 33.1418 31.0139 59.6
      vertex 33.3163 30.546 62
      vertex 33.3163 30.546 59.6
    endloop
  endfacet
  facet normal 0.707107 0.707107 0
    outer loop
      vertex 34.208 29.3549 62
      vertex 33.8549 29.708 59.6
      vertex 33.8549 29.708 62
    endloop
  endfacet
  facet normal 0.707107 0.707107 0
    outer loop
      vertex 33.8549 29.708 59.6
      vertex 34.208 29.3549 62
      vertex 34.208 29.3549 59.6
    endloop
  endfacet
  facet normal -0.212646 -0.977129 0
    outer loop
      vertex 36.9981 35.4644 6
      vertex 37.4861 35.3582 62
      vertex 36.9981 35.4644 62
    endloop
  endfacet
  facet normal -0.212646 -0.977129 -0
    outer loop
      vertex 37.4861 35.3582 62
      vertex 36.9981 35.4644 6
      vertex 37.4861 35.3582 6
    endloop
  endfacet
  facet normal 0.997456 -0.0712897 0
    outer loop
      vertex 33 32 62
      vertex 33.0356 32.4981 59.6
      vertex 33.0356 32.4981 62
    endloop
  endfacet
  facet normal 0.997456 -0.0712897 0
    outer loop
      vertex 33.0356 32.4981 59.6
      vertex 33 32 62
      vertex 33 32 59.6
    endloop
  endfacet
  facet normal -0.479287 0.877658 0
    outer loop
      vertex 38.3922 29.0556 59.6
      vertex 37.954 28.8163 62
      vertex 38.3922 29.0556 62
    endloop
  endfacet
  facet normal -0.479287 0.877658 0
    outer loop
      vertex 37.954 28.8163 62
      vertex 38.3922 29.0556 59.6
      vertex 37.954 28.8163 59.6
    endloop
  endfacet
  facet normal -0.877699 0.479213 0
    outer loop
      vertex 39.6 30.3927 59.6
      vertex 39.6837 30.546 6
      vertex 39.6 30.3927 6
    endloop
  endfacet
  facet normal -0.877699 0.479213 0
    outer loop
      vertex 39.6837 30.546 6
      vertex 39.6 30.3927 59.6
      vertex 39.6837 30.546 62
    endloop
  endfacet
  facet normal -0.877636 0.479327 0
    outer loop
      vertex 39.4444 30.1078 62
      vertex 39.6 30.3927 59.6
      vertex 39.4444 30.1078 59.6
    endloop
  endfacet
  facet normal -0.877658 0.479287 -6.13379e-06
    outer loop
      vertex 39.6 30.3927 59.6
      vertex 39.4444 30.1078 62
      vertex 39.6837 30.546 62
    endloop
  endfacet
  facet normal 0.479287 0.877658 -0
    outer loop
      vertex 35.046 28.8163 59.6
      vertex 34.6078 29.0556 62
      vertex 35.046 28.8163 62
    endloop
  endfacet
  facet normal 0.479287 0.877658 0
    outer loop
      vertex 34.6078 29.0556 62
      vertex 35.046 28.8163 59.6
      vertex 34.6078 29.0556 59.6
    endloop
  endfacet
  facet normal 0.877658 0.479287 0
    outer loop
      vertex 33.5556 30.1078 62
      vertex 33.3163 30.546 59.6
      vertex 33.3163 30.546 62
    endloop
  endfacet
  facet normal 0.877658 0.479287 0
    outer loop
      vertex 33.3163 30.546 59.6
      vertex 33.5556 30.1078 62
      vertex 33.5556 30.1078 59.6
    endloop
  endfacet
  facet normal -0.999189 0 -0.0402568
    outer loop
      vertex -6.8 -36.9984 9
      vertex -6.8201 -34.5981 9.49889
      vertex -6.8 -34.5981 9
    endloop
  endfacet
  facet normal -0.999189 -0 -0.0402568
    outer loop
      vertex -6.8201 -34.5981 9.49889
      vertex -6.8 -36.9984 9
      vertex -6.8201 -36.9984 9.49889
    endloop
  endfacet
  facet normal -0.316588 0 -0.948563
    outer loop
      vertex -11.2751 -36.9984 14.9552
      vertex -10.8014 -34.5981 14.7971
      vertex -10.8014 -36.9984 14.7971
    endloop
  endfacet
  facet normal -0.316588 0 -0.948563
    outer loop
      vertex -10.8014 -34.5981 14.7971
      vertex -11.2751 -36.9984 14.9552
      vertex -11.2751 -34.5981 14.9552
    endloop
  endfacet
  facet normal 0.464673 0 -0.885482
    outer loop
      vertex -16.1 -36.9984 14.3694
      vertex -15.6579 -34.5981 14.6014
      vertex -15.6579 -36.9984 14.6014
    endloop
  endfacet
  facet normal 0.464673 0 -0.885482
    outer loop
      vertex -15.6579 -34.5981 14.6014
      vertex -16.1 -36.9984 14.3694
      vertex -16.1 -34.5981 14.3694
    endloop
  endfacet
  facet normal -0.999189 0 0.0402568
    outer loop
      vertex -6.8201 -36.9984 8.50111
      vertex -6.8 -34.5981 9
      vertex -6.8201 -34.5981 8.50111
    endloop
  endfacet
  facet normal -0.999189 0 0.0402568
    outer loop
      vertex -6.8 -34.5981 9
      vertex -6.8201 -36.9984 8.50111
      vertex -6.8 -36.9984 9
    endloop
  endfacet
  facet normal -0.903458 0 -0.428677
    outer loop
      vertex -7.29613 -36.9984 11.4302
      vertex -7.51017 -34.5981 11.8813
      vertex -7.29613 -34.5981 11.4302
    endloop
  endfacet
  facet normal -0.903458 -0 -0.428677
    outer loop
      vertex -7.51017 -34.5981 11.8813
      vertex -7.29613 -36.9984 11.4302
      vertex -7.51017 -36.9984 11.8813
    endloop
  endfacet
  facet normal -0.866022 0 -0.500006
    outer loop
      vertex -7.51017 -36.9984 11.8813
      vertex -7.75982 -34.5981 12.3137
      vertex -7.51017 -34.5981 11.8813
    endloop
  endfacet
  facet normal -0.866022 -0 -0.500006
    outer loop
      vertex -7.75982 -34.5981 12.3137
      vertex -7.51017 -36.9984 11.8813
      vertex -7.75982 -36.9984 12.3137
    endloop
  endfacet
  facet normal 0.999189 -0 0.0402568
    outer loop
      vertex -19.2 -36.9984 9
      vertex -19.1799 -34.5981 8.50111
      vertex -19.2 -34.5981 9
    endloop
  endfacet
  facet normal 0.999189 0 0.0402568
    outer loop
      vertex -19.1799 -34.5981 8.50111
      vertex -19.2 -36.9984 9
      vertex -19.1799 -36.9984 8.50111
    endloop
  endfacet
  facet normal -0.903454 0 0.428685
    outer loop
      vertex -7.51017 -36.9984 6.11872
      vertex -7.29613 -34.5981 6.56981
      vertex -7.51017 -34.5981 6.11872
    endloop
  endfacet
  facet normal -0.903454 0 0.428685
    outer loop
      vertex -7.29613 -34.5981 6.56981
      vertex -7.51017 -36.9984 6.11872
      vertex -7.29613 -36.9984 6.56981
    endloop
  endfacet
  facet normal 0.0804497 0 0.996759
    outer loop
      vertex -13.7473 -34.5981 2.8452
      vertex -13.2496 -36.9984 2.80503
      vertex -13.2496 -34.5981 2.80503
    endloop
  endfacet
  facet normal 0.0804497 0 0.996759
    outer loop
      vertex -13.2496 -36.9984 2.80503
      vertex -13.7473 -34.5981 2.8452
      vertex -13.7473 -36.9984 2.8452
    endloop
  endfacet
  facet normal -0.960507 0 -0.278257
    outer loop
      vertex -6.98016 -36.9984 10.4838
      vertex -7.11907 -34.5981 10.9633
      vertex -6.98016 -34.5981 10.4838
    endloop
  endfacet
  facet normal -0.960507 -0 -0.278257
    outer loop
      vertex -7.11907 -34.5981 10.9633
      vertex -6.98016 -36.9984 10.4838
      vertex -7.11907 -36.9984 10.9633
    endloop
  endfacet
  facet normal -0.822978 0 -0.568073
    outer loop
      vertex -7.75982 -36.9984 12.3137
      vertex -8.04345 -34.5981 12.7246
      vertex -7.75982 -34.5981 12.3137
    endloop
  endfacet
  facet normal -0.822978 -0 -0.568073
    outer loop
      vertex -8.04345 -34.5981 12.7246
      vertex -7.75982 -36.9984 12.3137
      vertex -8.04345 -36.9984 12.7246
    endloop
  endfacet
  facet normal -0.663127 0 -0.748507
    outer loop
      vertex -9.07884 -36.9984 13.8026
      vertex -8.70511 -34.5981 13.4715
      vertex -8.70511 -36.9984 13.4715
    endloop
  endfacet
  facet normal -0.663127 0 -0.748507
    outer loop
      vertex -8.70511 -34.5981 13.4715
      vertex -9.07884 -36.9984 13.8026
      vertex -9.07884 -34.5981 13.8026
    endloop
  endfacet
  facet normal -0.721203 0 -0.692724
    outer loop
      vertex -8.35923 -36.9984 13.1114
      vertex -8.70511 -34.5981 13.4715
      vertex -8.35923 -34.5981 13.1114
    endloop
  endfacet
  facet normal -0.721203 -0 -0.692724
    outer loop
      vertex -8.70511 -34.5981 13.4715
      vertex -8.35923 -36.9984 13.1114
      vertex -8.70511 -36.9984 13.4715
    endloop
  endfacet
  facet normal -0.160403 0 -0.987052
    outer loop
      vertex -12.2527 -36.9984 15.1548
      vertex -11.7598 -34.5981 15.0747
      vertex -11.7598 -36.9984 15.0747
    endloop
  endfacet
  facet normal -0.160403 0 -0.987052
    outer loop
      vertex -11.7598 -34.5981 15.0747
      vertex -12.2527 -36.9984 15.1548
      vertex -12.2527 -34.5981 15.1548
    endloop
  endfacet
  facet normal -0.391985 0 -0.919972
    outer loop
      vertex -10.8014 -36.9984 14.7971
      vertex -10.3421 -34.5981 14.6014
      vertex -10.3421 -36.9984 14.6014
    endloop
  endfacet
  facet normal -0.391985 0 -0.919972
    outer loop
      vertex -10.3421 -34.5981 14.6014
      vertex -10.8014 -36.9984 14.7971
      vertex -10.8014 -34.5981 14.7971
    endloop
  endfacet
  facet normal -0.534528 0 -0.845151
    outer loop
      vertex -9.9 -36.9984 14.3694
      vertex -9.478 -34.5981 14.1025
      vertex -9.478 -36.9984 14.1025
    endloop
  endfacet
  facet normal -0.534528 0 -0.845151
    outer loop
      vertex -9.478 -34.5981 14.1025
      vertex -9.9 -36.9984 14.3694
      vertex -9.9 -34.5981 14.3694
    endloop
  endfacet
  facet normal 0.992705 0 -0.120568
    outer loop
      vertex -19.1197 -36.9984 9.99455
      vertex -19.1799 -34.5981 9.49889
      vertex -19.1197 -34.5981 9.99455
    endloop
  endfacet
  facet normal 0.992705 0 -0.120568
    outer loop
      vertex -19.1799 -34.5981 9.49889
      vertex -19.1197 -36.9984 9.99455
      vertex -19.1799 -36.9984 9.49889
    endloop
  endfacet
  facet normal 0.866066 0 -0.499931
    outer loop
      vertex -18.2402 -36.9984 12.3137
      vertex -18.4898 -34.5981 11.8813
      vertex -18.2402 -34.5981 12.3137
    endloop
  endfacet
  facet normal 0.866066 0 -0.499931
    outer loop
      vertex -18.4898 -34.5981 11.8813
      vertex -18.2402 -36.9984 12.3137
      vertex -18.4898 -36.9984 11.8813
    endloop
  endfacet
  facet normal 0.600641 0 -0.799519
    outer loop
      vertex -16.9212 -36.9984 13.8026
      vertex -16.522 -34.5981 14.1025
      vertex -16.522 -36.9984 14.1025
    endloop
  endfacet
  facet normal 0.600641 0 -0.799519
    outer loop
      vertex -16.522 -34.5981 14.1025
      vertex -16.9212 -36.9984 13.8026
      vertex -16.9212 -34.5981 13.8026
    endloop
  endfacet
  facet normal 0.663157 0 -0.74848
    outer loop
      vertex -17.2949 -36.9984 13.4715
      vertex -16.9212 -34.5981 13.8026
      vertex -16.9212 -36.9984 13.8026
    endloop
  endfacet
  facet normal 0.663157 0 -0.74848
    outer loop
      vertex -16.9212 -34.5981 13.8026
      vertex -17.2949 -36.9984 13.4715
      vertex -17.2949 -34.5981 13.4715
    endloop
  endfacet
  facet normal 0.774683 -0 0.63235
    outer loop
      vertex -17.9565 -36.9984 5.2754
      vertex -17.6408 -34.5981 4.88864
      vertex -17.9565 -34.5981 5.2754
    endloop
  endfacet
  facet normal 0.774683 0 0.63235
    outer loop
      vertex -17.6408 -34.5981 4.88864
      vertex -17.9565 -36.9984 5.2754
      vertex -17.6408 -36.9984 4.88864
    endloop
  endfacet
  facet normal 0.960525 -0 0.278195
    outer loop
      vertex -19.0198 -36.9984 7.51624
      vertex -18.8809 -34.5981 7.03666
      vertex -19.0198 -34.5981 7.51624
    endloop
  endfacet
  facet normal 0.960525 0 0.278195
    outer loop
      vertex -18.8809 -34.5981 7.03666
      vertex -19.0198 -36.9984 7.51624
      vertex -18.8809 -36.9984 7.03666
    endloop
  endfacet
  facet normal -0.0804497 0 0.996759
    outer loop
      vertex -12.7504 -34.5981 2.80503
      vertex -12.2527 -36.9984 2.8452
      vertex -12.2527 -34.5981 2.8452
    endloop
  endfacet
  facet normal -0.0804497 0 0.996759
    outer loop
      vertex -12.2527 -36.9984 2.8452
      vertex -12.7504 -34.5981 2.80503
      vertex -12.7504 -36.9984 2.80503
    endloop
  endfacet
  facet normal -0.160403 0 0.987052
    outer loop
      vertex -12.2527 -34.5981 2.8452
      vertex -11.7598 -36.9984 2.9253
      vertex -11.7598 -34.5981 2.9253
    endloop
  endfacet
  facet normal -0.160403 0 0.987052
    outer loop
      vertex -11.7598 -36.9984 2.9253
      vertex -12.2527 -34.5981 2.8452
      vertex -12.2527 -36.9984 2.8452
    endloop
  endfacet
  facet normal -0.935024 0 -0.354584
    outer loop
      vertex -7.11907 -36.9984 10.9633
      vertex -7.29613 -34.5981 11.4302
      vertex -7.11907 -34.5981 10.9633
    endloop
  endfacet
  facet normal -0.935024 -0 -0.354584
    outer loop
      vertex -7.29613 -34.5981 11.4302
      vertex -7.11907 -36.9984 10.9633
      vertex -7.29613 -36.9984 11.4302
    endloop
  endfacet
  facet normal -0.979795 0 -0.200004
    outer loop
      vertex -6.88029 -36.9984 9.99455
      vertex -6.98016 -34.5981 10.4838
      vertex -6.88029 -34.5981 9.99455
    endloop
  endfacet
  facet normal -0.979795 -0 -0.200004
    outer loop
      vertex -6.98016 -34.5981 10.4838
      vertex -6.88029 -36.9984 9.99455
      vertex -6.98016 -36.9984 10.4838
    endloop
  endfacet
  facet normal 0.0805094 0 -0.996754
    outer loop
      vertex -13.7473 -36.9984 15.1548
      vertex -13.2496 -34.5981 15.195
      vertex -13.2496 -36.9984 15.195
    endloop
  endfacet
  facet normal 0.0805094 0 -0.996754
    outer loop
      vertex -13.2496 -34.5981 15.195
      vertex -13.7473 -36.9984 15.1548
      vertex -13.7473 -34.5981 15.1548
    endloop
  endfacet
  facet normal -0.0805094 0 -0.996754
    outer loop
      vertex -12.7504 -36.9984 15.195
      vertex -12.2527 -34.5981 15.1548
      vertex -12.2527 -36.9984 15.1548
    endloop
  endfacet
  facet normal -0.0805094 0 -0.996754
    outer loop
      vertex -12.2527 -34.5981 15.1548
      vertex -12.7504 -36.9984 15.195
      vertex -12.7504 -34.5981 15.195
    endloop
  endfacet
  facet normal -0.239376 0 -0.970927
    outer loop
      vertex -11.7598 -36.9984 15.0747
      vertex -11.2751 -34.5981 14.9552
      vertex -11.2751 -36.9984 14.9552
    endloop
  endfacet
  facet normal -0.239376 0 -0.970927
    outer loop
      vertex -11.2751 -34.5981 14.9552
      vertex -11.7598 -36.9984 15.0747
      vertex -11.7598 -34.5981 15.0747
    endloop
  endfacet
  facet normal -0.464673 0 -0.885482
    outer loop
      vertex -10.3421 -36.9984 14.6014
      vertex -9.9 -34.5981 14.3694
      vertex -9.9 -36.9984 14.3694
    endloop
  endfacet
  facet normal -0.464673 0 -0.885482
    outer loop
      vertex -9.9 -34.5981 14.3694
      vertex -10.3421 -36.9984 14.6014
      vertex -10.3421 -34.5981 14.6014
    endloop
  endfacet
  facet normal -0.600679 0 -0.79949
    outer loop
      vertex -9.478 -36.9984 14.1025
      vertex -9.07884 -34.5981 13.8026
      vertex -9.07884 -36.9984 13.8026
    endloop
  endfacet
  facet normal -0.600679 0 -0.79949
    outer loop
      vertex -9.07884 -34.5981 13.8026
      vertex -9.478 -36.9984 14.1025
      vertex -9.478 -34.5981 14.1025
    endloop
  endfacet
  facet normal 0.999189 0 -0.0402568
    outer loop
      vertex -19.1799 -36.9984 9.49889
      vertex -19.2 -34.5981 9
      vertex -19.1799 -34.5981 9.49889
    endloop
  endfacet
  facet normal 0.999189 0 -0.0402568
    outer loop
      vertex -19.2 -34.5981 9
      vertex -19.1799 -36.9984 9.49889
      vertex -19.2 -36.9984 9
    endloop
  endfacet
  facet normal 0.979783 0 -0.200062
    outer loop
      vertex -19.0198 -36.9984 10.4838
      vertex -19.1197 -34.5981 9.99455
      vertex -19.0198 -34.5981 10.4838
    endloop
  endfacet
  facet normal 0.979783 0 -0.200062
    outer loop
      vertex -19.1197 -34.5981 9.99455
      vertex -19.0198 -36.9984 10.4838
      vertex -19.1197 -36.9984 9.99455
    endloop
  endfacet
  facet normal 0.960512 0 -0.278238
    outer loop
      vertex -18.8809 -36.9984 10.9633
      vertex -19.0198 -34.5981 10.4838
      vertex -18.8809 -34.5981 10.9633
    endloop
  endfacet
  facet normal 0.960512 0 -0.278238
    outer loop
      vertex -19.0198 -34.5981 10.4838
      vertex -18.8809 -36.9984 10.9633
      vertex -19.0198 -36.9984 10.4838
    endloop
  endfacet
  facet normal 0.903411 0 -0.428775
    outer loop
      vertex -18.4898 -36.9984 11.8813
      vertex -18.7039 -34.5981 11.4302
      vertex -18.4898 -34.5981 11.8813
    endloop
  endfacet
  facet normal 0.903411 0 -0.428775
    outer loop
      vertex -18.7039 -34.5981 11.4302
      vertex -18.4898 -36.9984 11.8813
      vertex -18.7039 -36.9984 11.4302
    endloop
  endfacet
  facet normal 0.822913 0 -0.568168
    outer loop
      vertex -17.9565 -36.9984 12.7246
      vertex -18.2402 -34.5981 12.3137
      vertex -17.9565 -34.5981 12.7246
    endloop
  endfacet
  facet normal 0.822913 0 -0.568168
    outer loop
      vertex -18.2402 -34.5981 12.3137
      vertex -17.9565 -36.9984 12.7246
      vertex -18.2402 -36.9984 12.3137
    endloop
  endfacet
  facet normal 0.391985 0 -0.919972
    outer loop
      vertex -15.6579 -36.9984 14.6014
      vertex -15.1986 -34.5981 14.7971
      vertex -15.1986 -36.9984 14.7971
    endloop
  endfacet
  facet normal 0.391985 0 -0.919972
    outer loop
      vertex -15.1986 -34.5981 14.7971
      vertex -15.6579 -36.9984 14.6014
      vertex -15.6579 -34.5981 14.6014
    endloop
  endfacet
  facet normal 0.316588 0 -0.948563
    outer loop
      vertex -15.1986 -36.9984 14.7971
      vertex -14.7249 -34.5981 14.9552
      vertex -14.7249 -36.9984 14.9552
    endloop
  endfacet
  facet normal 0.316588 0 -0.948563
    outer loop
      vertex -14.7249 -34.5981 14.9552
      vertex -15.1986 -36.9984 14.7971
      vertex -15.1986 -34.5981 14.7971
    endloop
  endfacet
  facet normal 0.534528 0 -0.845151
    outer loop
      vertex -16.522 -36.9984 14.1025
      vertex -16.1 -34.5981 14.3694
      vertex -16.1 -36.9984 14.3694
    endloop
  endfacet
  facet normal 0.534528 0 -0.845151
    outer loop
      vertex -16.1 -34.5981 14.3694
      vertex -16.522 -36.9984 14.1025
      vertex -16.522 -34.5981 14.1025
    endloop
  endfacet
  facet normal 0.774715 0 -0.63231
    outer loop
      vertex -17.6408 -36.9984 13.1114
      vertex -17.9565 -34.5981 12.7246
      vertex -17.6408 -34.5981 13.1114
    endloop
  endfacet
  facet normal 0.774715 0 -0.63231
    outer loop
      vertex -17.9565 -34.5981 12.7246
      vertex -17.6408 -36.9984 13.1114
      vertex -17.9565 -36.9984 12.7246
    endloop
  endfacet
  facet normal -0.534471 0 0.845187
    outer loop
      vertex -9.9 -34.5981 3.63064
      vertex -9.478 -36.9984 3.8975
      vertex -9.478 -34.5981 3.8975
    endloop
  endfacet
  facet normal -0.534471 0 0.845187
    outer loop
      vertex -9.478 -36.9984 3.8975
      vertex -9.9 -34.5981 3.63064
      vertex -9.9 -36.9984 3.63064
    endloop
  endfacet
  facet normal -0.822985 0 0.568064
    outer loop
      vertex -8.04345 -36.9984 5.2754
      vertex -7.75982 -34.5981 5.68631
      vertex -8.04345 -34.5981 5.2754
    endloop
  endfacet
  facet normal -0.822985 0 0.568064
    outer loop
      vertex -7.75982 -34.5981 5.68631
      vertex -8.04345 -36.9984 5.2754
      vertex -7.75982 -36.9984 5.68631
    endloop
  endfacet
  facet normal 0.992705 -0 0.120568
    outer loop
      vertex -19.1799 -36.9984 8.50111
      vertex -19.1197 -34.5981 8.00545
      vertex -19.1799 -34.5981 8.50111
    endloop
  endfacet
  facet normal 0.992705 0 0.120568
    outer loop
      vertex -19.1197 -34.5981 8.00545
      vertex -19.1799 -36.9984 8.50111
      vertex -19.1197 -36.9984 8.00545
    endloop
  endfacet
  facet normal 0.903408 -0 0.428783
    outer loop
      vertex -18.7039 -36.9984 6.56981
      vertex -18.4898 -34.5981 6.11872
      vertex -18.7039 -34.5981 6.56981
    endloop
  endfacet
  facet normal 0.903408 0 0.428783
    outer loop
      vertex -18.4898 -34.5981 6.11872
      vertex -18.7039 -36.9984 6.56981
      vertex -18.4898 -36.9984 6.11872
    endloop
  endfacet
  facet normal 0.822919 -0 0.568159
    outer loop
      vertex -18.2402 -36.9984 5.68631
      vertex -17.9565 -34.5981 5.2754
      vertex -18.2402 -34.5981 5.68631
    endloop
  endfacet
  facet normal 0.822919 0 0.568159
    outer loop
      vertex -17.9565 -34.5981 5.2754
      vertex -18.2402 -36.9984 5.68631
      vertex -17.9565 -36.9984 5.2754
    endloop
  endfacet
  facet normal 0.663146 0 0.74849
    outer loop
      vertex -17.2949 -34.5981 4.52854
      vertex -16.9212 -36.9984 4.19745
      vertex -16.9212 -34.5981 4.19745
    endloop
  endfacet
  facet normal 0.663146 0 0.74849
    outer loop
      vertex -16.9212 -36.9984 4.19745
      vertex -17.2949 -34.5981 4.52854
      vertex -17.2949 -36.9984 4.52854
    endloop
  endfacet
  facet normal 0.866071 -0 0.499922
    outer loop
      vertex -18.4898 -36.9984 6.11872
      vertex -18.2402 -34.5981 5.68631
      vertex -18.4898 -34.5981 6.11872
    endloop
  endfacet
  facet normal 0.866071 0 0.499922
    outer loop
      vertex -18.2402 -34.5981 5.68631
      vertex -18.4898 -36.9984 6.11872
      vertex -18.2402 -36.9984 5.68631
    endloop
  endfacet
  facet normal -0.239358 0 0.970931
    outer loop
      vertex -11.7598 -34.5981 2.9253
      vertex -11.2751 -36.9984 3.04479
      vertex -11.2751 -34.5981 3.04479
    endloop
  endfacet
  facet normal -0.239358 0 0.970931
    outer loop
      vertex -11.2751 -36.9984 3.04479
      vertex -11.7598 -34.5981 2.9253
      vertex -11.7598 -36.9984 2.9253
    endloop
  endfacet
  facet normal -0.316606 0 0.948557
    outer loop
      vertex -11.2751 -34.5981 3.04479
      vertex -10.8014 -36.9984 3.2029
      vertex -10.8014 -34.5981 3.2029
    endloop
  endfacet
  facet normal -0.316606 0 0.948557
    outer loop
      vertex -10.8014 -36.9984 3.2029
      vertex -11.2751 -34.5981 3.04479
      vertex -11.2751 -36.9984 3.04479
    endloop
  endfacet
  facet normal -0.392001 0 0.919965
    outer loop
      vertex -10.8014 -34.5981 3.2029
      vertex -10.3421 -36.9984 3.39861
      vertex -10.3421 -34.5981 3.39861
    endloop
  endfacet
  facet normal -0.392001 0 0.919965
    outer loop
      vertex -10.3421 -36.9984 3.39861
      vertex -10.8014 -34.5981 3.2029
      vertex -10.8014 -36.9984 3.2029
    endloop
  endfacet
  facet normal -0.992707 0 -0.120548
    outer loop
      vertex -6.8201 -36.9984 9.49889
      vertex -6.88029 -34.5981 9.99455
      vertex -6.8201 -34.5981 9.49889
    endloop
  endfacet
  facet normal -0.992707 -0 -0.120548
    outer loop
      vertex -6.88029 -34.5981 9.99455
      vertex -6.8201 -36.9984 9.49889
      vertex -6.88029 -36.9984 9.99455
    endloop
  endfacet
  facet normal -0.774637 0 -0.632406
    outer loop
      vertex -8.04345 -36.9984 12.7246
      vertex -8.35923 -34.5981 13.1114
      vertex -8.04345 -34.5981 12.7246
    endloop
  endfacet
  facet normal -0.774637 -0 -0.632406
    outer loop
      vertex -8.35923 -34.5981 13.1114
      vertex -8.04345 -36.9984 12.7246
      vertex -8.35923 -36.9984 13.1114
    endloop
  endfacet
  facet normal 0 0 -1
    outer loop
      vertex -13.2496 -36.9984 15.195
      vertex -12.7504 -34.5981 15.195
      vertex -12.7504 -36.9984 15.195
    endloop
  endfacet
  facet normal -0 0 -1
    outer loop
      vertex -12.7504 -34.5981 15.195
      vertex -13.2496 -36.9984 15.195
      vertex -13.2496 -34.5981 15.195
    endloop
  endfacet
  facet normal 0.935064 0 -0.354479
    outer loop
      vertex -18.7039 -36.9984 11.4302
      vertex -18.8809 -34.5981 10.9633
      vertex -18.7039 -34.5981 11.4302
    endloop
  endfacet
  facet normal 0.935064 0 -0.354479
    outer loop
      vertex -18.8809 -34.5981 10.9633
      vertex -18.7039 -36.9984 11.4302
      vertex -18.8809 -36.9984 10.9633
    endloop
  endfacet
  facet normal 0.160403 0 -0.987052
    outer loop
      vertex -14.2402 -36.9984 15.0747
      vertex -13.7473 -34.5981 15.1548
      vertex -13.7473 -36.9984 15.1548
    endloop
  endfacet
  facet normal 0.160403 0 -0.987052
    outer loop
      vertex -13.7473 -34.5981 15.1548
      vertex -14.2402 -36.9984 15.0747
      vertex -14.2402 -34.5981 15.0747
    endloop
  endfacet
  facet normal 0.239376 0 -0.970927
    outer loop
      vertex -14.7249 -36.9984 14.9552
      vertex -14.2402 -34.5981 15.0747
      vertex -14.2402 -36.9984 15.0747
    endloop
  endfacet
  facet normal 0.239376 0 -0.970927
    outer loop
      vertex -14.2402 -34.5981 15.0747
      vertex -14.7249 -36.9984 14.9552
      vertex -14.7249 -34.5981 14.9552
    endloop
  endfacet
  facet normal 0.721183 0 -0.692744
    outer loop
      vertex -17.2949 -36.9984 13.4715
      vertex -17.6408 -34.5981 13.1114
      vertex -17.2949 -34.5981 13.4715
    endloop
  endfacet
  facet normal 0.721183 0 -0.692744
    outer loop
      vertex -17.6408 -34.5981 13.1114
      vertex -17.2949 -36.9984 13.4715
      vertex -17.6408 -36.9984 13.1114
    endloop
  endfacet
  facet normal -0.979792 0 0.20002
    outer loop
      vertex -6.98016 -36.9984 7.51624
      vertex -6.88029 -34.5981 8.00545
      vertex -6.98016 -34.5981 7.51624
    endloop
  endfacet
  facet normal -0.979792 0 0.20002
    outer loop
      vertex -6.88029 -34.5981 8.00545
      vertex -6.98016 -36.9984 7.51624
      vertex -6.88029 -36.9984 8.00545
    endloop
  endfacet
  facet normal -0.992707 0 0.120548
    outer loop
      vertex -6.88029 -36.9984 8.00545
      vertex -6.8201 -34.5981 8.50111
      vertex -6.88029 -34.5981 8.00545
    endloop
  endfacet
  facet normal -0.992707 0 0.120548
    outer loop
      vertex -6.8201 -34.5981 8.50111
      vertex -6.88029 -36.9984 8.00545
      vertex -6.8201 -36.9984 8.50111
    endloop
  endfacet
  facet normal -0.663116 0 0.748517
    outer loop
      vertex -9.07884 -34.5981 4.19745
      vertex -8.70511 -36.9984 4.52854
      vertex -8.70511 -34.5981 4.52854
    endloop
  endfacet
  facet normal -0.663116 0 0.748517
    outer loop
      vertex -8.70511 -36.9984 4.52854
      vertex -9.07884 -34.5981 4.19745
      vertex -9.07884 -36.9984 4.19745
    endloop
  endfacet
  facet normal -0.600743 0 0.799442
    outer loop
      vertex -9.478 -34.5981 3.8975
      vertex -9.07884 -36.9984 4.19745
      vertex -9.07884 -34.5981 4.19745
    endloop
  endfacet
  facet normal -0.600743 0 0.799442
    outer loop
      vertex -9.07884 -36.9984 4.19745
      vertex -9.478 -34.5981 3.8975
      vertex -9.478 -36.9984 3.8975
    endloop
  endfacet
  facet normal -0.721203 0 0.692724
    outer loop
      vertex -8.70511 -36.9984 4.52854
      vertex -8.35923 -34.5981 4.88864
      vertex -8.70511 -34.5981 4.52854
    endloop
  endfacet
  facet normal -0.721203 0 0.692724
    outer loop
      vertex -8.35923 -34.5981 4.88864
      vertex -8.70511 -36.9984 4.52854
      vertex -8.35923 -36.9984 4.88864
    endloop
  endfacet
  facet normal -0.866027 0 0.499997
    outer loop
      vertex -7.75982 -36.9984 5.68631
      vertex -7.51017 -34.5981 6.11872
      vertex -7.75982 -34.5981 5.68631
    endloop
  endfacet
  facet normal -0.866027 0 0.499997
    outer loop
      vertex -7.51017 -34.5981 6.11872
      vertex -7.75982 -36.9984 5.68631
      vertex -7.51017 -36.9984 6.11872
    endloop
  endfacet
  facet normal -0 0 1
    outer loop
      vertex -13.2496 -34.5981 2.80503
      vertex -12.7504 -36.9984 2.80503
      vertex -12.7504 -34.5981 2.80503
    endloop
  endfacet
  facet normal 0 0 1
    outer loop
      vertex -12.7504 -36.9984 2.80503
      vertex -13.2496 -34.5981 2.80503
      vertex -13.2496 -36.9984 2.80503
    endloop
  endfacet
  facet normal 0.239358 0 0.970931
    outer loop
      vertex -14.7249 -34.5981 3.04479
      vertex -14.2402 -36.9984 2.9253
      vertex -14.2402 -34.5981 2.9253
    endloop
  endfacet
  facet normal 0.239358 0 0.970931
    outer loop
      vertex -14.2402 -36.9984 2.9253
      vertex -14.7249 -34.5981 3.04479
      vertex -14.7249 -36.9984 3.04479
    endloop
  endfacet
  facet normal 0.534471 0 0.845187
    outer loop
      vertex -16.522 -34.5981 3.8975
      vertex -16.1 -36.9984 3.63064
      vertex -16.1 -34.5981 3.63064
    endloop
  endfacet
  facet normal 0.534471 0 0.845187
    outer loop
      vertex -16.1 -36.9984 3.63064
      vertex -16.522 -34.5981 3.8975
      vertex -16.522 -36.9984 3.8975
    endloop
  endfacet
  facet normal 0.97978 -0 0.200078
    outer loop
      vertex -19.1197 -36.9984 8.00545
      vertex -19.0198 -34.5981 7.51624
      vertex -19.1197 -34.5981 8.00545
    endloop
  endfacet
  facet normal 0.97978 0 0.200078
    outer loop
      vertex -19.0198 -34.5981 7.51624
      vertex -19.1197 -36.9984 8.00545
      vertex -19.0198 -36.9984 7.51624
    endloop
  endfacet
  facet normal 0.935051 -0 0.354512
    outer loop
      vertex -18.8809 -36.9984 7.03666
      vertex -18.7039 -34.5981 6.56981
      vertex -18.8809 -34.5981 7.03666
    endloop
  endfacet
  facet normal 0.935051 0 0.354512
    outer loop
      vertex -18.7039 -34.5981 6.56981
      vertex -18.8809 -36.9984 7.03666
      vertex -18.7039 -36.9984 6.56981
    endloop
  endfacet
  facet normal 0.721183 -0 0.692744
    outer loop
      vertex -17.6408 -36.9984 4.88864
      vertex -17.2949 -34.5981 4.52854
      vertex -17.6408 -34.5981 4.88864
    endloop
  endfacet
  facet normal 0.721183 0 0.692744
    outer loop
      vertex -17.2949 -34.5981 4.52854
      vertex -17.6408 -36.9984 4.88864
      vertex -17.2949 -36.9984 4.52854
    endloop
  endfacet
  facet normal -0.46472 0 0.885458
    outer loop
      vertex -10.3421 -34.5981 3.39861
      vertex -9.9 -36.9984 3.63064
      vertex -9.9 -34.5981 3.63064
    endloop
  endfacet
  facet normal -0.46472 0 0.885458
    outer loop
      vertex -9.9 -36.9984 3.63064
      vertex -10.3421 -34.5981 3.39861
      vertex -10.3421 -36.9984 3.39861
    endloop
  endfacet
  facet normal -0.774605 0 0.632446
    outer loop
      vertex -8.35923 -36.9984 4.88864
      vertex -8.04345 -34.5981 5.2754
      vertex -8.35923 -34.5981 4.88864
    endloop
  endfacet
  facet normal -0.774605 0 0.632446
    outer loop
      vertex -8.04345 -34.5981 5.2754
      vertex -8.35923 -36.9984 4.88864
      vertex -8.04345 -36.9984 5.2754
    endloop
  endfacet
  facet normal -0.935011 0 0.354617
    outer loop
      vertex -7.29613 -36.9984 6.56981
      vertex -7.11907 -34.5981 7.03666
      vertex -7.29613 -34.5981 6.56981
    endloop
  endfacet
  facet normal -0.935011 0 0.354617
    outer loop
      vertex -7.11907 -34.5981 7.03666
      vertex -7.29613 -36.9984 6.56981
      vertex -7.11907 -36.9984 7.03666
    endloop
  endfacet
  facet normal -0.960519 0 0.278214
    outer loop
      vertex -7.11907 -36.9984 7.03666
      vertex -6.98016 -34.5981 7.51624
      vertex -7.11907 -34.5981 7.03666
    endloop
  endfacet
  facet normal -0.960519 0 0.278214
    outer loop
      vertex -6.98016 -34.5981 7.51624
      vertex -7.11907 -36.9984 7.03666
      vertex -6.98016 -36.9984 7.51624
    endloop
  endfacet
  facet normal 0.160403 0 0.987052
    outer loop
      vertex -14.2402 -34.5981 2.9253
      vertex -13.7473 -36.9984 2.8452
      vertex -13.7473 -34.5981 2.8452
    endloop
  endfacet
  facet normal 0.160403 0 0.987052
    outer loop
      vertex -13.7473 -36.9984 2.8452
      vertex -14.2402 -34.5981 2.9253
      vertex -14.2402 -36.9984 2.9253
    endloop
  endfacet
  facet normal 0.600705 0 0.799471
    outer loop
      vertex -16.9212 -34.5981 4.19745
      vertex -16.522 -36.9984 3.8975
      vertex -16.522 -34.5981 3.8975
    endloop
  endfacet
  facet normal 0.600705 0 0.799471
    outer loop
      vertex -16.522 -36.9984 3.8975
      vertex -16.9212 -34.5981 4.19745
      vertex -16.9212 -36.9984 4.19745
    endloop
  endfacet
  facet normal 0.316606 0 0.948557
    outer loop
      vertex -15.1986 -34.5981 3.2029
      vertex -14.7249 -36.9984 3.04479
      vertex -14.7249 -34.5981 3.04479
    endloop
  endfacet
  facet normal 0.316606 0 0.948557
    outer loop
      vertex -14.7249 -36.9984 3.04479
      vertex -15.1986 -34.5981 3.2029
      vertex -15.1986 -36.9984 3.2029
    endloop
  endfacet
  facet normal 0.392001 0 0.919965
    outer loop
      vertex -15.6579 -34.5981 3.39861
      vertex -15.1986 -36.9984 3.2029
      vertex -15.1986 -34.5981 3.2029
    endloop
  endfacet
  facet normal 0.392001 0 0.919965
    outer loop
      vertex -15.1986 -36.9984 3.2029
      vertex -15.6579 -34.5981 3.39861
      vertex -15.6579 -36.9984 3.39861
    endloop
  endfacet
  facet normal 0.46472 0 0.885458
    outer loop
      vertex -16.1 -34.5981 3.63064
      vertex -15.6579 -36.9984 3.39861
      vertex -15.6579 -34.5981 3.39861
    endloop
  endfacet
  facet normal 0.46472 0 0.885458
    outer loop
      vertex -15.6579 -36.9984 3.39861
      vertex -16.1 -34.5981 3.63064
      vertex -16.1 -36.9984 3.63064
    endloop
  endfacet
  facet normal -0.999189 0 -0.0402568
    outer loop
      vertex 19.2 -36.9984 9
      vertex 19.1799 -34.5981 9.49889
      vertex 19.2 -34.5981 9
    endloop
  endfacet
  facet normal -0.999189 -0 -0.0402568
    outer loop
      vertex 19.1799 -34.5981 9.49889
      vertex 19.2 -36.9984 9
      vertex 19.1799 -36.9984 9.49889
    endloop
  endfacet
  facet normal -0.992705 0 -0.120568
    outer loop
      vertex 19.1799 -36.9984 9.49889
      vertex 19.1197 -34.5981 9.99455
      vertex 19.1799 -34.5981 9.49889
    endloop
  endfacet
  facet normal -0.992705 -0 -0.120568
    outer loop
      vertex 19.1197 -34.5981 9.99455
      vertex 19.1799 -36.9984 9.49889
      vertex 19.1197 -36.9984 9.99455
    endloop
  endfacet
  facet normal -0.663157 0 -0.74848
    outer loop
      vertex 16.9212 -36.9984 13.8026
      vertex 17.2949 -34.5981 13.4715
      vertex 17.2949 -36.9984 13.4715
    endloop
  endfacet
  facet normal -0.663157 0 -0.74848
    outer loop
      vertex 17.2949 -34.5981 13.4715
      vertex 16.9212 -36.9984 13.8026
      vertex 16.9212 -34.5981 13.8026
    endloop
  endfacet
  facet normal 0.464673 0 -0.885482
    outer loop
      vertex 9.9 -36.9984 14.3694
      vertex 10.3421 -34.5981 14.6014
      vertex 10.3421 -36.9984 14.6014
    endloop
  endfacet
  facet normal 0.464673 0 -0.885482
    outer loop
      vertex 10.3421 -34.5981 14.6014
      vertex 9.9 -36.9984 14.3694
      vertex 9.9 -34.5981 14.3694
    endloop
  endfacet
  facet normal -0.721183 0 0.692744
    outer loop
      vertex 17.2949 -36.9984 4.52854
      vertex 17.6408 -34.5981 4.88864
      vertex 17.2949 -34.5981 4.52854
    endloop
  endfacet
  facet normal -0.721183 0 0.692744
    outer loop
      vertex 17.6408 -34.5981 4.88864
      vertex 17.2949 -36.9984 4.52854
      vertex 17.6408 -36.9984 4.88864
    endloop
  endfacet
  facet normal -0.903411 0 -0.428775
    outer loop
      vertex 18.7039 -36.9984 11.4302
      vertex 18.4898 -34.5981 11.8813
      vertex 18.7039 -34.5981 11.4302
    endloop
  endfacet
  facet normal -0.903411 -0 -0.428775
    outer loop
      vertex 18.4898 -34.5981 11.8813
      vertex 18.7039 -36.9984 11.4302
      vertex 18.4898 -36.9984 11.8813
    endloop
  endfacet
  facet normal -0.316588 0 -0.948563
    outer loop
      vertex 14.7249 -36.9984 14.9552
      vertex 15.1986 -34.5981 14.7971
      vertex 15.1986 -36.9984 14.7971
    endloop
  endfacet
  facet normal -0.316588 0 -0.948563
    outer loop
      vertex 15.1986 -34.5981 14.7971
      vertex 14.7249 -36.9984 14.9552
      vertex 14.7249 -34.5981 14.9552
    endloop
  endfacet
  facet normal 0.866022 0 -0.500006
    outer loop
      vertex 7.75982 -36.9984 12.3137
      vertex 7.51017 -34.5981 11.8813
      vertex 7.75982 -34.5981 12.3137
    endloop
  endfacet
  facet normal 0.866022 0 -0.500006
    outer loop
      vertex 7.51017 -34.5981 11.8813
      vertex 7.75982 -36.9984 12.3137
      vertex 7.51017 -36.9984 11.8813
    endloop
  endfacet
  facet normal 0.999189 -0 0.0402568
    outer loop
      vertex 6.8 -36.9984 9
      vertex 6.8201 -34.5981 8.50111
      vertex 6.8 -34.5981 9
    endloop
  endfacet
  facet normal 0.999189 0 0.0402568
    outer loop
      vertex 6.8201 -34.5981 8.50111
      vertex 6.8 -36.9984 9
      vertex 6.8201 -36.9984 8.50111
    endloop
  endfacet
  facet normal 0.903454 -0 0.428685
    outer loop
      vertex 7.29613 -36.9984 6.56981
      vertex 7.51017 -34.5981 6.11872
      vertex 7.29613 -34.5981 6.56981
    endloop
  endfacet
  facet normal 0.903454 0 0.428685
    outer loop
      vertex 7.51017 -34.5981 6.11872
      vertex 7.29613 -36.9984 6.56981
      vertex 7.51017 -36.9984 6.11872
    endloop
  endfacet
  facet normal -0.160403 0 0.987052
    outer loop
      vertex 13.7473 -34.5981 2.8452
      vertex 14.2402 -36.9984 2.9253
      vertex 14.2402 -34.5981 2.9253
    endloop
  endfacet
  facet normal -0.160403 0 0.987052
    outer loop
      vertex 14.2402 -36.9984 2.9253
      vertex 13.7473 -34.5981 2.8452
      vertex 13.7473 -36.9984 2.8452
    endloop
  endfacet
  facet normal -0.979783 0 -0.200062
    outer loop
      vertex 19.1197 -36.9984 9.99455
      vertex 19.0198 -34.5981 10.4838
      vertex 19.1197 -34.5981 9.99455
    endloop
  endfacet
  facet normal -0.979783 -0 -0.200062
    outer loop
      vertex 19.0198 -34.5981 10.4838
      vertex 19.1197 -36.9984 9.99455
      vertex 19.0198 -36.9984 10.4838
    endloop
  endfacet
  facet normal -0.822913 0 -0.568168
    outer loop
      vertex 18.2402 -36.9984 12.3137
      vertex 17.9565 -34.5981 12.7246
      vertex 18.2402 -34.5981 12.3137
    endloop
  endfacet
  facet normal -0.822913 -0 -0.568168
    outer loop
      vertex 17.9565 -34.5981 12.7246
      vertex 18.2402 -36.9984 12.3137
      vertex 17.9565 -36.9984 12.7246
    endloop
  endfacet
  facet normal -0.721183 0 -0.692744
    outer loop
      vertex 17.6408 -36.9984 13.1114
      vertex 17.2949 -34.5981 13.4715
      vertex 17.6408 -34.5981 13.1114
    endloop
  endfacet
  facet normal -0.721183 -0 -0.692744
    outer loop
      vertex 17.2949 -34.5981 13.4715
      vertex 17.6408 -36.9984 13.1114
      vertex 17.2949 -36.9984 13.4715
    endloop
  endfacet
  facet normal -0.160403 0 -0.987052
    outer loop
      vertex 13.7473 -36.9984 15.1548
      vertex 14.2402 -34.5981 15.0747
      vertex 14.2402 -36.9984 15.0747
    endloop
  endfacet
  facet normal -0.160403 0 -0.987052
    outer loop
      vertex 14.2402 -34.5981 15.0747
      vertex 13.7473 -36.9984 15.1548
      vertex 13.7473 -34.5981 15.1548
    endloop
  endfacet
  facet normal -0.391985 0 -0.919972
    outer loop
      vertex 15.1986 -36.9984 14.7971
      vertex 15.6579 -34.5981 14.6014
      vertex 15.6579 -36.9984 14.6014
    endloop
  endfacet
  facet normal -0.391985 0 -0.919972
    outer loop
      vertex 15.6579 -34.5981 14.6014
      vertex 15.1986 -36.9984 14.7971
      vertex 15.1986 -34.5981 14.7971
    endloop
  endfacet
  facet normal -0.534528 0 -0.845151
    outer loop
      vertex 16.1 -36.9984 14.3694
      vertex 16.522 -34.5981 14.1025
      vertex 16.522 -36.9984 14.1025
    endloop
  endfacet
  facet normal -0.534528 0 -0.845151
    outer loop
      vertex 16.522 -34.5981 14.1025
      vertex 16.1 -36.9984 14.3694
      vertex 16.1 -34.5981 14.3694
    endloop
  endfacet
  facet normal 0.903458 0 -0.428677
    outer loop
      vertex 7.51017 -36.9984 11.8813
      vertex 7.29613 -34.5981 11.4302
      vertex 7.51017 -34.5981 11.8813
    endloop
  endfacet
  facet normal 0.903458 0 -0.428677
    outer loop
      vertex 7.29613 -34.5981 11.4302
      vertex 7.51017 -36.9984 11.8813
      vertex 7.29613 -36.9984 11.4302
    endloop
  endfacet
  facet normal 0.992707 0 -0.120548
    outer loop
      vertex 6.88029 -36.9984 9.99455
      vertex 6.8201 -34.5981 9.49889
      vertex 6.88029 -34.5981 9.99455
    endloop
  endfacet
  facet normal 0.992707 0 -0.120548
    outer loop
      vertex 6.8201 -34.5981 9.49889
      vertex 6.88029 -36.9984 9.99455
      vertex 6.8201 -36.9984 9.49889
    endloop
  endfacet
  facet normal 0.600679 0 -0.79949
    outer loop
      vertex 9.07884 -36.9984 13.8026
      vertex 9.478 -34.5981 14.1025
      vertex 9.478 -36.9984 14.1025
    endloop
  endfacet
  facet normal 0.600679 0 -0.79949
    outer loop
      vertex 9.478 -34.5981 14.1025
      vertex 9.07884 -36.9984 13.8026
      vertex 9.07884 -34.5981 13.8026
    endloop
  endfacet
  facet normal 0.239376 0 -0.970927
    outer loop
      vertex 11.2751 -36.9984 14.9552
      vertex 11.7598 -34.5981 15.0747
      vertex 11.7598 -36.9984 15.0747
    endloop
  endfacet
  facet normal 0.239376 0 -0.970927
    outer loop
      vertex 11.7598 -34.5981 15.0747
      vertex 11.2751 -36.9984 14.9552
      vertex 11.2751 -34.5981 14.9552
    endloop
  endfacet
  facet normal 0.316588 0 -0.948563
    outer loop
      vertex 10.8014 -36.9984 14.7971
      vertex 11.2751 -34.5981 14.9552
      vertex 11.2751 -36.9984 14.9552
    endloop
  endfacet
  facet normal 0.316588 0 -0.948563
    outer loop
      vertex 11.2751 -34.5981 14.9552
      vertex 10.8014 -36.9984 14.7971
      vertex 10.8014 -34.5981 14.7971
    endloop
  endfacet
  facet normal -0.999189 0 0.0402568
    outer loop
      vertex 19.1799 -36.9984 8.50111
      vertex 19.2 -34.5981 9
      vertex 19.1799 -34.5981 8.50111
    endloop
  endfacet
  facet normal -0.999189 0 0.0402568
    outer loop
      vertex 19.2 -34.5981 9
      vertex 19.1799 -36.9984 8.50111
      vertex 19.2 -36.9984 9
    endloop
  endfacet
  facet normal 0.774605 -0 0.632446
    outer loop
      vertex 8.04345 -36.9984 5.2754
      vertex 8.35923 -34.5981 4.88864
      vertex 8.04345 -34.5981 5.2754
    endloop
  endfacet
  facet normal 0.774605 0 0.632446
    outer loop
      vertex 8.35923 -34.5981 4.88864
      vertex 8.04345 -36.9984 5.2754
      vertex 8.35923 -36.9984 4.88864
    endloop
  endfacet
  facet normal -0.0804497 0 0.996759
    outer loop
      vertex 13.2496 -34.5981 2.80503
      vertex 13.7473 -36.9984 2.8452
      vertex 13.7473 -34.5981 2.8452
    endloop
  endfacet
  facet normal -0.0804497 0 0.996759
    outer loop
      vertex 13.7473 -36.9984 2.8452
      vertex 13.2496 -34.5981 2.80503
      vertex 13.2496 -36.9984 2.80503
    endloop
  endfacet
  facet normal -0.935064 0 -0.354479
    outer loop
      vertex 18.8809 -36.9984 10.9633
      vertex 18.7039 -34.5981 11.4302
      vertex 18.8809 -34.5981 10.9633
    endloop
  endfacet
  facet normal -0.935064 -0 -0.354479
    outer loop
      vertex 18.7039 -34.5981 11.4302
      vertex 18.8809 -36.9984 10.9633
      vertex 18.7039 -36.9984 11.4302
    endloop
  endfacet
  facet normal -0.866066 0 -0.499931
    outer loop
      vertex 18.4898 -36.9984 11.8813
      vertex 18.2402 -34.5981 12.3137
      vertex 18.4898 -34.5981 11.8813
    endloop
  endfacet
  facet normal -0.866066 -0 -0.499931
    outer loop
      vertex 18.2402 -34.5981 12.3137
      vertex 18.4898 -36.9984 11.8813
      vertex 18.2402 -36.9984 12.3137
    endloop
  endfacet
  facet normal 0.0805094 0 -0.996754
    outer loop
      vertex 12.2527 -36.9984 15.1548
      vertex 12.7504 -34.5981 15.195
      vertex 12.7504 -36.9984 15.195
    endloop
  endfacet
  facet normal 0.0805094 0 -0.996754
    outer loop
      vertex 12.7504 -34.5981 15.195
      vertex 12.2527 -36.9984 15.1548
      vertex 12.2527 -34.5981 15.1548
    endloop
  endfacet
  facet normal -0.0805094 0 -0.996754
    outer loop
      vertex 13.2496 -36.9984 15.195
      vertex 13.7473 -34.5981 15.1548
      vertex 13.7473 -36.9984 15.1548
    endloop
  endfacet
  facet normal -0.0805094 0 -0.996754
    outer loop
      vertex 13.7473 -34.5981 15.1548
      vertex 13.2496 -36.9984 15.195
      vertex 13.2496 -34.5981 15.195
    endloop
  endfacet
  facet normal -0.239376 0 -0.970927
    outer loop
      vertex 14.2402 -36.9984 15.0747
      vertex 14.7249 -34.5981 14.9552
      vertex 14.7249 -36.9984 14.9552
    endloop
  endfacet
  facet normal -0.239376 0 -0.970927
    outer loop
      vertex 14.7249 -34.5981 14.9552
      vertex 14.2402 -36.9984 15.0747
      vertex 14.2402 -34.5981 15.0747
    endloop
  endfacet
  facet normal -0.464673 0 -0.885482
    outer loop
      vertex 15.6579 -36.9984 14.6014
      vertex 16.1 -34.5981 14.3694
      vertex 16.1 -36.9984 14.3694
    endloop
  endfacet
  facet normal -0.464673 0 -0.885482
    outer loop
      vertex 16.1 -34.5981 14.3694
      vertex 15.6579 -36.9984 14.6014
      vertex 15.6579 -34.5981 14.6014
    endloop
  endfacet
  facet normal -0.600641 0 -0.799519
    outer loop
      vertex 16.522 -36.9984 14.1025
      vertex 16.9212 -34.5981 13.8026
      vertex 16.9212 -36.9984 13.8026
    endloop
  endfacet
  facet normal -0.600641 0 -0.799519
    outer loop
      vertex 16.9212 -34.5981 13.8026
      vertex 16.522 -36.9984 14.1025
      vertex 16.522 -34.5981 14.1025
    endloop
  endfacet
  facet normal 0.822978 0 -0.568073
    outer loop
      vertex 8.04345 -36.9984 12.7246
      vertex 7.75982 -34.5981 12.3137
      vertex 8.04345 -34.5981 12.7246
    endloop
  endfacet
  facet normal 0.822978 0 -0.568073
    outer loop
      vertex 7.75982 -34.5981 12.3137
      vertex 8.04345 -36.9984 12.7246
      vertex 7.75982 -36.9984 12.3137
    endloop
  endfacet
  facet normal 0.960507 0 -0.278257
    outer loop
      vertex 7.11907 -36.9984 10.9633
      vertex 6.98016 -34.5981 10.4838
      vertex 7.11907 -34.5981 10.9633
    endloop
  endfacet
  facet normal 0.960507 0 -0.278257
    outer loop
      vertex 6.98016 -34.5981 10.4838
      vertex 7.11907 -36.9984 10.9633
      vertex 6.98016 -36.9984 10.4838
    endloop
  endfacet
  facet normal 0.999189 0 -0.0402568
    outer loop
      vertex 6.8201 -36.9984 9.49889
      vertex 6.8 -34.5981 9
      vertex 6.8201 -34.5981 9.49889
    endloop
  endfacet
  facet normal 0.999189 0 -0.0402568
    outer loop
      vertex 6.8 -34.5981 9
      vertex 6.8201 -36.9984 9.49889
      vertex 6.8 -36.9984 9
    endloop
  endfacet
  facet normal 0.979795 0 -0.200004
    outer loop
      vertex 6.98016 -36.9984 10.4838
      vertex 6.88029 -34.5981 9.99455
      vertex 6.98016 -34.5981 10.4838
    endloop
  endfacet
  facet normal 0.979795 0 -0.200004
    outer loop
      vertex 6.88029 -34.5981 9.99455
      vertex 6.98016 -36.9984 10.4838
      vertex 6.88029 -36.9984 9.99455
    endloop
  endfacet
  facet normal 0.774637 0 -0.632406
    outer loop
      vertex 8.35923 -36.9984 13.1114
      vertex 8.04345 -34.5981 12.7246
      vertex 8.35923 -34.5981 13.1114
    endloop
  endfacet
  facet normal 0.774637 0 -0.632406
    outer loop
      vertex 8.04345 -34.5981 12.7246
      vertex 8.35923 -36.9984 13.1114
      vertex 8.04345 -36.9984 12.7246
    endloop
  endfacet
  facet normal 0.663127 0 -0.748507
    outer loop
      vertex 8.70511 -36.9984 13.4715
      vertex 9.07884 -34.5981 13.8026
      vertex 9.07884 -36.9984 13.8026
    endloop
  endfacet
  facet normal 0.663127 0 -0.748507
    outer loop
      vertex 9.07884 -34.5981 13.8026
      vertex 8.70511 -36.9984 13.4715
      vertex 8.70511 -34.5981 13.4715
    endloop
  endfacet
  facet normal 0.534528 0 -0.845151
    outer loop
      vertex 9.478 -36.9984 14.1025
      vertex 9.9 -34.5981 14.3694
      vertex 9.9 -36.9984 14.3694
    endloop
  endfacet
  facet normal 0.534528 0 -0.845151
    outer loop
      vertex 9.9 -34.5981 14.3694
      vertex 9.478 -36.9984 14.1025
      vertex 9.478 -34.5981 14.1025
    endloop
  endfacet
  facet normal 0.391985 0 -0.919972
    outer loop
      vertex 10.3421 -36.9984 14.6014
      vertex 10.8014 -34.5981 14.7971
      vertex 10.8014 -36.9984 14.7971
    endloop
  endfacet
  facet normal 0.391985 0 -0.919972
    outer loop
      vertex 10.8014 -34.5981 14.7971
      vertex 10.3421 -36.9984 14.6014
      vertex 10.3421 -34.5981 14.6014
    endloop
  endfacet
  facet normal 0.160403 0 -0.987052
    outer loop
      vertex 11.7598 -36.9984 15.0747
      vertex 12.2527 -34.5981 15.1548
      vertex 12.2527 -36.9984 15.1548
    endloop
  endfacet
  facet normal 0.160403 0 -0.987052
    outer loop
      vertex 12.2527 -34.5981 15.1548
      vertex 11.7598 -36.9984 15.0747
      vertex 11.7598 -34.5981 15.0747
    endloop
  endfacet
  facet normal -0.534471 0 0.845187
    outer loop
      vertex 16.1 -34.5981 3.63064
      vertex 16.522 -36.9984 3.8975
      vertex 16.522 -34.5981 3.8975
    endloop
  endfacet
  facet normal -0.534471 0 0.845187
    outer loop
      vertex 16.522 -36.9984 3.8975
      vertex 16.1 -34.5981 3.63064
      vertex 16.1 -36.9984 3.63064
    endloop
  endfacet
  facet normal -0.903408 0 0.428783
    outer loop
      vertex 18.4898 -36.9984 6.11872
      vertex 18.7039 -34.5981 6.56981
      vertex 18.4898 -34.5981 6.11872
    endloop
  endfacet
  facet normal -0.903408 0 0.428783
    outer loop
      vertex 18.7039 -34.5981 6.56981
      vertex 18.4898 -36.9984 6.11872
      vertex 18.7039 -36.9984 6.56981
    endloop
  endfacet
  facet normal 0.822985 -0 0.568064
    outer loop
      vertex 7.75982 -36.9984 5.68631
      vertex 8.04345 -34.5981 5.2754
      vertex 7.75982 -34.5981 5.68631
    endloop
  endfacet
  facet normal 0.822985 0 0.568064
    outer loop
      vertex 8.04345 -34.5981 5.2754
      vertex 7.75982 -36.9984 5.68631
      vertex 8.04345 -36.9984 5.2754
    endloop
  endfacet
  facet normal 0.663116 0 0.748517
    outer loop
      vertex 8.70511 -34.5981 4.52854
      vertex 9.07884 -36.9984 4.19745
      vertex 9.07884 -34.5981 4.19745
    endloop
  endfacet
  facet normal 0.663116 0 0.748517
    outer loop
      vertex 9.07884 -36.9984 4.19745
      vertex 8.70511 -34.5981 4.52854
      vertex 8.70511 -36.9984 4.52854
    endloop
  endfacet
  facet normal 0.866027 -0 0.499997
    outer loop
      vertex 7.51017 -36.9984 6.11872
      vertex 7.75982 -34.5981 5.68631
      vertex 7.51017 -34.5981 6.11872
    endloop
  endfacet
  facet normal 0.866027 0 0.499997
    outer loop
      vertex 7.75982 -34.5981 5.68631
      vertex 7.51017 -36.9984 6.11872
      vertex 7.75982 -36.9984 5.68631
    endloop
  endfacet
  facet normal 0.960519 -0 0.278214
    outer loop
      vertex 6.98016 -36.9984 7.51624
      vertex 7.11907 -34.5981 7.03666
      vertex 6.98016 -34.5981 7.51624
    endloop
  endfacet
  facet normal 0.960519 0 0.278214
    outer loop
      vertex 7.11907 -34.5981 7.03666
      vertex 6.98016 -36.9984 7.51624
      vertex 7.11907 -36.9984 7.03666
    endloop
  endfacet
  facet normal 0.992707 -0 0.120548
    outer loop
      vertex 6.8201 -36.9984 8.50111
      vertex 6.88029 -34.5981 8.00545
      vertex 6.8201 -34.5981 8.50111
    endloop
  endfacet
  facet normal 0.992707 0 0.120548
    outer loop
      vertex 6.88029 -34.5981 8.00545
      vertex 6.8201 -36.9984 8.50111
      vertex 6.88029 -36.9984 8.00545
    endloop
  endfacet
  facet normal 0.979792 -0 0.20002
    outer loop
      vertex 6.88029 -36.9984 8.00545
      vertex 6.98016 -34.5981 7.51624
      vertex 6.88029 -34.5981 8.00545
    endloop
  endfacet
  facet normal 0.979792 0 0.20002
    outer loop
      vertex 6.98016 -34.5981 7.51624
      vertex 6.88029 -36.9984 8.00545
      vertex 6.98016 -36.9984 7.51624
    endloop
  endfacet
  facet normal -0.239358 0 0.970931
    outer loop
      vertex 14.2402 -34.5981 2.9253
      vertex 14.7249 -36.9984 3.04479
      vertex 14.7249 -34.5981 3.04479
    endloop
  endfacet
  facet normal -0.239358 0 0.970931
    outer loop
      vertex 14.7249 -36.9984 3.04479
      vertex 14.2402 -34.5981 2.9253
      vertex 14.2402 -36.9984 2.9253
    endloop
  endfacet
  facet normal -0.316606 0 0.948557
    outer loop
      vertex 14.7249 -34.5981 3.04479
      vertex 15.1986 -36.9984 3.2029
      vertex 15.1986 -34.5981 3.2029
    endloop
  endfacet
  facet normal -0.316606 0 0.948557
    outer loop
      vertex 15.1986 -36.9984 3.2029
      vertex 14.7249 -34.5981 3.04479
      vertex 14.7249 -36.9984 3.04479
    endloop
  endfacet
  facet normal -0.960512 0 -0.278238
    outer loop
      vertex 19.0198 -36.9984 10.4838
      vertex 18.8809 -34.5981 10.9633
      vertex 19.0198 -34.5981 10.4838
    endloop
  endfacet
  facet normal -0.960512 -0 -0.278238
    outer loop
      vertex 18.8809 -34.5981 10.9633
      vertex 19.0198 -36.9984 10.4838
      vertex 18.8809 -36.9984 10.9633
    endloop
  endfacet
  facet normal -0.774715 0 -0.63231
    outer loop
      vertex 17.9565 -36.9984 12.7246
      vertex 17.6408 -34.5981 13.1114
      vertex 17.9565 -34.5981 12.7246
    endloop
  endfacet
  facet normal -0.774715 -0 -0.63231
    outer loop
      vertex 17.6408 -34.5981 13.1114
      vertex 17.9565 -36.9984 12.7246
      vertex 17.6408 -36.9984 13.1114
    endloop
  endfacet
  facet normal 0 0 -1
    outer loop
      vertex 12.7504 -36.9984 15.195
      vertex 13.2496 -34.5981 15.195
      vertex 13.2496 -36.9984 15.195
    endloop
  endfacet
  facet normal -0 0 -1
    outer loop
      vertex 13.2496 -34.5981 15.195
      vertex 12.7504 -36.9984 15.195
      vertex 12.7504 -34.5981 15.195
    endloop
  endfacet
  facet normal 0.935024 0 -0.354584
    outer loop
      vertex 7.29613 -36.9984 11.4302
      vertex 7.11907 -34.5981 10.9633
      vertex 7.29613 -34.5981 11.4302
    endloop
  endfacet
  facet normal 0.935024 0 -0.354584
    outer loop
      vertex 7.11907 -34.5981 10.9633
      vertex 7.29613 -36.9984 11.4302
      vertex 7.11907 -36.9984 10.9633
    endloop
  endfacet
  facet normal 0.721203 0 -0.692724
    outer loop
      vertex 8.70511 -36.9984 13.4715
      vertex 8.35923 -34.5981 13.1114
      vertex 8.70511 -34.5981 13.4715
    endloop
  endfacet
  facet normal 0.721203 0 -0.692724
    outer loop
      vertex 8.35923 -34.5981 13.1114
      vertex 8.70511 -36.9984 13.4715
      vertex 8.35923 -36.9984 13.1114
    endloop
  endfacet
  facet normal -0.97978 0 0.200078
    outer loop
      vertex 19.0198 -36.9984 7.51624
      vertex 19.1197 -34.5981 8.00545
      vertex 19.0198 -34.5981 7.51624
    endloop
  endfacet
  facet normal -0.97978 0 0.200078
    outer loop
      vertex 19.1197 -34.5981 8.00545
      vertex 19.0198 -36.9984 7.51624
      vertex 19.1197 -36.9984 8.00545
    endloop
  endfacet
  facet normal -0.992705 0 0.120568
    outer loop
      vertex 19.1197 -36.9984 8.00545
      vertex 19.1799 -34.5981 8.50111
      vertex 19.1197 -34.5981 8.00545
    endloop
  endfacet
  facet normal -0.992705 0 0.120568
    outer loop
      vertex 19.1799 -34.5981 8.50111
      vertex 19.1197 -36.9984 8.00545
      vertex 19.1799 -36.9984 8.50111
    endloop
  endfacet
  facet normal -0.774683 0 0.63235
    outer loop
      vertex 17.6408 -36.9984 4.88864
      vertex 17.9565 -34.5981 5.2754
      vertex 17.6408 -34.5981 4.88864
    endloop
  endfacet
  facet normal -0.774683 0 0.63235
    outer loop
      vertex 17.9565 -34.5981 5.2754
      vertex 17.6408 -36.9984 4.88864
      vertex 17.9565 -36.9984 5.2754
    endloop
  endfacet
  facet normal -0.663146 0 0.74849
    outer loop
      vertex 16.9212 -34.5981 4.19745
      vertex 17.2949 -36.9984 4.52854
      vertex 17.2949 -34.5981 4.52854
    endloop
  endfacet
  facet normal -0.663146 0 0.74849
    outer loop
      vertex 17.2949 -36.9984 4.52854
      vertex 16.9212 -34.5981 4.19745
      vertex 16.9212 -36.9984 4.19745
    endloop
  endfacet
  facet normal -0.600705 0 0.799471
    outer loop
      vertex 16.522 -34.5981 3.8975
      vertex 16.9212 -36.9984 4.19745
      vertex 16.9212 -34.5981 4.19745
    endloop
  endfacet
  facet normal -0.600705 0 0.799471
    outer loop
      vertex 16.9212 -36.9984 4.19745
      vertex 16.522 -34.5981 3.8975
      vertex 16.522 -36.9984 3.8975
    endloop
  endfacet
  facet normal -0.822919 0 0.568159
    outer loop
      vertex 17.9565 -36.9984 5.2754
      vertex 18.2402 -34.5981 5.68631
      vertex 17.9565 -34.5981 5.2754
    endloop
  endfacet
  facet normal -0.822919 0 0.568159
    outer loop
      vertex 18.2402 -34.5981 5.68631
      vertex 17.9565 -36.9984 5.2754
      vertex 18.2402 -36.9984 5.68631
    endloop
  endfacet
  facet normal -0.866071 0 0.499922
    outer loop
      vertex 18.2402 -36.9984 5.68631
      vertex 18.4898 -34.5981 6.11872
      vertex 18.2402 -34.5981 5.68631
    endloop
  endfacet
  facet normal -0.866071 0 0.499922
    outer loop
      vertex 18.4898 -34.5981 6.11872
      vertex 18.2402 -36.9984 5.68631
      vertex 18.4898 -36.9984 6.11872
    endloop
  endfacet
  facet normal 0.160403 0 0.987052
    outer loop
      vertex 11.7598 -34.5981 2.9253
      vertex 12.2527 -36.9984 2.8452
      vertex 12.2527 -34.5981 2.8452
    endloop
  endfacet
  facet normal 0.160403 0 0.987052
    outer loop
      vertex 12.2527 -36.9984 2.8452
      vertex 11.7598 -34.5981 2.9253
      vertex 11.7598 -36.9984 2.9253
    endloop
  endfacet
  facet normal 0.239358 0 0.970931
    outer loop
      vertex 11.2751 -34.5981 3.04479
      vertex 11.7598 -36.9984 2.9253
      vertex 11.7598 -34.5981 2.9253
    endloop
  endfacet
  facet normal 0.239358 0 0.970931
    outer loop
      vertex 11.7598 -36.9984 2.9253
      vertex 11.2751 -34.5981 3.04479
      vertex 11.2751 -36.9984 3.04479
    endloop
  endfacet
  facet normal 0.600743 0 0.799442
    outer loop
      vertex 9.07884 -34.5981 4.19745
      vertex 9.478 -36.9984 3.8975
      vertex 9.478 -34.5981 3.8975
    endloop
  endfacet
  facet normal 0.600743 0 0.799442
    outer loop
      vertex 9.478 -36.9984 3.8975
      vertex 9.07884 -34.5981 4.19745
      vertex 9.07884 -36.9984 4.19745
    endloop
  endfacet
  facet normal 0.721203 -0 0.692724
    outer loop
      vertex 8.35923 -36.9984 4.88864
      vertex 8.70511 -34.5981 4.52854
      vertex 8.35923 -34.5981 4.88864
    endloop
  endfacet
  facet normal 0.721203 0 0.692724
    outer loop
      vertex 8.70511 -34.5981 4.52854
      vertex 8.35923 -36.9984 4.88864
      vertex 8.70511 -36.9984 4.52854
    endloop
  endfacet
  facet normal 0.935011 -0 0.354617
    outer loop
      vertex 7.11907 -36.9984 7.03666
      vertex 7.29613 -34.5981 6.56981
      vertex 7.11907 -34.5981 7.03666
    endloop
  endfacet
  facet normal 0.935011 0 0.354617
    outer loop
      vertex 7.29613 -34.5981 6.56981
      vertex 7.11907 -36.9984 7.03666
      vertex 7.29613 -36.9984 6.56981
    endloop
  endfacet
  facet normal -0.392001 0 0.919965
    outer loop
      vertex 15.1986 -34.5981 3.2029
      vertex 15.6579 -36.9984 3.39861
      vertex 15.6579 -34.5981 3.39861
    endloop
  endfacet
  facet normal -0.392001 0 0.919965
    outer loop
      vertex 15.6579 -36.9984 3.39861
      vertex 15.1986 -34.5981 3.2029
      vertex 15.1986 -36.9984 3.2029
    endloop
  endfacet
  facet normal -0.46472 0 0.885458
    outer loop
      vertex 15.6579 -34.5981 3.39861
      vertex 16.1 -36.9984 3.63064
      vertex 16.1 -34.5981 3.63064
    endloop
  endfacet
  facet normal -0.46472 0 0.885458
    outer loop
      vertex 16.1 -36.9984 3.63064
      vertex 15.6579 -34.5981 3.39861
      vertex 15.6579 -36.9984 3.39861
    endloop
  endfacet
  facet normal -0.935051 0 0.354512
    outer loop
      vertex 18.7039 -36.9984 6.56981
      vertex 18.8809 -34.5981 7.03666
      vertex 18.7039 -34.5981 6.56981
    endloop
  endfacet
  facet normal -0.935051 0 0.354512
    outer loop
      vertex 18.8809 -34.5981 7.03666
      vertex 18.7039 -36.9984 6.56981
      vertex 18.8809 -36.9984 7.03666
    endloop
  endfacet
  facet normal -0.960525 0 0.278195
    outer loop
      vertex 18.8809 -36.9984 7.03666
      vertex 19.0198 -34.5981 7.51624
      vertex 18.8809 -34.5981 7.03666
    endloop
  endfacet
  facet normal -0.960525 0 0.278195
    outer loop
      vertex 19.0198 -34.5981 7.51624
      vertex 18.8809 -36.9984 7.03666
      vertex 19.0198 -36.9984 7.51624
    endloop
  endfacet
  facet normal 0.316606 0 0.948557
    outer loop
      vertex 10.8014 -34.5981 3.2029
      vertex 11.2751 -36.9984 3.04479
      vertex 11.2751 -34.5981 3.04479
    endloop
  endfacet
  facet normal 0.316606 0 0.948557
    outer loop
      vertex 11.2751 -36.9984 3.04479
      vertex 10.8014 -34.5981 3.2029
      vertex 10.8014 -36.9984 3.2029
    endloop
  endfacet
  facet normal 0.0804497 0 0.996759
    outer loop
      vertex 12.2527 -34.5981 2.8452
      vertex 12.7504 -36.9984 2.80503
      vertex 12.7504 -34.5981 2.80503
    endloop
  endfacet
  facet normal 0.0804497 0 0.996759
    outer loop
      vertex 12.7504 -36.9984 2.80503
      vertex 12.2527 -34.5981 2.8452
      vertex 12.2527 -36.9984 2.8452
    endloop
  endfacet
  facet normal -0 0 1
    outer loop
      vertex 12.7504 -34.5981 2.80503
      vertex 13.2496 -36.9984 2.80503
      vertex 13.2496 -34.5981 2.80503
    endloop
  endfacet
  facet normal 0 0 1
    outer loop
      vertex 13.2496 -36.9984 2.80503
      vertex 12.7504 -34.5981 2.80503
      vertex 12.7504 -36.9984 2.80503
    endloop
  endfacet
  facet normal 0.46472 0 0.885458
    outer loop
      vertex 9.9 -34.5981 3.63064
      vertex 10.3421 -36.9984 3.39861
      vertex 10.3421 -34.5981 3.39861
    endloop
  endfacet
  facet normal 0.46472 0 0.885458
    outer loop
      vertex 10.3421 -36.9984 3.39861
      vertex 9.9 -34.5981 3.63064
      vertex 9.9 -36.9984 3.63064
    endloop
  endfacet
  facet normal 0.392001 0 0.919965
    outer loop
      vertex 10.3421 -34.5981 3.39861
      vertex 10.8014 -36.9984 3.2029
      vertex 10.8014 -34.5981 3.2029
    endloop
  endfacet
  facet normal 0.392001 0 0.919965
    outer loop
      vertex 10.8014 -36.9984 3.2029
      vertex 10.3421 -34.5981 3.39861
      vertex 10.3421 -36.9984 3.39861
    endloop
  endfacet
  facet normal 0.534471 0 0.845187
    outer loop
      vertex 9.478 -34.5981 3.8975
      vertex 9.9 -36.9984 3.63064
      vertex 9.9 -34.5981 3.63064
    endloop
  endfacet
  facet normal 0.534471 0 0.845187
    outer loop
      vertex 9.9 -36.9984 3.63064
      vertex 9.478 -34.5981 3.8975
      vertex 9.478 -36.9984 3.8975
    endloop
  endfacet
  facet normal -0 0.112047 0.993703
    outer loop
      vertex -47 0 45.8
      vertex -39.5924 -0.489546 45.8552
      vertex -39.5924 0 45.8
    endloop
  endfacet
  facet normal 0 0.112047 0.993703
    outer loop
      vertex -39.5924 -0.489546 45.8552
      vertex -47 0 45.8
      vertex -47 -0.489546 45.8552
    endloop
  endfacet
  facet normal 0 -0.993711 0.111978
    outer loop
      vertex -47 2.14484 47.5105
      vertex -39.5924 2.2 48
      vertex -47 2.2 48
    endloop
  endfacet
  facet normal 0 -0.993711 0.111978
    outer loop
      vertex -39.5924 2.2 48
      vertex -47 2.14484 47.5105
      vertex -39.5924 2.14484 47.5105
    endloop
  endfacet
  facet normal 0 -0.943884 0.330278
    outer loop
      vertex -47 1.98213 47.0455
      vertex -39.5924 2.14484 47.5105
      vertex -47 2.14484 47.5105
    endloop
  endfacet
  facet normal 0 -0.943884 0.330278
    outer loop
      vertex -39.5924 2.14484 47.5105
      vertex -47 1.98213 47.0455
      vertex -39.5924 1.98213 47.0455
    endloop
  endfacet
  facet normal 0 -0.993711 -0.111978
    outer loop
      vertex -47 2.2 48
      vertex -39.5924 2.14484 48.4895
      vertex -47 2.14484 48.4895
    endloop
  endfacet
  facet normal 0 -0.993711 -0.111978
    outer loop
      vertex -39.5924 2.14484 48.4895
      vertex -47 2.2 48
      vertex -39.5924 2.2 48
    endloop
  endfacet
  facet normal 0 -0.532026 -0.846728
    outer loop
      vertex -47 0.954544 49.9821
      vertex -39.5924 1.37168 49.72
      vertex -39.5924 0.954544 49.9821
    endloop
  endfacet
  facet normal -0 -0.532026 -0.846728
    outer loop
      vertex -39.5924 1.37168 49.72
      vertex -47 0.954544 49.9821
      vertex -47 1.37168 49.72
    endloop
  endfacet
  facet normal 0 0.943884 0.330278
    outer loop
      vertex -39.5924 -1.98213 47.0455
      vertex -47 -2.14484 47.5105
      vertex -39.5924 -2.14484 47.5105
    endloop
  endfacet
  facet normal 0 0.943884 0.330278
    outer loop
      vertex -47 -2.14484 47.5105
      vertex -39.5924 -1.98213 47.0455
      vertex -47 -1.98213 47.0455
    endloop
  endfacet
  facet normal 0 -0.707056 0.707158
    outer loop
      vertex -47 1.37168 46.28
      vertex -39.5924 1.72003 46.6283
      vertex -47 1.72003 46.6283
    endloop
  endfacet
  facet normal 0 -0.707056 0.707158
    outer loop
      vertex -39.5924 1.72003 46.6283
      vertex -47 1.37168 46.28
      vertex -39.5924 1.37168 46.28
    endloop
  endfacet
  facet normal 0 -0.330261 0.94389
    outer loop
      vertex -47 0.954544 46.0179
      vertex -39.5924 0.489546 45.8552
      vertex -39.5924 0.954544 46.0179
    endloop
  endfacet
  facet normal 0 -0.330261 0.94389
    outer loop
      vertex -39.5924 0.489546 45.8552
      vertex -47 0.954544 46.0179
      vertex -47 0.489546 45.8552
    endloop
  endfacet
  facet normal 0 -0.532026 0.846728
    outer loop
      vertex -47 1.37168 46.28
      vertex -39.5924 0.954544 46.0179
      vertex -39.5924 1.37168 46.28
    endloop
  endfacet
  facet normal 0 -0.532026 0.846728
    outer loop
      vertex -39.5924 0.954544 46.0179
      vertex -47 1.37168 46.28
      vertex -47 0.954544 46.0179
    endloop
  endfacet
  facet normal 0 -0.846765 0.531968
    outer loop
      vertex -47 1.72003 46.6283
      vertex -39.5924 1.98213 47.0455
      vertex -47 1.98213 47.0455
    endloop
  endfacet
  facet normal 0 -0.846765 0.531968
    outer loop
      vertex -39.5924 1.98213 47.0455
      vertex -47 1.72003 46.6283
      vertex -39.5924 1.72003 46.6283
    endloop
  endfacet
  facet normal 0 -0.112047 -0.993703
    outer loop
      vertex -47 0 50.2
      vertex -39.5924 0.489546 50.1448
      vertex -39.5924 0 50.2
    endloop
  endfacet
  facet normal -0 -0.112047 -0.993703
    outer loop
      vertex -39.5924 0.489546 50.1448
      vertex -47 0 50.2
      vertex -47 0.489546 50.1448
    endloop
  endfacet
  facet normal 0 -0.707056 -0.707158
    outer loop
      vertex -47 1.37168 49.72
      vertex -39.5924 1.72003 49.3717
      vertex -39.5924 1.37168 49.72
    endloop
  endfacet
  facet normal -0 -0.707056 -0.707158
    outer loop
      vertex -39.5924 1.72003 49.3717
      vertex -47 1.37168 49.72
      vertex -47 1.72003 49.3717
    endloop
  endfacet
  facet normal 0 -0.943884 -0.330278
    outer loop
      vertex -47 2.14484 48.4895
      vertex -39.5924 1.98213 48.9545
      vertex -47 1.98213 48.9545
    endloop
  endfacet
  facet normal 0 -0.943884 -0.330278
    outer loop
      vertex -39.5924 1.98213 48.9545
      vertex -47 2.14484 48.4895
      vertex -39.5924 2.14484 48.4895
    endloop
  endfacet
  facet normal 0 -0.846765 -0.531968
    outer loop
      vertex -47 1.98213 48.9545
      vertex -39.5924 1.72003 49.3717
      vertex -47 1.72003 49.3717
    endloop
  endfacet
  facet normal 0 -0.846765 -0.531968
    outer loop
      vertex -39.5924 1.72003 49.3717
      vertex -47 1.98213 48.9545
      vertex -39.5924 1.98213 48.9545
    endloop
  endfacet
  facet normal 0 -0.112047 0.993703
    outer loop
      vertex -47 0.489546 45.8552
      vertex -39.5924 0 45.8
      vertex -39.5924 0.489546 45.8552
    endloop
  endfacet
  facet normal 0 -0.112047 0.993703
    outer loop
      vertex -39.5924 0 45.8
      vertex -47 0.489546 45.8552
      vertex -47 0 45.8
    endloop
  endfacet
  facet normal 0 0.112047 -0.993703
    outer loop
      vertex -47 -0.489546 50.1448
      vertex -39.5924 0 50.2
      vertex -39.5924 -0.489546 50.1448
    endloop
  endfacet
  facet normal 0 0.112047 -0.993703
    outer loop
      vertex -39.5924 0 50.2
      vertex -47 -0.489546 50.1448
      vertex -47 0 50.2
    endloop
  endfacet
  facet normal -0 0.330261 0.94389
    outer loop
      vertex -47 -0.489546 45.8552
      vertex -39.5924 -0.954544 46.0179
      vertex -39.5924 -0.489546 45.8552
    endloop
  endfacet
  facet normal 0 0.330261 0.94389
    outer loop
      vertex -39.5924 -0.954544 46.0179
      vertex -47 -0.489546 45.8552
      vertex -47 -0.954544 46.0179
    endloop
  endfacet
  facet normal 0 0.707056 0.707158
    outer loop
      vertex -39.5924 -1.37168 46.28
      vertex -47 -1.72003 46.6283
      vertex -39.5924 -1.72003 46.6283
    endloop
  endfacet
  facet normal 0 0.707056 0.707158
    outer loop
      vertex -47 -1.72003 46.6283
      vertex -39.5924 -1.37168 46.28
      vertex -47 -1.37168 46.28
    endloop
  endfacet
  facet normal 0 -0.330261 -0.94389
    outer loop
      vertex -47 0.489546 50.1448
      vertex -39.5924 0.954544 49.9821
      vertex -39.5924 0.489546 50.1448
    endloop
  endfacet
  facet normal -0 -0.330261 -0.94389
    outer loop
      vertex -39.5924 0.954544 49.9821
      vertex -47 0.489546 50.1448
      vertex -47 0.954544 49.9821
    endloop
  endfacet
  facet normal 0 0.532026 -0.846728
    outer loop
      vertex -47 -1.37168 49.72
      vertex -39.5924 -0.954544 49.9821
      vertex -39.5924 -1.37168 49.72
    endloop
  endfacet
  facet normal 0 0.532026 -0.846728
    outer loop
      vertex -39.5924 -0.954544 49.9821
      vertex -47 -1.37168 49.72
      vertex -47 -0.954544 49.9821
    endloop
  endfacet
  facet normal -0 0.532026 0.846728
    outer loop
      vertex -47 -0.954544 46.0179
      vertex -39.5924 -1.37168 46.28
      vertex -39.5924 -0.954544 46.0179
    endloop
  endfacet
  facet normal 0 0.532026 0.846728
    outer loop
      vertex -39.5924 -1.37168 46.28
      vertex -47 -0.954544 46.0179
      vertex -47 -1.37168 46.28
    endloop
  endfacet
  facet normal 0 0.846765 0.531968
    outer loop
      vertex -39.5924 -1.72003 46.6283
      vertex -47 -1.98213 47.0455
      vertex -39.5924 -1.98213 47.0455
    endloop
  endfacet
  facet normal 0 0.846765 0.531968
    outer loop
      vertex -47 -1.98213 47.0455
      vertex -39.5924 -1.72003 46.6283
      vertex -47 -1.72003 46.6283
    endloop
  endfacet
  facet normal 0 0.993711 0.111978
    outer loop
      vertex -39.5924 -2.14484 47.5105
      vertex -47 -2.2 48
      vertex -39.5924 -2.2 48
    endloop
  endfacet
  facet normal 0 0.993711 0.111978
    outer loop
      vertex -47 -2.2 48
      vertex -39.5924 -2.14484 47.5105
      vertex -47 -2.14484 47.5105
    endloop
  endfacet
  facet normal 0 0.993711 -0.111978
    outer loop
      vertex -39.5924 -2.2 48
      vertex -47 -2.14484 48.4895
      vertex -39.5924 -2.14484 48.4895
    endloop
  endfacet
  facet normal 0 0.993711 -0.111978
    outer loop
      vertex -47 -2.14484 48.4895
      vertex -39.5924 -2.2 48
      vertex -47 -2.2 48
    endloop
  endfacet
  facet normal 0 0.330261 -0.94389
    outer loop
      vertex -47 -0.954544 49.9821
      vertex -39.5924 -0.489546 50.1448
      vertex -39.5924 -0.954544 49.9821
    endloop
  endfacet
  facet normal 0 0.330261 -0.94389
    outer loop
      vertex -39.5924 -0.489546 50.1448
      vertex -47 -0.954544 49.9821
      vertex -47 -0.489546 50.1448
    endloop
  endfacet
  facet normal 0 0.707056 -0.707158
    outer loop
      vertex -47 -1.72003 49.3717
      vertex -39.5924 -1.37168 49.72
      vertex -39.5924 -1.72003 49.3717
    endloop
  endfacet
  facet normal 0 0.707056 -0.707158
    outer loop
      vertex -39.5924 -1.37168 49.72
      vertex -47 -1.72003 49.3717
      vertex -47 -1.37168 49.72
    endloop
  endfacet
  facet normal 0 0.846765 -0.531968
    outer loop
      vertex -39.5924 -1.98213 48.9545
      vertex -47 -1.72003 49.3717
      vertex -39.5924 -1.72003 49.3717
    endloop
  endfacet
  facet normal 0 0.846765 -0.531968
    outer loop
      vertex -47 -1.72003 49.3717
      vertex -39.5924 -1.98213 48.9545
      vertex -47 -1.98213 48.9545
    endloop
  endfacet
  facet normal 0 0.943884 -0.330278
    outer loop
      vertex -39.5924 -2.14484 48.4895
      vertex -47 -1.98213 48.9545
      vertex -39.5924 -1.98213 48.9545
    endloop
  endfacet
  facet normal 0 0.943884 -0.330278
    outer loop
      vertex -47 -1.98213 48.9545
      vertex -39.5924 -2.14484 48.4895
      vertex -47 -2.14484 48.4895
    endloop
  endfacet
  facet normal -0 0.112047 0.993703
    outer loop
      vertex 39.6 0 45.8
      vertex 47 -0.489546 45.8552
      vertex 47 0 45.8
    endloop
  endfacet
  facet normal 0 0.112047 0.993703
    outer loop
      vertex 47 -0.489546 45.8552
      vertex 39.6 0 45.8
      vertex 39.6 -0.489546 45.8552
    endloop
  endfacet
  facet normal 0 -0.993711 0.111978
    outer loop
      vertex 39.6 2.14484 47.5105
      vertex 47 2.2 48
      vertex 39.6 2.2 48
    endloop
  endfacet
  facet normal 0 -0.993711 0.111978
    outer loop
      vertex 47 2.2 48
      vertex 39.6 2.14484 47.5105
      vertex 47 2.14484 47.5105
    endloop
  endfacet
  facet normal 0 -0.943884 0.330278
    outer loop
      vertex 39.6 1.98213 47.0455
      vertex 47 2.14484 47.5105
      vertex 39.6 2.14484 47.5105
    endloop
  endfacet
  facet normal 0 -0.943884 0.330278
    outer loop
      vertex 47 2.14484 47.5105
      vertex 39.6 1.98213 47.0455
      vertex 47 1.98213 47.0455
    endloop
  endfacet
  facet normal 0 -0.993711 -0.111978
    outer loop
      vertex 39.6 2.2 48
      vertex 47 2.14484 48.4895
      vertex 39.6 2.14484 48.4895
    endloop
  endfacet
  facet normal 0 -0.993711 -0.111978
    outer loop
      vertex 47 2.14484 48.4895
      vertex 39.6 2.2 48
      vertex 47 2.2 48
    endloop
  endfacet
  facet normal 0 -0.532026 -0.846728
    outer loop
      vertex 39.6 0.954544 49.9821
      vertex 47 1.37168 49.72
      vertex 47 0.954544 49.9821
    endloop
  endfacet
  facet normal -0 -0.532026 -0.846728
    outer loop
      vertex 47 1.37168 49.72
      vertex 39.6 0.954544 49.9821
      vertex 39.6 1.37168 49.72
    endloop
  endfacet
  facet normal 0 0.943884 0.330278
    outer loop
      vertex 47 -1.98213 47.0455
      vertex 39.6 -2.14484 47.5105
      vertex 47 -2.14484 47.5105
    endloop
  endfacet
  facet normal 0 0.943884 0.330278
    outer loop
      vertex 39.6 -2.14484 47.5105
      vertex 47 -1.98213 47.0455
      vertex 39.6 -1.98213 47.0455
    endloop
  endfacet
  facet normal 0 -0.707056 0.707158
    outer loop
      vertex 39.6 1.37168 46.28
      vertex 47 1.72003 46.6283
      vertex 39.6 1.72003 46.6283
    endloop
  endfacet
  facet normal 0 -0.707056 0.707158
    outer loop
      vertex 47 1.72003 46.6283
      vertex 39.6 1.37168 46.28
      vertex 47 1.37168 46.28
    endloop
  endfacet
  facet normal 0 -0.330261 0.94389
    outer loop
      vertex 39.6 0.954544 46.0179
      vertex 47 0.489546 45.8552
      vertex 47 0.954544 46.0179
    endloop
  endfacet
  facet normal 0 -0.330261 0.94389
    outer loop
      vertex 47 0.489546 45.8552
      vertex 39.6 0.954544 46.0179
      vertex 39.6 0.489546 45.8552
    endloop
  endfacet
  facet normal 0 -0.532026 0.846728
    outer loop
      vertex 39.6 1.37168 46.28
      vertex 47 0.954544 46.0179
      vertex 47 1.37168 46.28
    endloop
  endfacet
  facet normal 0 -0.532026 0.846728
    outer loop
      vertex 47 0.954544 46.0179
      vertex 39.6 1.37168 46.28
      vertex 39.6 0.954544 46.0179
    endloop
  endfacet
  facet normal 0 -0.846765 0.531968
    outer loop
      vertex 39.6 1.72003 46.6283
      vertex 47 1.98213 47.0455
      vertex 39.6 1.98213 47.0455
    endloop
  endfacet
  facet normal 0 -0.846765 0.531968
    outer loop
      vertex 47 1.98213 47.0455
      vertex 39.6 1.72003 46.6283
      vertex 47 1.72003 46.6283
    endloop
  endfacet
  facet normal 0 -0.112047 -0.993703
    outer loop
      vertex 39.6 0 50.2
      vertex 47 0.489546 50.1448
      vertex 47 0 50.2
    endloop
  endfacet
  facet normal -0 -0.112047 -0.993703
    outer loop
      vertex 47 0.489546 50.1448
      vertex 39.6 0 50.2
      vertex 39.6 0.489546 50.1448
    endloop
  endfacet
  facet normal 0 -0.707056 -0.707158
    outer loop
      vertex 39.6 1.37168 49.72
      vertex 47 1.72003 49.3717
      vertex 47 1.37168 49.72
    endloop
  endfacet
  facet normal -0 -0.707056 -0.707158
    outer loop
      vertex 47 1.72003 49.3717
      vertex 39.6 1.37168 49.72
      vertex 39.6 1.72003 49.3717
    endloop
  endfacet
  facet normal 0 -0.943884 -0.330278
    outer loop
      vertex 39.6 2.14484 48.4895
      vertex 47 1.98213 48.9545
      vertex 39.6 1.98213 48.9545
    endloop
  endfacet
  facet normal 0 -0.943884 -0.330278
    outer loop
      vertex 47 1.98213 48.9545
      vertex 39.6 2.14484 48.4895
      vertex 47 2.14484 48.4895
    endloop
  endfacet
  facet normal 0 -0.846765 -0.531968
    outer loop
      vertex 39.6 1.98213 48.9545
      vertex 47 1.72003 49.3717
      vertex 39.6 1.72003 49.3717
    endloop
  endfacet
  facet normal 0 -0.846765 -0.531968
    outer loop
      vertex 47 1.72003 49.3717
      vertex 39.6 1.98213 48.9545
      vertex 47 1.98213 48.9545
    endloop
  endfacet
  facet normal 0 -0.112047 0.993703
    outer loop
      vertex 39.6 0.489546 45.8552
      vertex 47 0 45.8
      vertex 47 0.489546 45.8552
    endloop
  endfacet
  facet normal 0 -0.112047 0.993703
    outer loop
      vertex 47 0 45.8
      vertex 39.6 0.489546 45.8552
      vertex 39.6 0 45.8
    endloop
  endfacet
  facet normal 0 0.112047 -0.993703
    outer loop
      vertex 39.6 -0.489546 50.1448
      vertex 47 0 50.2
      vertex 47 -0.489546 50.1448
    endloop
  endfacet
  facet normal 0 0.112047 -0.993703
    outer loop
      vertex 47 0 50.2
      vertex 39.6 -0.489546 50.1448
      vertex 39.6 0 50.2
    endloop
  endfacet
  facet normal -0 0.330261 0.94389
    outer loop
      vertex 39.6 -0.489546 45.8552
      vertex 47 -0.954544 46.0179
      vertex 47 -0.489546 45.8552
    endloop
  endfacet
  facet normal 0 0.330261 0.94389
    outer loop
      vertex 47 -0.954544 46.0179
      vertex 39.6 -0.489546 45.8552
      vertex 39.6 -0.954544 46.0179
    endloop
  endfacet
  facet normal 0 0.707056 0.707158
    outer loop
      vertex 47 -1.37168 46.28
      vertex 39.6 -1.72003 46.6283
      vertex 47 -1.72003 46.6283
    endloop
  endfacet
  facet normal 0 0.707056 0.707158
    outer loop
      vertex 39.6 -1.72003 46.6283
      vertex 47 -1.37168 46.28
      vertex 39.6 -1.37168 46.28
    endloop
  endfacet
  facet normal 0 -0.330261 -0.94389
    outer loop
      vertex 39.6 0.489546 50.1448
      vertex 47 0.954544 49.9821
      vertex 47 0.489546 50.1448
    endloop
  endfacet
  facet normal -0 -0.330261 -0.94389
    outer loop
      vertex 47 0.954544 49.9821
      vertex 39.6 0.489546 50.1448
      vertex 39.6 0.954544 49.9821
    endloop
  endfacet
  facet normal 0 0.532026 -0.846728
    outer loop
      vertex 39.6 -1.37168 49.72
      vertex 47 -0.954544 49.9821
      vertex 47 -1.37168 49.72
    endloop
  endfacet
  facet normal 0 0.532026 -0.846728
    outer loop
      vertex 47 -0.954544 49.9821
      vertex 39.6 -1.37168 49.72
      vertex 39.6 -0.954544 49.9821
    endloop
  endfacet
  facet normal -0 0.532026 0.846728
    outer loop
      vertex 39.6 -0.954544 46.0179
      vertex 47 -1.37168 46.28
      vertex 47 -0.954544 46.0179
    endloop
  endfacet
  facet normal 0 0.532026 0.846728
    outer loop
      vertex 47 -1.37168 46.28
      vertex 39.6 -0.954544 46.0179
      vertex 39.6 -1.37168 46.28
    endloop
  endfacet
  facet normal 0 0.846765 0.531968
    outer loop
      vertex 47 -1.72003 46.6283
      vertex 39.6 -1.98213 47.0455
      vertex 47 -1.98213 47.0455
    endloop
  endfacet
  facet normal 0 0.846765 0.531968
    outer loop
      vertex 39.6 -1.98213 47.0455
      vertex 47 -1.72003 46.6283
      vertex 39.6 -1.72003 46.6283
    endloop
  endfacet
  facet normal 0 0.993711 0.111978
    outer loop
      vertex 47 -2.14484 47.5105
      vertex 39.6 -2.2 48
      vertex 47 -2.2 48
    endloop
  endfacet
  facet normal 0 0.993711 0.111978
    outer loop
      vertex 39.6 -2.2 48
      vertex 47 -2.14484 47.5105
      vertex 39.6 -2.14484 47.5105
    endloop
  endfacet
  facet normal 0 0.993711 -0.111978
    outer loop
      vertex 47 -2.2 48
      vertex 39.6 -2.14484 48.4895
      vertex 47 -2.14484 48.4895
    endloop
  endfacet
  facet normal 0 0.993711 -0.111978
    outer loop
      vertex 39.6 -2.14484 48.4895
      vertex 47 -2.2 48
      vertex 39.6 -2.2 48
    endloop
  endfacet
  facet normal 0 0.330261 -0.94389
    outer loop
      vertex 39.6 -0.954544 49.9821
      vertex 47 -0.489546 50.1448
      vertex 47 -0.954544 49.9821
    endloop
  endfacet
  facet normal 0 0.330261 -0.94389
    outer loop
      vertex 47 -0.489546 50.1448
      vertex 39.6 -0.954544 49.9821
      vertex 39.6 -0.489546 50.1448
    endloop
  endfacet
  facet normal 0 0.707056 -0.707158
    outer loop
      vertex 39.6 -1.72003 49.3717
      vertex 47 -1.37168 49.72
      vertex 47 -1.72003 49.3717
    endloop
  endfacet
  facet normal 0 0.707056 -0.707158
    outer loop
      vertex 47 -1.37168 49.72
      vertex 39.6 -1.72003 49.3717
      vertex 39.6 -1.37168 49.72
    endloop
  endfacet
  facet normal 0 0.846765 -0.531968
    outer loop
      vertex 47 -1.98213 48.9545
      vertex 39.6 -1.72003 49.3717
      vertex 47 -1.72003 49.3717
    endloop
  endfacet
  facet normal 0 0.846765 -0.531968
    outer loop
      vertex 39.6 -1.72003 49.3717
      vertex 47 -1.98213 48.9545
      vertex 39.6 -1.98213 48.9545
    endloop
  endfacet
  facet normal 0 0.943884 -0.330278
    outer loop
      vertex 47 -2.14484 48.4895
      vertex 39.6 -1.98213 48.9545
      vertex 47 -1.98213 48.9545
    endloop
  endfacet
  facet normal 0 0.943884 -0.330278
    outer loop
      vertex 39.6 -1.98213 48.9545
      vertex 47 -2.14484 48.4895
      vertex 39.6 -2.14484 48.4895
    endloop
  endfacet
  facet normal -0.98883 -0.149046 0
    outer loop
      vertex -34.85 -32 0
      vertex -34.9233 -31.5137 6
      vertex -34.9233 -31.5137 0
    endloop
  endfacet
  facet normal -0.98883 -0.149046 0
    outer loop
      vertex -34.9233 -31.5137 6
      vertex -34.85 -32 0
      vertex -34.85 -32 6
    endloop
  endfacet
  facet normal 1 -0 0
    outer loop
      vertex -38.1316 -32.2459 6
      vertex -38.1316 -31.7541 0
      vertex -38.1316 -31.7541 6
    endloop
  endfacet
  facet normal 1 0 0
    outer loop
      vertex -38.1316 -31.7541 0
      vertex -38.1316 -32.2459 6
      vertex -38.1316 -32.2459 0
    endloop
  endfacet
  facet normal 0.0748152 -0.997197 0
    outer loop
      vertex -36.8672 -30.3914 0
      vertex -36.3767 -30.3546 6
      vertex -36.8672 -30.3914 6
    endloop
  endfacet
  facet normal 0.0748152 -0.997197 0
    outer loop
      vertex -36.3767 -30.3546 6
      vertex -36.8672 -30.3914 0
      vertex -36.3767 -30.3546 0
    endloop
  endfacet
  facet normal -0.733047 -0.680178 0
    outer loop
      vertex -35.1367 -31.0705 0
      vertex -35.4712 -30.71 6
      vertex -35.4712 -30.71 0
    endloop
  endfacet
  facet normal -0.733047 -0.680178 0
    outer loop
      vertex -35.4712 -30.71 6
      vertex -35.1367 -31.0705 0
      vertex -35.1367 -31.0705 6
    endloop
  endfacet
  facet normal -0.900996 -0.433828 0
    outer loop
      vertex -34.9233 -31.5137 0
      vertex -35.1367 -31.0705 6
      vertex -35.1367 -31.0705 0
    endloop
  endfacet
  facet normal -0.900996 -0.433828 0
    outer loop
      vertex -35.1367 -31.0705 6
      vertex -34.9233 -31.5137 0
      vertex -34.9233 -31.5137 6
    endloop
  endfacet
  facet normal 0.826219 -0.563349 0
    outer loop
      vertex -37.9866 -31.2841 6
      vertex -37.7095 -30.8777 0
      vertex -37.7095 -30.8777 6
    endloop
  endfacet
  facet normal 0.826219 -0.563349 0
    outer loop
      vertex -37.7095 -30.8777 0
      vertex -37.9866 -31.2841 6
      vertex -37.9866 -31.2841 0
    endloop
  endfacet
  facet normal 0.955559 -0.2948 0
    outer loop
      vertex -38.1316 -31.7541 6
      vertex -37.9866 -31.2841 0
      vertex -37.9866 -31.2841 6
    endloop
  endfacet
  facet normal 0.955559 -0.2948 0
    outer loop
      vertex -37.9866 -31.2841 0
      vertex -38.1316 -31.7541 6
      vertex -38.1316 -31.7541 0
    endloop
  endfacet
  facet normal 0.365388 -0.930855 0
    outer loop
      vertex -37.325 -30.5711 0
      vertex -36.8672 -30.3914 6
      vertex -37.325 -30.5711 6
    endloop
  endfacet
  facet normal 0.365388 -0.930855 0
    outer loop
      vertex -36.8672 -30.3914 6
      vertex -37.325 -30.5711 0
      vertex -36.8672 -30.3914 0
    endloop
  endfacet
  facet normal 0.365388 0.930855 -0
    outer loop
      vertex -36.8672 -33.6086 0
      vertex -37.325 -33.4289 6
      vertex -36.8672 -33.6086 6
    endloop
  endfacet
  facet normal 0.365388 0.930855 0
    outer loop
      vertex -37.325 -33.4289 6
      vertex -36.8672 -33.6086 0
      vertex -37.325 -33.4289 0
    endloop
  endfacet
  facet normal 0.955559 0.2948 0
    outer loop
      vertex -37.9866 -32.7159 6
      vertex -38.1316 -32.2459 0
      vertex -38.1316 -32.2459 6
    endloop
  endfacet
  facet normal 0.955559 0.2948 0
    outer loop
      vertex -38.1316 -32.2459 0
      vertex -37.9866 -32.7159 6
      vertex -37.9866 -32.7159 0
    endloop
  endfacet
  facet normal -0.222632 -0.974903 0
    outer loop
      vertex -36.3767 -30.3546 0
      vertex -35.8972 -30.4641 6
      vertex -36.3767 -30.3546 6
    endloop
  endfacet
  facet normal -0.222632 -0.974903 -0
    outer loop
      vertex -35.8972 -30.4641 6
      vertex -36.3767 -30.3546 0
      vertex -35.8972 -30.4641 0
    endloop
  endfacet
  facet normal -0.499922 -0.86607 0
    outer loop
      vertex -35.8972 -30.4641 0
      vertex -35.4712 -30.71 6
      vertex -35.8972 -30.4641 6
    endloop
  endfacet
  facet normal -0.499922 -0.86607 -0
    outer loop
      vertex -35.4712 -30.71 6
      vertex -35.8972 -30.4641 0
      vertex -35.4712 -30.71 0
    endloop
  endfacet
  facet normal 0.623454 -0.78186 0
    outer loop
      vertex -37.7095 -30.8777 0
      vertex -37.325 -30.5711 6
      vertex -37.7095 -30.8777 6
    endloop
  endfacet
  facet normal 0.623454 -0.78186 0
    outer loop
      vertex -37.325 -30.5711 6
      vertex -37.7095 -30.8777 0
      vertex -37.325 -30.5711 0
    endloop
  endfacet
  facet normal -0.733047 0.680178 0
    outer loop
      vertex -35.4712 -33.29 0
      vertex -35.1367 -32.9295 6
      vertex -35.1367 -32.9295 0
    endloop
  endfacet
  facet normal -0.733047 0.680178 0
    outer loop
      vertex -35.1367 -32.9295 6
      vertex -35.4712 -33.29 0
      vertex -35.4712 -33.29 6
    endloop
  endfacet
  facet normal -0.222632 0.974903 0
    outer loop
      vertex -35.8972 -33.5359 0
      vertex -36.3767 -33.6454 6
      vertex -35.8972 -33.5359 6
    endloop
  endfacet
  facet normal -0.222632 0.974903 0
    outer loop
      vertex -36.3767 -33.6454 6
      vertex -35.8972 -33.5359 0
      vertex -36.3767 -33.6454 0
    endloop
  endfacet
  facet normal 0.0748152 0.997197 -0
    outer loop
      vertex -36.3767 -33.6454 0
      vertex -36.8672 -33.6086 6
      vertex -36.3767 -33.6454 6
    endloop
  endfacet
  facet normal 0.0748152 0.997197 0
    outer loop
      vertex -36.8672 -33.6086 6
      vertex -36.3767 -33.6454 0
      vertex -36.8672 -33.6086 0
    endloop
  endfacet
  facet normal 0.826219 0.563349 0
    outer loop
      vertex -37.7095 -33.1223 6
      vertex -37.9866 -32.7159 0
      vertex -37.9866 -32.7159 6
    endloop
  endfacet
  facet normal 0.826219 0.563349 0
    outer loop
      vertex -37.9866 -32.7159 0
      vertex -37.7095 -33.1223 6
      vertex -37.7095 -33.1223 0
    endloop
  endfacet
  facet normal -0.900996 0.433828 0
    outer loop
      vertex -35.1367 -32.9295 0
      vertex -34.9233 -32.4863 6
      vertex -34.9233 -32.4863 0
    endloop
  endfacet
  facet normal -0.900996 0.433828 0
    outer loop
      vertex -34.9233 -32.4863 6
      vertex -35.1367 -32.9295 0
      vertex -35.1367 -32.9295 6
    endloop
  endfacet
  facet normal -0.499922 0.86607 0
    outer loop
      vertex -35.4712 -33.29 0
      vertex -35.8972 -33.5359 6
      vertex -35.4712 -33.29 6
    endloop
  endfacet
  facet normal -0.499922 0.86607 0
    outer loop
      vertex -35.8972 -33.5359 6
      vertex -35.4712 -33.29 0
      vertex -35.8972 -33.5359 0
    endloop
  endfacet
  facet normal 0.623454 0.78186 -0
    outer loop
      vertex -37.325 -33.4289 0
      vertex -37.7095 -33.1223 6
      vertex -37.325 -33.4289 6
    endloop
  endfacet
  facet normal 0.623454 0.78186 0
    outer loop
      vertex -37.7095 -33.1223 6
      vertex -37.325 -33.4289 0
      vertex -37.7095 -33.1223 0
    endloop
  endfacet
  facet normal -0.98883 0.149046 0
    outer loop
      vertex -34.9233 -32.4863 0
      vertex -34.85 -32 6
      vertex -34.85 -32 0
    endloop
  endfacet
  facet normal -0.98883 0.149046 0
    outer loop
      vertex -34.85 -32 6
      vertex -34.9233 -32.4863 0
      vertex -34.9233 -32.4863 6
    endloop
  endfacet
  facet normal -0.98883 -0.149046 0
    outer loop
      vertex -34.85 32 0
      vertex -34.9233 32.4863 6
      vertex -34.9233 32.4863 0
    endloop
  endfacet
  facet normal -0.98883 -0.149046 0
    outer loop
      vertex -34.9233 32.4863 6
      vertex -34.85 32 0
      vertex -34.85 32 6
    endloop
  endfacet
  facet normal 1 -0 0
    outer loop
      vertex -38.1316 31.7541 6
      vertex -38.1316 32.2459 0
      vertex -38.1316 32.2459 6
    endloop
  endfacet
  facet normal 1 0 0
    outer loop
      vertex -38.1316 32.2459 0
      vertex -38.1316 31.7541 6
      vertex -38.1316 31.7541 0
    endloop
  endfacet
  facet normal 0.0748152 -0.997197 0
    outer loop
      vertex -36.8672 33.6086 0
      vertex -36.3767 33.6454 6
      vertex -36.8672 33.6086 6
    endloop
  endfacet
  facet normal 0.0748152 -0.997197 0
    outer loop
      vertex -36.3767 33.6454 6
      vertex -36.8672 33.6086 0
      vertex -36.3767 33.6454 0
    endloop
  endfacet
  facet normal -0.733047 -0.680178 0
    outer loop
      vertex -35.1367 32.9295 0
      vertex -35.4712 33.29 6
      vertex -35.4712 33.29 0
    endloop
  endfacet
  facet normal -0.733047 -0.680178 0
    outer loop
      vertex -35.4712 33.29 6
      vertex -35.1367 32.9295 0
      vertex -35.1367 32.9295 6
    endloop
  endfacet
  facet normal -0.900996 -0.433828 0
    outer loop
      vertex -34.9233 32.4863 0
      vertex -35.1367 32.9295 6
      vertex -35.1367 32.9295 0
    endloop
  endfacet
  facet normal -0.900996 -0.433828 0
    outer loop
      vertex -35.1367 32.9295 6
      vertex -34.9233 32.4863 0
      vertex -34.9233 32.4863 6
    endloop
  endfacet
  facet normal 0.826219 -0.563349 0
    outer loop
      vertex -37.9866 32.7159 6
      vertex -37.7095 33.1223 0
      vertex -37.7095 33.1223 6
    endloop
  endfacet
  facet normal 0.826219 -0.563349 0
    outer loop
      vertex -37.7095 33.1223 0
      vertex -37.9866 32.7159 6
      vertex -37.9866 32.7159 0
    endloop
  endfacet
  facet normal 0.955559 -0.2948 0
    outer loop
      vertex -38.1316 32.2459 6
      vertex -37.9866 32.7159 0
      vertex -37.9866 32.7159 6
    endloop
  endfacet
  facet normal 0.955559 -0.2948 0
    outer loop
      vertex -37.9866 32.7159 0
      vertex -38.1316 32.2459 6
      vertex -38.1316 32.2459 0
    endloop
  endfacet
  facet normal 0.365388 -0.930855 0
    outer loop
      vertex -37.325 33.4289 0
      vertex -36.8672 33.6086 6
      vertex -37.325 33.4289 6
    endloop
  endfacet
  facet normal 0.365388 -0.930855 0
    outer loop
      vertex -36.8672 33.6086 6
      vertex -37.325 33.4289 0
      vertex -36.8672 33.6086 0
    endloop
  endfacet
  facet normal 0.365388 0.930855 -0
    outer loop
      vertex -36.8672 30.3914 0
      vertex -37.325 30.5711 6
      vertex -36.8672 30.3914 6
    endloop
  endfacet
  facet normal 0.365388 0.930855 0
    outer loop
      vertex -37.325 30.5711 6
      vertex -36.8672 30.3914 0
      vertex -37.325 30.5711 0
    endloop
  endfacet
  facet normal 0.955559 0.2948 0
    outer loop
      vertex -37.9866 31.2841 6
      vertex -38.1316 31.7541 0
      vertex -38.1316 31.7541 6
    endloop
  endfacet
  facet normal 0.955559 0.2948 0
    outer loop
      vertex -38.1316 31.7541 0
      vertex -37.9866 31.2841 6
      vertex -37.9866 31.2841 0
    endloop
  endfacet
  facet normal -0.222632 -0.974903 0
    outer loop
      vertex -36.3767 33.6454 0
      vertex -35.8972 33.5359 6
      vertex -36.3767 33.6454 6
    endloop
  endfacet
  facet normal -0.222632 -0.974903 -0
    outer loop
      vertex -35.8972 33.5359 6
      vertex -36.3767 33.6454 0
      vertex -35.8972 33.5359 0
    endloop
  endfacet
  facet normal -0.499922 -0.86607 0
    outer loop
      vertex -35.8972 33.5359 0
      vertex -35.4712 33.29 6
      vertex -35.8972 33.5359 6
    endloop
  endfacet
  facet normal -0.499922 -0.86607 -0
    outer loop
      vertex -35.4712 33.29 6
      vertex -35.8972 33.5359 0
      vertex -35.4712 33.29 0
    endloop
  endfacet
  facet normal 0.623454 -0.78186 0
    outer loop
      vertex -37.7095 33.1223 0
      vertex -37.325 33.4289 6
      vertex -37.7095 33.1223 6
    endloop
  endfacet
  facet normal 0.623454 -0.78186 0
    outer loop
      vertex -37.325 33.4289 6
      vertex -37.7095 33.1223 0
      vertex -37.325 33.4289 0
    endloop
  endfacet
  facet normal -0.98883 0.149046 0
    outer loop
      vertex -34.9233 31.5137 0
      vertex -34.85 32 6
      vertex -34.85 32 0
    endloop
  endfacet
  facet normal -0.98883 0.149046 0
    outer loop
      vertex -34.85 32 6
      vertex -34.9233 31.5137 0
      vertex -34.9233 31.5137 6
    endloop
  endfacet
  facet normal -0.733047 0.680178 0
    outer loop
      vertex -35.4712 30.71 0
      vertex -35.1367 31.0705 6
      vertex -35.1367 31.0705 0
    endloop
  endfacet
  facet normal -0.733047 0.680178 0
    outer loop
      vertex -35.1367 31.0705 6
      vertex -35.4712 30.71 0
      vertex -35.4712 30.71 6
    endloop
  endfacet
  facet normal -0.222632 0.974903 0
    outer loop
      vertex -35.8972 30.4641 0
      vertex -36.3767 30.3546 6
      vertex -35.8972 30.4641 6
    endloop
  endfacet
  facet normal -0.222632 0.974903 0
    outer loop
      vertex -36.3767 30.3546 6
      vertex -35.8972 30.4641 0
      vertex -36.3767 30.3546 0
    endloop
  endfacet
  facet normal 0.0748152 0.997197 -0
    outer loop
      vertex -36.3767 30.3546 0
      vertex -36.8672 30.3914 6
      vertex -36.3767 30.3546 6
    endloop
  endfacet
  facet normal 0.0748152 0.997197 0
    outer loop
      vertex -36.8672 30.3914 6
      vertex -36.3767 30.3546 0
      vertex -36.8672 30.3914 0
    endloop
  endfacet
  facet normal 0.826219 0.563349 0
    outer loop
      vertex -37.7095 30.8777 6
      vertex -37.9866 31.2841 0
      vertex -37.9866 31.2841 6
    endloop
  endfacet
  facet normal 0.826219 0.563349 0
    outer loop
      vertex -37.9866 31.2841 0
      vertex -37.7095 30.8777 6
      vertex -37.7095 30.8777 0
    endloop
  endfacet
  facet normal -0.900996 0.433828 0
    outer loop
      vertex -35.1367 31.0705 0
      vertex -34.9233 31.5137 6
      vertex -34.9233 31.5137 0
    endloop
  endfacet
  facet normal -0.900996 0.433828 0
    outer loop
      vertex -34.9233 31.5137 6
      vertex -35.1367 31.0705 0
      vertex -35.1367 31.0705 6
    endloop
  endfacet
  facet normal -0.499922 0.86607 0
    outer loop
      vertex -35.4712 30.71 0
      vertex -35.8972 30.4641 6
      vertex -35.4712 30.71 6
    endloop
  endfacet
  facet normal -0.499922 0.86607 0
    outer loop
      vertex -35.8972 30.4641 6
      vertex -35.4712 30.71 0
      vertex -35.8972 30.4641 0
    endloop
  endfacet
  facet normal 0.623454 0.78186 -0
    outer loop
      vertex -37.325 30.5711 0
      vertex -37.7095 30.8777 6
      vertex -37.325 30.5711 6
    endloop
  endfacet
  facet normal 0.623454 0.78186 0
    outer loop
      vertex -37.7095 30.8777 6
      vertex -37.325 30.5711 0
      vertex -37.7095 30.8777 0
    endloop
  endfacet
  facet normal -0.98883 -0.149046 0
    outer loop
      vertex 38.15 -32 0
      vertex 38.0767 -31.5137 6
      vertex 38.0767 -31.5137 0
    endloop
  endfacet
  facet normal -0.98883 -0.149046 0
    outer loop
      vertex 38.0767 -31.5137 6
      vertex 38.15 -32 0
      vertex 38.15 -32 6
    endloop
  endfacet
  facet normal 1 -0 0
    outer loop
      vertex 34.8684 -32.2459 6
      vertex 34.8684 -31.7541 0
      vertex 34.8684 -31.7541 6
    endloop
  endfacet
  facet normal 1 0 0
    outer loop
      vertex 34.8684 -31.7541 0
      vertex 34.8684 -32.2459 6
      vertex 34.8684 -32.2459 0
    endloop
  endfacet
  facet normal 0.0748152 -0.997197 0
    outer loop
      vertex 36.1328 -30.3914 0
      vertex 36.6233 -30.3546 6
      vertex 36.1328 -30.3914 6
    endloop
  endfacet
  facet normal 0.0748152 -0.997197 0
    outer loop
      vertex 36.6233 -30.3546 6
      vertex 36.1328 -30.3914 0
      vertex 36.6233 -30.3546 0
    endloop
  endfacet
  facet normal 0.623454 0.78186 -0
    outer loop
      vertex 35.675 -33.4289 0
      vertex 35.2905 -33.1223 6
      vertex 35.675 -33.4289 6
    endloop
  endfacet
  facet normal 0.623454 0.78186 0
    outer loop
      vertex 35.2905 -33.1223 6
      vertex 35.675 -33.4289 0
      vertex 35.2905 -33.1223 0
    endloop
  endfacet
  facet normal -0.733047 -0.680178 0
    outer loop
      vertex 37.8633 -31.0705 0
      vertex 37.5288 -30.71 6
      vertex 37.5288 -30.71 0
    endloop
  endfacet
  facet normal -0.733047 -0.680178 0
    outer loop
      vertex 37.5288 -30.71 6
      vertex 37.8633 -31.0705 0
      vertex 37.8633 -31.0705 6
    endloop
  endfacet
  facet normal -0.900996 -0.433828 0
    outer loop
      vertex 38.0767 -31.5137 0
      vertex 37.8633 -31.0705 6
      vertex 37.8633 -31.0705 0
    endloop
  endfacet
  facet normal -0.900996 -0.433828 0
    outer loop
      vertex 37.8633 -31.0705 6
      vertex 38.0767 -31.5137 0
      vertex 38.0767 -31.5137 6
    endloop
  endfacet
  facet normal 0.826219 -0.563349 0
    outer loop
      vertex 35.0134 -31.2841 6
      vertex 35.2905 -30.8777 0
      vertex 35.2905 -30.8777 6
    endloop
  endfacet
  facet normal 0.826219 -0.563349 0
    outer loop
      vertex 35.2905 -30.8777 0
      vertex 35.0134 -31.2841 6
      vertex 35.0134 -31.2841 0
    endloop
  endfacet
  facet normal 0.955559 -0.2948 0
    outer loop
      vertex 34.8684 -31.7541 6
      vertex 35.0134 -31.2841 0
      vertex 35.0134 -31.2841 6
    endloop
  endfacet
  facet normal 0.955559 -0.2948 0
    outer loop
      vertex 35.0134 -31.2841 0
      vertex 34.8684 -31.7541 6
      vertex 34.8684 -31.7541 0
    endloop
  endfacet
  facet normal 0.365388 -0.930855 0
    outer loop
      vertex 35.675 -30.5711 0
      vertex 36.1328 -30.3914 6
      vertex 35.675 -30.5711 6
    endloop
  endfacet
  facet normal 0.365388 -0.930855 0
    outer loop
      vertex 36.1328 -30.3914 6
      vertex 35.675 -30.5711 0
      vertex 36.1328 -30.3914 0
    endloop
  endfacet
  facet normal 0.365388 0.930855 -0
    outer loop
      vertex 36.1328 -33.6086 0
      vertex 35.675 -33.4289 6
      vertex 36.1328 -33.6086 6
    endloop
  endfacet
  facet normal 0.365388 0.930855 0
    outer loop
      vertex 35.675 -33.4289 6
      vertex 36.1328 -33.6086 0
      vertex 35.675 -33.4289 0
    endloop
  endfacet
  facet normal 0.955559 0.2948 0
    outer loop
      vertex 35.0134 -32.7159 6
      vertex 34.8684 -32.2459 0
      vertex 34.8684 -32.2459 6
    endloop
  endfacet
  facet normal 0.955559 0.2948 0
    outer loop
      vertex 34.8684 -32.2459 0
      vertex 35.0134 -32.7159 6
      vertex 35.0134 -32.7159 0
    endloop
  endfacet
  facet normal -0.222632 -0.974903 0
    outer loop
      vertex 36.6233 -30.3546 0
      vertex 37.1028 -30.4641 6
      vertex 36.6233 -30.3546 6
    endloop
  endfacet
  facet normal -0.222632 -0.974903 -0
    outer loop
      vertex 37.1028 -30.4641 6
      vertex 36.6233 -30.3546 0
      vertex 37.1028 -30.4641 0
    endloop
  endfacet
  facet normal -0.499922 -0.86607 0
    outer loop
      vertex 37.1028 -30.4641 0
      vertex 37.5288 -30.71 6
      vertex 37.1028 -30.4641 6
    endloop
  endfacet
  facet normal -0.499922 -0.86607 -0
    outer loop
      vertex 37.5288 -30.71 6
      vertex 37.1028 -30.4641 0
      vertex 37.5288 -30.71 0
    endloop
  endfacet
  facet normal 0.623454 -0.78186 0
    outer loop
      vertex 35.2905 -30.8777 0
      vertex 35.675 -30.5711 6
      vertex 35.2905 -30.8777 6
    endloop
  endfacet
  facet normal 0.623454 -0.78186 0
    outer loop
      vertex 35.675 -30.5711 6
      vertex 35.2905 -30.8777 0
      vertex 35.675 -30.5711 0
    endloop
  endfacet
  facet normal -0.733047 0.680178 0
    outer loop
      vertex 37.5288 -33.29 0
      vertex 37.8633 -32.9295 6
      vertex 37.8633 -32.9295 0
    endloop
  endfacet
  facet normal -0.733047 0.680178 0
    outer loop
      vertex 37.8633 -32.9295 6
      vertex 37.5288 -33.29 0
      vertex 37.5288 -33.29 6
    endloop
  endfacet
  facet normal -0.222632 0.974903 0
    outer loop
      vertex 37.1028 -33.5359 0
      vertex 36.6233 -33.6454 6
      vertex 37.1028 -33.5359 6
    endloop
  endfacet
  facet normal -0.222632 0.974903 0
    outer loop
      vertex 36.6233 -33.6454 6
      vertex 37.1028 -33.5359 0
      vertex 36.6233 -33.6454 0
    endloop
  endfacet
  facet normal 0.0748152 0.997197 -0
    outer loop
      vertex 36.6233 -33.6454 0
      vertex 36.1328 -33.6086 6
      vertex 36.6233 -33.6454 6
    endloop
  endfacet
  facet normal 0.0748152 0.997197 0
    outer loop
      vertex 36.1328 -33.6086 6
      vertex 36.6233 -33.6454 0
      vertex 36.1328 -33.6086 0
    endloop
  endfacet
  facet normal 0.826219 0.563349 0
    outer loop
      vertex 35.2905 -33.1223 6
      vertex 35.0134 -32.7159 0
      vertex 35.0134 -32.7159 6
    endloop
  endfacet
  facet normal 0.826219 0.563349 0
    outer loop
      vertex 35.0134 -32.7159 0
      vertex 35.2905 -33.1223 6
      vertex 35.2905 -33.1223 0
    endloop
  endfacet
  facet normal -0.900996 0.433828 0
    outer loop
      vertex 37.8633 -32.9295 0
      vertex 38.0767 -32.4863 6
      vertex 38.0767 -32.4863 0
    endloop
  endfacet
  facet normal -0.900996 0.433828 0
    outer loop
      vertex 38.0767 -32.4863 6
      vertex 37.8633 -32.9295 0
      vertex 37.8633 -32.9295 6
    endloop
  endfacet
  facet normal -0.499922 0.86607 0
    outer loop
      vertex 37.5288 -33.29 0
      vertex 37.1028 -33.5359 6
      vertex 37.5288 -33.29 6
    endloop
  endfacet
  facet normal -0.499922 0.86607 0
    outer loop
      vertex 37.1028 -33.5359 6
      vertex 37.5288 -33.29 0
      vertex 37.1028 -33.5359 0
    endloop
  endfacet
  facet normal -0.98883 0.149046 0
    outer loop
      vertex 38.0767 -32.4863 0
      vertex 38.15 -32 6
      vertex 38.15 -32 0
    endloop
  endfacet
  facet normal -0.98883 0.149046 0
    outer loop
      vertex 38.15 -32 6
      vertex 38.0767 -32.4863 0
      vertex 38.0767 -32.4863 6
    endloop
  endfacet
  facet normal -0.98883 -0.149046 0
    outer loop
      vertex 38.15 32 0
      vertex 38.0767 32.4863 6
      vertex 38.0767 32.4863 0
    endloop
  endfacet
  facet normal -0.98883 -0.149046 0
    outer loop
      vertex 38.0767 32.4863 6
      vertex 38.15 32 0
      vertex 38.15 32 6
    endloop
  endfacet
  facet normal 1 -0 0
    outer loop
      vertex 34.8684 31.7541 6
      vertex 34.8684 32.2459 0
      vertex 34.8684 32.2459 6
    endloop
  endfacet
  facet normal 1 0 0
    outer loop
      vertex 34.8684 32.2459 0
      vertex 34.8684 31.7541 6
      vertex 34.8684 31.7541 0
    endloop
  endfacet
  facet normal 0.0748152 -0.997197 0
    outer loop
      vertex 36.1328 33.6086 0
      vertex 36.6233 33.6454 6
      vertex 36.1328 33.6086 6
    endloop
  endfacet
  facet normal 0.0748152 -0.997197 0
    outer loop
      vertex 36.6233 33.6454 6
      vertex 36.1328 33.6086 0
      vertex 36.6233 33.6454 0
    endloop
  endfacet
  facet normal -0.733047 -0.680178 0
    outer loop
      vertex 37.8633 32.9295 0
      vertex 37.5288 33.29 6
      vertex 37.5288 33.29 0
    endloop
  endfacet
  facet normal -0.733047 -0.680178 0
    outer loop
      vertex 37.5288 33.29 6
      vertex 37.8633 32.9295 0
      vertex 37.8633 32.9295 6
    endloop
  endfacet
  facet normal -0.900996 -0.433828 0
    outer loop
      vertex 38.0767 32.4863 0
      vertex 37.8633 32.9295 6
      vertex 37.8633 32.9295 0
    endloop
  endfacet
  facet normal -0.900996 -0.433828 0
    outer loop
      vertex 37.8633 32.9295 6
      vertex 38.0767 32.4863 0
      vertex 38.0767 32.4863 6
    endloop
  endfacet
  facet normal 0.826219 -0.563349 0
    outer loop
      vertex 35.0134 32.7159 6
      vertex 35.2905 33.1223 0
      vertex 35.2905 33.1223 6
    endloop
  endfacet
  facet normal 0.826219 -0.563349 0
    outer loop
      vertex 35.2905 33.1223 0
      vertex 35.0134 32.7159 6
      vertex 35.0134 32.7159 0
    endloop
  endfacet
  facet normal 0.955559 -0.2948 0
    outer loop
      vertex 34.8684 32.2459 6
      vertex 35.0134 32.7159 0
      vertex 35.0134 32.7159 6
    endloop
  endfacet
  facet normal 0.955559 -0.2948 0
    outer loop
      vertex 35.0134 32.7159 0
      vertex 34.8684 32.2459 6
      vertex 34.8684 32.2459 0
    endloop
  endfacet
  facet normal 0.365388 -0.930855 0
    outer loop
      vertex 35.675 33.4289 0
      vertex 36.1328 33.6086 6
      vertex 35.675 33.4289 6
    endloop
  endfacet
  facet normal 0.365388 -0.930855 0
    outer loop
      vertex 36.1328 33.6086 6
      vertex 35.675 33.4289 0
      vertex 36.1328 33.6086 0
    endloop
  endfacet
  facet normal 0.365388 0.930855 -0
    outer loop
      vertex 36.1328 30.3914 0
      vertex 35.675 30.5711 6
      vertex 36.1328 30.3914 6
    endloop
  endfacet
  facet normal 0.365388 0.930855 0
    outer loop
      vertex 35.675 30.5711 6
      vertex 36.1328 30.3914 0
      vertex 35.675 30.5711 0
    endloop
  endfacet
  facet normal 0.955559 0.2948 0
    outer loop
      vertex 35.0134 31.2841 6
      vertex 34.8684 31.7541 0
      vertex 34.8684 31.7541 6
    endloop
  endfacet
  facet normal 0.955559 0.2948 0
    outer loop
      vertex 34.8684 31.7541 0
      vertex 35.0134 31.2841 6
      vertex 35.0134 31.2841 0
    endloop
  endfacet
  facet normal -0.222632 -0.974903 0
    outer loop
      vertex 36.6233 33.6454 0
      vertex 37.1028 33.5359 6
      vertex 36.6233 33.6454 6
    endloop
  endfacet
  facet normal -0.222632 -0.974903 -0
    outer loop
      vertex 37.1028 33.5359 6
      vertex 36.6233 33.6454 0
      vertex 37.1028 33.5359 0
    endloop
  endfacet
  facet normal -0.499922 -0.86607 0
    outer loop
      vertex 37.1028 33.5359 0
      vertex 37.5288 33.29 6
      vertex 37.1028 33.5359 6
    endloop
  endfacet
  facet normal -0.499922 -0.86607 -0
    outer loop
      vertex 37.5288 33.29 6
      vertex 37.1028 33.5359 0
      vertex 37.5288 33.29 0
    endloop
  endfacet
  facet normal 0.623454 -0.78186 0
    outer loop
      vertex 35.2905 33.1223 0
      vertex 35.675 33.4289 6
      vertex 35.2905 33.1223 6
    endloop
  endfacet
  facet normal 0.623454 -0.78186 0
    outer loop
      vertex 35.675 33.4289 6
      vertex 35.2905 33.1223 0
      vertex 35.675 33.4289 0
    endloop
  endfacet
  facet normal -0.733047 0.680178 0
    outer loop
      vertex 37.5288 30.71 0
      vertex 37.8633 31.0705 6
      vertex 37.8633 31.0705 0
    endloop
  endfacet
  facet normal -0.733047 0.680178 0
    outer loop
      vertex 37.8633 31.0705 6
      vertex 37.5288 30.71 0
      vertex 37.5288 30.71 6
    endloop
  endfacet
  facet normal -0.222632 0.974903 0
    outer loop
      vertex 37.1028 30.4641 0
      vertex 36.6233 30.3546 6
      vertex 37.1028 30.4641 6
    endloop
  endfacet
  facet normal -0.222632 0.974903 0
    outer loop
      vertex 36.6233 30.3546 6
      vertex 37.1028 30.4641 0
      vertex 36.6233 30.3546 0
    endloop
  endfacet
  facet normal 0.0748152 0.997197 -0
    outer loop
      vertex 36.6233 30.3546 0
      vertex 36.1328 30.3914 6
      vertex 36.6233 30.3546 6
    endloop
  endfacet
  facet normal 0.0748152 0.997197 0
    outer loop
      vertex 36.1328 30.3914 6
      vertex 36.6233 30.3546 0
      vertex 36.1328 30.3914 0
    endloop
  endfacet
  facet normal 0.826219 0.563349 0
    outer loop
      vertex 35.2905 30.8777 6
      vertex 35.0134 31.2841 0
      vertex 35.0134 31.2841 6
    endloop
  endfacet
  facet normal 0.826219 0.563349 0
    outer loop
      vertex 35.0134 31.2841 0
      vertex 35.2905 30.8777 6
      vertex 35.2905 30.8777 0
    endloop
  endfacet
  facet normal -0.900996 0.433828 0
    outer loop
      vertex 37.8633 31.0705 0
      vertex 38.0767 31.5137 6
      vertex 38.0767 31.5137 0
    endloop
  endfacet
  facet normal -0.900996 0.433828 0
    outer loop
      vertex 38.0767 31.5137 6
      vertex 37.8633 31.0705 0
      vertex 37.8633 31.0705 6
    endloop
  endfacet
  facet normal -0.499922 0.86607 0
    outer loop
      vertex 37.5288 30.71 0
      vertex 37.1028 30.4641 6
      vertex 37.5288 30.71 6
    endloop
  endfacet
  facet normal -0.499922 0.86607 0
    outer loop
      vertex 37.1028 30.4641 6
      vertex 37.5288 30.71 0
      vertex 37.1028 30.4641 0
    endloop
  endfacet
  facet normal 0.623454 0.78186 -0
    outer loop
      vertex 35.675 30.5711 0
      vertex 35.2905 30.8777 6
      vertex 35.675 30.5711 6
    endloop
  endfacet
  facet normal 0.623454 0.78186 0
    outer loop
      vertex 35.2905 30.8777 6
      vertex 35.675 30.5711 0
      vertex 35.2905 30.8777 0
    endloop
  endfacet
  facet normal -0.98883 0.149046 0
    outer loop
      vertex 38.0767 31.5137 0
      vertex 38.15 32 6
      vertex 38.15 32 0
    endloop
  endfacet
  facet normal -0.98883 0.149046 0
    outer loop
      vertex 38.15 32 6
      vertex 38.0767 31.5137 0
      vertex 38.0767 31.5137 6
    endloop
  endfacet
  facet normal 1 -0 0
    outer loop
      vertex -22 -36.9984 56
      vertex -22 -34.5981 24
      vertex -22 -34.5981 56
    endloop
  endfacet
  facet normal 1 0 0
    outer loop
      vertex -22 -34.5981 24
      vertex -22 -36.9984 56
      vertex -22 -36.9984 24
    endloop
  endfacet
  facet normal 0 0 -1
    outer loop
      vertex -22 -36.9984 56
      vertex 22 -34.5981 56
      vertex 22 -36.9984 56
    endloop
  endfacet
  facet normal -0 0 -1
    outer loop
      vertex 22 -34.5981 56
      vertex -22 -36.9984 56
      vertex -22 -34.5981 56
    endloop
  endfacet
  facet normal -1 0 0
    outer loop
      vertex 22 -36.9984 24
      vertex 22 -34.5981 56
      vertex 22 -34.5981 24
    endloop
  endfacet
  facet normal -1 -0 0
    outer loop
      vertex 22 -34.5981 56
      vertex 22 -36.9984 24
      vertex 22 -36.9984 56
    endloop
  endfacet
  facet normal -0 0 1
    outer loop
      vertex -22 -34.5981 24
      vertex 22 -36.9984 24
      vertex 22 -34.5981 24
    endloop
  endfacet
  facet normal 0 0 1
    outer loop
      vertex 22 -36.9984 24
      vertex -22 -34.5981 24
      vertex -22 -36.9984 24
    endloop
  endfacet
  facet normal 1 0 0
    outer loop
      vertex -26.1 -23 62
      vertex -26.1 -34.5981 59.6
      vertex -26.1 -23 59.6
    endloop
  endfacet
  facet normal 1 -0 0
    outer loop
      vertex -26.1 -34.6 62
      vertex -26.1 -34.5981 59.6
      vertex -26.1 -23 62
    endloop
  endfacet
  facet normal 1 0 0
    outer loop
      vertex -26.1 -34.6 59.4
      vertex -26.1 -34.5981 59.6
      vertex -26.1 -34.6 62
    endloop
  endfacet
  facet normal 1 0 0
    outer loop
      vertex -26.1 -34.5981 59.6
      vertex -26.1 -34.6 59.4
      vertex -26.1 -34.5981 59.4
    endloop
  endfacet
  facet normal -1 0 0
    outer loop
      vertex 26.1 -34.5981 59.4
      vertex 26.1 -34.6 59.4
      vertex 26.1 -34.5981 59.6
    endloop
  endfacet
  facet normal -1 0 0
    outer loop
      vertex 26.1 -34.5981 59.6
      vertex 26.1 -23 62
      vertex 26.1 -23 59.6
    endloop
  endfacet
  facet normal -1 0 0
    outer loop
      vertex 26.1 -34.5981 59.6
      vertex 26.1 -34.6 62
      vertex 26.1 -23 62
    endloop
  endfacet
  facet normal -1 0 0
    outer loop
      vertex 26.1 -34.6 62
      vertex 26.1 -34.5981 59.6
      vertex 26.1 -34.6 59.4
    endloop
  endfacet
  facet normal -0 0 1
    outer loop
      vertex -26.1 -34.5981 59.4
      vertex 26.1 -34.6 59.4
      vertex 26.1 -34.5981 59.4
    endloop
  endfacet
  facet normal 0 0 1
    outer loop
      vertex 26.1 -34.6 59.4
      vertex -26.1 -34.5981 59.4
      vertex -26.1 -34.6 59.4
    endloop
  endfacet
  facet normal 0 1 -0
    outer loop
      vertex 26.1 -34.6 59.4
      vertex -26.1 -34.6 62
      vertex 26.1 -34.6 62
    endloop
  endfacet
  facet normal 0 1 0
    outer loop
      vertex -26.1 -34.6 62
      vertex 26.1 -34.6 59.4
      vertex -26.1 -34.6 59.4
    endloop
  endfacet
  facet normal 1 -0 0
    outer loop
      vertex -6 -4 62
      vertex -6 4 59.6
      vertex -6 4 62
    endloop
  endfacet
  facet normal 1 0 0
    outer loop
      vertex -6 4 59.6
      vertex -6 -4 62
      vertex -6 -4 59.6
    endloop
  endfacet
  facet normal -1 0 0
    outer loop
      vertex 6 -4 59.6
      vertex 6 4 62
      vertex 6 4 59.6
    endloop
  endfacet
  facet normal -1 -0 0
    outer loop
      vertex 6 4 62
      vertex 6 -4 59.6
      vertex 6 -4 62
    endloop
  endfacet
  facet normal 0 -1 0
    outer loop
      vertex -6 4 59.6
      vertex 6 4 62
      vertex -6 4 62
    endloop
  endfacet
  facet normal 0 -1 -0
    outer loop
      vertex 6 4 62
      vertex -6 4 59.6
      vertex 6 4 59.6
    endloop
  endfacet
  facet normal 0 1 -0
    outer loop
      vertex 6 -4 59.6
      vertex -6 -4 62
      vertex 6 -4 62
    endloop
  endfacet
  facet normal 0 1 0
    outer loop
      vertex -6 -4 62
      vertex 6 -4 59.6
      vertex -6 -4 59.6
    endloop
  endfacet
  facet normal 1 -0 0
    outer loop
      vertex -6 -23 15.6
      vertex -6 -21 2.4
      vertex -6 -21 15.6
    endloop
  endfacet
  facet normal 1 0 0
    outer loop
      vertex -6 -21 2.4
      vertex -6 -23 15.6
      vertex -6 -23 2.4
    endloop
  endfacet
  facet normal 0 0 -1
    outer loop
      vertex -6 -23 15.6
      vertex 6 -21 15.6
      vertex 6 -23 15.6
    endloop
  endfacet
  facet normal -0 0 -1
    outer loop
      vertex 6 -21 15.6
      vertex -6 -23 15.6
      vertex -6 -21 15.6
    endloop
  endfacet
  facet normal -1 0 0
    outer loop
      vertex 6 -23 2.4
      vertex 6 -21 15.6
      vertex 6 -21 2.4
    endloop
  endfacet
  facet normal -1 -0 0
    outer loop
      vertex 6 -21 15.6
      vertex 6 -23 2.4
      vertex 6 -23 15.6
    endloop
  endfacet
  facet normal -0 0 1
    outer loop
      vertex -6 -21 2.4
      vertex 6 -23 2.4
      vertex 6 -21 2.4
    endloop
  endfacet
  facet normal 0 0 1
    outer loop
      vertex 6 -23 2.4
      vertex -6 -21 2.4
      vertex -6 -23 2.4
    endloop
  endfacet
endsolid OpenSCAD_Model
