solid OpenSCAD_Model
  facet normal 0.998757 0.0498537 0
    outer loop
      vertex 5 0 2
      vertex 4.97515 0.497839 0
      vertex 4.97515 0.497839 2
    endloop
  endfacet
  facet normal 0.998757 0.0498537 0
    outer loop
      vertex 4.97515 0.497839 0
      vertex 5 0 2
      vertex 5 0 0
    endloop
  endfacet
  facet normal -1 0 0
    outer loop
      vertex -4.99378 -0.249228 0
      vertex -4.99378 0.249228 2
      vertex -4.99378 0.249228 0
    endloop
  endfacet
  facet normal -1 -0 0
    outer loop
      vertex -4.99378 0.249228 2
      vertex -4.99378 -0.249228 0
      vertex -4.99378 -0.249228 2
    endloop
  endfacet
  facet normal -0.0747303 0.997204 0
    outer loop
      vertex -0.124653 4.99845 0
      vertex -0.621718 4.9612 2
      vertex -0.124653 4.99845 2
    endloop
  endfacet
  facet normal -0.0747303 0.997204 0
    outer loop
      vertex -0.621718 4.9612 2
      vertex -0.124653 4.99845 0
      vertex -0.621718 4.9612 0
    endloop
  endfacet
  facet normal 0.661699 0.74977 -0
    outer loop
      vertex 3.49118 3.57933 0
      vertex 3.11745 3.90916 2
      vertex 3.49118 3.57933 2
    endloop
  endfacet
  facet normal 0.661699 0.74977 0
    outer loop
      vertex 3.11745 3.90916 2
      vertex 3.49118 3.57933 0
      vertex 3.11745 3.90916 0
    endloop
  endfacet
  facet normal -0.766046 0.642785 0
    outer loop
      vertex -3.98566 3.01902 0
      vertex -3.66526 3.40086 2
      vertex -3.66526 3.40086 0
    endloop
  endfacet
  facet normal -0.766046 0.642785 0
    outer loop
      vertex -3.66526 3.40086 2
      vertex -3.98566 3.01902 0
      vertex -3.98566 3.01902 2
    endloop
  endfacet
  facet normal -0.456203 0.889876 0
    outer loop
      vertex -2.05643 4.55753 0
      vertex -2.5 4.33013 2
      vertex -2.05643 4.55753 2
    endloop
  endfacet
  facet normal -0.456203 0.889876 0
    outer loop
      vertex -2.5 4.33013 2
      vertex -2.05643 4.55753 0
      vertex -2.5 4.33013 0
    endloop
  endfacet
  facet normal 0.900973 0.433875 0
    outer loop
      vertex 4.60738 1.94217 2
      vertex 4.39111 2.39127 0
      vertex 4.39111 2.39127 2
    endloop
  endfacet
  facet normal 0.900973 0.433875 0
    outer loop
      vertex 4.39111 2.39127 0
      vertex 4.60738 1.94217 2
      vertex 4.60738 1.94217 0
    endloop
  endfacet
  facet normal 0.318484 0.947928 -0
    outer loop
      vertex 1.8267 4.65437 0
      vertex 1.3542 4.81312 2
      vertex 1.8267 4.65437 2
    endloop
  endfacet
  facet normal 0.318484 0.947928 0
    outer loop
      vertex 1.3542 4.81312 2
      vertex 1.8267 4.65437 0
      vertex 1.3542 4.81312 0
    endloop
  endfacet
  facet normal -0.921476 0.388435 0
    outer loop
      vertex -4.69846 1.7101 0
      vertex -4.50484 2.16942 2
      vertex -4.50484 2.16942 0
    endloop
  endfacet
  facet normal -0.921476 0.388435 0
    outer loop
      vertex -4.50484 2.16942 2
      vertex -4.69846 1.7101 0
      vertex -4.69846 1.7101 2
    endloop
  endfacet
  facet normal -0.878223 0.478252 0
    outer loop
      vertex -4.50484 2.16942 0
      vertex -4.26645 2.60718 2
      vertex -4.26645 2.60718 0
    endloop
  endfacet
  facet normal -0.878223 0.478252 0
    outer loop
      vertex -4.26645 2.60718 2
      vertex -4.50484 2.16942 0
      vertex -4.50484 2.16942 2
    endloop
  endfacet
  facet normal 0.969077 0.246758 0
    outer loop
      vertex 4.90086 0.99073 2
      vertex 4.77786 1.47378 0
      vertex 4.77786 1.47378 2
    endloop
  endfacet
  facet normal 0.969077 0.246758 0
    outer loop
      vertex 4.77786 1.47378 0
      vertex 4.90086 0.99073 2
      vertex 4.90086 0.99073 0
    endloop
  endfacet
  facet normal 0.988831 0.14904 0
    outer loop
      vertex 4.97515 0.497839 2
      vertex 4.90086 0.99073 0
      vertex 4.90086 0.99073 2
    endloop
  endfacet
  facet normal 0.988831 0.14904 0
    outer loop
      vertex 4.90086 0.99073 0
      vertex 4.97515 0.497839 2
      vertex 4.97515 0.497839 0
    endloop
  endfacet
  facet normal 0.939693 0.34202 0
    outer loop
      vertex 4.77786 1.47378 2
      vertex 4.60738 1.94217 0
      vertex 4.60738 1.94217 2
    endloop
  endfacet
  facet normal 0.939693 0.34202 0
    outer loop
      vertex 4.60738 1.94217 0
      vertex 4.77786 1.47378 2
      vertex 4.77786 1.47378 0
    endloop
  endfacet
  facet normal 0.797136 0.6038 0
    outer loop
      vertex 4.13119 2.8166 2
      vertex 3.83022 3.21394 0
      vertex 3.83022 3.21394 2
    endloop
  endfacet
  facet normal 0.797136 0.6038 0
    outer loop
      vertex 3.83022 3.21394 0
      vertex 4.13119 2.8166 2
      vertex 4.13119 2.8166 0
    endloop
  endfacet
  facet normal 0.733044 0.680181 0
    outer loop
      vertex 3.83022 3.21394 2
      vertex 3.49118 3.57933 0
      vertex 3.49118 3.57933 2
    endloop
  endfacet
  facet normal 0.733044 0.680181 0
    outer loop
      vertex 3.49118 3.57933 0
      vertex 3.83022 3.21394 2
      vertex 3.83022 3.21394 0
    endloop
  endfacet
  facet normal 0.124343 0.992239 -0
    outer loop
      vertex 0.86824 4.92404 0
      vertex 0.37365 4.98602 2
      vertex 0.86824 4.92404 2
    endloop
  endfacet
  facet normal 0.124343 0.992239 0
    outer loop
      vertex 0.37365 4.98602 2
      vertex 0.86824 4.92404 0
      vertex 0.37365 4.98602 0
    endloop
  endfacet
  facet normal 0.583739 0.811942 -0
    outer loop
      vertex 3.11745 3.90916 0
      vertex 2.71273 4.20013 2
      vertex 3.11745 3.90916 2
    endloop
  endfacet
  facet normal 0.583739 0.811942 0
    outer loop
      vertex 2.71273 4.20013 2
      vertex 3.11745 3.90916 0
      vertex 2.71273 4.20013 0
    endloop
  endfacet
  facet normal 0.499999 0.866026 -0
    outer loop
      vertex 2.71273 4.20013 0
      vertex 2.28105 4.44936 2
      vertex 2.71273 4.20013 2
    endloop
  endfacet
  facet normal 0.499999 0.866026 0
    outer loop
      vertex 2.28105 4.44936 2
      vertex 2.71273 4.20013 0
      vertex 2.28105 4.44936 0
    endloop
  endfacet
  facet normal -0.980176 0.19813 0
    outer loop
      vertex -4.94415 0.745211 0
      vertex -4.84539 1.23379 2
      vertex -4.84539 1.23379 0
    endloop
  endfacet
  facet normal -0.980176 0.19813 0
    outer loop
      vertex -4.84539 1.23379 2
      vertex -4.94415 0.745211 0
      vertex -4.94415 0.745211 2
    endloop
  endfacet
  facet normal -0.623486 0.781835 0
    outer loop
      vertex -2.91872 4.05969 0
      vertex -3.30843 3.74891 2
      vertex -2.91872 4.05969 2
    endloop
  endfacet
  facet normal -0.623486 0.781835 0
    outer loop
      vertex -3.30843 3.74891 2
      vertex -2.91872 4.05969 0
      vertex -3.30843 3.74891 0
    endloop
  endfacet
  facet normal -0.173656 0.984806 0
    outer loop
      vertex -0.621718 4.9612 0
      vertex -1.1126 4.87464 2
      vertex -0.621718 4.9612 2
    endloop
  endfacet
  facet normal -0.173656 0.984806 0
    outer loop
      vertex -1.1126 4.87464 2
      vertex -0.621718 4.9612 0
      vertex -1.1126 4.87464 0
    endloop
  endfacet
  facet normal -0.270834 0.962626 0
    outer loop
      vertex -1.1126 4.87464 0
      vertex -1.59243 4.73964 2
      vertex -1.1126 4.87464 2
    endloop
  endfacet
  facet normal -0.270834 0.962626 0
    outer loop
      vertex -1.59243 4.73964 2
      vertex -1.1126 4.87464 0
      vertex -1.59243 4.73964 0
    endloop
  endfacet
  facet normal 0.998757 -0.0498537 0
    outer loop
      vertex 4.97515 -0.497839 2
      vertex 5 0 0
      vertex 5 0 2
    endloop
  endfacet
  facet normal 0.998757 -0.0498537 0
    outer loop
      vertex 5 0 0
      vertex 4.97515 -0.497839 2
      vertex 4.97515 -0.497839 0
    endloop
  endfacet
  facet normal -0.0747303 -0.997204 0
    outer loop
      vertex -0.621718 -4.9612 0
      vertex -0.124653 -4.99845 2
      vertex -0.621718 -4.9612 2
    endloop
  endfacet
  facet normal -0.0747303 -0.997204 -0
    outer loop
      vertex -0.124653 -4.99845 2
      vertex -0.621718 -4.9612 0
      vertex -0.124653 -4.99845 0
    endloop
  endfacet
  facet normal -0.921476 -0.388435 0
    outer loop
      vertex -4.50484 -2.16942 0
      vertex -4.69846 -1.7101 2
      vertex -4.69846 -1.7101 0
    endloop
  endfacet
  facet normal -0.921476 -0.388435 0
    outer loop
      vertex -4.69846 -1.7101 2
      vertex -4.50484 -2.16942 0
      vertex -4.50484 -2.16942 2
    endloop
  endfacet
  facet normal 0.411286 -0.911506 0
    outer loop
      vertex 1.8267 -4.65437 0
      vertex 2.28105 -4.44936 2
      vertex 1.8267 -4.65437 2
    endloop
  endfacet
  facet normal 0.411286 -0.911506 0
    outer loop
      vertex 2.28105 -4.44936 2
      vertex 1.8267 -4.65437 0
      vertex 2.28105 -4.44936 0
    endloop
  endfacet
  facet normal 0.853285 0.521444 0
    outer loop
      vertex 4.39111 2.39127 2
      vertex 4.13119 2.8166 0
      vertex 4.13119 2.8166 2
    endloop
  endfacet
  facet normal 0.853285 0.521444 0
    outer loop
      vertex 4.13119 2.8166 0
      vertex 4.39111 2.39127 2
      vertex 4.39111 2.39127 0
    endloop
  endfacet
  facet normal 0.0249369 0.999689 -0
    outer loop
      vertex 0.37365 4.98602 0
      vertex -0.124653 4.99845 2
      vertex 0.37365 4.98602 2
    endloop
  endfacet
  facet normal 0.0249369 0.999689 0
    outer loop
      vertex -0.124653 4.99845 2
      vertex 0.37365 4.98602 0
      vertex -0.124653 4.99845 0
    endloop
  endfacet
  facet normal 0.222526 0.974927 -0
    outer loop
      vertex 1.3542 4.81312 0
      vertex 0.86824 4.92404 2
      vertex 1.3542 4.81312 2
    endloop
  endfacet
  facet normal 0.222526 0.974927 0
    outer loop
      vertex 0.86824 4.92404 2
      vertex 1.3542 4.81312 0
      vertex 0.86824 4.92404 0
    endloop
  endfacet
  facet normal 0.411286 0.911506 -0
    outer loop
      vertex 2.28105 4.44936 0
      vertex 1.8267 4.65437 2
      vertex 2.28105 4.44936 2
    endloop
  endfacet
  facet normal 0.411286 0.911506 0
    outer loop
      vertex 1.8267 4.65437 2
      vertex 2.28105 4.44936 0
      vertex 1.8267 4.65437 0
    endloop
  endfacet
  facet normal -0.826237 0.563323 0
    outer loop
      vertex -4.26645 2.60718 0
      vertex -3.98566 3.01902 2
      vertex -3.98566 3.01902 0
    endloop
  endfacet
  facet normal -0.826237 0.563323 0
    outer loop
      vertex -3.98566 3.01902 2
      vertex -4.26645 2.60718 0
      vertex -4.26645 2.60718 2
    endloop
  endfacet
  facet normal 0 0 1
    outer loop
      vertex 1.95 0 2
      vertex 5 0 2
      vertex 4.97515 0.497839 2
    endloop
  endfacet
  facet normal 0 0 1
    outer loop
      vertex 1.88874 0.484944 2
      vertex 4.97515 0.497839 2
      vertex 4.90086 0.99073 2
    endloop
  endfacet
  facet normal 0 0 1
    outer loop
      vertex 5 0 2
      vertex 1.95 0 2
      vertex 4.97515 -0.497839 2
    endloop
  endfacet
  facet normal 0 0 1
    outer loop
      vertex 1.88874 0.484944 2
      vertex 4.90086 0.99073 2
      vertex 4.77786 1.47378 2
    endloop
  endfacet
  facet normal -0 0 1
    outer loop
      vertex 1.88874 -0.484944 2
      vertex 4.97515 -0.497839 2
      vertex 1.95 0 2
    endloop
  endfacet
  facet normal 0 0 1
    outer loop
      vertex 1.88874 0.484944 2
      vertex 4.77786 1.47378 2
      vertex 4.60738 1.94217 2
    endloop
  endfacet
  facet normal 0 0 1
    outer loop
      vertex 4.97515 -0.497839 2
      vertex 1.88874 -0.484944 2
      vertex 4.90086 -0.99073 2
    endloop
  endfacet
  facet normal 0 0 1
    outer loop
      vertex 1.7088 0.939419 2
      vertex 4.60738 1.94217 2
      vertex 4.39111 2.39127 2
    endloop
  endfacet
  facet normal 0 0 1
    outer loop
      vertex 4.90086 -0.99073 2
      vertex 1.88874 -0.484944 2
      vertex 4.77786 -1.47378 2
    endloop
  endfacet
  facet normal 0 0 1
    outer loop
      vertex 1.7088 0.939419 2
      vertex 4.39111 2.39127 2
      vertex 4.13119 2.8166 2
    endloop
  endfacet
  facet normal 0 0 1
    outer loop
      vertex 4.77786 -1.47378 2
      vertex 1.88874 -0.484944 2
      vertex 4.60738 -1.94217 2
    endloop
  endfacet
  facet normal 0 0 1
    outer loop
      vertex 1.42149 1.33487 2
      vertex 4.13119 2.8166 2
      vertex 3.83022 3.21394 2
    endloop
  endfacet
  facet normal -0 0 1
    outer loop
      vertex 1.7088 -0.939419 2
      vertex 4.60738 -1.94217 2
      vertex 1.88874 -0.484944 2
    endloop
  endfacet
  facet normal 0 0 1
    outer loop
      vertex 1.42149 1.33487 2
      vertex 3.83022 3.21394 2
      vertex 3.49118 3.57933 2
    endloop
  endfacet
  facet normal 0 0 1
    outer loop
      vertex 4.60738 -1.94217 2
      vertex 1.7088 -0.939419 2
      vertex 4.39111 -2.39127 2
    endloop
  endfacet
  facet normal 0 0 1
    outer loop
      vertex 1.42149 1.33487 2
      vertex 3.49118 3.57933 2
      vertex 3.11745 3.90916 2
    endloop
  endfacet
  facet normal 0 0 1
    outer loop
      vertex 4.39111 -2.39127 2
      vertex 1.7088 -0.939419 2
      vertex 4.13119 -2.8166 2
    endloop
  endfacet
  facet normal 0 0 1
    outer loop
      vertex 1.04486 1.64644 2
      vertex 3.11745 3.90916 2
      vertex 2.71273 4.20013 2
    endloop
  endfacet
  facet normal -0 0 1
    outer loop
      vertex 1.42149 -1.33487 2
      vertex 4.13119 -2.8166 2
      vertex 1.7088 -0.939419 2
    endloop
  endfacet
  facet normal 0 0 1
    outer loop
      vertex 1.04486 1.64644 2
      vertex 2.71273 4.20013 2
      vertex 2.28105 4.44936 2
    endloop
  endfacet
  facet normal 0 0 1
    outer loop
      vertex 4.13119 -2.8166 2
      vertex 1.42149 -1.33487 2
      vertex 3.83022 -3.21394 2
    endloop
  endfacet
  facet normal 0 0 1
    outer loop
      vertex 3.83022 -3.21394 2
      vertex 1.42149 -1.33487 2
      vertex 3.49118 -3.57933 2
    endloop
  endfacet
  facet normal 0 0 1
    outer loop
      vertex 4.97515 0.497839 2
      vertex 1.88874 0.484944 2
      vertex 1.95 0 2
    endloop
  endfacet
  facet normal 0 0 1
    outer loop
      vertex 0.602583 1.85456 2
      vertex 2.28105 4.44936 2
      vertex 1.8267 4.65437 2
    endloop
  endfacet
  facet normal 0 0 1
    outer loop
      vertex 4.60738 1.94217 2
      vertex 1.7088 0.939419 2
      vertex 1.88874 0.484944 2
    endloop
  endfacet
  facet normal 0 0 1
    outer loop
      vertex 4.13119 2.8166 2
      vertex 1.42149 1.33487 2
      vertex 1.7088 0.939419 2
    endloop
  endfacet
  facet normal 0 0 1
    outer loop
      vertex 0.602583 1.85456 2
      vertex 1.8267 4.65437 2
      vertex 1.3542 4.81312 2
    endloop
  endfacet
  facet normal 0 0 1
    outer loop
      vertex 3.11745 3.90916 2
      vertex 1.04486 1.64644 2
      vertex 1.42149 1.33487 2
    endloop
  endfacet
  facet normal 0 0 1
    outer loop
      vertex 0.602583 1.85456 2
      vertex 1.3542 4.81312 2
      vertex 0.86824 4.92404 2
    endloop
  endfacet
  facet normal 0 0 1
    outer loop
      vertex 2.28105 4.44936 2
      vertex 0.602583 1.85456 2
      vertex 1.04486 1.64644 2
    endloop
  endfacet
  facet normal 0 0 1
    outer loop
      vertex 0.122441 1.94615 2
      vertex 0.86824 4.92404 2
      vertex 0.37365 4.98602 2
    endloop
  endfacet
  facet normal 0 0 1
    outer loop
      vertex 0.86824 4.92404 2
      vertex 0.122441 1.94615 2
      vertex 0.602583 1.85456 2
    endloop
  endfacet
  facet normal 0 0 1
    outer loop
      vertex -0.124653 4.99845 2
      vertex 0.122441 1.94615 2
      vertex 0.37365 4.98602 2
    endloop
  endfacet
  facet normal 0 0 1
    outer loop
      vertex -0.124653 4.99845 2
      vertex -0.365393 1.91546 2
      vertex 0.122441 1.94615 2
    endloop
  endfacet
  facet normal -0 0 1
    outer loop
      vertex -0.621718 4.9612 2
      vertex -0.365393 1.91546 2
      vertex -0.124653 4.99845 2
    endloop
  endfacet
  facet normal -0 0 1
    outer loop
      vertex -1.1126 4.87464 2
      vertex -0.365393 1.91546 2
      vertex -0.621718 4.9612 2
    endloop
  endfacet
  facet normal -0 0 1
    outer loop
      vertex -1.59243 4.73964 2
      vertex -0.365393 1.91546 2
      vertex -1.1126 4.87464 2
    endloop
  endfacet
  facet normal 0 0 1
    outer loop
      vertex -0.365393 1.91546 2
      vertex -1.59243 4.73964 2
      vertex -0.830269 1.76441 2
    endloop
  endfacet
  facet normal -0 0 1
    outer loop
      vertex -2.05643 4.55753 2
      vertex -0.830269 1.76441 2
      vertex -1.59243 4.73964 2
    endloop
  endfacet
  facet normal -0 0 1
    outer loop
      vertex -2.5 4.33013 2
      vertex -0.830269 1.76441 2
      vertex -2.05643 4.55753 2
    endloop
  endfacet
  facet normal 0 0 1
    outer loop
      vertex -0.830269 1.76441 2
      vertex -2.5 4.33013 2
      vertex -1.24298 1.5025 2
    endloop
  endfacet
  facet normal -0 0 1
    outer loop
      vertex -2.91872 4.05969 2
      vertex -1.24298 1.5025 2
      vertex -2.5 4.33013 2
    endloop
  endfacet
  facet normal -0 0 1
    outer loop
      vertex -3.66526 3.40086 2
      vertex -1.24298 1.5025 2
      vertex -3.30843 3.74891 2
    endloop
  endfacet
  facet normal -0 0 1
    outer loop
      vertex -3.30843 3.74891 2
      vertex -1.24298 1.5025 2
      vertex -2.91872 4.05969 2
    endloop
  endfacet
  facet normal 0 0 1
    outer loop
      vertex 3.49118 -3.57933 2
      vertex 1.42149 -1.33487 2
      vertex 3.11745 -3.90916 2
    endloop
  endfacet
  facet normal -0 0 1
    outer loop
      vertex 1.04486 -1.64644 2
      vertex 3.11745 -3.90916 2
      vertex 1.42149 -1.33487 2
    endloop
  endfacet
  facet normal 0 0 1
    outer loop
      vertex 3.11745 -3.90916 2
      vertex 1.04486 -1.64644 2
      vertex 2.71273 -4.20013 2
    endloop
  endfacet
  facet normal 0 0 1
    outer loop
      vertex 2.71273 -4.20013 2
      vertex 1.04486 -1.64644 2
      vertex 2.28105 -4.44936 2
    endloop
  endfacet
  facet normal -0 0 1
    outer loop
      vertex 0.602583 -1.85456 2
      vertex 2.28105 -4.44936 2
      vertex 1.04486 -1.64644 2
    endloop
  endfacet
  facet normal 0 0 1
    outer loop
      vertex 2.28105 -4.44936 2
      vertex 0.602583 -1.85456 2
      vertex 1.8267 -4.65437 2
    endloop
  endfacet
  facet normal 0 0 1
    outer loop
      vertex 1.8267 -4.65437 2
      vertex 0.602583 -1.85456 2
      vertex 1.3542 -4.81312 2
    endloop
  endfacet
  facet normal 0 0 1
    outer loop
      vertex 1.3542 -4.81312 2
      vertex 0.602583 -1.85456 2
      vertex 0.86824 -4.92404 2
    endloop
  endfacet
  facet normal -0 0 1
    outer loop
      vertex 0.122441 -1.94615 2
      vertex 0.86824 -4.92404 2
      vertex 0.602583 -1.85456 2
    endloop
  endfacet
  facet normal 0 0 1
    outer loop
      vertex 0.86824 -4.92404 2
      vertex 0.122441 -1.94615 2
      vertex 0.37365 -4.98602 2
    endloop
  endfacet
  facet normal 0 0 1
    outer loop
      vertex 0.122441 -1.94615 2
      vertex -0.124653 -4.99845 2
      vertex 0.37365 -4.98602 2
    endloop
  endfacet
  facet normal 0 0 1
    outer loop
      vertex -0.365393 -1.91546 2
      vertex -0.124653 -4.99845 2
      vertex 0.122441 -1.94615 2
    endloop
  endfacet
  facet normal 0 0 1
    outer loop
      vertex -0.365393 -1.91546 2
      vertex -0.621718 -4.9612 2
      vertex -0.124653 -4.99845 2
    endloop
  endfacet
  facet normal 0 0 1
    outer loop
      vertex -1.59243 -4.73964 2
      vertex -0.365393 -1.91546 2
      vertex -0.830269 -1.76441 2
    endloop
  endfacet
  facet normal 0 0 1
    outer loop
      vertex -0.365393 -1.91546 2
      vertex -1.1126 -4.87464 2
      vertex -0.621718 -4.9612 2
    endloop
  endfacet
  facet normal 0 0 1
    outer loop
      vertex -2.5 -4.33013 2
      vertex -0.830269 -1.76441 2
      vertex -1.24298 -1.5025 2
    endloop
  endfacet
  facet normal 0 0 1
    outer loop
      vertex -3.66526 -3.40086 2
      vertex -1.24298 -1.5025 2
      vertex -1.57758 -1.14618 2
    endloop
  endfacet
  facet normal 0 0 1
    outer loop
      vertex -0.365393 -1.91546 2
      vertex -1.59243 -4.73964 2
      vertex -1.1126 -4.87464 2
    endloop
  endfacet
  facet normal 0 0 1
    outer loop
      vertex -4.26645 -2.60718 2
      vertex -1.57758 -1.14618 2
      vertex -1.81306 -0.717842 2
    endloop
  endfacet
  facet normal 0 0 1
    outer loop
      vertex -4.84539 -1.23379 2
      vertex -1.81306 -0.717842 2
      vertex -1.93462 -0.244399 2
    endloop
  endfacet
  facet normal 0 0 1
    outer loop
      vertex -0.830269 -1.76441 2
      vertex -2.05643 -4.55753 2
      vertex -1.59243 -4.73964 2
    endloop
  endfacet
  facet normal 0 0 1
    outer loop
      vertex -1.24298 1.5025 2
      vertex -3.66526 3.40086 2
      vertex -1.57758 1.14618 2
    endloop
  endfacet
  facet normal -0 0 1
    outer loop
      vertex -3.98566 3.01902 2
      vertex -1.57758 1.14618 2
      vertex -3.66526 3.40086 2
    endloop
  endfacet
  facet normal 0 0 1
    outer loop
      vertex -0.830269 -1.76441 2
      vertex -2.5 -4.33013 2
      vertex -2.05643 -4.55753 2
    endloop
  endfacet
  facet normal -0 0 1
    outer loop
      vertex -4.26645 2.60718 2
      vertex -1.57758 1.14618 2
      vertex -3.98566 3.01902 2
    endloop
  endfacet
  facet normal 0 0 1
    outer loop
      vertex -1.24298 -1.5025 2
      vertex -2.91872 -4.05969 2
      vertex -2.5 -4.33013 2
    endloop
  endfacet
  facet normal 0 0 1
    outer loop
      vertex -1.57758 1.14618 2
      vertex -4.26645 2.60718 2
      vertex -1.81306 0.717842 2
    endloop
  endfacet
  facet normal 0 0 1
    outer loop
      vertex -1.24298 -1.5025 2
      vertex -3.30843 -3.74891 2
      vertex -2.91872 -4.05969 2
    endloop
  endfacet
  facet normal -0 0 1
    outer loop
      vertex -4.50484 2.16942 2
      vertex -1.81306 0.717842 2
      vertex -4.26645 2.60718 2
    endloop
  endfacet
  facet normal 0 0 1
    outer loop
      vertex -1.24298 -1.5025 2
      vertex -3.66526 -3.40086 2
      vertex -3.30843 -3.74891 2
    endloop
  endfacet
  facet normal -0 0 1
    outer loop
      vertex -4.69846 1.7101 2
      vertex -1.81306 0.717842 2
      vertex -4.50484 2.16942 2
    endloop
  endfacet
  facet normal 0 0 1
    outer loop
      vertex -1.57758 -1.14618 2
      vertex -3.98566 -3.01902 2
      vertex -3.66526 -3.40086 2
    endloop
  endfacet
  facet normal -0 0 1
    outer loop
      vertex -4.84539 1.23379 2
      vertex -1.81306 0.717842 2
      vertex -4.69846 1.7101 2
    endloop
  endfacet
  facet normal 0 0 1
    outer loop
      vertex -1.57758 -1.14618 2
      vertex -4.26645 -2.60718 2
      vertex -3.98566 -3.01902 2
    endloop
  endfacet
  facet normal 0 0 1
    outer loop
      vertex -1.81306 0.717842 2
      vertex -4.84539 1.23379 2
      vertex -1.93462 0.244399 2
    endloop
  endfacet
  facet normal 0 0 1
    outer loop
      vertex -1.81306 -0.717842 2
      vertex -4.50484 -2.16942 2
      vertex -4.26645 -2.60718 2
    endloop
  endfacet
  facet normal -0 0 1
    outer loop
      vertex -4.94415 0.745211 2
      vertex -1.93462 0.244399 2
      vertex -4.84539 1.23379 2
    endloop
  endfacet
  facet normal 0 0 1
    outer loop
      vertex -1.81306 -0.717842 2
      vertex -4.69846 -1.7101 2
      vertex -4.50484 -2.16942 2
    endloop
  endfacet
  facet normal -0 0 1
    outer loop
      vertex -4.99378 0.249228 2
      vertex -1.93462 0.244399 2
      vertex -4.94415 0.745211 2
    endloop
  endfacet
  facet normal 0 0 1
    outer loop
      vertex -1.81306 -0.717842 2
      vertex -4.84539 -1.23379 2
      vertex -4.69846 -1.7101 2
    endloop
  endfacet
  facet normal 0 0 1
    outer loop
      vertex -1.93462 0.244399 2
      vertex -4.99378 0.249228 2
      vertex -1.93462 -0.244399 2
    endloop
  endfacet
  facet normal 0 0 1
    outer loop
      vertex -1.93462 -0.244399 2
      vertex -4.94415 -0.745211 2
      vertex -4.84539 -1.23379 2
    endloop
  endfacet
  facet normal 0 0 1
    outer loop
      vertex -4.99378 -0.249228 2
      vertex -1.93462 -0.244399 2
      vertex -4.99378 0.249228 2
    endloop
  endfacet
  facet normal 0 0 1
    outer loop
      vertex -1.93462 -0.244399 2
      vertex -4.99378 -0.249228 2
      vertex -4.94415 -0.745211 2
    endloop
  endfacet
  facet normal -0.995031 0.0995667 0
    outer loop
      vertex -4.99378 0.249228 0
      vertex -4.94415 0.745211 2
      vertex -4.94415 0.745211 0
    endloop
  endfacet
  facet normal -0.995031 0.0995667 0
    outer loop
      vertex -4.94415 0.745211 2
      vertex -4.99378 0.249228 0
      vertex -4.99378 0.249228 2
    endloop
  endfacet
  facet normal -0.955568 0.29477 0
    outer loop
      vertex -4.84539 1.23379 0
      vertex -4.69846 1.7101 2
      vertex -4.69846 1.7101 0
    endloop
  endfacet
  facet normal -0.955568 0.29477 0
    outer loop
      vertex -4.69846 1.7101 2
      vertex -4.84539 1.23379 0
      vertex -4.84539 1.23379 2
    endloop
  endfacet
  facet normal -0.698245 0.715859 0
    outer loop
      vertex -3.30843 3.74891 0
      vertex -3.66526 3.40086 2
      vertex -3.30843 3.74891 2
    endloop
  endfacet
  facet normal -0.698245 0.715859 0
    outer loop
      vertex -3.66526 3.40086 2
      vertex -3.30843 3.74891 0
      vertex -3.66526 3.40086 0
    endloop
  endfacet
  facet normal -0.542549 0.840024 0
    outer loop
      vertex -2.5 4.33013 0
      vertex -2.91872 4.05969 2
      vertex -2.5 4.33013 2
    endloop
  endfacet
  facet normal -0.542549 0.840024 0
    outer loop
      vertex -2.91872 4.05969 2
      vertex -2.5 4.33013 0
      vertex -2.91872 4.05969 0
    endloop
  endfacet
  facet normal -0.365347 0.930871 0
    outer loop
      vertex -1.59243 4.73964 0
      vertex -2.05643 4.55753 2
      vertex -1.59243 4.73964 2
    endloop
  endfacet
  facet normal -0.365347 0.930871 0
    outer loop
      vertex -2.05643 4.55753 2
      vertex -1.59243 4.73964 0
      vertex -2.05643 4.55753 0
    endloop
  endfacet
  facet normal 0.939693 -0.34202 0
    outer loop
      vertex 4.60738 -1.94217 2
      vertex 4.77786 -1.47378 0
      vertex 4.77786 -1.47378 2
    endloop
  endfacet
  facet normal 0.939693 -0.34202 0
    outer loop
      vertex 4.77786 -1.47378 0
      vertex 4.60738 -1.94217 2
      vertex 4.60738 -1.94217 0
    endloop
  endfacet
  facet normal 0.969077 -0.246758 0
    outer loop
      vertex 4.77786 -1.47378 2
      vertex 4.90086 -0.99073 0
      vertex 4.90086 -0.99073 2
    endloop
  endfacet
  facet normal 0.969077 -0.246758 0
    outer loop
      vertex 4.90086 -0.99073 0
      vertex 4.77786 -1.47378 2
      vertex 4.77786 -1.47378 0
    endloop
  endfacet
  facet normal 0.988831 -0.14904 0
    outer loop
      vertex 4.90086 -0.99073 2
      vertex 4.97515 -0.497839 0
      vertex 4.97515 -0.497839 2
    endloop
  endfacet
  facet normal 0.988831 -0.14904 0
    outer loop
      vertex 4.97515 -0.497839 0
      vertex 4.90086 -0.99073 2
      vertex 4.90086 -0.99073 0
    endloop
  endfacet
  facet normal 0.661699 -0.74977 0
    outer loop
      vertex 3.11745 -3.90916 0
      vertex 3.49118 -3.57933 2
      vertex 3.11745 -3.90916 2
    endloop
  endfacet
  facet normal 0.661699 -0.74977 0
    outer loop
      vertex 3.49118 -3.57933 2
      vertex 3.11745 -3.90916 0
      vertex 3.49118 -3.57933 0
    endloop
  endfacet
  facet normal 0.900973 -0.433875 0
    outer loop
      vertex 4.39111 -2.39127 2
      vertex 4.60738 -1.94217 0
      vertex 4.60738 -1.94217 2
    endloop
  endfacet
  facet normal 0.900973 -0.433875 0
    outer loop
      vertex 4.60738 -1.94217 0
      vertex 4.39111 -2.39127 2
      vertex 4.39111 -2.39127 0
    endloop
  endfacet
  facet normal 0.797136 -0.6038 0
    outer loop
      vertex 3.83022 -3.21394 2
      vertex 4.13119 -2.8166 0
      vertex 4.13119 -2.8166 2
    endloop
  endfacet
  facet normal 0.797136 -0.6038 0
    outer loop
      vertex 4.13119 -2.8166 0
      vertex 3.83022 -3.21394 2
      vertex 3.83022 -3.21394 0
    endloop
  endfacet
  facet normal -0.365347 -0.930871 0
    outer loop
      vertex -2.05643 -4.55753 0
      vertex -1.59243 -4.73964 2
      vertex -2.05643 -4.55753 2
    endloop
  endfacet
  facet normal -0.365347 -0.930871 -0
    outer loop
      vertex -1.59243 -4.73964 2
      vertex -2.05643 -4.55753 0
      vertex -1.59243 -4.73964 0
    endloop
  endfacet
  facet normal -0.766046 -0.642785 0
    outer loop
      vertex -3.66526 -3.40086 0
      vertex -3.98566 -3.01902 2
      vertex -3.98566 -3.01902 0
    endloop
  endfacet
  facet normal -0.766046 -0.642785 0
    outer loop
      vertex -3.98566 -3.01902 2
      vertex -3.66526 -3.40086 0
      vertex -3.66526 -3.40086 2
    endloop
  endfacet
  facet normal -0.955568 -0.29477 0
    outer loop
      vertex -4.69846 -1.7101 0
      vertex -4.84539 -1.23379 2
      vertex -4.84539 -1.23379 0
    endloop
  endfacet
  facet normal -0.955568 -0.29477 0
    outer loop
      vertex -4.84539 -1.23379 2
      vertex -4.69846 -1.7101 0
      vertex -4.69846 -1.7101 2
    endloop
  endfacet
  facet normal -0.995031 -0.0995667 0
    outer loop
      vertex -4.94415 -0.745211 0
      vertex -4.99378 -0.249228 2
      vertex -4.99378 -0.249228 0
    endloop
  endfacet
  facet normal -0.995031 -0.0995667 0
    outer loop
      vertex -4.99378 -0.249228 2
      vertex -4.94415 -0.745211 0
      vertex -4.94415 -0.745211 2
    endloop
  endfacet
  facet normal 0.124343 -0.992239 0
    outer loop
      vertex 0.37365 -4.98602 0
      vertex 0.86824 -4.92404 2
      vertex 0.37365 -4.98602 2
    endloop
  endfacet
  facet normal 0.124343 -0.992239 0
    outer loop
      vertex 0.86824 -4.92404 2
      vertex 0.37365 -4.98602 0
      vertex 0.86824 -4.92404 0
    endloop
  endfacet
  facet normal 0.318484 -0.947928 0
    outer loop
      vertex 1.3542 -4.81312 0
      vertex 1.8267 -4.65437 2
      vertex 1.3542 -4.81312 2
    endloop
  endfacet
  facet normal 0.318484 -0.947928 0
    outer loop
      vertex 1.8267 -4.65437 2
      vertex 1.3542 -4.81312 0
      vertex 1.8267 -4.65437 0
    endloop
  endfacet
  facet normal 0.499999 -0.866026 0
    outer loop
      vertex 2.28105 -4.44936 0
      vertex 2.71273 -4.20013 2
      vertex 2.28105 -4.44936 2
    endloop
  endfacet
  facet normal 0.499999 -0.866026 0
    outer loop
      vertex 2.71273 -4.20013 2
      vertex 2.28105 -4.44936 0
      vertex 2.71273 -4.20013 0
    endloop
  endfacet
  facet normal 0.853285 -0.521444 0
    outer loop
      vertex 4.13119 -2.8166 2
      vertex 4.39111 -2.39127 0
      vertex 4.39111 -2.39127 2
    endloop
  endfacet
  facet normal 0.853285 -0.521444 0
    outer loop
      vertex 4.39111 -2.39127 0
      vertex 4.13119 -2.8166 2
      vertex 4.13119 -2.8166 0
    endloop
  endfacet
  facet normal 0.0249369 -0.999689 0
    outer loop
      vertex -0.124653 -4.99845 0
      vertex 0.37365 -4.98602 2
      vertex -0.124653 -4.99845 2
    endloop
  endfacet
  facet normal 0.0249369 -0.999689 0
    outer loop
      vertex 0.37365 -4.98602 2
      vertex -0.124653 -4.99845 0
      vertex 0.37365 -4.98602 0
    endloop
  endfacet
  facet normal -0.270834 -0.962626 0
    outer loop
      vertex -1.59243 -4.73964 0
      vertex -1.1126 -4.87464 2
      vertex -1.59243 -4.73964 2
    endloop
  endfacet
  facet normal -0.270834 -0.962626 -0
    outer loop
      vertex -1.1126 -4.87464 2
      vertex -1.59243 -4.73964 0
      vertex -1.1126 -4.87464 0
    endloop
  endfacet
  facet normal -0.698245 -0.715859 0
    outer loop
      vertex -3.66526 -3.40086 0
      vertex -3.30843 -3.74891 2
      vertex -3.66526 -3.40086 2
    endloop
  endfacet
  facet normal -0.698245 -0.715859 -0
    outer loop
      vertex -3.30843 -3.74891 2
      vertex -3.66526 -3.40086 0
      vertex -3.30843 -3.74891 0
    endloop
  endfacet
  facet normal -0.878223 -0.478252 0
    outer loop
      vertex -4.26645 -2.60718 0
      vertex -4.50484 -2.16942 2
      vertex -4.50484 -2.16942 0
    endloop
  endfacet
  facet normal -0.878223 -0.478252 0
    outer loop
      vertex -4.50484 -2.16942 2
      vertex -4.26645 -2.60718 0
      vertex -4.26645 -2.60718 2
    endloop
  endfacet
  facet normal 0 0 -1
    outer loop
      vertex 4.97515 -0.497839 0
      vertex 4.97515 0.497839 0
      vertex 5 0 0
    endloop
  endfacet
  facet normal 0 0 -1
    outer loop
      vertex 4.90086 -0.99073 0
      vertex 4.97515 0.497839 0
      vertex 4.97515 -0.497839 0
    endloop
  endfacet
  facet normal 0 0 -1
    outer loop
      vertex 4.90086 -0.99073 0
      vertex 4.90086 0.99073 0
      vertex 4.97515 0.497839 0
    endloop
  endfacet
  facet normal 0 0 -1
    outer loop
      vertex 4.77786 -1.47378 0
      vertex 4.90086 0.99073 0
      vertex 4.90086 -0.99073 0
    endloop
  endfacet
  facet normal 0 0 -1
    outer loop
      vertex 4.77786 -1.47378 0
      vertex 4.77786 1.47378 0
      vertex 4.90086 0.99073 0
    endloop
  endfacet
  facet normal 0 0 -1
    outer loop
      vertex 4.60738 -1.94217 0
      vertex 4.77786 1.47378 0
      vertex 4.77786 -1.47378 0
    endloop
  endfacet
  facet normal 0 0 -1
    outer loop
      vertex 4.60738 -1.94217 0
      vertex 4.60738 1.94217 0
      vertex 4.77786 1.47378 0
    endloop
  endfacet
  facet normal 0 0 -1
    outer loop
      vertex 4.39111 -2.39127 0
      vertex 4.60738 1.94217 0
      vertex 4.60738 -1.94217 0
    endloop
  endfacet
  facet normal 0 0 -1
    outer loop
      vertex 4.39111 -2.39127 0
      vertex 4.39111 2.39127 0
      vertex 4.60738 1.94217 0
    endloop
  endfacet
  facet normal 0 0 -1
    outer loop
      vertex 4.13119 -2.8166 0
      vertex 4.39111 2.39127 0
      vertex 4.39111 -2.39127 0
    endloop
  endfacet
  facet normal 0 0 -1
    outer loop
      vertex 4.13119 -2.8166 0
      vertex 4.13119 2.8166 0
      vertex 4.39111 2.39127 0
    endloop
  endfacet
  facet normal 0 0 -1
    outer loop
      vertex 3.83022 -3.21394 0
      vertex 4.13119 2.8166 0
      vertex 4.13119 -2.8166 0
    endloop
  endfacet
  facet normal 0 0 -1
    outer loop
      vertex 3.83022 -3.21394 0
      vertex 3.83022 3.21394 0
      vertex 4.13119 2.8166 0
    endloop
  endfacet
  facet normal 0 0 -1
    outer loop
      vertex 3.49118 -3.57933 0
      vertex 3.83022 3.21394 0
      vertex 3.83022 -3.21394 0
    endloop
  endfacet
  facet normal 0 0 -1
    outer loop
      vertex 3.49118 -3.57933 0
      vertex 3.49118 3.57933 0
      vertex 3.83022 3.21394 0
    endloop
  endfacet
  facet normal 0 0 -1
    outer loop
      vertex 3.11745 -3.90916 0
      vertex 3.49118 3.57933 0
      vertex 3.49118 -3.57933 0
    endloop
  endfacet
  facet normal 0 0 -1
    outer loop
      vertex 3.11745 -3.90916 0
      vertex 3.11745 3.90916 0
      vertex 3.49118 3.57933 0
    endloop
  endfacet
  facet normal 0 0 -1
    outer loop
      vertex 2.71273 -4.20013 0
      vertex 3.11745 3.90916 0
      vertex 3.11745 -3.90916 0
    endloop
  endfacet
  facet normal 0 0 -1
    outer loop
      vertex 2.71273 -4.20013 0
      vertex 2.71273 4.20013 0
      vertex 3.11745 3.90916 0
    endloop
  endfacet
  facet normal 0 0 -1
    outer loop
      vertex 2.28105 -4.44936 0
      vertex 2.71273 4.20013 0
      vertex 2.71273 -4.20013 0
    endloop
  endfacet
  facet normal 0 0 -1
    outer loop
      vertex 2.28105 -4.44936 0
      vertex 2.28105 4.44936 0
      vertex 2.71273 4.20013 0
    endloop
  endfacet
  facet normal 0 0 -1
    outer loop
      vertex 1.8267 -4.65437 0
      vertex 2.28105 4.44936 0
      vertex 2.28105 -4.44936 0
    endloop
  endfacet
  facet normal 0 0 -1
    outer loop
      vertex 1.8267 -4.65437 0
      vertex 1.8267 4.65437 0
      vertex 2.28105 4.44936 0
    endloop
  endfacet
  facet normal 0 0 -1
    outer loop
      vertex 1.3542 -4.81312 0
      vertex 1.8267 4.65437 0
      vertex 1.8267 -4.65437 0
    endloop
  endfacet
  facet normal 0 0 -1
    outer loop
      vertex 1.3542 -4.81312 0
      vertex 1.3542 4.81312 0
      vertex 1.8267 4.65437 0
    endloop
  endfacet
  facet normal 0 0 -1
    outer loop
      vertex 0.86824 -4.92404 0
      vertex 1.3542 4.81312 0
      vertex 1.3542 -4.81312 0
    endloop
  endfacet
  facet normal 0 0 -1
    outer loop
      vertex 0.86824 -4.92404 0
      vertex 0.86824 4.92404 0
      vertex 1.3542 4.81312 0
    endloop
  endfacet
  facet normal 0 0 -1
    outer loop
      vertex 0.37365 -4.98602 0
      vertex 0.86824 4.92404 0
      vertex 0.86824 -4.92404 0
    endloop
  endfacet
  facet normal 0 0 -1
    outer loop
      vertex 0.37365 -4.98602 0
      vertex 0.37365 4.98602 0
      vertex 0.86824 4.92404 0
    endloop
  endfacet
  facet normal 0 0 -1
    outer loop
      vertex -0.124653 -4.99845 0
      vertex 0.37365 4.98602 0
      vertex 0.37365 -4.98602 0
    endloop
  endfacet
  facet normal 0 0 -1
    outer loop
      vertex -0.124653 -4.99845 0
      vertex -0.124653 4.99845 0
      vertex 0.37365 4.98602 0
    endloop
  endfacet
  facet normal 0 0 -1
    outer loop
      vertex -0.621718 -4.9612 0
      vertex -0.124653 4.99845 0
      vertex -0.124653 -4.99845 0
    endloop
  endfacet
  facet normal 0 0 -1
    outer loop
      vertex -0.621718 -4.9612 0
      vertex -0.621718 4.9612 0
      vertex -0.124653 4.99845 0
    endloop
  endfacet
  facet normal 0 0 -1
    outer loop
      vertex -1.1126 -4.87464 0
      vertex -0.621718 4.9612 0
      vertex -0.621718 -4.9612 0
    endloop
  endfacet
  facet normal 0 0 -1
    outer loop
      vertex -1.1126 -4.87464 0
      vertex -1.1126 4.87464 0
      vertex -0.621718 4.9612 0
    endloop
  endfacet
  facet normal 0 0 -1
    outer loop
      vertex -1.59243 -4.73964 0
      vertex -1.1126 4.87464 0
      vertex -1.1126 -4.87464 0
    endloop
  endfacet
  facet normal 0 0 -1
    outer loop
      vertex -1.59243 -4.73964 0
      vertex -1.59243 4.73964 0
      vertex -1.1126 4.87464 0
    endloop
  endfacet
  facet normal 0 0 -1
    outer loop
      vertex -2.05643 -4.55753 0
      vertex -1.59243 4.73964 0
      vertex -1.59243 -4.73964 0
    endloop
  endfacet
  facet normal 0 0 -1
    outer loop
      vertex -2.05643 -4.55753 0
      vertex -2.05643 4.55753 0
      vertex -1.59243 4.73964 0
    endloop
  endfacet
  facet normal 0 0 -1
    outer loop
      vertex -2.5 -4.33013 0
      vertex -2.05643 4.55753 0
      vertex -2.05643 -4.55753 0
    endloop
  endfacet
  facet normal 0 0 -1
    outer loop
      vertex -2.5 -4.33013 0
      vertex -2.5 4.33013 0
      vertex -2.05643 4.55753 0
    endloop
  endfacet
  facet normal 0 0 -1
    outer loop
      vertex -2.91872 -4.05969 0
      vertex -2.5 4.33013 0
      vertex -2.5 -4.33013 0
    endloop
  endfacet
  facet normal 0 0 -1
    outer loop
      vertex -2.91872 -4.05969 0
      vertex -2.91872 4.05969 0
      vertex -2.5 4.33013 0
    endloop
  endfacet
  facet normal 0 0 -1
    outer loop
      vertex -3.30843 -3.74891 0
      vertex -2.91872 4.05969 0
      vertex -2.91872 -4.05969 0
    endloop
  endfacet
  facet normal 0 0 -1
    outer loop
      vertex -3.30843 -3.74891 0
      vertex -3.30843 3.74891 0
      vertex -2.91872 4.05969 0
    endloop
  endfacet
  facet normal 0 0 -1
    outer loop
      vertex -3.66526 -3.40086 0
      vertex -3.30843 3.74891 0
      vertex -3.30843 -3.74891 0
    endloop
  endfacet
  facet normal 0 0 -1
    outer loop
      vertex -3.66526 -3.40086 0
      vertex -3.66526 3.40086 0
      vertex -3.30843 3.74891 0
    endloop
  endfacet
  facet normal 0 0 -1
    outer loop
      vertex -3.98566 -3.01902 0
      vertex -3.66526 3.40086 0
      vertex -3.66526 -3.40086 0
    endloop
  endfacet
  facet normal 0 0 -1
    outer loop
      vertex -3.98566 -3.01902 0
      vertex -3.98566 3.01902 0
      vertex -3.66526 3.40086 0
    endloop
  endfacet
  facet normal 0 0 -1
    outer loop
      vertex -4.26645 -2.60718 0
      vertex -3.98566 3.01902 0
      vertex -3.98566 -3.01902 0
    endloop
  endfacet
  facet normal 0 0 -1
    outer loop
      vertex -4.26645 -2.60718 0
      vertex -4.26645 2.60718 0
      vertex -3.98566 3.01902 0
    endloop
  endfacet
  facet normal 0 0 -1
    outer loop
      vertex -4.50484 -2.16942 0
      vertex -4.26645 2.60718 0
      vertex -4.26645 -2.60718 0
    endloop
  endfacet
  facet normal 0 0 -1
    outer loop
      vertex -4.50484 -2.16942 0
      vertex -4.50484 2.16942 0
      vertex -4.26645 2.60718 0
    endloop
  endfacet
  facet normal 0 0 -1
    outer loop
      vertex -4.69846 -1.7101 0
      vertex -4.50484 2.16942 0
      vertex -4.50484 -2.16942 0
    endloop
  endfacet
  facet normal 0 0 -1
    outer loop
      vertex -4.69846 -1.7101 0
      vertex -4.69846 1.7101 0
      vertex -4.50484 2.16942 0
    endloop
  endfacet
  facet normal 0 0 -1
    outer loop
      vertex -4.84539 -1.23379 0
      vertex -4.69846 1.7101 0
      vertex -4.69846 -1.7101 0
    endloop
  endfacet
  facet normal 0 0 -1
    outer loop
      vertex -4.84539 -1.23379 0
      vertex -4.84539 1.23379 0
      vertex -4.69846 1.7101 0
    endloop
  endfacet
  facet normal 0 0 -1
    outer loop
      vertex -4.94415 -0.745211 0
      vertex -4.84539 1.23379 0
      vertex -4.84539 -1.23379 0
    endloop
  endfacet
  facet normal 0 0 -1
    outer loop
      vertex -4.94415 -0.745211 0
      vertex -4.94415 0.745211 0
      vertex -4.84539 1.23379 0
    endloop
  endfacet
  facet normal 0 0 -1
    outer loop
      vertex -4.99378 -0.249228 0
      vertex -4.94415 0.745211 0
      vertex -4.94415 -0.745211 0
    endloop
  endfacet
  facet normal 0 0 -1
    outer loop
      vertex -4.94415 0.745211 0
      vertex -4.99378 -0.249228 0
      vertex -4.99378 0.249228 0
    endloop
  endfacet
  facet normal -0.980176 -0.19813 0
    outer loop
      vertex -4.84539 -1.23379 0
      vertex -4.94415 -0.745211 2
      vertex -4.94415 -0.745211 0
    endloop
  endfacet
  facet normal -0.980176 -0.19813 0
    outer loop
      vertex -4.94415 -0.745211 2
      vertex -4.84539 -1.23379 0
      vertex -4.84539 -1.23379 2
    endloop
  endfacet
  facet normal 0.222526 -0.974927 0
    outer loop
      vertex 0.86824 -4.92404 0
      vertex 1.3542 -4.81312 2
      vertex 0.86824 -4.92404 2
    endloop
  endfacet
  facet normal 0.222526 -0.974927 0
    outer loop
      vertex 1.3542 -4.81312 2
      vertex 0.86824 -4.92404 0
      vertex 1.3542 -4.81312 0
    endloop
  endfacet
  facet normal 0.583739 -0.811942 0
    outer loop
      vertex 2.71273 -4.20013 0
      vertex 3.11745 -3.90916 2
      vertex 2.71273 -4.20013 2
    endloop
  endfacet
  facet normal 0.583739 -0.811942 0
    outer loop
      vertex 3.11745 -3.90916 2
      vertex 2.71273 -4.20013 0
      vertex 3.11745 -3.90916 0
    endloop
  endfacet
  facet normal 0.733044 -0.680181 0
    outer loop
      vertex 3.49118 -3.57933 2
      vertex 3.83022 -3.21394 0
      vertex 3.83022 -3.21394 2
    endloop
  endfacet
  facet normal 0.733044 -0.680181 0
    outer loop
      vertex 3.83022 -3.21394 0
      vertex 3.49118 -3.57933 2
      vertex 3.49118 -3.57933 0
    endloop
  endfacet
  facet normal -0.173656 -0.984806 0
    outer loop
      vertex -1.1126 -4.87464 0
      vertex -0.621718 -4.9612 2
      vertex -1.1126 -4.87464 2
    endloop
  endfacet
  facet normal -0.173656 -0.984806 -0
    outer loop
      vertex -0.621718 -4.9612 2
      vertex -1.1126 -4.87464 0
      vertex -0.621718 -4.9612 0
    endloop
  endfacet
  facet normal -0.623486 -0.781835 0
    outer loop
      vertex -3.30843 -3.74891 0
      vertex -2.91872 -4.05969 2
      vertex -3.30843 -3.74891 2
    endloop
  endfacet
  facet normal -0.623486 -0.781835 -0
    outer loop
      vertex -2.91872 -4.05969 2
      vertex -3.30843 -3.74891 0
      vertex -2.91872 -4.05969 0
    endloop
  endfacet
  facet normal -0.826237 -0.563323 0
    outer loop
      vertex -3.98566 -3.01902 0
      vertex -4.26645 -2.60718 2
      vertex -4.26645 -2.60718 0
    endloop
  endfacet
  facet normal -0.826237 -0.563323 0
    outer loop
      vertex -4.26645 -2.60718 2
      vertex -3.98566 -3.01902 0
      vertex -3.98566 -3.01902 2
    endloop
  endfacet
  facet normal -0.456203 -0.889876 0
    outer loop
      vertex -2.5 -4.33013 0
      vertex -2.05643 -4.55753 2
      vertex -2.5 -4.33013 2
    endloop
  endfacet
  facet normal -0.456203 -0.889876 -0
    outer loop
      vertex -2.05643 -4.55753 2
      vertex -2.5 -4.33013 0
      vertex -2.05643 -4.55753 0
    endloop
  endfacet
  facet normal -0.542549 -0.840024 0
    outer loop
      vertex -2.91872 -4.05969 0
      vertex -2.5 -4.33013 2
      vertex -2.91872 -4.05969 2
    endloop
  endfacet
  facet normal -0.542549 -0.840024 -0
    outer loop
      vertex -2.5 -4.33013 2
      vertex -2.91872 -4.05969 0
      vertex -2.5 -4.33013 0
    endloop
  endfacet
  facet normal 0.992115 0.125328 0
    outer loop
      vertex 1.95 0 110
      vertex 1.88874 0.484944 2
      vertex 1.88874 0.484944 110
    endloop
  endfacet
  facet normal 0.992115 0.125328 0
    outer loop
      vertex 1.88874 0.484944 2
      vertex 1.95 0 110
      vertex 1.95 0 2
    endloop
  endfacet
  facet normal -1 0 0
    outer loop
      vertex -1.93462 -0.244399 2
      vertex -1.93462 0.244399 110
      vertex -1.93462 0.244399 2
    endloop
  endfacet
  facet normal -1 -0 0
    outer loop
      vertex -1.93462 0.244399 110
      vertex -1.93462 -0.244399 2
      vertex -1.93462 -0.244399 110
    endloop
  endfacet
  facet normal -0.0627866 0.998027 0
    outer loop
      vertex 0.122441 1.94615 2
      vertex -0.365393 1.91546 110
      vertex 0.122441 1.94615 110
    endloop
  endfacet
  facet normal -0.0627866 0.998027 0
    outer loop
      vertex -0.365393 1.91546 110
      vertex 0.122441 1.94615 2
      vertex -0.365393 1.91546 2
    endloop
  endfacet
  facet normal 0.637417 0.770519 -0
    outer loop
      vertex 1.42149 1.33487 2
      vertex 1.04486 1.64644 110
      vertex 1.42149 1.33487 110
    endloop
  endfacet
  facet normal 0.637417 0.770519 0
    outer loop
      vertex 1.04486 1.64644 110
      vertex 1.42149 1.33487 2
      vertex 1.04486 1.64644 2
    endloop
  endfacet
  facet normal 0.42578 0.904827 -0
    outer loop
      vertex 1.04486 1.64644 2
      vertex 0.602583 1.85456 110
      vertex 1.04486 1.64644 110
    endloop
  endfacet
  facet normal 0.42578 0.904827 0
    outer loop
      vertex 0.602583 1.85456 110
      vertex 1.04486 1.64644 2
      vertex 0.602583 1.85456 2
    endloop
  endfacet
  facet normal -0.728976 0.68454 0
    outer loop
      vertex -1.57758 1.14618 2
      vertex -1.24298 1.5025 110
      vertex -1.24298 1.5025 2
    endloop
  endfacet
  facet normal -0.728976 0.68454 0
    outer loop
      vertex -1.24298 1.5025 110
      vertex -1.57758 1.14618 2
      vertex -1.57758 1.14618 110
    endloop
  endfacet
  facet normal -0.876307 0.481752 0
    outer loop
      vertex -1.81306 0.717842 2
      vertex -1.57758 1.14618 110
      vertex -1.57758 1.14618 2
    endloop
  endfacet
  facet normal -0.876307 0.481752 0
    outer loop
      vertex -1.57758 1.14618 110
      vertex -1.81306 0.717842 2
      vertex -1.81306 0.717842 110
    endloop
  endfacet
  facet normal -0.53582 0.844332 0
    outer loop
      vertex -0.830269 1.76441 2
      vertex -1.24298 1.5025 110
      vertex -0.830269 1.76441 110
    endloop
  endfacet
  facet normal -0.53582 0.844332 0
    outer loop
      vertex -1.24298 1.5025 110
      vertex -0.830269 1.76441 2
      vertex -1.24298 1.5025 2
    endloop
  endfacet
  facet normal 0.187377 -0.982288 0
    outer loop
      vertex 0.122441 -1.94615 2
      vertex 0.602583 -1.85456 110
      vertex 0.122441 -1.94615 110
    endloop
  endfacet
  facet normal 0.187377 -0.982288 0
    outer loop
      vertex 0.602583 -1.85456 110
      vertex 0.122441 -1.94615 2
      vertex 0.602583 -1.85456 2
    endloop
  endfacet
  facet normal 0.809019 -0.587783 0
    outer loop
      vertex 1.42149 -1.33487 110
      vertex 1.7088 -0.939419 2
      vertex 1.7088 -0.939419 110
    endloop
  endfacet
  facet normal 0.809019 -0.587783 0
    outer loop
      vertex 1.7088 -0.939419 2
      vertex 1.42149 -1.33487 110
      vertex 1.42149 -1.33487 2
    endloop
  endfacet
  facet normal -0.968583 -0.248691 0
    outer loop
      vertex -1.81306 -0.717842 2
      vertex -1.93462 -0.244399 110
      vertex -1.93462 -0.244399 2
    endloop
  endfacet
  facet normal -0.968583 -0.248691 0
    outer loop
      vertex -1.93462 -0.244399 110
      vertex -1.81306 -0.717842 2
      vertex -1.81306 -0.717842 110
    endloop
  endfacet
  facet normal 0.809019 0.587783 0
    outer loop
      vertex 1.7088 0.939419 110
      vertex 1.42149 1.33487 2
      vertex 1.42149 1.33487 110
    endloop
  endfacet
  facet normal 0.809019 0.587783 0
    outer loop
      vertex 1.42149 1.33487 2
      vertex 1.7088 0.939419 110
      vertex 1.7088 0.939419 2
    endloop
  endfacet
  facet normal 0.929776 0.368126 0
    outer loop
      vertex 1.88874 0.484944 110
      vertex 1.7088 0.939419 2
      vertex 1.7088 0.939419 110
    endloop
  endfacet
  facet normal 0.929776 0.368126 0
    outer loop
      vertex 1.7088 0.939419 2
      vertex 1.88874 0.484944 110
      vertex 1.88874 0.484944 2
    endloop
  endfacet
  facet normal 0.187377 0.982288 -0
    outer loop
      vertex 0.602583 1.85456 2
      vertex 0.122441 1.94615 110
      vertex 0.602583 1.85456 110
    endloop
  endfacet
  facet normal 0.187377 0.982288 0
    outer loop
      vertex 0.122441 1.94615 110
      vertex 0.602583 1.85456 2
      vertex 0.122441 1.94615 2
    endloop
  endfacet
  facet normal -0.968583 0.248691 0
    outer loop
      vertex -1.93462 0.244399 2
      vertex -1.81306 0.717842 110
      vertex -1.81306 0.717842 2
    endloop
  endfacet
  facet normal -0.968583 0.248691 0
    outer loop
      vertex -1.81306 0.717842 110
      vertex -1.93462 0.244399 2
      vertex -1.93462 0.244399 110
    endloop
  endfacet
  facet normal -0.309022 0.951055 0
    outer loop
      vertex -0.365393 1.91546 2
      vertex -0.830269 1.76441 110
      vertex -0.365393 1.91546 110
    endloop
  endfacet
  facet normal -0.309022 0.951055 0
    outer loop
      vertex -0.830269 1.76441 110
      vertex -0.365393 1.91546 2
      vertex -0.830269 1.76441 2
    endloop
  endfacet
  facet normal 0.42578 -0.904827 0
    outer loop
      vertex 0.602583 -1.85456 2
      vertex 1.04486 -1.64644 110
      vertex 0.602583 -1.85456 110
    endloop
  endfacet
  facet normal 0.42578 -0.904827 0
    outer loop
      vertex 1.04486 -1.64644 110
      vertex 0.602583 -1.85456 2
      vertex 1.04486 -1.64644 2
    endloop
  endfacet
  facet normal -0.53582 -0.844332 0
    outer loop
      vertex -1.24298 -1.5025 2
      vertex -0.830269 -1.76441 110
      vertex -1.24298 -1.5025 110
    endloop
  endfacet
  facet normal -0.53582 -0.844332 -0
    outer loop
      vertex -0.830269 -1.76441 110
      vertex -1.24298 -1.5025 2
      vertex -0.830269 -1.76441 2
    endloop
  endfacet
  facet normal -0.0627866 -0.998027 0
    outer loop
      vertex -0.365393 -1.91546 2
      vertex 0.122441 -1.94615 110
      vertex -0.365393 -1.91546 110
    endloop
  endfacet
  facet normal -0.0627866 -0.998027 -0
    outer loop
      vertex 0.122441 -1.94615 110
      vertex -0.365393 -1.91546 2
      vertex 0.122441 -1.94615 2
    endloop
  endfacet
  facet normal -0.876307 -0.481752 0
    outer loop
      vertex -1.57758 -1.14618 2
      vertex -1.81306 -0.717842 110
      vertex -1.81306 -0.717842 2
    endloop
  endfacet
  facet normal -0.876307 -0.481752 0
    outer loop
      vertex -1.81306 -0.717842 110
      vertex -1.57758 -1.14618 2
      vertex -1.57758 -1.14618 110
    endloop
  endfacet
  facet normal 0.637417 -0.770519 0
    outer loop
      vertex 1.04486 -1.64644 2
      vertex 1.42149 -1.33487 110
      vertex 1.04486 -1.64644 110
    endloop
  endfacet
  facet normal 0.637417 -0.770519 0
    outer loop
      vertex 1.42149 -1.33487 110
      vertex 1.04486 -1.64644 2
      vertex 1.42149 -1.33487 2
    endloop
  endfacet
  facet normal 0.929776 -0.368126 0
    outer loop
      vertex 1.7088 -0.939419 110
      vertex 1.88874 -0.484944 2
      vertex 1.88874 -0.484944 110
    endloop
  endfacet
  facet normal 0.929776 -0.368126 0
    outer loop
      vertex 1.88874 -0.484944 2
      vertex 1.7088 -0.939419 110
      vertex 1.7088 -0.939419 2
    endloop
  endfacet
  facet normal 0.992115 -0.125328 0
    outer loop
      vertex 1.88874 -0.484944 110
      vertex 1.95 0 2
      vertex 1.95 0 110
    endloop
  endfacet
  facet normal 0.992115 -0.125328 0
    outer loop
      vertex 1.95 0 2
      vertex 1.88874 -0.484944 110
      vertex 1.88874 -0.484944 2
    endloop
  endfacet
  facet normal -0.309022 -0.951055 0
    outer loop
      vertex -0.830269 -1.76441 2
      vertex -0.365393 -1.91546 110
      vertex -0.830269 -1.76441 110
    endloop
  endfacet
  facet normal -0.309022 -0.951055 -0
    outer loop
      vertex -0.365393 -1.91546 110
      vertex -0.830269 -1.76441 2
      vertex -0.365393 -1.91546 2
    endloop
  endfacet
  facet normal -0.728976 -0.68454 0
    outer loop
      vertex -1.24298 -1.5025 2
      vertex -1.57758 -1.14618 110
      vertex -1.57758 -1.14618 2
    endloop
  endfacet
  facet normal -0.728976 -0.68454 0
    outer loop
      vertex -1.57758 -1.14618 110
      vertex -1.24298 -1.5025 2
      vertex -1.24298 -1.5025 110
    endloop
  endfacet
  facet normal -0.961646 0 0.274292
    outer loop
      vertex -1.93462 0.244399 110
      vertex -0.793692 -0.100266 114
      vertex -0.793692 0.100266 114
    endloop
  endfacet
  facet normal -0.961646 0 0.274292
    outer loop
      vertex -0.793692 -0.100266 114
      vertex -1.93462 0.244399 110
      vertex -1.93462 -0.244399 110
    endloop
  endfacet
  facet normal 0.954063 0.120524 0.274293
    outer loop
      vertex 1.95 0 110
      vertex 0.774866 0.198952 114
      vertex 0.799999 0 114
    endloop
  endfacet
  facet normal 0.954064 0.120521 0.274294
    outer loop
      vertex 1.88874 0.484944 110
      vertex 0.774866 0.198952 114
      vertex 1.95 0 110
    endloop
  endfacet
  facet normal -0.06038 -0.959749 0.274293
    outer loop
      vertex 0.0502319 -0.798421 114
      vertex -0.149904 -0.78583 114
      vertex 0.122441 -1.94615 110
    endloop
  endfacet
  facet normal 0.894115 0.354007 0.274294
    outer loop
      vertex 1.7088 0.939419 110
      vertex 0.701045 0.385403 114
      vertex 1.88874 0.484944 110
    endloop
  endfacet
  facet normal 0.612976 -0.740961 0.274294
    outer loop
      vertex 0.583175 -0.547637 114
      vertex 0.428661 -0.675462 114
      vertex 1.42149 -1.33487 110
    endloop
  endfacet
  facet normal -0.0603785 0.959749 0.274293
    outer loop
      vertex 0.122441 1.94615 110
      vertex -0.365393 1.91546 110
      vertex -0.149904 0.78583 114
    endloop
  endfacet
  facet normal -0.931434 -0.239154 0.274292
    outer loop
      vertex -0.793692 -0.100266 114
      vertex -1.81306 -0.717842 110
      vertex -0.743821 -0.294499 114
    endloop
  endfacet
  facet normal 0.894116 -0.354005 0.274294
    outer loop
      vertex 0.774866 -0.198952 114
      vertex 0.701045 -0.385403 114
      vertex 1.88874 -0.484944 110
    endloop
  endfacet
  facet normal 0.61297 0.740966 0.274293
    outer loop
      vertex 1.04486 1.64644 110
      vertex 0.428661 0.675462 114
      vertex 1.42149 1.33487 110
    endloop
  endfacet
  facet normal 0.180191 0.944613 0.274293
    outer loop
      vertex 0.602583 1.85456 110
      vertex 0.122441 1.94615 110
      vertex 0.247213 0.760845 114
    endloop
  endfacet
  facet normal -0.842697 0.463277 0.274293
    outer loop
      vertex -0.647213 0.470228 114
      vertex -1.57758 1.14618 110
      vertex -0.743821 0.294499 114
    endloop
  endfacet
  facet normal -0.701017 0.658285 0.274293
    outer loop
      vertex -1.24298 1.5025 110
      vertex -1.57758 1.14618 110
      vertex -0.647213 0.470228 114
    endloop
  endfacet
  facet normal -0.701007 -0.658294 0.274294
    outer loop
      vertex -0.647213 -0.470228 114
      vertex -1.24298 -1.5025 110
      vertex -0.509938 -0.61641 114
    endloop
  endfacet
  facet normal -0.931434 -0.239153 0.274292
    outer loop
      vertex -0.793692 -0.100266 114
      vertex -1.93462 -0.244399 110
      vertex -1.81306 -0.717842 110
    endloop
  endfacet
  facet normal 0.180191 -0.944613 0.274293
    outer loop
      vertex 0.247213 -0.760845 114
      vertex 0.122441 -1.94615 110
      vertex 0.602583 -1.85456 110
    endloop
  endfacet
  facet normal 0.77799 -0.565239 0.274294
    outer loop
      vertex 1.7088 -0.939419 110
      vertex 0.701045 -0.385403 114
      vertex 1.42149 -1.33487 110
    endloop
  endfacet
  facet normal 0.77799 0.565239 0.274294
    outer loop
      vertex 1.42149 1.33487 110
      vertex 0.701045 0.385403 114
      vertex 1.7088 0.939419 110
    endloop
  endfacet
  facet normal 0.612976 0.740961 0.274294
    outer loop
      vertex 1.42149 1.33487 110
      vertex 0.428661 0.675462 114
      vertex 0.583175 0.547637 114
    endloop
  endfacet
  facet normal 0.894116 0.354005 0.274294
    outer loop
      vertex 1.88874 0.484944 110
      vertex 0.701045 0.385403 114
      vertex 0.774866 0.198952 114
    endloop
  endfacet
  facet normal 0.409449 0.870123 0.274293
    outer loop
      vertex 0.602583 1.85456 110
      vertex 0.247213 0.760845 114
      vertex 1.04486 1.64644 110
    endloop
  endfacet
  facet normal -0.842698 0.463275 0.274292
    outer loop
      vertex -1.57758 1.14618 110
      vertex -1.81306 0.717842 110
      vertex -0.743821 0.294499 114
    endloop
  endfacet
  facet normal -0.51527 0.811948 0.274293
    outer loop
      vertex -0.830269 1.76441 110
      vertex -1.24298 1.5025 110
      vertex -0.509938 0.61641 114
    endloop
  endfacet
  facet normal 0 0 1
    outer loop
      vertex 0.774866 0.198952 114
      vertex 0.774866 -0.198952 114
      vertex 0.799999 0 114
    endloop
  endfacet
  facet normal 0 0 1
    outer loop
      vertex 0.701045 0.385403 114
      vertex 0.774866 -0.198952 114
      vertex 0.774866 0.198952 114
    endloop
  endfacet
  facet normal 0 0 1
    outer loop
      vertex 0.701045 0.385403 114
      vertex 0.701045 -0.385403 114
      vertex 0.774866 -0.198952 114
    endloop
  endfacet
  facet normal 0 0 1
    outer loop
      vertex 0.583175 0.547637 114
      vertex 0.701045 -0.385403 114
      vertex 0.701045 0.385403 114
    endloop
  endfacet
  facet normal 0 0 1
    outer loop
      vertex 0.583175 0.547637 114
      vertex 0.583175 -0.547637 114
      vertex 0.701045 -0.385403 114
    endloop
  endfacet
  facet normal 0 0 1
    outer loop
      vertex 0.428661 0.675462 114
      vertex 0.583175 -0.547637 114
      vertex 0.583175 0.547637 114
    endloop
  endfacet
  facet normal 0 0 1
    outer loop
      vertex 0.428661 0.675462 114
      vertex 0.428661 -0.675462 114
      vertex 0.583175 -0.547637 114
    endloop
  endfacet
  facet normal 0 0 1
    outer loop
      vertex 0.247213 0.760845 114
      vertex 0.428661 -0.675462 114
      vertex 0.428661 0.675462 114
    endloop
  endfacet
  facet normal 0 0 1
    outer loop
      vertex 0.247213 0.760845 114
      vertex 0.247213 -0.760845 114
      vertex 0.428661 -0.675462 114
    endloop
  endfacet
  facet normal 0 0 1
    outer loop
      vertex 0.0502319 0.798421 114
      vertex 0.247213 -0.760845 114
      vertex 0.247213 0.760845 114
    endloop
  endfacet
  facet normal 0 0 1
    outer loop
      vertex 0.0502319 0.798421 114
      vertex 0.0502319 -0.798421 114
      vertex 0.247213 -0.760845 114
    endloop
  endfacet
  facet normal -0 0 1
    outer loop
      vertex -0.149904 0.78583 114
      vertex 0.0502319 -0.798421 114
      vertex 0.0502319 0.798421 114
    endloop
  endfacet
  facet normal 0 0 1
    outer loop
      vertex -0.149904 0.78583 114
      vertex -0.149904 -0.78583 114
      vertex 0.0502319 -0.798421 114
    endloop
  endfacet
  facet normal -0 0 1
    outer loop
      vertex -0.340623 0.723861 114
      vertex -0.149904 -0.78583 114
      vertex -0.149904 0.78583 114
    endloop
  endfacet
  facet normal 0 0 1
    outer loop
      vertex -0.340623 0.723861 114
      vertex -0.340623 -0.723861 114
      vertex -0.149904 -0.78583 114
    endloop
  endfacet
  facet normal -0 0 1
    outer loop
      vertex -0.509938 0.61641 114
      vertex -0.340623 -0.723861 114
      vertex -0.340623 0.723861 114
    endloop
  endfacet
  facet normal 0 0 1
    outer loop
      vertex -0.509938 0.61641 114
      vertex -0.509938 -0.61641 114
      vertex -0.340623 -0.723861 114
    endloop
  endfacet
  facet normal -0 0 1
    outer loop
      vertex -0.647213 0.470228 114
      vertex -0.509938 -0.61641 114
      vertex -0.509938 0.61641 114
    endloop
  endfacet
  facet normal 0 0 1
    outer loop
      vertex -0.647213 0.470228 114
      vertex -0.647213 -0.470228 114
      vertex -0.509938 -0.61641 114
    endloop
  endfacet
  facet normal -0 0 1
    outer loop
      vertex -0.743821 0.294499 114
      vertex -0.647213 -0.470228 114
      vertex -0.647213 0.470228 114
    endloop
  endfacet
  facet normal 0 0 1
    outer loop
      vertex -0.743821 0.294499 114
      vertex -0.743821 -0.294499 114
      vertex -0.647213 -0.470228 114
    endloop
  endfacet
  facet normal -0 0 1
    outer loop
      vertex -0.793692 0.100266 114
      vertex -0.743821 -0.294499 114
      vertex -0.743821 0.294499 114
    endloop
  endfacet
  facet normal 0 0 1
    outer loop
      vertex -0.743821 -0.294499 114
      vertex -0.793692 0.100266 114
      vertex -0.793692 -0.100266 114
    endloop
  endfacet
  facet normal -0.931434 0.239154 0.274292
    outer loop
      vertex -0.743821 0.294499 114
      vertex -1.81306 0.717842 110
      vertex -0.793692 0.100266 114
    endloop
  endfacet
  facet normal -0.29717 -0.914578 0.274293
    outer loop
      vertex -0.149904 -0.78583 114
      vertex -0.830269 -1.76441 110
      vertex -0.365393 -1.91546 110
    endloop
  endfacet
  facet normal -0.0603785 -0.959749 0.274293
    outer loop
      vertex -0.149904 -0.78583 114
      vertex -0.365393 -1.91546 110
      vertex 0.122441 -1.94615 110
    endloop
  endfacet
  facet normal 0.180194 -0.944613 0.274293
    outer loop
      vertex 0.247213 -0.760845 114
      vertex 0.0502319 -0.798421 114
      vertex 0.122441 -1.94615 110
    endloop
  endfacet
  facet normal 0.777988 -0.565242 0.274294
    outer loop
      vertex 0.701045 -0.385403 114
      vertex 0.583175 -0.547637 114
      vertex 1.42149 -1.33487 110
    endloop
  endfacet
  facet normal 0.777988 0.565242 0.274294
    outer loop
      vertex 1.42149 1.33487 110
      vertex 0.583175 0.547637 114
      vertex 0.701045 0.385403 114
    endloop
  endfacet
  facet normal 0.409449 0.870123 0.274293
    outer loop
      vertex 1.04486 1.64644 110
      vertex 0.247213 0.760845 114
      vertex 0.428661 0.675462 114
    endloop
  endfacet
  facet normal -0.701007 0.658294 0.274294
    outer loop
      vertex -0.509938 0.61641 114
      vertex -1.24298 1.5025 110
      vertex -0.647213 0.470228 114
    endloop
  endfacet
  facet normal -0.297168 0.914579 0.274293
    outer loop
      vertex -0.149904 0.78583 114
      vertex -0.830269 1.76441 110
      vertex -0.340623 0.723861 114
    endloop
  endfacet
  facet normal -0.29717 0.914578 0.274293
    outer loop
      vertex -0.365393 1.91546 110
      vertex -0.830269 1.76441 110
      vertex -0.149904 0.78583 114
    endloop
  endfacet
  facet normal -0.931434 0.239153 0.274292
    outer loop
      vertex -1.81306 0.717842 110
      vertex -1.93462 0.244399 110
      vertex -0.793692 0.100266 114
    endloop
  endfacet
  facet normal -0.842698 -0.463275 0.274292
    outer loop
      vertex -0.743821 -0.294499 114
      vertex -1.81306 -0.717842 110
      vertex -1.57758 -1.14618 110
    endloop
  endfacet
  facet normal -0.515277 -0.811944 0.274293
    outer loop
      vertex -0.509938 -0.61641 114
      vertex -0.830269 -1.76441 110
      vertex -0.340623 -0.723861 114
    endloop
  endfacet
  facet normal -0.51527 -0.811948 0.274293
    outer loop
      vertex -0.509938 -0.61641 114
      vertex -1.24298 -1.5025 110
      vertex -0.830269 -1.76441 110
    endloop
  endfacet
  facet normal 0.409449 -0.870123 0.274293
    outer loop
      vertex 1.04486 -1.64644 110
      vertex 0.247213 -0.760845 114
      vertex 0.602583 -1.85456 110
    endloop
  endfacet
  facet normal 0.894115 -0.354007 0.274294
    outer loop
      vertex 1.88874 -0.484944 110
      vertex 0.701045 -0.385403 114
      vertex 1.7088 -0.939419 110
    endloop
  endfacet
  facet normal 0.180194 0.944613 0.274293
    outer loop
      vertex 0.122441 1.94615 110
      vertex 0.0502319 0.798421 114
      vertex 0.247213 0.760845 114
    endloop
  endfacet
  facet normal -0.06038 0.959749 0.274293
    outer loop
      vertex 0.122441 1.94615 110
      vertex -0.149904 0.78583 114
      vertex 0.0502319 0.798421 114
    endloop
  endfacet
  facet normal -0.515277 0.811944 0.274293
    outer loop
      vertex -0.340623 0.723861 114
      vertex -0.830269 1.76441 110
      vertex -0.509938 0.61641 114
    endloop
  endfacet
  facet normal -0.842697 -0.463277 0.274293
    outer loop
      vertex -0.743821 -0.294499 114
      vertex -1.57758 -1.14618 110
      vertex -0.647213 -0.470228 114
    endloop
  endfacet
  facet normal -0.701017 -0.658285 0.274293
    outer loop
      vertex -0.647213 -0.470228 114
      vertex -1.57758 -1.14618 110
      vertex -1.24298 -1.5025 110
    endloop
  endfacet
  facet normal -0.297168 -0.914579 0.274293
    outer loop
      vertex -0.340623 -0.723861 114
      vertex -0.830269 -1.76441 110
      vertex -0.149904 -0.78583 114
    endloop
  endfacet
  facet normal 0.409449 -0.870123 0.274293
    outer loop
      vertex 0.428661 -0.675462 114
      vertex 0.247213 -0.760845 114
      vertex 1.04486 -1.64644 110
    endloop
  endfacet
  facet normal 0.61297 -0.740966 0.274293
    outer loop
      vertex 1.42149 -1.33487 110
      vertex 0.428661 -0.675462 114
      vertex 1.04486 -1.64644 110
    endloop
  endfacet
  facet normal 0.954064 -0.120521 0.274294
    outer loop
      vertex 1.95 0 110
      vertex 0.774866 -0.198952 114
      vertex 1.88874 -0.484944 110
    endloop
  endfacet
  facet normal 0.954063 -0.120524 0.274293
    outer loop
      vertex 0.799999 0 114
      vertex 0.774866 -0.198952 114
      vertex 1.95 0 110
    endloop
  endfacet
  facet normal 0.853303 0.521415 0
    outer loop
      vertex 18.3911 2.39127 4
      vertex 18.1312 2.8166 0
      vertex 18.1312 2.8166 4
    endloop
  endfacet
  facet normal 0.853303 0.521415 0
    outer loop
      vertex 18.1312 2.8166 0
      vertex 18.3911 2.39127 4
      vertex 18.3911 2.39127 0
    endloop
  endfacet
  facet normal 0.318484 0.947928 -0
    outer loop
      vertex 15.8267 4.65437 0
      vertex 15.3542 4.81312 4
      vertex 15.8267 4.65437 4
    endloop
  endfacet
  facet normal 0.318484 0.947928 0
    outer loop
      vertex 15.3542 4.81312 4
      vertex 15.8267 4.65437 0
      vertex 15.3542 4.81312 0
    endloop
  endfacet
  facet normal -0.456178 0.889888 0
    outer loop
      vertex 11.9436 4.55753 0
      vertex 11.5 4.33013 4
      vertex 11.9436 4.55753 4
    endloop
  endfacet
  facet normal -0.456178 0.889888 0
    outer loop
      vertex 11.5 4.33013 4
      vertex 11.9436 4.55753 0
      vertex 11.5 4.33013 0
    endloop
  endfacet
  facet normal -0.921476 0.388435 0
    outer loop
      vertex 9.30154 1.7101 0
      vertex 9.49516 2.16942 4
      vertex 9.49516 2.16942 0
    endloop
  endfacet
  facet normal -0.921476 0.388435 0
    outer loop
      vertex 9.49516 2.16942 4
      vertex 9.30154 1.7101 0
      vertex 9.30154 1.7101 4
    endloop
  endfacet
  facet normal 0.998762 -0.0497536 0
    outer loop
      vertex 18.9752 -0.497839 4
      vertex 19 0 0
      vertex 19 0 4
    endloop
  endfacet
  facet normal 0.998762 -0.0497536 0
    outer loop
      vertex 19 0 0
      vertex 18.9752 -0.497839 4
      vertex 18.9752 -0.497839 0
    endloop
  endfacet
  facet normal 0.0249371 0.999689 -0
    outer loop
      vertex 14.3736 4.98602 0
      vertex 13.8753 4.99845 4
      vertex 14.3736 4.98602 4
    endloop
  endfacet
  facet normal 0.0249371 0.999689 0
    outer loop
      vertex 13.8753 4.99845 4
      vertex 14.3736 4.98602 0
      vertex 13.8753 4.99845 0
    endloop
  endfacet
  facet normal 0.500069 0.865986 -0
    outer loop
      vertex 16.7127 4.20013 0
      vertex 16.2811 4.44936 4
      vertex 16.7127 4.20013 4
    endloop
  endfacet
  facet normal 0.500069 0.865986 0
    outer loop
      vertex 16.2811 4.44936 4
      vertex 16.7127 4.20013 0
      vertex 16.2811 4.44936 0
    endloop
  endfacet
  facet normal -0.995031 0.0995667 0
    outer loop
      vertex 9.00622 0.249228 0
      vertex 9.05585 0.745211 4
      vertex 9.05585 0.745211 0
    endloop
  endfacet
  facet normal -0.995031 0.0995667 0
    outer loop
      vertex 9.05585 0.745211 4
      vertex 9.00622 0.249228 0
      vertex 9.00622 0.249228 4
    endloop
  endfacet
  facet normal -0.826274 0.563268 0
    outer loop
      vertex 9.73355 2.60718 0
      vertex 10.0143 3.01902 4
      vertex 10.0143 3.01902 0
    endloop
  endfacet
  facet normal -0.826274 0.563268 0
    outer loop
      vertex 10.0143 3.01902 4
      vertex 9.73355 2.60718 0
      vertex 9.73355 2.60718 4
    endloop
  endfacet
  facet normal -0.27085 0.962622 0
    outer loop
      vertex 12.8874 4.87464 0
      vertex 12.4076 4.73964 4
      vertex 12.8874 4.87464 4
    endloop
  endfacet
  facet normal -0.27085 0.962622 0
    outer loop
      vertex 12.4076 4.73964 4
      vertex 12.8874 4.87464 0
      vertex 12.4076 4.73964 0
    endloop
  endfacet
  facet normal 0.500069 -0.865986 0
    outer loop
      vertex 16.2811 -4.44936 0
      vertex 16.7127 -4.20013 4
      vertex 16.2811 -4.44936 4
    endloop
  endfacet
  facet normal 0.500069 -0.865986 0
    outer loop
      vertex 16.7127 -4.20013 4
      vertex 16.2811 -4.44936 0
      vertex 16.7127 -4.20013 0
    endloop
  endfacet
  facet normal 0.988828 0.149059 0
    outer loop
      vertex 18.9752 0.497839 4
      vertex 18.9009 0.99073 0
      vertex 18.9009 0.99073 4
    endloop
  endfacet
  facet normal 0.988828 0.149059 0
    outer loop
      vertex 18.9009 0.99073 0
      vertex 18.9752 0.497839 4
      vertex 18.9752 0.497839 0
    endloop
  endfacet
  facet normal 0.797107 0.603838 0
    outer loop
      vertex 18.1312 2.8166 4
      vertex 17.8302 3.21394 0
      vertex 17.8302 3.21394 4
    endloop
  endfacet
  facet normal 0.797107 0.603838 0
    outer loop
      vertex 17.8302 3.21394 0
      vertex 18.1312 2.8166 4
      vertex 18.1312 2.8166 0
    endloop
  endfacet
  facet normal 0.661629 0.749831 -0
    outer loop
      vertex 17.4912 3.57933 0
      vertex 17.1174 3.90916 4
      vertex 17.4912 3.57933 4
    endloop
  endfacet
  facet normal 0.661629 0.749831 0
    outer loop
      vertex 17.1174 3.90916 4
      vertex 17.4912 3.57933 0
      vertex 17.1174 3.90916 0
    endloop
  endfacet
  facet normal -0.0747401 0.997203 0
    outer loop
      vertex 13.8753 4.99845 0
      vertex 13.3783 4.9612 4
      vertex 13.8753 4.99845 4
    endloop
  endfacet
  facet normal -0.0747401 0.997203 0
    outer loop
      vertex 13.3783 4.9612 4
      vertex 13.8753 4.99845 0
      vertex 13.3783 4.9612 0
    endloop
  endfacet
  facet normal 0.222509 0.974931 -0
    outer loop
      vertex 15.3542 4.81312 0
      vertex 14.8682 4.92404 4
      vertex 15.3542 4.81312 4
    endloop
  endfacet
  facet normal 0.222509 0.974931 0
    outer loop
      vertex 14.8682 4.92404 4
      vertex 15.3542 4.81312 0
      vertex 14.8682 4.92404 0
    endloop
  endfacet
  facet normal 0.124341 0.99224 -0
    outer loop
      vertex 14.8682 4.92404 0
      vertex 14.3736 4.98602 4
      vertex 14.8682 4.92404 4
    endloop
  endfacet
  facet normal 0.124341 0.99224 0
    outer loop
      vertex 14.3736 4.98602 4
      vertex 14.8682 4.92404 0
      vertex 14.3736 4.98602 0
    endloop
  endfacet
  facet normal 0.411249 0.911523 -0
    outer loop
      vertex 16.2811 4.44936 0
      vertex 15.8267 4.65437 4
      vertex 16.2811 4.44936 4
    endloop
  endfacet
  facet normal 0.411249 0.911523 0
    outer loop
      vertex 15.8267 4.65437 4
      vertex 16.2811 4.44936 0
      vertex 15.8267 4.65437 0
    endloop
  endfacet
  facet normal 0.583758 0.811928 -0
    outer loop
      vertex 17.1174 3.90916 0
      vertex 16.7127 4.20013 4
      vertex 17.1174 3.90916 4
    endloop
  endfacet
  facet normal 0.583758 0.811928 0
    outer loop
      vertex 16.7127 4.20013 4
      vertex 17.1174 3.90916 0
      vertex 16.7127 4.20013 0
    endloop
  endfacet
  facet normal -1 0 0
    outer loop
      vertex 9.00622 -0.249228 0
      vertex 9.00622 0.249228 4
      vertex 9.00622 0.249228 0
    endloop
  endfacet
  facet normal -1 -0 0
    outer loop
      vertex 9.00622 0.249228 4
      vertex 9.00622 -0.249228 0
      vertex 9.00622 -0.249228 4
    endloop
  endfacet
  facet normal 0 0 1
    outer loop
      vertex 15.9 0 4
      vertex 19 0 4
      vertex 18.9752 0.497839 4
    endloop
  endfacet
  facet normal 0 0 1
    outer loop
      vertex 15.8353 0.491755 4
      vertex 18.9752 0.497839 4
      vertex 18.9009 0.99073 4
    endloop
  endfacet
  facet normal 0 0 1
    outer loop
      vertex 19 0 4
      vertex 15.9 0 4
      vertex 18.9752 -0.497839 4
    endloop
  endfacet
  facet normal 0 0 1
    outer loop
      vertex 15.8353 0.491755 4
      vertex 18.9009 0.99073 4
      vertex 18.7779 1.47378 4
    endloop
  endfacet
  facet normal -0 0 1
    outer loop
      vertex 15.8353 -0.491755 4
      vertex 18.9752 -0.497839 4
      vertex 15.9 0 4
    endloop
  endfacet
  facet normal 0 0 1
    outer loop
      vertex 15.8353 0.491755 4
      vertex 18.7779 1.47378 4
      vertex 18.6074 1.94217 4
    endloop
  endfacet
  facet normal 0 0 1
    outer loop
      vertex 18.9752 -0.497839 4
      vertex 15.8353 -0.491755 4
      vertex 18.9009 -0.99073 4
    endloop
  endfacet
  facet normal 0 0 1
    outer loop
      vertex 15.6454 0.95 4
      vertex 18.6074 1.94217 4
      vertex 18.3911 2.39127 4
    endloop
  endfacet
  facet normal 0 0 1
    outer loop
      vertex 18.9009 -0.99073 4
      vertex 15.8353 -0.491755 4
      vertex 18.7779 -1.47378 4
    endloop
  endfacet
  facet normal 0 0 1
    outer loop
      vertex 15.6454 0.95 4
      vertex 18.3911 2.39127 4
      vertex 18.1312 2.8166 4
    endloop
  endfacet
  facet normal 0 0 1
    outer loop
      vertex 18.7779 -1.47378 4
      vertex 15.8353 -0.491755 4
      vertex 18.6074 -1.94217 4
    endloop
  endfacet
  facet normal 0 0 1
    outer loop
      vertex 15.6454 0.95 4
      vertex 18.1312 2.8166 4
      vertex 17.8302 3.21394 4
    endloop
  endfacet
  facet normal -0 0 1
    outer loop
      vertex 15.6454 -0.95 4
      vertex 18.6074 -1.94217 4
      vertex 15.8353 -0.491755 4
    endloop
  endfacet
  facet normal 0 0 1
    outer loop
      vertex 15.3435 1.3435 4
      vertex 17.8302 3.21394 4
      vertex 17.4912 3.57933 4
    endloop
  endfacet
  facet normal 0 0 1
    outer loop
      vertex 18.6074 -1.94217 4
      vertex 15.6454 -0.95 4
      vertex 18.3911 -2.39127 4
    endloop
  endfacet
  facet normal 0 0 1
    outer loop
      vertex 15.3435 1.3435 4
      vertex 17.4912 3.57933 4
      vertex 17.1174 3.90916 4
    endloop
  endfacet
  facet normal 0 0 1
    outer loop
      vertex 18.3911 -2.39127 4
      vertex 15.6454 -0.95 4
      vertex 18.1312 -2.8166 4
    endloop
  endfacet
  facet normal 0 0 1
    outer loop
      vertex 14.95 1.64545 4
      vertex 17.1174 3.90916 4
      vertex 16.7127 4.20013 4
    endloop
  endfacet
  facet normal 0 0 1
    outer loop
      vertex 18.1312 -2.8166 4
      vertex 15.6454 -0.95 4
      vertex 17.8302 -3.21394 4
    endloop
  endfacet
  facet normal 0 0 1
    outer loop
      vertex 14.95 1.64545 4
      vertex 16.7127 4.20013 4
      vertex 16.2811 4.44936 4
    endloop
  endfacet
  facet normal -0 0 1
    outer loop
      vertex 15.3435 -1.3435 4
      vertex 17.8302 -3.21394 4
      vertex 15.6454 -0.95 4
    endloop
  endfacet
  facet normal 0 0 1
    outer loop
      vertex 17.8302 -3.21394 4
      vertex 15.3435 -1.3435 4
      vertex 17.4912 -3.57933 4
    endloop
  endfacet
  facet normal 0 0 1
    outer loop
      vertex 18.9752 0.497839 4
      vertex 15.8353 0.491755 4
      vertex 15.9 0 4
    endloop
  endfacet
  facet normal 0 0 1
    outer loop
      vertex 14.95 1.64545 4
      vertex 16.2811 4.44936 4
      vertex 15.8267 4.65437 4
    endloop
  endfacet
  facet normal 0 0 1
    outer loop
      vertex 18.6074 1.94217 4
      vertex 15.6454 0.95 4
      vertex 15.8353 0.491755 4
    endloop
  endfacet
  facet normal 0 0 1
    outer loop
      vertex 14.4918 1.83526 4
      vertex 15.8267 4.65437 4
      vertex 15.3542 4.81312 4
    endloop
  endfacet
  facet normal 0 0 1
    outer loop
      vertex 17.8302 3.21394 4
      vertex 15.3435 1.3435 4
      vertex 15.6454 0.95 4
    endloop
  endfacet
  facet normal 0 0 1
    outer loop
      vertex 17.1174 3.90916 4
      vertex 14.95 1.64545 4
      vertex 15.3435 1.3435 4
    endloop
  endfacet
  facet normal 0 0 1
    outer loop
      vertex 14.4918 1.83526 4
      vertex 15.3542 4.81312 4
      vertex 14.8682 4.92404 4
    endloop
  endfacet
  facet normal 0 0 1
    outer loop
      vertex 15.8267 4.65437 4
      vertex 14.4918 1.83526 4
      vertex 14.95 1.64545 4
    endloop
  endfacet
  facet normal 0 0 1
    outer loop
      vertex 14 1.9 4
      vertex 14.8682 4.92404 4
      vertex 14.3736 4.98602 4
    endloop
  endfacet
  facet normal 0 0 1
    outer loop
      vertex 14.8682 4.92404 4
      vertex 14 1.9 4
      vertex 14.4918 1.83526 4
    endloop
  endfacet
  facet normal 0 0 1
    outer loop
      vertex 13.8753 4.99845 4
      vertex 14 1.9 4
      vertex 14.3736 4.98602 4
    endloop
  endfacet
  facet normal -0 0 1
    outer loop
      vertex 13.3783 4.9612 4
      vertex 14 1.9 4
      vertex 13.8753 4.99845 4
    endloop
  endfacet
  facet normal 0 0 1
    outer loop
      vertex 14 1.9 4
      vertex 13.3783 4.9612 4
      vertex 13.5082 1.83526 4
    endloop
  endfacet
  facet normal -0 0 1
    outer loop
      vertex 12.8874 4.87464 4
      vertex 13.5082 1.83526 4
      vertex 13.3783 4.9612 4
    endloop
  endfacet
  facet normal -0 0 1
    outer loop
      vertex 12.4076 4.73964 4
      vertex 13.5082 1.83526 4
      vertex 12.8874 4.87464 4
    endloop
  endfacet
  facet normal -0 0 1
    outer loop
      vertex 11.9436 4.55753 4
      vertex 13.5082 1.83526 4
      vertex 12.4076 4.73964 4
    endloop
  endfacet
  facet normal 0 0 1
    outer loop
      vertex 13.5082 1.83526 4
      vertex 11.9436 4.55753 4
      vertex 13.05 1.64545 4
    endloop
  endfacet
  facet normal -0 0 1
    outer loop
      vertex 11.5 4.33013 4
      vertex 13.05 1.64545 4
      vertex 11.9436 4.55753 4
    endloop
  endfacet
  facet normal -0 0 1
    outer loop
      vertex 11.0813 4.05969 4
      vertex 13.05 1.64545 4
      vertex 11.5 4.33013 4
    endloop
  endfacet
  facet normal 0 0 1
    outer loop
      vertex 13.05 1.64545 4
      vertex 11.0813 4.05969 4
      vertex 12.6565 1.3435 4
    endloop
  endfacet
  facet normal -0 0 1
    outer loop
      vertex 10.6916 3.74891 4
      vertex 12.6565 1.3435 4
      vertex 11.0813 4.05969 4
    endloop
  endfacet
  facet normal 0 0 1
    outer loop
      vertex 17.4912 -3.57933 4
      vertex 15.3435 -1.3435 4
      vertex 17.1174 -3.90916 4
    endloop
  endfacet
  facet normal -0 0 1
    outer loop
      vertex 14.95 -1.64545 4
      vertex 17.1174 -3.90916 4
      vertex 15.3435 -1.3435 4
    endloop
  endfacet
  facet normal 0 0 1
    outer loop
      vertex 17.1174 -3.90916 4
      vertex 14.95 -1.64545 4
      vertex 16.7127 -4.20013 4
    endloop
  endfacet
  facet normal 0 0 1
    outer loop
      vertex 16.7127 -4.20013 4
      vertex 14.95 -1.64545 4
      vertex 16.2811 -4.44936 4
    endloop
  endfacet
  facet normal 0 0 1
    outer loop
      vertex 16.2811 -4.44936 4
      vertex 14.95 -1.64545 4
      vertex 15.8267 -4.65437 4
    endloop
  endfacet
  facet normal -0 0 1
    outer loop
      vertex 14.4918 -1.83526 4
      vertex 15.8267 -4.65437 4
      vertex 14.95 -1.64545 4
    endloop
  endfacet
  facet normal 0 0 1
    outer loop
      vertex 15.8267 -4.65437 4
      vertex 14.4918 -1.83526 4
      vertex 15.3542 -4.81312 4
    endloop
  endfacet
  facet normal 0 0 1
    outer loop
      vertex 15.3542 -4.81312 4
      vertex 14.4918 -1.83526 4
      vertex 14.8682 -4.92404 4
    endloop
  endfacet
  facet normal -0 0 1
    outer loop
      vertex 14 -1.9 4
      vertex 14.8682 -4.92404 4
      vertex 14.4918 -1.83526 4
    endloop
  endfacet
  facet normal 0 0 1
    outer loop
      vertex 14.8682 -4.92404 4
      vertex 14 -1.9 4
      vertex 14.3736 -4.98602 4
    endloop
  endfacet
  facet normal 0 0 1
    outer loop
      vertex 14 -1.9 4
      vertex 13.8753 -4.99845 4
      vertex 14.3736 -4.98602 4
    endloop
  endfacet
  facet normal 0 0 1
    outer loop
      vertex 13.3783 -4.9612 4
      vertex 14 -1.9 4
      vertex 13.5082 -1.83526 4
    endloop
  endfacet
  facet normal 0 0 1
    outer loop
      vertex 14 -1.9 4
      vertex 13.3783 -4.9612 4
      vertex 13.8753 -4.99845 4
    endloop
  endfacet
  facet normal 0 0 1
    outer loop
      vertex 11.9436 -4.55753 4
      vertex 13.5082 -1.83526 4
      vertex 13.05 -1.64545 4
    endloop
  endfacet
  facet normal 0 0 1
    outer loop
      vertex 13.5082 -1.83526 4
      vertex 12.8874 -4.87464 4
      vertex 13.3783 -4.9612 4
    endloop
  endfacet
  facet normal 0 0 1
    outer loop
      vertex 11.0813 -4.05969 4
      vertex 13.05 -1.64545 4
      vertex 12.6565 -1.3435 4
    endloop
  endfacet
  facet normal 0 0 1
    outer loop
      vertex 13.5082 -1.83526 4
      vertex 12.4076 -4.73964 4
      vertex 12.8874 -4.87464 4
    endloop
  endfacet
  facet normal 0 0 1
    outer loop
      vertex 10.0143 -3.01902 4
      vertex 12.6565 -1.3435 4
      vertex 12.3546 -0.95 4
    endloop
  endfacet
  facet normal 0 0 1
    outer loop
      vertex 9.30154 -1.7101 4
      vertex 12.3546 -0.95 4
      vertex 12.1647 -0.491755 4
    endloop
  endfacet
  facet normal 0 0 1
    outer loop
      vertex 9.05585 -0.745211 4
      vertex 12.1647 -0.491755 4
      vertex 12.1 0 4
    endloop
  endfacet
  facet normal 0 0 1
    outer loop
      vertex 13.5082 -1.83526 4
      vertex 11.9436 -4.55753 4
      vertex 12.4076 -4.73964 4
    endloop
  endfacet
  facet normal -0 0 1
    outer loop
      vertex 10.3347 3.40086 4
      vertex 12.6565 1.3435 4
      vertex 10.6916 3.74891 4
    endloop
  endfacet
  facet normal -0 0 1
    outer loop
      vertex 10.0143 3.01902 4
      vertex 12.6565 1.3435 4
      vertex 10.3347 3.40086 4
    endloop
  endfacet
  facet normal 0 0 1
    outer loop
      vertex 13.05 -1.64545 4
      vertex 11.5 -4.33013 4
      vertex 11.9436 -4.55753 4
    endloop
  endfacet
  facet normal 0 0 1
    outer loop
      vertex 12.6565 1.3435 4
      vertex 10.0143 3.01902 4
      vertex 12.3546 0.95 4
    endloop
  endfacet
  facet normal 0 0 1
    outer loop
      vertex 13.05 -1.64545 4
      vertex 11.0813 -4.05969 4
      vertex 11.5 -4.33013 4
    endloop
  endfacet
  facet normal -0 0 1
    outer loop
      vertex 9.73355 2.60718 4
      vertex 12.3546 0.95 4
      vertex 10.0143 3.01902 4
    endloop
  endfacet
  facet normal 0 0 1
    outer loop
      vertex 12.6565 -1.3435 4
      vertex 10.6916 -3.74891 4
      vertex 11.0813 -4.05969 4
    endloop
  endfacet
  facet normal -0 0 1
    outer loop
      vertex 9.49516 2.16942 4
      vertex 12.3546 0.95 4
      vertex 9.73355 2.60718 4
    endloop
  endfacet
  facet normal 0 0 1
    outer loop
      vertex 12.6565 -1.3435 4
      vertex 10.3347 -3.40086 4
      vertex 10.6916 -3.74891 4
    endloop
  endfacet
  facet normal -0 0 1
    outer loop
      vertex 9.30154 1.7101 4
      vertex 12.3546 0.95 4
      vertex 9.49516 2.16942 4
    endloop
  endfacet
  facet normal 0 0 1
    outer loop
      vertex 12.6565 -1.3435 4
      vertex 10.0143 -3.01902 4
      vertex 10.3347 -3.40086 4
    endloop
  endfacet
  facet normal 0 0 1
    outer loop
      vertex 12.3546 0.95 4
      vertex 9.30154 1.7101 4
      vertex 12.1647 0.491755 4
    endloop
  endfacet
  facet normal 0 0 1
    outer loop
      vertex 12.3546 -0.95 4
      vertex 9.73355 -2.60718 4
      vertex 10.0143 -3.01902 4
    endloop
  endfacet
  facet normal -0 0 1
    outer loop
      vertex 9.15461 1.23379 4
      vertex 12.1647 0.491755 4
      vertex 9.30154 1.7101 4
    endloop
  endfacet
  facet normal 0 0 1
    outer loop
      vertex 12.3546 -0.95 4
      vertex 9.49516 -2.16942 4
      vertex 9.73355 -2.60718 4
    endloop
  endfacet
  facet normal -0 0 1
    outer loop
      vertex 9.05585 0.745211 4
      vertex 12.1647 0.491755 4
      vertex 9.15461 1.23379 4
    endloop
  endfacet
  facet normal 0 0 1
    outer loop
      vertex 12.3546 -0.95 4
      vertex 9.30154 -1.7101 4
      vertex 9.49516 -2.16942 4
    endloop
  endfacet
  facet normal 0 0 1
    outer loop
      vertex 12.1647 0.491755 4
      vertex 9.05585 0.745211 4
      vertex 12.1 0 4
    endloop
  endfacet
  facet normal 0 0 1
    outer loop
      vertex 12.1647 -0.491755 4
      vertex 9.15461 -1.23379 4
      vertex 9.30154 -1.7101 4
    endloop
  endfacet
  facet normal -0 0 1
    outer loop
      vertex 9.00622 0.249228 4
      vertex 12.1 0 4
      vertex 9.05585 0.745211 4
    endloop
  endfacet
  facet normal 0 0 1
    outer loop
      vertex 12.1647 -0.491755 4
      vertex 9.05585 -0.745211 4
      vertex 9.15461 -1.23379 4
    endloop
  endfacet
  facet normal 0 0 1
    outer loop
      vertex 9.00622 -0.249228 4
      vertex 12.1 0 4
      vertex 9.00622 0.249228 4
    endloop
  endfacet
  facet normal 0 0 1
    outer loop
      vertex 12.1 0 4
      vertex 9.00622 -0.249228 4
      vertex 9.05585 -0.745211 4
    endloop
  endfacet
  facet normal -0.955568 0.29477 0
    outer loop
      vertex 9.15461 1.23379 0
      vertex 9.30154 1.7101 4
      vertex 9.30154 1.7101 0
    endloop
  endfacet
  facet normal -0.955568 0.29477 0
    outer loop
      vertex 9.30154 1.7101 4
      vertex 9.15461 1.23379 0
      vertex 9.15461 1.23379 4
    endloop
  endfacet
  facet normal -0.980176 0.19813 0
    outer loop
      vertex 9.05585 0.745211 0
      vertex 9.15461 1.23379 4
      vertex 9.15461 1.23379 0
    endloop
  endfacet
  facet normal -0.980176 0.19813 0
    outer loop
      vertex 9.15461 1.23379 4
      vertex 9.05585 0.745211 0
      vertex 9.05585 0.745211 4
    endloop
  endfacet
  facet normal -0.878223 0.478252 0
    outer loop
      vertex 9.49516 2.16942 0
      vertex 9.73355 2.60718 4
      vertex 9.73355 2.60718 0
    endloop
  endfacet
  facet normal -0.878223 0.478252 0
    outer loop
      vertex 9.73355 2.60718 4
      vertex 9.49516 2.16942 0
      vertex 9.49516 2.16942 4
    endloop
  endfacet
  facet normal -0.365347 0.930871 0
    outer loop
      vertex 12.4076 4.73964 0
      vertex 11.9436 4.55753 4
      vertex 12.4076 4.73964 4
    endloop
  endfacet
  facet normal -0.365347 0.930871 0
    outer loop
      vertex 11.9436 4.55753 4
      vertex 12.4076 4.73964 0
      vertex 11.9436 4.55753 0
    endloop
  endfacet
  facet normal -0.17365 0.984807 0
    outer loop
      vertex 13.3783 4.9612 0
      vertex 12.8874 4.87464 4
      vertex 13.3783 4.9612 4
    endloop
  endfacet
  facet normal -0.17365 0.984807 0
    outer loop
      vertex 12.8874 4.87464 4
      vertex 13.3783 4.9612 0
      vertex 12.8874 4.87464 0
    endloop
  endfacet
  facet normal -0.623495 0.781827 0
    outer loop
      vertex 11.0813 4.05969 0
      vertex 10.6916 3.74891 4
      vertex 11.0813 4.05969 4
    endloop
  endfacet
  facet normal -0.623495 0.781827 0
    outer loop
      vertex 10.6916 3.74891 4
      vertex 11.0813 4.05969 0
      vertex 10.6916 3.74891 0
    endloop
  endfacet
  facet normal -0.698175 0.715927 0
    outer loop
      vertex 10.6916 3.74891 0
      vertex 10.3347 3.40086 4
      vertex 10.6916 3.74891 4
    endloop
  endfacet
  facet normal -0.698175 0.715927 0
    outer loop
      vertex 10.3347 3.40086 4
      vertex 10.6916 3.74891 0
      vertex 10.3347 3.40086 0
    endloop
  endfacet
  facet normal -0.542567 0.840012 0
    outer loop
      vertex 11.5 4.33013 0
      vertex 11.0813 4.05969 4
      vertex 11.5 4.33013 4
    endloop
  endfacet
  facet normal -0.542567 0.840012 0
    outer loop
      vertex 11.0813 4.05969 4
      vertex 11.5 4.33013 0
      vertex 11.0813 4.05969 0
    endloop
  endfacet
  facet normal -0.766046 0.642785 0
    outer loop
      vertex 10.0143 3.01902 0
      vertex 10.3347 3.40086 4
      vertex 10.3347 3.40086 0
    endloop
  endfacet
  facet normal -0.766046 0.642785 0
    outer loop
      vertex 10.3347 3.40086 4
      vertex 10.0143 3.01902 0
      vertex 10.0143 3.01902 4
    endloop
  endfacet
  facet normal 0.998762 0.0497536 0
    outer loop
      vertex 19 0 4
      vertex 18.9752 0.497839 0
      vertex 18.9752 0.497839 4
    endloop
  endfacet
  facet normal 0.998762 0.0497536 0
    outer loop
      vertex 18.9752 0.497839 0
      vertex 19 0 4
      vertex 19 0 0
    endloop
  endfacet
  facet normal 0.969077 -0.246758 0
    outer loop
      vertex 18.7779 -1.47378 4
      vertex 18.9009 -0.99073 0
      vertex 18.9009 -0.99073 4
    endloop
  endfacet
  facet normal 0.969077 -0.246758 0
    outer loop
      vertex 18.9009 -0.99073 0
      vertex 18.7779 -1.47378 4
      vertex 18.7779 -1.47378 0
    endloop
  endfacet
  facet normal -0.878223 -0.478252 0
    outer loop
      vertex 9.73355 -2.60718 0
      vertex 9.49516 -2.16942 4
      vertex 9.49516 -2.16942 0
    endloop
  endfacet
  facet normal -0.878223 -0.478252 0
    outer loop
      vertex 9.49516 -2.16942 4
      vertex 9.73355 -2.60718 0
      vertex 9.73355 -2.60718 4
    endloop
  endfacet
  facet normal 0.124341 -0.99224 0
    outer loop
      vertex 14.3736 -4.98602 0
      vertex 14.8682 -4.92404 4
      vertex 14.3736 -4.98602 4
    endloop
  endfacet
  facet normal 0.124341 -0.99224 0
    outer loop
      vertex 14.8682 -4.92404 4
      vertex 14.3736 -4.98602 0
      vertex 14.8682 -4.92404 0
    endloop
  endfacet
  facet normal 0.222509 -0.974931 0
    outer loop
      vertex 14.8682 -4.92404 0
      vertex 15.3542 -4.81312 4
      vertex 14.8682 -4.92404 4
    endloop
  endfacet
  facet normal 0.222509 -0.974931 0
    outer loop
      vertex 15.3542 -4.81312 4
      vertex 14.8682 -4.92404 0
      vertex 15.3542 -4.81312 0
    endloop
  endfacet
  facet normal 0.900949 0.433924 0
    outer loop
      vertex 18.6074 1.94217 4
      vertex 18.3911 2.39127 0
      vertex 18.3911 2.39127 4
    endloop
  endfacet
  facet normal 0.900949 0.433924 0
    outer loop
      vertex 18.3911 2.39127 0
      vertex 18.6074 1.94217 4
      vertex 18.6074 1.94217 0
    endloop
  endfacet
  facet normal 0.93968 0.342056 0
    outer loop
      vertex 18.7779 1.47378 4
      vertex 18.6074 1.94217 0
      vertex 18.6074 1.94217 4
    endloop
  endfacet
  facet normal 0.93968 0.342056 0
    outer loop
      vertex 18.6074 1.94217 0
      vertex 18.7779 1.47378 4
      vertex 18.7779 1.47378 0
    endloop
  endfacet
  facet normal 0.969077 0.246758 0
    outer loop
      vertex 18.9009 0.99073 4
      vertex 18.7779 1.47378 0
      vertex 18.7779 1.47378 4
    endloop
  endfacet
  facet normal 0.969077 0.246758 0
    outer loop
      vertex 18.7779 1.47378 0
      vertex 18.9009 0.99073 4
      vertex 18.9009 0.99073 0
    endloop
  endfacet
  facet normal 0.733084 0.680138 0
    outer loop
      vertex 17.8302 3.21394 4
      vertex 17.4912 3.57933 0
      vertex 17.4912 3.57933 4
    endloop
  endfacet
  facet normal 0.733084 0.680138 0
    outer loop
      vertex 17.4912 3.57933 0
      vertex 17.8302 3.21394 4
      vertex 17.8302 3.21394 0
    endloop
  endfacet
  facet normal 0.797107 -0.603838 0
    outer loop
      vertex 17.8302 -3.21394 4
      vertex 18.1312 -2.8166 0
      vertex 18.1312 -2.8166 4
    endloop
  endfacet
  facet normal 0.797107 -0.603838 0
    outer loop
      vertex 18.1312 -2.8166 0
      vertex 17.8302 -3.21394 4
      vertex 17.8302 -3.21394 0
    endloop
  endfacet
  facet normal 0.900949 -0.433924 0
    outer loop
      vertex 18.3911 -2.39127 4
      vertex 18.6074 -1.94217 0
      vertex 18.6074 -1.94217 4
    endloop
  endfacet
  facet normal 0.900949 -0.433924 0
    outer loop
      vertex 18.6074 -1.94217 0
      vertex 18.3911 -2.39127 4
      vertex 18.3911 -2.39127 0
    endloop
  endfacet
  facet normal -0.995031 -0.0995667 0
    outer loop
      vertex 9.05585 -0.745211 0
      vertex 9.00622 -0.249228 4
      vertex 9.00622 -0.249228 0
    endloop
  endfacet
  facet normal -0.995031 -0.0995667 0
    outer loop
      vertex 9.00622 -0.249228 4
      vertex 9.05585 -0.745211 0
      vertex 9.05585 -0.745211 4
    endloop
  endfacet
  facet normal -0.955568 -0.29477 0
    outer loop
      vertex 9.30154 -1.7101 0
      vertex 9.15461 -1.23379 4
      vertex 9.15461 -1.23379 0
    endloop
  endfacet
  facet normal -0.955568 -0.29477 0
    outer loop
      vertex 9.15461 -1.23379 4
      vertex 9.30154 -1.7101 0
      vertex 9.30154 -1.7101 4
    endloop
  endfacet
  facet normal 0.411249 -0.911523 0
    outer loop
      vertex 15.8267 -4.65437 0
      vertex 16.2811 -4.44936 4
      vertex 15.8267 -4.65437 4
    endloop
  endfacet
  facet normal 0.411249 -0.911523 0
    outer loop
      vertex 16.2811 -4.44936 4
      vertex 15.8267 -4.65437 0
      vertex 16.2811 -4.44936 0
    endloop
  endfacet
  facet normal 0.988828 -0.149059 0
    outer loop
      vertex 18.9009 -0.99073 4
      vertex 18.9752 -0.497839 0
      vertex 18.9752 -0.497839 4
    endloop
  endfacet
  facet normal 0.988828 -0.149059 0
    outer loop
      vertex 18.9752 -0.497839 0
      vertex 18.9009 -0.99073 4
      vertex 18.9009 -0.99073 0
    endloop
  endfacet
  facet normal 0.661629 -0.749831 0
    outer loop
      vertex 17.1174 -3.90916 0
      vertex 17.4912 -3.57933 4
      vertex 17.1174 -3.90916 4
    endloop
  endfacet
  facet normal 0.661629 -0.749831 0
    outer loop
      vertex 17.4912 -3.57933 4
      vertex 17.1174 -3.90916 0
      vertex 17.4912 -3.57933 0
    endloop
  endfacet
  facet normal 0.93968 -0.342056 0
    outer loop
      vertex 18.6074 -1.94217 4
      vertex 18.7779 -1.47378 0
      vertex 18.7779 -1.47378 4
    endloop
  endfacet
  facet normal 0.93968 -0.342056 0
    outer loop
      vertex 18.7779 -1.47378 0
      vertex 18.6074 -1.94217 4
      vertex 18.6074 -1.94217 0
    endloop
  endfacet
  facet normal 0.853303 -0.521415 0
    outer loop
      vertex 18.1312 -2.8166 4
      vertex 18.3911 -2.39127 0
      vertex 18.3911 -2.39127 4
    endloop
  endfacet
  facet normal 0.853303 -0.521415 0
    outer loop
      vertex 18.3911 -2.39127 0
      vertex 18.1312 -2.8166 4
      vertex 18.1312 -2.8166 0
    endloop
  endfacet
  facet normal -0.456178 -0.889888 0
    outer loop
      vertex 11.5 -4.33013 0
      vertex 11.9436 -4.55753 4
      vertex 11.5 -4.33013 4
    endloop
  endfacet
  facet normal -0.456178 -0.889888 -0
    outer loop
      vertex 11.9436 -4.55753 4
      vertex 11.5 -4.33013 0
      vertex 11.9436 -4.55753 0
    endloop
  endfacet
  facet normal -0.0747401 -0.997203 0
    outer loop
      vertex 13.3783 -4.9612 0
      vertex 13.8753 -4.99845 4
      vertex 13.3783 -4.9612 4
    endloop
  endfacet
  facet normal -0.0747401 -0.997203 -0
    outer loop
      vertex 13.8753 -4.99845 4
      vertex 13.3783 -4.9612 0
      vertex 13.8753 -4.99845 0
    endloop
  endfacet
  facet normal 0.0249371 -0.999689 0
    outer loop
      vertex 13.8753 -4.99845 0
      vertex 14.3736 -4.98602 4
      vertex 13.8753 -4.99845 4
    endloop
  endfacet
  facet normal 0.0249371 -0.999689 0
    outer loop
      vertex 14.3736 -4.98602 4
      vertex 13.8753 -4.99845 0
      vertex 14.3736 -4.98602 0
    endloop
  endfacet
  facet normal -0.766046 -0.642785 0
    outer loop
      vertex 10.3347 -3.40086 0
      vertex 10.0143 -3.01902 4
      vertex 10.0143 -3.01902 0
    endloop
  endfacet
  facet normal -0.766046 -0.642785 0
    outer loop
      vertex 10.0143 -3.01902 4
      vertex 10.3347 -3.40086 0
      vertex 10.3347 -3.40086 4
    endloop
  endfacet
  facet normal -0.698175 -0.715927 0
    outer loop
      vertex 10.3347 -3.40086 0
      vertex 10.6916 -3.74891 4
      vertex 10.3347 -3.40086 4
    endloop
  endfacet
  facet normal -0.698175 -0.715927 -0
    outer loop
      vertex 10.6916 -3.74891 4
      vertex 10.3347 -3.40086 0
      vertex 10.6916 -3.74891 0
    endloop
  endfacet
  facet normal 0 0 -1
    outer loop
      vertex 15.9 0 0
      vertex 19 0 0
      vertex 18.9752 -0.497839 0
    endloop
  endfacet
  facet normal 0 0 -1
    outer loop
      vertex 15.8353 -0.491755 0
      vertex 18.9752 -0.497839 0
      vertex 18.9009 -0.99073 0
    endloop
  endfacet
  facet normal 0 0 -1
    outer loop
      vertex 19 0 0
      vertex 15.9 0 0
      vertex 18.9752 0.497839 0
    endloop
  endfacet
  facet normal 0 0 -1
    outer loop
      vertex 15.8353 -0.491755 0
      vertex 18.9009 -0.99073 0
      vertex 18.7779 -1.47378 0
    endloop
  endfacet
  facet normal 0 0 -1
    outer loop
      vertex 15.8353 0.491755 0
      vertex 18.9752 0.497839 0
      vertex 15.9 0 0
    endloop
  endfacet
  facet normal 0 0 -1
    outer loop
      vertex 15.8353 -0.491755 0
      vertex 18.7779 -1.47378 0
      vertex 18.6074 -1.94217 0
    endloop
  endfacet
  facet normal -0 0 -1
    outer loop
      vertex 18.9752 0.497839 0
      vertex 15.8353 0.491755 0
      vertex 18.9009 0.99073 0
    endloop
  endfacet
  facet normal 0 0 -1
    outer loop
      vertex 15.6454 -0.95 0
      vertex 18.6074 -1.94217 0
      vertex 18.3911 -2.39127 0
    endloop
  endfacet
  facet normal -0 0 -1
    outer loop
      vertex 18.9009 0.99073 0
      vertex 15.8353 0.491755 0
      vertex 18.7779 1.47378 0
    endloop
  endfacet
  facet normal 0 0 -1
    outer loop
      vertex 15.6454 -0.95 0
      vertex 18.3911 -2.39127 0
      vertex 18.1312 -2.8166 0
    endloop
  endfacet
  facet normal -0 0 -1
    outer loop
      vertex 18.7779 1.47378 0
      vertex 15.8353 0.491755 0
      vertex 18.6074 1.94217 0
    endloop
  endfacet
  facet normal 0 0 -1
    outer loop
      vertex 15.6454 -0.95 0
      vertex 18.1312 -2.8166 0
      vertex 17.8302 -3.21394 0
    endloop
  endfacet
  facet normal 0 0 -1
    outer loop
      vertex 15.6454 0.95 0
      vertex 18.6074 1.94217 0
      vertex 15.8353 0.491755 0
    endloop
  endfacet
  facet normal 0 0 -1
    outer loop
      vertex 15.3435 -1.3435 0
      vertex 17.8302 -3.21394 0
      vertex 17.4912 -3.57933 0
    endloop
  endfacet
  facet normal -0 0 -1
    outer loop
      vertex 18.6074 1.94217 0
      vertex 15.6454 0.95 0
      vertex 18.3911 2.39127 0
    endloop
  endfacet
  facet normal 0 0 -1
    outer loop
      vertex 15.3435 -1.3435 0
      vertex 17.4912 -3.57933 0
      vertex 17.1174 -3.90916 0
    endloop
  endfacet
  facet normal -0 0 -1
    outer loop
      vertex 18.3911 2.39127 0
      vertex 15.6454 0.95 0
      vertex 18.1312 2.8166 0
    endloop
  endfacet
  facet normal 0 0 -1
    outer loop
      vertex 14.95 -1.64545 0
      vertex 17.1174 -3.90916 0
      vertex 16.7127 -4.20013 0
    endloop
  endfacet
  facet normal -0 0 -1
    outer loop
      vertex 18.1312 2.8166 0
      vertex 15.6454 0.95 0
      vertex 17.8302 3.21394 0
    endloop
  endfacet
  facet normal 0 0 -1
    outer loop
      vertex 14.95 -1.64545 0
      vertex 16.7127 -4.20013 0
      vertex 16.2811 -4.44936 0
    endloop
  endfacet
  facet normal 0 0 -1
    outer loop
      vertex 15.3435 1.3435 0
      vertex 17.8302 3.21394 0
      vertex 15.6454 0.95 0
    endloop
  endfacet
  facet normal -0 0 -1
    outer loop
      vertex 17.8302 3.21394 0
      vertex 15.3435 1.3435 0
      vertex 17.4912 3.57933 0
    endloop
  endfacet
  facet normal 0 0 -1
    outer loop
      vertex 18.9752 -0.497839 0
      vertex 15.8353 -0.491755 0
      vertex 15.9 0 0
    endloop
  endfacet
  facet normal 0 0 -1
    outer loop
      vertex 14.95 -1.64545 0
      vertex 16.2811 -4.44936 0
      vertex 15.8267 -4.65437 0
    endloop
  endfacet
  facet normal 0 0 -1
    outer loop
      vertex 18.6074 -1.94217 0
      vertex 15.6454 -0.95 0
      vertex 15.8353 -0.491755 0
    endloop
  endfacet
  facet normal 0 0 -1
    outer loop
      vertex 14.4918 -1.83526 0
      vertex 15.8267 -4.65437 0
      vertex 15.3542 -4.81312 0
    endloop
  endfacet
  facet normal 0 0 -1
    outer loop
      vertex 17.8302 -3.21394 0
      vertex 15.3435 -1.3435 0
      vertex 15.6454 -0.95 0
    endloop
  endfacet
  facet normal 0 0 -1
    outer loop
      vertex 17.1174 -3.90916 0
      vertex 14.95 -1.64545 0
      vertex 15.3435 -1.3435 0
    endloop
  endfacet
  facet normal 0 0 -1
    outer loop
      vertex 14.4918 -1.83526 0
      vertex 15.3542 -4.81312 0
      vertex 14.8682 -4.92404 0
    endloop
  endfacet
  facet normal 0 0 -1
    outer loop
      vertex 15.8267 -4.65437 0
      vertex 14.4918 -1.83526 0
      vertex 14.95 -1.64545 0
    endloop
  endfacet
  facet normal 0 0 -1
    outer loop
      vertex 14 -1.9 0
      vertex 14.8682 -4.92404 0
      vertex 14.3736 -4.98602 0
    endloop
  endfacet
  facet normal 0 0 -1
    outer loop
      vertex 14.8682 -4.92404 0
      vertex 14 -1.9 0
      vertex 14.4918 -1.83526 0
    endloop
  endfacet
  facet normal 0 0 -1
    outer loop
      vertex 13.8753 -4.99845 0
      vertex 14 -1.9 0
      vertex 14.3736 -4.98602 0
    endloop
  endfacet
  facet normal 0 0 -1
    outer loop
      vertex 13.3783 -4.9612 0
      vertex 14 -1.9 0
      vertex 13.8753 -4.99845 0
    endloop
  endfacet
  facet normal -0 0 -1
    outer loop
      vertex 14 -1.9 0
      vertex 13.3783 -4.9612 0
      vertex 13.5082 -1.83526 0
    endloop
  endfacet
  facet normal 0 0 -1
    outer loop
      vertex 12.8874 -4.87464 0
      vertex 13.5082 -1.83526 0
      vertex 13.3783 -4.9612 0
    endloop
  endfacet
  facet normal 0 0 -1
    outer loop
      vertex 12.4076 -4.73964 0
      vertex 13.5082 -1.83526 0
      vertex 12.8874 -4.87464 0
    endloop
  endfacet
  facet normal 0 0 -1
    outer loop
      vertex 11.9436 -4.55753 0
      vertex 13.5082 -1.83526 0
      vertex 12.4076 -4.73964 0
    endloop
  endfacet
  facet normal -0 0 -1
    outer loop
      vertex 13.5082 -1.83526 0
      vertex 11.9436 -4.55753 0
      vertex 13.05 -1.64545 0
    endloop
  endfacet
  facet normal 0 0 -1
    outer loop
      vertex 11.5 -4.33013 0
      vertex 13.05 -1.64545 0
      vertex 11.9436 -4.55753 0
    endloop
  endfacet
  facet normal 0 0 -1
    outer loop
      vertex 11.0813 -4.05969 0
      vertex 13.05 -1.64545 0
      vertex 11.5 -4.33013 0
    endloop
  endfacet
  facet normal -0 0 -1
    outer loop
      vertex 13.05 -1.64545 0
      vertex 11.0813 -4.05969 0
      vertex 12.6565 -1.3435 0
    endloop
  endfacet
  facet normal 0 0 -1
    outer loop
      vertex 10.6916 -3.74891 0
      vertex 12.6565 -1.3435 0
      vertex 11.0813 -4.05969 0
    endloop
  endfacet
  facet normal -0 0 -1
    outer loop
      vertex 17.4912 3.57933 0
      vertex 15.3435 1.3435 0
      vertex 17.1174 3.90916 0
    endloop
  endfacet
  facet normal 0 0 -1
    outer loop
      vertex 14.95 1.64545 0
      vertex 17.1174 3.90916 0
      vertex 15.3435 1.3435 0
    endloop
  endfacet
  facet normal -0 0 -1
    outer loop
      vertex 17.1174 3.90916 0
      vertex 14.95 1.64545 0
      vertex 16.7127 4.20013 0
    endloop
  endfacet
  facet normal -0 0 -1
    outer loop
      vertex 16.7127 4.20013 0
      vertex 14.95 1.64545 0
      vertex 16.2811 4.44936 0
    endloop
  endfacet
  facet normal -0 0 -1
    outer loop
      vertex 16.2811 4.44936 0
      vertex 14.95 1.64545 0
      vertex 15.8267 4.65437 0
    endloop
  endfacet
  facet normal 0 0 -1
    outer loop
      vertex 14.4918 1.83526 0
      vertex 15.8267 4.65437 0
      vertex 14.95 1.64545 0
    endloop
  endfacet
  facet normal -0 0 -1
    outer loop
      vertex 15.8267 4.65437 0
      vertex 14.4918 1.83526 0
      vertex 15.3542 4.81312 0
    endloop
  endfacet
  facet normal -0 0 -1
    outer loop
      vertex 15.3542 4.81312 0
      vertex 14.4918 1.83526 0
      vertex 14.8682 4.92404 0
    endloop
  endfacet
  facet normal 0 0 -1
    outer loop
      vertex 14 1.9 0
      vertex 14.8682 4.92404 0
      vertex 14.4918 1.83526 0
    endloop
  endfacet
  facet normal -0 0 -1
    outer loop
      vertex 14.8682 4.92404 0
      vertex 14 1.9 0
      vertex 14.3736 4.98602 0
    endloop
  endfacet
  facet normal 0 0 -1
    outer loop
      vertex 14 1.9 0
      vertex 13.8753 4.99845 0
      vertex 14.3736 4.98602 0
    endloop
  endfacet
  facet normal 0 0 -1
    outer loop
      vertex 13.3783 4.9612 0
      vertex 14 1.9 0
      vertex 13.5082 1.83526 0
    endloop
  endfacet
  facet normal 0 0 -1
    outer loop
      vertex 14 1.9 0
      vertex 13.3783 4.9612 0
      vertex 13.8753 4.99845 0
    endloop
  endfacet
  facet normal 0 0 -1
    outer loop
      vertex 11.9436 4.55753 0
      vertex 13.5082 1.83526 0
      vertex 13.05 1.64545 0
    endloop
  endfacet
  facet normal 0 0 -1
    outer loop
      vertex 13.5082 1.83526 0
      vertex 12.8874 4.87464 0
      vertex 13.3783 4.9612 0
    endloop
  endfacet
  facet normal 0 0 -1
    outer loop
      vertex 11.0813 4.05969 0
      vertex 13.05 1.64545 0
      vertex 12.6565 1.3435 0
    endloop
  endfacet
  facet normal 0 0 -1
    outer loop
      vertex 13.5082 1.83526 0
      vertex 12.4076 4.73964 0
      vertex 12.8874 4.87464 0
    endloop
  endfacet
  facet normal 0 0 -1
    outer loop
      vertex 10.0143 3.01902 0
      vertex 12.6565 1.3435 0
      vertex 12.3546 0.95 0
    endloop
  endfacet
  facet normal 0 0 -1
    outer loop
      vertex 9.30154 1.7101 0
      vertex 12.3546 0.95 0
      vertex 12.1647 0.491755 0
    endloop
  endfacet
  facet normal 0 0 -1
    outer loop
      vertex 9.05585 0.745211 0
      vertex 12.1647 0.491755 0
      vertex 12.1 0 0
    endloop
  endfacet
  facet normal 0 0 -1
    outer loop
      vertex 13.5082 1.83526 0
      vertex 11.9436 4.55753 0
      vertex 12.4076 4.73964 0
    endloop
  endfacet
  facet normal 0 0 -1
    outer loop
      vertex 10.3347 -3.40086 0
      vertex 12.6565 -1.3435 0
      vertex 10.6916 -3.74891 0
    endloop
  endfacet
  facet normal 0 0 -1
    outer loop
      vertex 10.0143 -3.01902 0
      vertex 12.6565 -1.3435 0
      vertex 10.3347 -3.40086 0
    endloop
  endfacet
  facet normal 0 0 -1
    outer loop
      vertex 13.05 1.64545 0
      vertex 11.5 4.33013 0
      vertex 11.9436 4.55753 0
    endloop
  endfacet
  facet normal -0 0 -1
    outer loop
      vertex 12.6565 -1.3435 0
      vertex 10.0143 -3.01902 0
      vertex 12.3546 -0.95 0
    endloop
  endfacet
  facet normal 0 0 -1
    outer loop
      vertex 13.05 1.64545 0
      vertex 11.0813 4.05969 0
      vertex 11.5 4.33013 0
    endloop
  endfacet
  facet normal 0 0 -1
    outer loop
      vertex 9.73355 -2.60718 0
      vertex 12.3546 -0.95 0
      vertex 10.0143 -3.01902 0
    endloop
  endfacet
  facet normal 0 0 -1
    outer loop
      vertex 12.6565 1.3435 0
      vertex 10.6916 3.74891 0
      vertex 11.0813 4.05969 0
    endloop
  endfacet
  facet normal 0 0 -1
    outer loop
      vertex 9.49516 -2.16942 0
      vertex 12.3546 -0.95 0
      vertex 9.73355 -2.60718 0
    endloop
  endfacet
  facet normal 0 0 -1
    outer loop
      vertex 12.6565 1.3435 0
      vertex 10.3347 3.40086 0
      vertex 10.6916 3.74891 0
    endloop
  endfacet
  facet normal 0 0 -1
    outer loop
      vertex 9.30154 -1.7101 0
      vertex 12.3546 -0.95 0
      vertex 9.49516 -2.16942 0
    endloop
  endfacet
  facet normal 0 0 -1
    outer loop
      vertex 12.6565 1.3435 0
      vertex 10.0143 3.01902 0
      vertex 10.3347 3.40086 0
    endloop
  endfacet
  facet normal -0 0 -1
    outer loop
      vertex 12.3546 -0.95 0
      vertex 9.30154 -1.7101 0
      vertex 12.1647 -0.491755 0
    endloop
  endfacet
  facet normal 0 0 -1
    outer loop
      vertex 12.3546 0.95 0
      vertex 9.73355 2.60718 0
      vertex 10.0143 3.01902 0
    endloop
  endfacet
  facet normal 0 0 -1
    outer loop
      vertex 9.15461 -1.23379 0
      vertex 12.1647 -0.491755 0
      vertex 9.30154 -1.7101 0
    endloop
  endfacet
  facet normal 0 0 -1
    outer loop
      vertex 12.3546 0.95 0
      vertex 9.49516 2.16942 0
      vertex 9.73355 2.60718 0
    endloop
  endfacet
  facet normal 0 0 -1
    outer loop
      vertex 9.05585 -0.745211 0
      vertex 12.1647 -0.491755 0
      vertex 9.15461 -1.23379 0
    endloop
  endfacet
  facet normal 0 0 -1
    outer loop
      vertex 12.3546 0.95 0
      vertex 9.30154 1.7101 0
      vertex 9.49516 2.16942 0
    endloop
  endfacet
  facet normal -0 0 -1
    outer loop
      vertex 12.1647 -0.491755 0
      vertex 9.05585 -0.745211 0
      vertex 12.1 0 0
    endloop
  endfacet
  facet normal 0 0 -1
    outer loop
      vertex 12.1647 0.491755 0
      vertex 9.15461 1.23379 0
      vertex 9.30154 1.7101 0
    endloop
  endfacet
  facet normal 0 0 -1
    outer loop
      vertex 9.00622 -0.249228 0
      vertex 12.1 0 0
      vertex 9.05585 -0.745211 0
    endloop
  endfacet
  facet normal 0 0 -1
    outer loop
      vertex 12.1647 0.491755 0
      vertex 9.05585 0.745211 0
      vertex 9.15461 1.23379 0
    endloop
  endfacet
  facet normal 0 0 -1
    outer loop
      vertex 9.00622 0.249228 0
      vertex 12.1 0 0
      vertex 9.00622 -0.249228 0
    endloop
  endfacet
  facet normal 0 0 -1
    outer loop
      vertex 12.1 0 0
      vertex 9.00622 0.249228 0
      vertex 9.05585 0.745211 0
    endloop
  endfacet
  facet normal -0.980176 -0.19813 0
    outer loop
      vertex 9.15461 -1.23379 0
      vertex 9.05585 -0.745211 4
      vertex 9.05585 -0.745211 0
    endloop
  endfacet
  facet normal -0.980176 -0.19813 0
    outer loop
      vertex 9.05585 -0.745211 4
      vertex 9.15461 -1.23379 0
      vertex 9.15461 -1.23379 4
    endloop
  endfacet
  facet normal -0.921476 -0.388435 0
    outer loop
      vertex 9.49516 -2.16942 0
      vertex 9.30154 -1.7101 4
      vertex 9.30154 -1.7101 0
    endloop
  endfacet
  facet normal -0.921476 -0.388435 0
    outer loop
      vertex 9.30154 -1.7101 4
      vertex 9.49516 -2.16942 0
      vertex 9.49516 -2.16942 4
    endloop
  endfacet
  facet normal 0.318484 -0.947928 0
    outer loop
      vertex 15.3542 -4.81312 0
      vertex 15.8267 -4.65437 4
      vertex 15.3542 -4.81312 4
    endloop
  endfacet
  facet normal 0.318484 -0.947928 0
    outer loop
      vertex 15.8267 -4.65437 4
      vertex 15.3542 -4.81312 0
      vertex 15.8267 -4.65437 0
    endloop
  endfacet
  facet normal 0.733084 -0.680138 0
    outer loop
      vertex 17.4912 -3.57933 4
      vertex 17.8302 -3.21394 0
      vertex 17.8302 -3.21394 4
    endloop
  endfacet
  facet normal 0.733084 -0.680138 0
    outer loop
      vertex 17.8302 -3.21394 0
      vertex 17.4912 -3.57933 4
      vertex 17.4912 -3.57933 0
    endloop
  endfacet
  facet normal 0.583758 -0.811928 0
    outer loop
      vertex 16.7127 -4.20013 0
      vertex 17.1174 -3.90916 4
      vertex 16.7127 -4.20013 4
    endloop
  endfacet
  facet normal 0.583758 -0.811928 0
    outer loop
      vertex 17.1174 -3.90916 4
      vertex 16.7127 -4.20013 0
      vertex 17.1174 -3.90916 0
    endloop
  endfacet
  facet normal -0.542567 -0.840012 0
    outer loop
      vertex 11.0813 -4.05969 0
      vertex 11.5 -4.33013 4
      vertex 11.0813 -4.05969 4
    endloop
  endfacet
  facet normal -0.542567 -0.840012 -0
    outer loop
      vertex 11.5 -4.33013 4
      vertex 11.0813 -4.05969 0
      vertex 11.5 -4.33013 0
    endloop
  endfacet
  facet normal -0.623495 -0.781827 0
    outer loop
      vertex 10.6916 -3.74891 0
      vertex 11.0813 -4.05969 4
      vertex 10.6916 -3.74891 4
    endloop
  endfacet
  facet normal -0.623495 -0.781827 -0
    outer loop
      vertex 11.0813 -4.05969 4
      vertex 10.6916 -3.74891 0
      vertex 11.0813 -4.05969 0
    endloop
  endfacet
  facet normal -0.27085 -0.962622 0
    outer loop
      vertex 12.4076 -4.73964 0
      vertex 12.8874 -4.87464 4
      vertex 12.4076 -4.73964 4
    endloop
  endfacet
  facet normal -0.27085 -0.962622 -0
    outer loop
      vertex 12.8874 -4.87464 4
      vertex 12.4076 -4.73964 0
      vertex 12.8874 -4.87464 0
    endloop
  endfacet
  facet normal -0.826274 -0.563268 0
    outer loop
      vertex 10.0143 -3.01902 0
      vertex 9.73355 -2.60718 4
      vertex 9.73355 -2.60718 0
    endloop
  endfacet
  facet normal -0.826274 -0.563268 0
    outer loop
      vertex 9.73355 -2.60718 4
      vertex 10.0143 -3.01902 0
      vertex 10.0143 -3.01902 4
    endloop
  endfacet
  facet normal -0.365347 -0.930871 0
    outer loop
      vertex 11.9436 -4.55753 0
      vertex 12.4076 -4.73964 4
      vertex 11.9436 -4.55753 4
    endloop
  endfacet
  facet normal -0.365347 -0.930871 -0
    outer loop
      vertex 12.4076 -4.73964 4
      vertex 11.9436 -4.55753 0
      vertex 12.4076 -4.73964 0
    endloop
  endfacet
  facet normal -0.17365 -0.984807 0
    outer loop
      vertex 12.8874 -4.87464 0
      vertex 13.3783 -4.9612 4
      vertex 12.8874 -4.87464 4
    endloop
  endfacet
  facet normal -0.17365 -0.984807 -0
    outer loop
      vertex 13.3783 -4.9612 4
      vertex 12.8874 -4.87464 0
      vertex 13.3783 -4.9612 0
    endloop
  endfacet
  facet normal -0.991455 -0.130445 0
    outer loop
      vertex 15.9 0 0
      vertex 15.8353 0.491755 4
      vertex 15.8353 0.491755 0
    endloop
  endfacet
  facet normal -0.991455 -0.130445 0
    outer loop
      vertex 15.8353 0.491755 4
      vertex 15.9 0 0
      vertex 15.9 0 4
    endloop
  endfacet
  facet normal -0.382713 -0.923867 0
    outer loop
      vertex 14.4918 1.83526 0
      vertex 14.95 1.64545 4
      vertex 14.4918 1.83526 4
    endloop
  endfacet
  facet normal -0.382713 -0.923867 -0
    outer loop
      vertex 14.95 1.64545 4
      vertex 14.4918 1.83526 0
      vertex 14.95 1.64545 0
    endloop
  endfacet
  facet normal 0.382713 0.923867 -0
    outer loop
      vertex 13.5082 -1.83526 0
      vertex 13.05 -1.64545 4
      vertex 13.5082 -1.83526 4
    endloop
  endfacet
  facet normal 0.382713 0.923867 0
    outer loop
      vertex 13.05 -1.64545 4
      vertex 13.5082 -1.83526 0
      vertex 13.05 -1.64545 0
    endloop
  endfacet
  facet normal -0.923816 -0.382836 0
    outer loop
      vertex 15.8353 0.491755 0
      vertex 15.6454 0.95 4
      vertex 15.6454 0.95 0
    endloop
  endfacet
  facet normal -0.923816 -0.382836 0
    outer loop
      vertex 15.6454 0.95 4
      vertex 15.8353 0.491755 0
      vertex 15.8353 0.491755 4
    endloop
  endfacet
  facet normal -0.130513 -0.991447 0
    outer loop
      vertex 14 1.9 0
      vertex 14.4918 1.83526 4
      vertex 14 1.9 4
    endloop
  endfacet
  facet normal -0.130513 -0.991447 -0
    outer loop
      vertex 14.4918 1.83526 4
      vertex 14 1.9 0
      vertex 14.4918 1.83526 0
    endloop
  endfacet
  facet normal 0.382713 -0.923867 0
    outer loop
      vertex 13.05 1.64545 0
      vertex 13.5082 1.83526 4
      vertex 13.05 1.64545 4
    endloop
  endfacet
  facet normal 0.382713 -0.923867 0
    outer loop
      vertex 13.5082 1.83526 4
      vertex 13.05 1.64545 0
      vertex 13.5082 1.83526 0
    endloop
  endfacet
  facet normal 0.793395 -0.608707 0
    outer loop
      vertex 12.3546 0.95 4
      vertex 12.6565 1.3435 0
      vertex 12.6565 1.3435 4
    endloop
  endfacet
  facet normal 0.793395 -0.608707 0
    outer loop
      vertex 12.6565 1.3435 0
      vertex 12.3546 0.95 4
      vertex 12.3546 0.95 0
    endloop
  endfacet
  facet normal 0.60877 -0.793347 0
    outer loop
      vertex 12.6565 1.3435 0
      vertex 13.05 1.64545 4
      vertex 12.6565 1.3435 4
    endloop
  endfacet
  facet normal 0.60877 -0.793347 0
    outer loop
      vertex 13.05 1.64545 4
      vertex 12.6565 1.3435 0
      vertex 13.05 1.64545 0
    endloop
  endfacet
  facet normal -0.60877 0.793347 0
    outer loop
      vertex 15.3435 -1.3435 0
      vertex 14.95 -1.64545 4
      vertex 15.3435 -1.3435 4
    endloop
  endfacet
  facet normal -0.60877 0.793347 0
    outer loop
      vertex 14.95 -1.64545 4
      vertex 15.3435 -1.3435 0
      vertex 14.95 -1.64545 0
    endloop
  endfacet
  facet normal 0.923816 0.382836 0
    outer loop
      vertex 12.3546 -0.95 4
      vertex 12.1647 -0.491755 0
      vertex 12.1647 -0.491755 4
    endloop
  endfacet
  facet normal 0.923816 0.382836 0
    outer loop
      vertex 12.1647 -0.491755 0
      vertex 12.3546 -0.95 4
      vertex 12.3546 -0.95 0
    endloop
  endfacet
  facet normal 0.60877 0.793347 -0
    outer loop
      vertex 13.05 -1.64545 0
      vertex 12.6565 -1.3435 4
      vertex 13.05 -1.64545 4
    endloop
  endfacet
  facet normal 0.60877 0.793347 0
    outer loop
      vertex 12.6565 -1.3435 4
      vertex 13.05 -1.64545 0
      vertex 12.6565 -1.3435 0
    endloop
  endfacet
  facet normal 0.793395 0.608707 0
    outer loop
      vertex 12.6565 -1.3435 4
      vertex 12.3546 -0.95 0
      vertex 12.3546 -0.95 4
    endloop
  endfacet
  facet normal 0.793395 0.608707 0
    outer loop
      vertex 12.3546 -0.95 0
      vertex 12.6565 -1.3435 4
      vertex 12.6565 -1.3435 0
    endloop
  endfacet
  facet normal -0.793395 -0.608707 0
    outer loop
      vertex 15.6454 0.95 0
      vertex 15.3435 1.3435 4
      vertex 15.3435 1.3435 0
    endloop
  endfacet
  facet normal -0.793395 -0.608707 0
    outer loop
      vertex 15.3435 1.3435 4
      vertex 15.6454 0.95 0
      vertex 15.6454 0.95 4
    endloop
  endfacet
  facet normal -0.60877 -0.793347 0
    outer loop
      vertex 14.95 1.64545 0
      vertex 15.3435 1.3435 4
      vertex 14.95 1.64545 4
    endloop
  endfacet
  facet normal -0.60877 -0.793347 -0
    outer loop
      vertex 15.3435 1.3435 4
      vertex 14.95 1.64545 0
      vertex 15.3435 1.3435 0
    endloop
  endfacet
  facet normal 0.991455 -0.130445 0
    outer loop
      vertex 12.1 0 4
      vertex 12.1647 0.491755 0
      vertex 12.1647 0.491755 4
    endloop
  endfacet
  facet normal 0.991455 -0.130445 0
    outer loop
      vertex 12.1647 0.491755 0
      vertex 12.1 0 4
      vertex 12.1 0 0
    endloop
  endfacet
  facet normal 0.130513 -0.991447 0
    outer loop
      vertex 13.5082 1.83526 0
      vertex 14 1.9 4
      vertex 13.5082 1.83526 4
    endloop
  endfacet
  facet normal 0.130513 -0.991447 0
    outer loop
      vertex 14 1.9 4
      vertex 13.5082 1.83526 0
      vertex 14 1.9 0
    endloop
  endfacet
  facet normal -0.923816 0.382836 0
    outer loop
      vertex 15.6454 -0.95 0
      vertex 15.8353 -0.491755 4
      vertex 15.8353 -0.491755 0
    endloop
  endfacet
  facet normal -0.923816 0.382836 0
    outer loop
      vertex 15.8353 -0.491755 4
      vertex 15.6454 -0.95 0
      vertex 15.6454 -0.95 4
    endloop
  endfacet
  facet normal -0.130513 0.991447 0
    outer loop
      vertex 14.4918 -1.83526 0
      vertex 14 -1.9 4
      vertex 14.4918 -1.83526 4
    endloop
  endfacet
  facet normal -0.130513 0.991447 0
    outer loop
      vertex 14 -1.9 4
      vertex 14.4918 -1.83526 0
      vertex 14 -1.9 0
    endloop
  endfacet
  facet normal -0.793395 0.608707 0
    outer loop
      vertex 15.3435 -1.3435 0
      vertex 15.6454 -0.95 4
      vertex 15.6454 -0.95 0
    endloop
  endfacet
  facet normal -0.793395 0.608707 0
    outer loop
      vertex 15.6454 -0.95 4
      vertex 15.3435 -1.3435 0
      vertex 15.3435 -1.3435 4
    endloop
  endfacet
  facet normal -0.382713 0.923867 0
    outer loop
      vertex 14.95 -1.64545 0
      vertex 14.4918 -1.83526 4
      vertex 14.95 -1.64545 4
    endloop
  endfacet
  facet normal -0.382713 0.923867 0
    outer loop
      vertex 14.4918 -1.83526 4
      vertex 14.95 -1.64545 0
      vertex 14.4918 -1.83526 0
    endloop
  endfacet
  facet normal 0.130513 0.991447 -0
    outer loop
      vertex 14 -1.9 0
      vertex 13.5082 -1.83526 4
      vertex 14 -1.9 4
    endloop
  endfacet
  facet normal 0.130513 0.991447 0
    outer loop
      vertex 13.5082 -1.83526 4
      vertex 14 -1.9 0
      vertex 13.5082 -1.83526 0
    endloop
  endfacet
  facet normal 0.991455 0.130445 0
    outer loop
      vertex 12.1647 -0.491755 4
      vertex 12.1 0 0
      vertex 12.1 0 4
    endloop
  endfacet
  facet normal 0.991455 0.130445 0
    outer loop
      vertex 12.1 0 0
      vertex 12.1647 -0.491755 4
      vertex 12.1647 -0.491755 0
    endloop
  endfacet
  facet normal 0.923816 -0.382836 0
    outer loop
      vertex 12.1647 0.491755 4
      vertex 12.3546 0.95 0
      vertex 12.3546 0.95 4
    endloop
  endfacet
  facet normal 0.923816 -0.382836 0
    outer loop
      vertex 12.3546 0.95 0
      vertex 12.1647 0.491755 4
      vertex 12.1647 0.491755 0
    endloop
  endfacet
  facet normal -0.991455 0.130445 0
    outer loop
      vertex 15.8353 -0.491755 0
      vertex 15.9 0 4
      vertex 15.9 0 0
    endloop
  endfacet
  facet normal -0.991455 0.130445 0
    outer loop
      vertex 15.9 0 4
      vertex 15.8353 -0.491755 0
      vertex 15.8353 -0.491755 4
    endloop
  endfacet
endsolid OpenSCAD_Model
