solid OpenSCAD_Model
  facet normal 0.982975 0.183741 0
    outer loop
      vertex 3.96968 0.491552 2
      vertex 3.87919 0.975655 0
      vertex 3.87919 0.975655 2
    endloop
  endfacet
  facet normal 0.982975 0.183741 0
    outer loop
      vertex 3.87919 0.975655 0
      vertex 3.96968 0.491552 2
      vertex 3.96968 0.491552 0
    endloop
  endfacet
  facet normal 0.998103 0.0615652 0
    outer loop
      vertex 4 0 2
      vertex 3.96968 0.491552 0
      vertex 3.96968 0.491552 2
    endloop
  endfacet
  facet normal 0.998103 0.0615652 0
    outer loop
      vertex 3.96968 0.491552 0
      vertex 4 0 2
      vertex 4 0 0
    endloop
  endfacet
  facet normal 0.952942 0.303153 0
    outer loop
      vertex 3.87919 0.975655 2
      vertex 3.72989 1.44497 0
      vertex 3.72989 1.44497 2
    endloop
  endfacet
  facet normal 0.952942 0.303153 0
    outer loop
      vertex 3.72989 1.44497 0
      vertex 3.87919 0.975655 2
      vertex 3.87919 0.975655 0
    endloop
  endfacet
  facet normal 0.850223 -0.526422 0
    outer loop
      vertex 3.26479 -2.3111 2
      vertex 3.52405 -1.89237 0
      vertex 3.52405 -1.89237 2
    endloop
  endfacet
  facet normal 0.850223 -0.526422 0
    outer loop
      vertex 3.52405 -1.89237 0
      vertex 3.26479 -2.3111 2
      vertex 3.26479 -2.3111 0
    endloop
  endfacet
  facet normal 0.389798 0.9209 -0
    outer loop
      vertex 1.78295 3.58065 0
      vertex 1.32942 3.77262 2
      vertex 1.78295 3.58065 2
    endloop
  endfacet
  facet normal 0.389798 0.9209 0
    outer loop
      vertex 1.32942 3.77262 2
      vertex 1.78295 3.58065 0
      vertex 1.32942 3.77262 0
    endloop
  endfacet
  facet normal 0.982975 -0.183741 0
    outer loop
      vertex 3.87919 -0.975655 2
      vertex 3.96968 -0.491552 0
      vertex 3.96968 -0.491552 2
    endloop
  endfacet
  facet normal 0.982975 -0.183741 0
    outer loop
      vertex 3.96968 -0.491552 0
      vertex 3.87919 -0.975655 2
      vertex 3.87919 -0.975655 0
    endloop
  endfacet
  facet normal 0.998103 -0.0615652 0
    outer loop
      vertex 3.96968 -0.491552 2
      vertex 4 0 0
      vertex 4 0 2
    endloop
  endfacet
  facet normal 0.998103 -0.0615652 0
    outer loop
      vertex 4 0 0
      vertex 3.96968 -0.491552 2
      vertex 3.96968 -0.491552 0
    endloop
  endfacet
  facet normal 0.908463 0.417966 0
    outer loop
      vertex 3.72989 1.44497 2
      vertex 3.52405 1.89237 0
      vertex 3.52405 1.89237 2
    endloop
  endfacet
  facet normal 0.908463 0.417966 0
    outer loop
      vertex 3.52405 1.89237 0
      vertex 3.72989 1.44497 2
      vertex 3.72989 1.44497 0
    endloop
  endfacet
  facet normal -0.213935 0.976848 0
    outer loop
      vertex -0.613566 3.95266 0
      vertex -1.09465 3.8473 2
      vertex -0.613566 3.95266 2
    endloop
  endfacet
  facet normal -0.213935 0.976848 0
    outer loop
      vertex -1.09465 3.8473 2
      vertex -0.613566 3.95266 0
      vertex -1.09465 3.8473 0
    endloop
  endfacet
  facet normal -0.0922663 -0.995734 0
    outer loop
      vertex -0.613566 -3.95266 0
      vertex -0.123179 -3.9981 2
      vertex -0.613566 -3.95266 2
    endloop
  endfacet
  facet normal -0.0922663 -0.995734 -0
    outer loop
      vertex -0.123179 -3.9981 2
      vertex -0.613566 -3.95266 0
      vertex -0.123179 -3.9981 0
    endloop
  endfacet
  facet normal 0.908463 -0.417966 0
    outer loop
      vertex 3.52405 -1.89237 2
      vertex 3.72989 -1.44497 0
      vertex 3.72989 -1.44497 2
    endloop
  endfacet
  facet normal 0.908463 -0.417966 0
    outer loop
      vertex 3.72989 -1.44497 0
      vertex 3.52405 -1.89237 2
      vertex 3.52405 -1.89237 0
    endloop
  endfacet
  facet normal -0.739013 0.673691 0
    outer loop
      vertex -3.11632 2.5077 0
      vertex -2.78454 2.87165 2
      vertex -2.78454 2.87165 0
    endloop
  endfacet
  facet normal -0.739013 0.673691 0
    outer loop
      vertex -2.78454 2.87165 2
      vertex -3.11632 2.5077 0
      vertex -3.11632 2.5077 2
    endloop
  endfacet
  facet normal -0.816196 0.577776 0
    outer loop
      vertex -3.40087 2.10573 0
      vertex -3.11632 2.5077 2
      vertex -3.11632 2.5077 0
    endloop
  endfacet
  facet normal -0.816196 0.577776 0
    outer loop
      vertex -3.11632 2.5077 2
      vertex -3.40087 2.10573 0
      vertex -3.40087 2.10573 2
    endloop
  endfacet
  facet normal -0.55236 -0.833606 0
    outer loop
      vertex -2.41054 -3.19207 0
      vertex -2 -3.4641 2
      vertex -2.41054 -3.19207 2
    endloop
  endfacet
  facet normal -0.55236 -0.833606 -0
    outer loop
      vertex -2 -3.4641 2
      vertex -2.41054 -3.19207 0
      vertex -2 -3.4641 0
    endloop
  endfacet
  facet normal 0.602638 0.798015 -0
    outer loop
      vertex 2.60247 3.03762 0
      vertex 2.20946 3.33441 2
      vertex 2.60247 3.03762 2
    endloop
  endfacet
  facet normal 0.602638 0.798015 0
    outer loop
      vertex 2.20946 3.33441 2
      vertex 2.60247 3.03762 0
      vertex 2.20946 3.33441 0
    endloop
  endfacet
  facet normal 0.273652 -0.961829 0
    outer loop
      vertex 0.855732 -3.90739 0
      vertex 1.32942 -3.77262 2
      vertex 0.855732 -3.90739 2
    endloop
  endfacet
  facet normal 0.273652 -0.961829 0
    outer loop
      vertex 1.32942 -3.77262 2
      vertex 0.855732 -3.90739 0
      vertex 1.32942 -3.77262 0
    endloop
  endfacet
  facet normal 0.273652 0.961829 -0
    outer loop
      vertex 1.32942 3.77262 0
      vertex 0.855732 3.90739 2
      vertex 1.32942 3.77262 2
    endloop
  endfacet
  facet normal 0.273652 0.961829 0
    outer loop
      vertex 0.855732 3.90739 2
      vertex 1.32942 3.77262 0
      vertex 0.855732 3.90739 0
    endloop
  endfacet
  facet normal -0.445735 0.895165 0
    outer loop
      vertex -1.55914 3.68362 0
      vertex -2 3.4641 2
      vertex -1.55914 3.68362 2
    endloop
  endfacet
  facet normal -0.445735 0.895165 0
    outer loop
      vertex -2 3.4641 2
      vertex -1.55914 3.68362 0
      vertex -2 3.4641 0
    endloop
  endfacet
  facet normal 0.850223 0.526422 0
    outer loop
      vertex 3.52405 1.89237 2
      vertex 3.26479 2.3111 0
      vertex 3.26479 2.3111 2
    endloop
  endfacet
  facet normal 0.850223 0.526422 0
    outer loop
      vertex 3.26479 2.3111 0
      vertex 3.52405 1.89237 2
      vertex 3.52405 1.89237 0
    endloop
  endfacet
  facet normal 0.153405 -0.988163 0
    outer loop
      vertex 0.369073 -3.98294 0
      vertex 0.855732 -3.90739 2
      vertex 0.369073 -3.98294 2
    endloop
  endfacet
  facet normal 0.153405 -0.988163 0
    outer loop
      vertex 0.855732 -3.90739 2
      vertex 0.369073 -3.98294 0
      vertex 0.855732 -3.90739 0
    endloop
  endfacet
  facet normal -0.213935 -0.976848 0
    outer loop
      vertex -1.09465 -3.8473 0
      vertex -0.613566 -3.95266 2
      vertex -1.09465 -3.8473 2
    endloop
  endfacet
  facet normal -0.213935 -0.976848 -0
    outer loop
      vertex -0.613566 -3.95266 2
      vertex -1.09465 -3.8473 0
      vertex -0.613566 -3.95266 0
    endloop
  endfacet
  facet normal 0.696129 0.717916 -0
    outer loop
      vertex 2.95604 2.69478 0
      vertex 2.60247 3.03762 2
      vertex 2.95604 2.69478 2
    endloop
  endfacet
  facet normal 0.696129 0.717916 0
    outer loop
      vertex 2.60247 3.03762 2
      vertex 2.95604 2.69478 0
      vertex 2.60247 3.03762 0
    endloop
  endfacet
  facet normal 0.602638 -0.798015 0
    outer loop
      vertex 2.20946 -3.33441 0
      vertex 2.60247 -3.03762 2
      vertex 2.20946 -3.33441 2
    endloop
  endfacet
  facet normal 0.602638 -0.798015 0
    outer loop
      vertex 2.60247 -3.03762 2
      vertex 2.20946 -3.33441 0
      vertex 2.60247 -3.03762 0
    endloop
  endfacet
  facet normal 0.779077 0.626929 0
    outer loop
      vertex 3.26479 2.3111 2
      vertex 2.95604 2.69478 0
      vertex 2.95604 2.69478 2
    endloop
  endfacet
  facet normal 0.779077 0.626929 0
    outer loop
      vertex 2.95604 2.69478 0
      vertex 3.26479 2.3111 2
      vertex 3.26479 2.3111 0
    endloop
  endfacet
  facet normal -0.969799 -0.243906 0
    outer loop
      vertex -3.81177 -1.21261 0
      vertex -3.93189 -0.734998 2
      vertex -3.93189 -0.734998 0
    endloop
  endfacet
  facet normal -0.969799 -0.243906 0
    outer loop
      vertex -3.93189 -0.734998 2
      vertex -3.81177 -1.21261 0
      vertex -3.81177 -1.21261 2
    endloop
  endfacet
  facet normal 0.779077 -0.626929 0
    outer loop
      vertex 2.95604 -2.69478 2
      vertex 3.26479 -2.3111 0
      vertex 3.26479 -2.3111 2
    endloop
  endfacet
  facet normal 0.779077 -0.626929 0
    outer loop
      vertex 3.26479 -2.3111 0
      vertex 2.95604 -2.69478 2
      vertex 2.95604 -2.69478 0
    endloop
  endfacet
  facet normal -0.650614 0.759409 0
    outer loop
      vertex -2.41054 3.19207 0
      vertex -2.78454 2.87165 2
      vertex -2.41054 3.19207 2
    endloop
  endfacet
  facet normal -0.650614 0.759409 0
    outer loop
      vertex -2.78454 2.87165 2
      vertex -2.41054 3.19207 0
      vertex -2.78454 2.87165 0
    endloop
  endfacet
  facet normal -0.881016 0.473087 0
    outer loop
      vertex -3.63386 1.67184 0
      vertex -3.40087 2.10573 2
      vertex -3.40087 2.10573 0
    endloop
  endfacet
  facet normal -0.881016 0.473087 0
    outer loop
      vertex -3.40087 2.10573 2
      vertex -3.63386 1.67184 0
      vertex -3.63386 1.67184 2
    endloop
  endfacet
  facet normal 0.499991 0.86603 -0
    outer loop
      vertex 2.20946 3.33441 0
      vertex 1.78295 3.58065 2
      vertex 2.20946 3.33441 2
    endloop
  endfacet
  facet normal 0.499991 0.86603 0
    outer loop
      vertex 1.78295 3.58065 2
      vertex 2.20946 3.33441 0
      vertex 1.78295 3.58065 0
    endloop
  endfacet
  facet normal -0.332355 0.943154 0
    outer loop
      vertex -1.09465 3.8473 0
      vertex -1.55914 3.68362 2
      vertex -1.09465 3.8473 2
    endloop
  endfacet
  facet normal -0.332355 0.943154 0
    outer loop
      vertex -1.55914 3.68362 2
      vertex -1.09465 3.8473 0
      vertex -1.55914 3.68362 0
    endloop
  endfacet
  facet normal 0 0 -1
    outer loop
      vertex 3.96968 -0.491552 0
      vertex 3.96968 0.491552 0
      vertex 4 0 0
    endloop
  endfacet
  facet normal 0 0 -1
    outer loop
      vertex 3.87919 -0.975655 0
      vertex 3.96968 0.491552 0
      vertex 3.96968 -0.491552 0
    endloop
  endfacet
  facet normal 0 0 -1
    outer loop
      vertex 3.87919 -0.975655 0
      vertex 3.87919 0.975655 0
      vertex 3.96968 0.491552 0
    endloop
  endfacet
  facet normal 0 0 -1
    outer loop
      vertex 3.72989 -1.44497 0
      vertex 3.87919 0.975655 0
      vertex 3.87919 -0.975655 0
    endloop
  endfacet
  facet normal 0 0 -1
    outer loop
      vertex 3.72989 -1.44497 0
      vertex 3.72989 1.44497 0
      vertex 3.87919 0.975655 0
    endloop
  endfacet
  facet normal 0 0 -1
    outer loop
      vertex 3.52405 -1.89237 0
      vertex 3.72989 1.44497 0
      vertex 3.72989 -1.44497 0
    endloop
  endfacet
  facet normal 0 0 -1
    outer loop
      vertex 3.52405 -1.89237 0
      vertex 3.52405 1.89237 0
      vertex 3.72989 1.44497 0
    endloop
  endfacet
  facet normal 0 0 -1
    outer loop
      vertex 3.26479 -2.3111 0
      vertex 3.52405 1.89237 0
      vertex 3.52405 -1.89237 0
    endloop
  endfacet
  facet normal 0 0 -1
    outer loop
      vertex 3.26479 -2.3111 0
      vertex 3.26479 2.3111 0
      vertex 3.52405 1.89237 0
    endloop
  endfacet
  facet normal 0 0 -1
    outer loop
      vertex 2.95604 -2.69478 0
      vertex 3.26479 2.3111 0
      vertex 3.26479 -2.3111 0
    endloop
  endfacet
  facet normal 0 0 -1
    outer loop
      vertex 2.95604 -2.69478 0
      vertex 2.95604 2.69478 0
      vertex 3.26479 2.3111 0
    endloop
  endfacet
  facet normal 0 0 -1
    outer loop
      vertex 2.60247 -3.03762 0
      vertex 2.95604 2.69478 0
      vertex 2.95604 -2.69478 0
    endloop
  endfacet
  facet normal 0 0 -1
    outer loop
      vertex 2.60247 -3.03762 0
      vertex 2.60247 3.03762 0
      vertex 2.95604 2.69478 0
    endloop
  endfacet
  facet normal 0 0 -1
    outer loop
      vertex 2.20946 -3.33441 0
      vertex 2.60247 3.03762 0
      vertex 2.60247 -3.03762 0
    endloop
  endfacet
  facet normal 0 0 -1
    outer loop
      vertex 2.20946 -3.33441 0
      vertex 2.20946 3.33441 0
      vertex 2.60247 3.03762 0
    endloop
  endfacet
  facet normal 0 0 -1
    outer loop
      vertex 1.78295 -3.58065 0
      vertex 2.20946 3.33441 0
      vertex 2.20946 -3.33441 0
    endloop
  endfacet
  facet normal 0 0 -1
    outer loop
      vertex 1.78295 -3.58065 0
      vertex 1.78295 3.58065 0
      vertex 2.20946 3.33441 0
    endloop
  endfacet
  facet normal 0 0 -1
    outer loop
      vertex 1.32942 -3.77262 0
      vertex 1.78295 3.58065 0
      vertex 1.78295 -3.58065 0
    endloop
  endfacet
  facet normal 0 0 -1
    outer loop
      vertex 1.32942 -3.77262 0
      vertex 1.32942 3.77262 0
      vertex 1.78295 3.58065 0
    endloop
  endfacet
  facet normal 0 0 -1
    outer loop
      vertex 0.855732 -3.90739 0
      vertex 1.32942 3.77262 0
      vertex 1.32942 -3.77262 0
    endloop
  endfacet
  facet normal 0 0 -1
    outer loop
      vertex 0.855732 -3.90739 0
      vertex 0.855732 3.90739 0
      vertex 1.32942 3.77262 0
    endloop
  endfacet
  facet normal 0 0 -1
    outer loop
      vertex 0.369073 -3.98294 0
      vertex 0.855732 3.90739 0
      vertex 0.855732 -3.90739 0
    endloop
  endfacet
  facet normal 0 0 -1
    outer loop
      vertex 0.369073 -3.98294 0
      vertex 0.369073 3.98294 0
      vertex 0.855732 3.90739 0
    endloop
  endfacet
  facet normal 0 0 -1
    outer loop
      vertex -0.123179 -3.9981 0
      vertex 0.369073 3.98294 0
      vertex 0.369073 -3.98294 0
    endloop
  endfacet
  facet normal 0 0 -1
    outer loop
      vertex -0.123179 -3.9981 0
      vertex -0.123179 3.9981 0
      vertex 0.369073 3.98294 0
    endloop
  endfacet
  facet normal 0 0 -1
    outer loop
      vertex -0.613566 -3.95266 0
      vertex -0.123179 3.9981 0
      vertex -0.123179 -3.9981 0
    endloop
  endfacet
  facet normal 0 0 -1
    outer loop
      vertex -0.613566 -3.95266 0
      vertex -0.613566 3.95266 0
      vertex -0.123179 3.9981 0
    endloop
  endfacet
  facet normal 0 0 -1
    outer loop
      vertex -1.09465 -3.8473 0
      vertex -0.613566 3.95266 0
      vertex -0.613566 -3.95266 0
    endloop
  endfacet
  facet normal 0 0 -1
    outer loop
      vertex -1.09465 -3.8473 0
      vertex -1.09465 3.8473 0
      vertex -0.613566 3.95266 0
    endloop
  endfacet
  facet normal 0 0 -1
    outer loop
      vertex -1.55914 -3.68362 0
      vertex -1.09465 3.8473 0
      vertex -1.09465 -3.8473 0
    endloop
  endfacet
  facet normal 0 0 -1
    outer loop
      vertex -1.55914 -3.68362 0
      vertex -1.55914 3.68362 0
      vertex -1.09465 3.8473 0
    endloop
  endfacet
  facet normal 0 0 -1
    outer loop
      vertex -2 -3.4641 0
      vertex -1.55914 3.68362 0
      vertex -1.55914 -3.68362 0
    endloop
  endfacet
  facet normal 0 0 -1
    outer loop
      vertex -2 -3.4641 0
      vertex -2 3.4641 0
      vertex -1.55914 3.68362 0
    endloop
  endfacet
  facet normal 0 0 -1
    outer loop
      vertex -2.41054 -3.19207 0
      vertex -2 3.4641 0
      vertex -2 -3.4641 0
    endloop
  endfacet
  facet normal 0 0 -1
    outer loop
      vertex -2.41054 -3.19207 0
      vertex -2.41054 3.19207 0
      vertex -2 3.4641 0
    endloop
  endfacet
  facet normal 0 0 -1
    outer loop
      vertex -2.78454 -2.87165 0
      vertex -2.41054 3.19207 0
      vertex -2.41054 -3.19207 0
    endloop
  endfacet
  facet normal 0 0 -1
    outer loop
      vertex -2.78454 -2.87165 0
      vertex -2.78454 2.87165 0
      vertex -2.41054 3.19207 0
    endloop
  endfacet
  facet normal 0 0 -1
    outer loop
      vertex -3.11632 -2.5077 0
      vertex -2.78454 2.87165 0
      vertex -2.78454 -2.87165 0
    endloop
  endfacet
  facet normal 0 0 -1
    outer loop
      vertex -3.11632 -2.5077 0
      vertex -3.11632 2.5077 0
      vertex -2.78454 2.87165 0
    endloop
  endfacet
  facet normal 0 0 -1
    outer loop
      vertex -3.40087 -2.10573 0
      vertex -3.11632 2.5077 0
      vertex -3.11632 -2.5077 0
    endloop
  endfacet
  facet normal 0 0 -1
    outer loop
      vertex -3.40087 -2.10573 0
      vertex -3.40087 2.10573 0
      vertex -3.11632 2.5077 0
    endloop
  endfacet
  facet normal 0 0 -1
    outer loop
      vertex -3.63386 -1.67184 0
      vertex -3.40087 2.10573 0
      vertex -3.40087 -2.10573 0
    endloop
  endfacet
  facet normal 0 0 -1
    outer loop
      vertex -3.63386 -1.67184 0
      vertex -3.63386 1.67184 0
      vertex -3.40087 2.10573 0
    endloop
  endfacet
  facet normal 0 0 -1
    outer loop
      vertex -3.81177 -1.21261 0
      vertex -3.63386 1.67184 0
      vertex -3.63386 -1.67184 0
    endloop
  endfacet
  facet normal 0 0 -1
    outer loop
      vertex -3.81177 -1.21261 0
      vertex -3.81177 1.21261 0
      vertex -3.63386 1.67184 0
    endloop
  endfacet
  facet normal 0 0 -1
    outer loop
      vertex -3.93189 -0.734998 0
      vertex -3.81177 1.21261 0
      vertex -3.81177 -1.21261 0
    endloop
  endfacet
  facet normal 0 0 -1
    outer loop
      vertex -3.93189 -0.734998 0
      vertex -3.93189 0.734998 0
      vertex -3.81177 1.21261 0
    endloop
  endfacet
  facet normal 0 0 -1
    outer loop
      vertex -3.99241 -0.246243 0
      vertex -3.93189 0.734998 0
      vertex -3.93189 -0.734998 0
    endloop
  endfacet
  facet normal 0 0 -1
    outer loop
      vertex -3.93189 0.734998 0
      vertex -3.99241 -0.246243 0
      vertex -3.99241 0.246243 0
    endloop
  endfacet
  facet normal -0.650614 -0.759409 0
    outer loop
      vertex -2.78454 -2.87165 0
      vertex -2.41054 -3.19207 2
      vertex -2.78454 -2.87165 2
    endloop
  endfacet
  facet normal -0.650614 -0.759409 -0
    outer loop
      vertex -2.41054 -3.19207 2
      vertex -2.78454 -2.87165 0
      vertex -2.41054 -3.19207 0
    endloop
  endfacet
  facet normal 0.389798 -0.9209 0
    outer loop
      vertex 1.32942 -3.77262 0
      vertex 1.78295 -3.58065 2
      vertex 1.32942 -3.77262 2
    endloop
  endfacet
  facet normal 0.389798 -0.9209 0
    outer loop
      vertex 1.78295 -3.58065 2
      vertex 1.32942 -3.77262 0
      vertex 1.78295 -3.58065 0
    endloop
  endfacet
  facet normal -0.445735 -0.895165 0
    outer loop
      vertex -2 -3.4641 0
      vertex -1.55914 -3.68362 2
      vertex -2 -3.4641 2
    endloop
  endfacet
  facet normal -0.445735 -0.895165 -0
    outer loop
      vertex -1.55914 -3.68362 2
      vertex -2 -3.4641 0
      vertex -1.55914 -3.68362 0
    endloop
  endfacet
  facet normal 0.0307826 0.999526 -0
    outer loop
      vertex 0.369073 3.98294 0
      vertex -0.123179 3.9981 2
      vertex 0.369073 3.98294 2
    endloop
  endfacet
  facet normal 0.0307826 0.999526 0
    outer loop
      vertex -0.123179 3.9981 2
      vertex 0.369073 3.98294 0
      vertex -0.123179 3.9981 0
    endloop
  endfacet
  facet normal -0.992421 -0.122886 0
    outer loop
      vertex -3.93189 -0.734998 0
      vertex -3.99241 -0.246243 2
      vertex -3.99241 -0.246243 0
    endloop
  endfacet
  facet normal -0.992421 -0.122886 0
    outer loop
      vertex -3.99241 -0.246243 2
      vertex -3.93189 -0.734998 0
      vertex -3.93189 -0.734998 2
    endloop
  endfacet
  facet normal 0.952942 -0.303153 0
    outer loop
      vertex 3.72989 -1.44497 2
      vertex 3.87919 -0.975655 0
      vertex 3.87919 -0.975655 2
    endloop
  endfacet
  facet normal 0.952942 -0.303153 0
    outer loop
      vertex 3.87919 -0.975655 0
      vertex 3.72989 -1.44497 2
      vertex 3.72989 -1.44497 0
    endloop
  endfacet
  facet normal 0 0 1
    outer loop
      vertex 1.95 0 2
      vertex 4 0 2
      vertex 3.96968 0.491552 2
    endloop
  endfacet
  facet normal 0 0 1
    outer loop
      vertex 1.88874 0.484944 2
      vertex 3.96968 0.491552 2
      vertex 3.87919 0.975655 2
    endloop
  endfacet
  facet normal 0 0 1
    outer loop
      vertex 4 0 2
      vertex 1.95 0 2
      vertex 3.96968 -0.491552 2
    endloop
  endfacet
  facet normal 0 0 1
    outer loop
      vertex 1.88874 0.484944 2
      vertex 3.87919 0.975655 2
      vertex 3.72989 1.44497 2
    endloop
  endfacet
  facet normal -0 0 1
    outer loop
      vertex 1.88874 -0.484944 2
      vertex 3.96968 -0.491552 2
      vertex 1.95 0 2
    endloop
  endfacet
  facet normal 0 0 1
    outer loop
      vertex 1.7088 0.939419 2
      vertex 3.72989 1.44497 2
      vertex 3.52405 1.89237 2
    endloop
  endfacet
  facet normal 0 0 1
    outer loop
      vertex 3.96968 -0.491552 2
      vertex 1.88874 -0.484944 2
      vertex 3.87919 -0.975655 2
    endloop
  endfacet
  facet normal 0 0 1
    outer loop
      vertex 1.7088 0.939419 2
      vertex 3.52405 1.89237 2
      vertex 3.26479 2.3111 2
    endloop
  endfacet
  facet normal 0 0 1
    outer loop
      vertex 3.87919 -0.975655 2
      vertex 1.88874 -0.484944 2
      vertex 3.72989 -1.44497 2
    endloop
  endfacet
  facet normal 0 0 1
    outer loop
      vertex 1.42149 1.33487 2
      vertex 3.26479 2.3111 2
      vertex 2.95604 2.69478 2
    endloop
  endfacet
  facet normal -0 0 1
    outer loop
      vertex 1.7088 -0.939419 2
      vertex 3.72989 -1.44497 2
      vertex 1.88874 -0.484944 2
    endloop
  endfacet
  facet normal 0 0 1
    outer loop
      vertex 1.42149 1.33487 2
      vertex 2.95604 2.69478 2
      vertex 2.60247 3.03762 2
    endloop
  endfacet
  facet normal 0 0 1
    outer loop
      vertex 3.72989 -1.44497 2
      vertex 1.7088 -0.939419 2
      vertex 3.52405 -1.89237 2
    endloop
  endfacet
  facet normal 0 0 1
    outer loop
      vertex 1.04486 1.64644 2
      vertex 2.60247 3.03762 2
      vertex 2.20946 3.33441 2
    endloop
  endfacet
  facet normal 0 0 1
    outer loop
      vertex 3.52405 -1.89237 2
      vertex 1.7088 -0.939419 2
      vertex 3.26479 -2.3111 2
    endloop
  endfacet
  facet normal -0 0 1
    outer loop
      vertex 1.42149 -1.33487 2
      vertex 3.26479 -2.3111 2
      vertex 1.7088 -0.939419 2
    endloop
  endfacet
  facet normal 0 0 1
    outer loop
      vertex 3.96968 0.491552 2
      vertex 1.88874 0.484944 2
      vertex 1.95 0 2
    endloop
  endfacet
  facet normal 0 0 1
    outer loop
      vertex 1.04486 1.64644 2
      vertex 2.20946 3.33441 2
      vertex 1.78295 3.58065 2
    endloop
  endfacet
  facet normal 0 0 1
    outer loop
      vertex 3.72989 1.44497 2
      vertex 1.7088 0.939419 2
      vertex 1.88874 0.484944 2
    endloop
  endfacet
  facet normal 0 0 1
    outer loop
      vertex 3.26479 2.3111 2
      vertex 1.42149 1.33487 2
      vertex 1.7088 0.939419 2
    endloop
  endfacet
  facet normal 0 0 1
    outer loop
      vertex 0.602583 1.85456 2
      vertex 1.78295 3.58065 2
      vertex 1.32942 3.77262 2
    endloop
  endfacet
  facet normal 0 0 1
    outer loop
      vertex 2.60247 3.03762 2
      vertex 1.04486 1.64644 2
      vertex 1.42149 1.33487 2
    endloop
  endfacet
  facet normal 0 0 1
    outer loop
      vertex 0.602583 1.85456 2
      vertex 1.32942 3.77262 2
      vertex 0.855732 3.90739 2
    endloop
  endfacet
  facet normal 0 0 1
    outer loop
      vertex 1.78295 3.58065 2
      vertex 0.602583 1.85456 2
      vertex 1.04486 1.64644 2
    endloop
  endfacet
  facet normal 0 0 1
    outer loop
      vertex 0.122441 1.94615 2
      vertex 0.855732 3.90739 2
      vertex 0.369073 3.98294 2
    endloop
  endfacet
  facet normal 0 0 1
    outer loop
      vertex 0.855732 3.90739 2
      vertex 0.122441 1.94615 2
      vertex 0.602583 1.85456 2
    endloop
  endfacet
  facet normal 0 0 1
    outer loop
      vertex -0.123179 3.9981 2
      vertex 0.122441 1.94615 2
      vertex 0.369073 3.98294 2
    endloop
  endfacet
  facet normal 0 0 1
    outer loop
      vertex -0.123179 3.9981 2
      vertex -0.365393 1.91546 2
      vertex 0.122441 1.94615 2
    endloop
  endfacet
  facet normal -0 0 1
    outer loop
      vertex -0.613566 3.95266 2
      vertex -0.365393 1.91546 2
      vertex -0.123179 3.9981 2
    endloop
  endfacet
  facet normal -0 0 1
    outer loop
      vertex -1.09465 3.8473 2
      vertex -0.365393 1.91546 2
      vertex -0.613566 3.95266 2
    endloop
  endfacet
  facet normal 0 0 1
    outer loop
      vertex -0.365393 1.91546 2
      vertex -1.09465 3.8473 2
      vertex -0.830269 1.76441 2
    endloop
  endfacet
  facet normal -0 0 1
    outer loop
      vertex -1.55914 3.68362 2
      vertex -0.830269 1.76441 2
      vertex -1.09465 3.8473 2
    endloop
  endfacet
  facet normal -0 0 1
    outer loop
      vertex -2 3.4641 2
      vertex -0.830269 1.76441 2
      vertex -1.55914 3.68362 2
    endloop
  endfacet
  facet normal 0 0 1
    outer loop
      vertex -0.830269 1.76441 2
      vertex -2 3.4641 2
      vertex -1.24298 1.5025 2
    endloop
  endfacet
  facet normal -0 0 1
    outer loop
      vertex -2.41054 3.19207 2
      vertex -1.24298 1.5025 2
      vertex -2 3.4641 2
    endloop
  endfacet
  facet normal -0 0 1
    outer loop
      vertex -2.78454 2.87165 2
      vertex -1.24298 1.5025 2
      vertex -2.41054 3.19207 2
    endloop
  endfacet
  facet normal -0 0 1
    outer loop
      vertex -3.11632 2.5077 2
      vertex -1.57758 1.14618 2
      vertex -2.78454 2.87165 2
    endloop
  endfacet
  facet normal 0 0 1
    outer loop
      vertex -1.24298 1.5025 2
      vertex -2.78454 2.87165 2
      vertex -1.57758 1.14618 2
    endloop
  endfacet
  facet normal 0 0 1
    outer loop
      vertex 3.26479 -2.3111 2
      vertex 1.42149 -1.33487 2
      vertex 2.95604 -2.69478 2
    endloop
  endfacet
  facet normal 0 0 1
    outer loop
      vertex 2.95604 -2.69478 2
      vertex 1.42149 -1.33487 2
      vertex 2.60247 -3.03762 2
    endloop
  endfacet
  facet normal -0 0 1
    outer loop
      vertex 1.04486 -1.64644 2
      vertex 2.60247 -3.03762 2
      vertex 1.42149 -1.33487 2
    endloop
  endfacet
  facet normal 0 0 1
    outer loop
      vertex 2.60247 -3.03762 2
      vertex 1.04486 -1.64644 2
      vertex 2.20946 -3.33441 2
    endloop
  endfacet
  facet normal 0 0 1
    outer loop
      vertex 2.20946 -3.33441 2
      vertex 1.04486 -1.64644 2
      vertex 1.78295 -3.58065 2
    endloop
  endfacet
  facet normal -0 0 1
    outer loop
      vertex 0.602583 -1.85456 2
      vertex 1.78295 -3.58065 2
      vertex 1.04486 -1.64644 2
    endloop
  endfacet
  facet normal 0 0 1
    outer loop
      vertex 1.78295 -3.58065 2
      vertex 0.602583 -1.85456 2
      vertex 1.32942 -3.77262 2
    endloop
  endfacet
  facet normal 0 0 1
    outer loop
      vertex 1.32942 -3.77262 2
      vertex 0.602583 -1.85456 2
      vertex 0.855732 -3.90739 2
    endloop
  endfacet
  facet normal -0 0 1
    outer loop
      vertex 0.122441 -1.94615 2
      vertex 0.855732 -3.90739 2
      vertex 0.602583 -1.85456 2
    endloop
  endfacet
  facet normal 0 0 1
    outer loop
      vertex 0.855732 -3.90739 2
      vertex 0.122441 -1.94615 2
      vertex 0.369073 -3.98294 2
    endloop
  endfacet
  facet normal 0 0 1
    outer loop
      vertex 0.122441 -1.94615 2
      vertex -0.123179 -3.9981 2
      vertex 0.369073 -3.98294 2
    endloop
  endfacet
  facet normal 0 0 1
    outer loop
      vertex -0.365393 -1.91546 2
      vertex -0.123179 -3.9981 2
      vertex 0.122441 -1.94615 2
    endloop
  endfacet
  facet normal 0 0 1
    outer loop
      vertex -0.365393 -1.91546 2
      vertex -0.613566 -3.95266 2
      vertex -0.123179 -3.9981 2
    endloop
  endfacet
  facet normal 0 0 1
    outer loop
      vertex -1.09465 -3.8473 2
      vertex -0.365393 -1.91546 2
      vertex -0.830269 -1.76441 2
    endloop
  endfacet
  facet normal 0 0 1
    outer loop
      vertex -0.365393 -1.91546 2
      vertex -1.09465 -3.8473 2
      vertex -0.613566 -3.95266 2
    endloop
  endfacet
  facet normal 0 0 1
    outer loop
      vertex -2 -3.4641 2
      vertex -0.830269 -1.76441 2
      vertex -1.24298 -1.5025 2
    endloop
  endfacet
  facet normal 0 0 1
    outer loop
      vertex -0.830269 -1.76441 2
      vertex -1.55914 -3.68362 2
      vertex -1.09465 -3.8473 2
    endloop
  endfacet
  facet normal 0 0 1
    outer loop
      vertex -2.78454 -2.87165 2
      vertex -1.24298 -1.5025 2
      vertex -1.57758 -1.14618 2
    endloop
  endfacet
  facet normal 0 0 1
    outer loop
      vertex -3.40087 -2.10573 2
      vertex -1.57758 -1.14618 2
      vertex -1.81306 -0.717842 2
    endloop
  endfacet
  facet normal 0 0 1
    outer loop
      vertex -3.81177 -1.21261 2
      vertex -1.81306 -0.717842 2
      vertex -1.93462 -0.244399 2
    endloop
  endfacet
  facet normal 0 0 1
    outer loop
      vertex -0.830269 -1.76441 2
      vertex -2 -3.4641 2
      vertex -1.55914 -3.68362 2
    endloop
  endfacet
  facet normal -0 0 1
    outer loop
      vertex -3.40087 2.10573 2
      vertex -1.57758 1.14618 2
      vertex -3.11632 2.5077 2
    endloop
  endfacet
  facet normal 0 0 1
    outer loop
      vertex -1.57758 1.14618 2
      vertex -3.40087 2.10573 2
      vertex -1.81306 0.717842 2
    endloop
  endfacet
  facet normal 0 0 1
    outer loop
      vertex -1.24298 -1.5025 2
      vertex -2.41054 -3.19207 2
      vertex -2 -3.4641 2
    endloop
  endfacet
  facet normal -0 0 1
    outer loop
      vertex -3.63386 1.67184 2
      vertex -1.81306 0.717842 2
      vertex -3.40087 2.10573 2
    endloop
  endfacet
  facet normal 0 0 1
    outer loop
      vertex -1.24298 -1.5025 2
      vertex -2.78454 -2.87165 2
      vertex -2.41054 -3.19207 2
    endloop
  endfacet
  facet normal -0 0 1
    outer loop
      vertex -3.81177 1.21261 2
      vertex -1.81306 0.717842 2
      vertex -3.63386 1.67184 2
    endloop
  endfacet
  facet normal 0 0 1
    outer loop
      vertex -1.57758 -1.14618 2
      vertex -3.11632 -2.5077 2
      vertex -2.78454 -2.87165 2
    endloop
  endfacet
  facet normal 0 0 1
    outer loop
      vertex -1.81306 0.717842 2
      vertex -3.81177 1.21261 2
      vertex -1.93462 0.244399 2
    endloop
  endfacet
  facet normal 0 0 1
    outer loop
      vertex -1.57758 -1.14618 2
      vertex -3.40087 -2.10573 2
      vertex -3.11632 -2.5077 2
    endloop
  endfacet
  facet normal -0 0 1
    outer loop
      vertex -3.93189 0.734998 2
      vertex -1.93462 0.244399 2
      vertex -3.81177 1.21261 2
    endloop
  endfacet
  facet normal 0 0 1
    outer loop
      vertex -1.81306 -0.717842 2
      vertex -3.63386 -1.67184 2
      vertex -3.40087 -2.10573 2
    endloop
  endfacet
  facet normal -0 0 1
    outer loop
      vertex -3.99241 0.246243 2
      vertex -1.93462 0.244399 2
      vertex -3.93189 0.734998 2
    endloop
  endfacet
  facet normal 0 0 1
    outer loop
      vertex -1.81306 -0.717842 2
      vertex -3.81177 -1.21261 2
      vertex -3.63386 -1.67184 2
    endloop
  endfacet
  facet normal 0 0 1
    outer loop
      vertex -1.93462 0.244399 2
      vertex -3.99241 0.246243 2
      vertex -1.93462 -0.244399 2
    endloop
  endfacet
  facet normal 0 0 1
    outer loop
      vertex -1.93462 -0.244399 2
      vertex -3.93189 -0.734998 2
      vertex -3.81177 -1.21261 2
    endloop
  endfacet
  facet normal 0 0 1
    outer loop
      vertex -3.99241 -0.246243 2
      vertex -1.93462 -0.244399 2
      vertex -3.99241 0.246243 2
    endloop
  endfacet
  facet normal 0 0 1
    outer loop
      vertex -1.93462 -0.244399 2
      vertex -3.99241 -0.246243 2
      vertex -3.93189 -0.734998 2
    endloop
  endfacet
  facet normal -0.881016 -0.473087 0
    outer loop
      vertex -3.40087 -2.10573 0
      vertex -3.63386 -1.67184 2
      vertex -3.63386 -1.67184 0
    endloop
  endfacet
  facet normal -0.881016 -0.473087 0
    outer loop
      vertex -3.63386 -1.67184 2
      vertex -3.40087 -2.10573 0
      vertex -3.40087 -2.10573 2
    endloop
  endfacet
  facet normal -0.969799 0.243906 0
    outer loop
      vertex -3.93189 0.734998 0
      vertex -3.81177 1.21261 2
      vertex -3.81177 1.21261 0
    endloop
  endfacet
  facet normal -0.969799 0.243906 0
    outer loop
      vertex -3.81177 1.21261 2
      vertex -3.93189 0.734998 0
      vertex -3.93189 0.734998 2
    endloop
  endfacet
  facet normal 0.696129 -0.717916 0
    outer loop
      vertex 2.60247 -3.03762 0
      vertex 2.95604 -2.69478 2
      vertex 2.60247 -3.03762 2
    endloop
  endfacet
  facet normal 0.696129 -0.717916 0
    outer loop
      vertex 2.95604 -2.69478 2
      vertex 2.60247 -3.03762 0
      vertex 2.95604 -2.69478 0
    endloop
  endfacet
  facet normal -0.739013 -0.673691 0
    outer loop
      vertex -2.78454 -2.87165 0
      vertex -3.11632 -2.5077 2
      vertex -3.11632 -2.5077 0
    endloop
  endfacet
  facet normal -0.739013 -0.673691 0
    outer loop
      vertex -3.11632 -2.5077 2
      vertex -2.78454 -2.87165 0
      vertex -2.78454 -2.87165 2
    endloop
  endfacet
  facet normal 0.153405 0.988163 -0
    outer loop
      vertex 0.855732 3.90739 0
      vertex 0.369073 3.98294 2
      vertex 0.855732 3.90739 2
    endloop
  endfacet
  facet normal 0.153405 0.988163 0
    outer loop
      vertex 0.369073 3.98294 2
      vertex 0.855732 3.90739 0
      vertex 0.369073 3.98294 0
    endloop
  endfacet
  facet normal -0.93247 -0.361248 0
    outer loop
      vertex -3.63386 -1.67184 0
      vertex -3.81177 -1.21261 2
      vertex -3.81177 -1.21261 0
    endloop
  endfacet
  facet normal -0.93247 -0.361248 0
    outer loop
      vertex -3.81177 -1.21261 2
      vertex -3.63386 -1.67184 0
      vertex -3.63386 -1.67184 2
    endloop
  endfacet
  facet normal -0.816196 -0.577776 0
    outer loop
      vertex -3.11632 -2.5077 0
      vertex -3.40087 -2.10573 2
      vertex -3.40087 -2.10573 0
    endloop
  endfacet
  facet normal -0.816196 -0.577776 0
    outer loop
      vertex -3.40087 -2.10573 2
      vertex -3.11632 -2.5077 0
      vertex -3.11632 -2.5077 2
    endloop
  endfacet
  facet normal 0.0307826 -0.999526 0
    outer loop
      vertex -0.123179 -3.9981 0
      vertex 0.369073 -3.98294 2
      vertex -0.123179 -3.9981 2
    endloop
  endfacet
  facet normal 0.0307826 -0.999526 0
    outer loop
      vertex 0.369073 -3.98294 2
      vertex -0.123179 -3.9981 0
      vertex 0.369073 -3.98294 0
    endloop
  endfacet
  facet normal -0.55236 0.833606 0
    outer loop
      vertex -2 3.4641 0
      vertex -2.41054 3.19207 2
      vertex -2 3.4641 2
    endloop
  endfacet
  facet normal -0.55236 0.833606 0
    outer loop
      vertex -2.41054 3.19207 2
      vertex -2 3.4641 0
      vertex -2.41054 3.19207 0
    endloop
  endfacet
  facet normal -0.992421 0.122886 0
    outer loop
      vertex -3.99241 0.246243 0
      vertex -3.93189 0.734998 2
      vertex -3.93189 0.734998 0
    endloop
  endfacet
  facet normal -0.992421 0.122886 0
    outer loop
      vertex -3.93189 0.734998 2
      vertex -3.99241 0.246243 0
      vertex -3.99241 0.246243 2
    endloop
  endfacet
  facet normal -0.0922663 0.995734 0
    outer loop
      vertex -0.123179 3.9981 0
      vertex -0.613566 3.95266 2
      vertex -0.123179 3.9981 2
    endloop
  endfacet
  facet normal -0.0922663 0.995734 0
    outer loop
      vertex -0.613566 3.95266 2
      vertex -0.123179 3.9981 0
      vertex -0.613566 3.95266 0
    endloop
  endfacet
  facet normal 0.499991 -0.86603 0
    outer loop
      vertex 1.78295 -3.58065 0
      vertex 2.20946 -3.33441 2
      vertex 1.78295 -3.58065 2
    endloop
  endfacet
  facet normal 0.499991 -0.86603 0
    outer loop
      vertex 2.20946 -3.33441 2
      vertex 1.78295 -3.58065 0
      vertex 2.20946 -3.33441 0
    endloop
  endfacet
  facet normal -1 0 0
    outer loop
      vertex -3.99241 -0.246243 0
      vertex -3.99241 0.246243 2
      vertex -3.99241 0.246243 0
    endloop
  endfacet
  facet normal -1 -0 0
    outer loop
      vertex -3.99241 0.246243 2
      vertex -3.99241 -0.246243 0
      vertex -3.99241 -0.246243 2
    endloop
  endfacet
  facet normal -0.93247 0.361248 0
    outer loop
      vertex -3.81177 1.21261 0
      vertex -3.63386 1.67184 2
      vertex -3.63386 1.67184 0
    endloop
  endfacet
  facet normal -0.93247 0.361248 0
    outer loop
      vertex -3.63386 1.67184 2
      vertex -3.81177 1.21261 0
      vertex -3.81177 1.21261 2
    endloop
  endfacet
  facet normal -0.332355 -0.943154 0
    outer loop
      vertex -1.55914 -3.68362 0
      vertex -1.09465 -3.8473 2
      vertex -1.55914 -3.68362 2
    endloop
  endfacet
  facet normal -0.332355 -0.943154 -0
    outer loop
      vertex -1.09465 -3.8473 2
      vertex -1.55914 -3.68362 0
      vertex -1.09465 -3.8473 0
    endloop
  endfacet
  facet normal -0.968583 0.248691 0
    outer loop
      vertex -1.93462 0.244399 2
      vertex -1.81306 0.717842 14
      vertex -1.81306 0.717842 2
    endloop
  endfacet
  facet normal -0.968583 0.248691 0
    outer loop
      vertex -1.81306 0.717842 14
      vertex -1.93462 0.244399 2
      vertex -1.93462 0.244399 14
    endloop
  endfacet
  facet normal 0.929776 0.368126 0
    outer loop
      vertex 1.88874 0.484944 14
      vertex 1.7088 0.939419 2
      vertex 1.7088 0.939419 14
    endloop
  endfacet
  facet normal 0.929776 0.368126 0
    outer loop
      vertex 1.7088 0.939419 2
      vertex 1.88874 0.484944 14
      vertex 1.88874 0.484944 2
    endloop
  endfacet
  facet normal 0.992115 0.125328 0
    outer loop
      vertex 1.95 0 14
      vertex 1.88874 0.484944 2
      vertex 1.88874 0.484944 14
    endloop
  endfacet
  facet normal 0.992115 0.125328 0
    outer loop
      vertex 1.88874 0.484944 2
      vertex 1.95 0 14
      vertex 1.95 0 2
    endloop
  endfacet
  facet normal 0.809019 0.587783 0
    outer loop
      vertex 1.7088 0.939419 14
      vertex 1.42149 1.33487 2
      vertex 1.42149 1.33487 14
    endloop
  endfacet
  facet normal 0.809019 0.587783 0
    outer loop
      vertex 1.42149 1.33487 2
      vertex 1.7088 0.939419 14
      vertex 1.7088 0.939419 2
    endloop
  endfacet
  facet normal 0.992115 -0.125328 0
    outer loop
      vertex 1.88874 -0.484944 14
      vertex 1.95 0 2
      vertex 1.95 0 14
    endloop
  endfacet
  facet normal 0.992115 -0.125328 0
    outer loop
      vertex 1.95 0 2
      vertex 1.88874 -0.484944 14
      vertex 1.88874 -0.484944 2
    endloop
  endfacet
  facet normal -0.53582 0.844332 0
    outer loop
      vertex -0.830269 1.76441 2
      vertex -1.24298 1.5025 14
      vertex -0.830269 1.76441 14
    endloop
  endfacet
  facet normal -0.53582 0.844332 0
    outer loop
      vertex -1.24298 1.5025 14
      vertex -0.830269 1.76441 2
      vertex -1.24298 1.5025 2
    endloop
  endfacet
  facet normal 0.929776 -0.368126 0
    outer loop
      vertex 1.7088 -0.939419 14
      vertex 1.88874 -0.484944 2
      vertex 1.88874 -0.484944 14
    endloop
  endfacet
  facet normal 0.929776 -0.368126 0
    outer loop
      vertex 1.88874 -0.484944 2
      vertex 1.7088 -0.939419 14
      vertex 1.7088 -0.939419 2
    endloop
  endfacet
  facet normal -0.728976 -0.68454 0
    outer loop
      vertex -1.24298 -1.5025 2
      vertex -1.57758 -1.14618 14
      vertex -1.57758 -1.14618 2
    endloop
  endfacet
  facet normal -0.728976 -0.68454 0
    outer loop
      vertex -1.57758 -1.14618 14
      vertex -1.24298 -1.5025 2
      vertex -1.24298 -1.5025 14
    endloop
  endfacet
  facet normal -0.0627866 -0.998027 0
    outer loop
      vertex -0.365393 -1.91546 2
      vertex 0.122441 -1.94615 14
      vertex -0.365393 -1.91546 14
    endloop
  endfacet
  facet normal -0.0627866 -0.998027 -0
    outer loop
      vertex 0.122441 -1.94615 14
      vertex -0.365393 -1.91546 2
      vertex 0.122441 -1.94615 2
    endloop
  endfacet
  facet normal -0.728976 0.68454 0
    outer loop
      vertex -1.57758 1.14618 2
      vertex -1.24298 1.5025 14
      vertex -1.24298 1.5025 2
    endloop
  endfacet
  facet normal -0.728976 0.68454 0
    outer loop
      vertex -1.24298 1.5025 14
      vertex -1.57758 1.14618 2
      vertex -1.57758 1.14618 14
    endloop
  endfacet
  facet normal 0.637417 0.770519 -0
    outer loop
      vertex 1.42149 1.33487 2
      vertex 1.04486 1.64644 14
      vertex 1.42149 1.33487 14
    endloop
  endfacet
  facet normal 0.637417 0.770519 0
    outer loop
      vertex 1.04486 1.64644 14
      vertex 1.42149 1.33487 2
      vertex 1.04486 1.64644 2
    endloop
  endfacet
  facet normal -0.309022 0.951055 0
    outer loop
      vertex -0.365393 1.91546 2
      vertex -0.830269 1.76441 14
      vertex -0.365393 1.91546 14
    endloop
  endfacet
  facet normal -0.309022 0.951055 0
    outer loop
      vertex -0.830269 1.76441 14
      vertex -0.365393 1.91546 2
      vertex -0.830269 1.76441 2
    endloop
  endfacet
  facet normal 0.809019 -0.587783 0
    outer loop
      vertex 1.42149 -1.33487 14
      vertex 1.7088 -0.939419 2
      vertex 1.7088 -0.939419 14
    endloop
  endfacet
  facet normal 0.809019 -0.587783 0
    outer loop
      vertex 1.7088 -0.939419 2
      vertex 1.42149 -1.33487 14
      vertex 1.42149 -1.33487 2
    endloop
  endfacet
  facet normal 0.42578 -0.904827 0
    outer loop
      vertex 0.602583 -1.85456 2
      vertex 1.04486 -1.64644 14
      vertex 0.602583 -1.85456 14
    endloop
  endfacet
  facet normal 0.42578 -0.904827 0
    outer loop
      vertex 1.04486 -1.64644 14
      vertex 0.602583 -1.85456 2
      vertex 1.04486 -1.64644 2
    endloop
  endfacet
  facet normal 0.637417 -0.770519 0
    outer loop
      vertex 1.04486 -1.64644 2
      vertex 1.42149 -1.33487 14
      vertex 1.04486 -1.64644 14
    endloop
  endfacet
  facet normal 0.637417 -0.770519 0
    outer loop
      vertex 1.42149 -1.33487 14
      vertex 1.04486 -1.64644 2
      vertex 1.42149 -1.33487 2
    endloop
  endfacet
  facet normal 0.187377 -0.982288 0
    outer loop
      vertex 0.122441 -1.94615 2
      vertex 0.602583 -1.85456 14
      vertex 0.122441 -1.94615 14
    endloop
  endfacet
  facet normal 0.187377 -0.982288 0
    outer loop
      vertex 0.602583 -1.85456 14
      vertex 0.122441 -1.94615 2
      vertex 0.602583 -1.85456 2
    endloop
  endfacet
  facet normal 0.42578 0.904827 -0
    outer loop
      vertex 1.04486 1.64644 2
      vertex 0.602583 1.85456 14
      vertex 1.04486 1.64644 14
    endloop
  endfacet
  facet normal 0.42578 0.904827 0
    outer loop
      vertex 0.602583 1.85456 14
      vertex 1.04486 1.64644 2
      vertex 0.602583 1.85456 2
    endloop
  endfacet
  facet normal -0.968583 -0.248691 0
    outer loop
      vertex -1.81306 -0.717842 2
      vertex -1.93462 -0.244399 14
      vertex -1.93462 -0.244399 2
    endloop
  endfacet
  facet normal -0.968583 -0.248691 0
    outer loop
      vertex -1.93462 -0.244399 14
      vertex -1.81306 -0.717842 2
      vertex -1.81306 -0.717842 14
    endloop
  endfacet
  facet normal -0.876307 0.481752 0
    outer loop
      vertex -1.81306 0.717842 2
      vertex -1.57758 1.14618 14
      vertex -1.57758 1.14618 2
    endloop
  endfacet
  facet normal -0.876307 0.481752 0
    outer loop
      vertex -1.57758 1.14618 14
      vertex -1.81306 0.717842 2
      vertex -1.81306 0.717842 14
    endloop
  endfacet
  facet normal 0.187377 0.982288 -0
    outer loop
      vertex 0.602583 1.85456 2
      vertex 0.122441 1.94615 14
      vertex 0.602583 1.85456 14
    endloop
  endfacet
  facet normal 0.187377 0.982288 0
    outer loop
      vertex 0.122441 1.94615 14
      vertex 0.602583 1.85456 2
      vertex 0.122441 1.94615 2
    endloop
  endfacet
  facet normal -0.53582 -0.844332 0
    outer loop
      vertex -1.24298 -1.5025 2
      vertex -0.830269 -1.76441 14
      vertex -1.24298 -1.5025 14
    endloop
  endfacet
  facet normal -0.53582 -0.844332 -0
    outer loop
      vertex -0.830269 -1.76441 14
      vertex -1.24298 -1.5025 2
      vertex -0.830269 -1.76441 2
    endloop
  endfacet
  facet normal -0.0627866 0.998027 0
    outer loop
      vertex 0.122441 1.94615 2
      vertex -0.365393 1.91546 14
      vertex 0.122441 1.94615 14
    endloop
  endfacet
  facet normal -0.0627866 0.998027 0
    outer loop
      vertex -0.365393 1.91546 14
      vertex 0.122441 1.94615 2
      vertex -0.365393 1.91546 2
    endloop
  endfacet
  facet normal -0.309022 -0.951055 0
    outer loop
      vertex -0.830269 -1.76441 2
      vertex -0.365393 -1.91546 14
      vertex -0.830269 -1.76441 14
    endloop
  endfacet
  facet normal -0.309022 -0.951055 -0
    outer loop
      vertex -0.365393 -1.91546 14
      vertex -0.830269 -1.76441 2
      vertex -0.365393 -1.91546 2
    endloop
  endfacet
  facet normal -0.876307 -0.481752 0
    outer loop
      vertex -1.57758 -1.14618 2
      vertex -1.81306 -0.717842 14
      vertex -1.81306 -0.717842 2
    endloop
  endfacet
  facet normal -0.876307 -0.481752 0
    outer loop
      vertex -1.81306 -0.717842 14
      vertex -1.57758 -1.14618 2
      vertex -1.57758 -1.14618 14
    endloop
  endfacet
  facet normal -1 0 0
    outer loop
      vertex -1.93462 -0.244399 2
      vertex -1.93462 0.244399 14
      vertex -1.93462 0.244399 2
    endloop
  endfacet
  facet normal -1 -0 0
    outer loop
      vertex -1.93462 0.244399 14
      vertex -1.93462 -0.244399 2
      vertex -1.93462 -0.244399 14
    endloop
  endfacet
  facet normal -0.515828 -0.812829 0.270611
    outer loop
      vertex -0.468357 -0.995309 17
      vertex -1.24298 -1.5025 14
      vertex -0.830269 -1.76441 14
    endloop
  endfacet
  facet normal 0.778833 -0.565852 0.270612
    outer loop
      vertex 1.7088 -0.939419 14
      vertex 0.963937 -0.529928 17
      vertex 1.42149 -1.33487 14
    endloop
  endfacet
  facet normal 0.180386 -0.945638 0.27061
    outer loop
      vertex 0.602583 -1.85456 14
      vertex 0.0690689 -1.09783 17
      vertex 0.122441 -1.94615 14
    endloop
  endfacet
  facet normal 0.955097 0.120662 0.270611
    outer loop
      vertex 1.95 0 14
      vertex 1.06544 0.273559 17
      vertex 1.1 0 17
    endloop
  endfacet
  facet normal 0.955098 0.120652 0.270612
    outer loop
      vertex 1.88874 0.484944 14
      vertex 1.06544 0.273559 17
      vertex 1.95 0 14
    endloop
  endfacet
  facet normal 0.895085 -0.35439 0.270612
    outer loop
      vertex 1.88874 -0.484944 14
      vertex 1.06544 -0.273559 17
      vertex 1.7088 -0.939419 14
    endloop
  endfacet
  facet normal 0.895086 0.354387 0.270612
    outer loop
      vertex 1.7088 0.939419 14
      vertex 0.963937 0.529928 17
      vertex 1.06544 0.273559 17
    endloop
  endfacet
  facet normal 0 0 1
    outer loop
      vertex 1.06544 0.273559 17
      vertex 1.06544 -0.273559 17
      vertex 1.1 0 17
    endloop
  endfacet
  facet normal 0 0 1
    outer loop
      vertex 0.963937 0.529928 17
      vertex 1.06544 -0.273559 17
      vertex 1.06544 0.273559 17
    endloop
  endfacet
  facet normal 0 0 1
    outer loop
      vertex 0.963937 0.529928 17
      vertex 0.963937 -0.529928 17
      vertex 1.06544 -0.273559 17
    endloop
  endfacet
  facet normal 0 0 1
    outer loop
      vertex 0.801865 0.753001 17
      vertex 0.963937 -0.529928 17
      vertex 0.963937 0.529928 17
    endloop
  endfacet
  facet normal 0 0 1
    outer loop
      vertex 0.801865 0.753001 17
      vertex 0.801865 -0.753001 17
      vertex 0.963937 -0.529928 17
    endloop
  endfacet
  facet normal 0 0 1
    outer loop
      vertex 0.589409 0.928761 17
      vertex 0.801865 -0.753001 17
      vertex 0.801865 0.753001 17
    endloop
  endfacet
  facet normal 0 0 1
    outer loop
      vertex 0.589409 0.928761 17
      vertex 0.589409 -0.928761 17
      vertex 0.801865 -0.753001 17
    endloop
  endfacet
  facet normal 0 0 1
    outer loop
      vertex 0.339918 1.04616 17
      vertex 0.589409 -0.928761 17
      vertex 0.589409 0.928761 17
    endloop
  endfacet
  facet normal 0 0 1
    outer loop
      vertex 0.339918 1.04616 17
      vertex 0.339918 -1.04616 17
      vertex 0.589409 -0.928761 17
    endloop
  endfacet
  facet normal 0 0 1
    outer loop
      vertex 0.0690689 1.09783 17
      vertex 0.339918 -1.04616 17
      vertex 0.339918 1.04616 17
    endloop
  endfacet
  facet normal 0 0 1
    outer loop
      vertex 0.0690689 1.09783 17
      vertex 0.0690689 -1.09783 17
      vertex 0.339918 -1.04616 17
    endloop
  endfacet
  facet normal -0 0 1
    outer loop
      vertex -0.206119 1.08052 17
      vertex 0.0690689 -1.09783 17
      vertex 0.0690689 1.09783 17
    endloop
  endfacet
  facet normal 0 0 1
    outer loop
      vertex -0.206119 1.08052 17
      vertex -0.206119 -1.08052 17
      vertex 0.0690689 -1.09783 17
    endloop
  endfacet
  facet normal -0 0 1
    outer loop
      vertex -0.468357 0.995309 17
      vertex -0.206119 -1.08052 17
      vertex -0.206119 1.08052 17
    endloop
  endfacet
  facet normal 0 0 1
    outer loop
      vertex -0.468357 0.995309 17
      vertex -0.468357 -0.995309 17
      vertex -0.206119 -1.08052 17
    endloop
  endfacet
  facet normal -0 0 1
    outer loop
      vertex -0.701166 0.847564 17
      vertex -0.468357 -0.995309 17
      vertex -0.468357 0.995309 17
    endloop
  endfacet
  facet normal 0 0 1
    outer loop
      vertex -0.701166 0.847564 17
      vertex -0.701166 -0.847564 17
      vertex -0.468357 -0.995309 17
    endloop
  endfacet
  facet normal -0 0 1
    outer loop
      vertex -0.889918 0.646564 17
      vertex -0.701166 -0.847564 17
      vertex -0.701166 0.847564 17
    endloop
  endfacet
  facet normal 0 0 1
    outer loop
      vertex -0.889918 0.646564 17
      vertex -0.889918 -0.646564 17
      vertex -0.701166 -0.847564 17
    endloop
  endfacet
  facet normal -0 0 1
    outer loop
      vertex -1.02275 0.404937 17
      vertex -0.889918 -0.646564 17
      vertex -0.889918 0.646564 17
    endloop
  endfacet
  facet normal 0 0 1
    outer loop
      vertex -1.02275 0.404937 17
      vertex -1.02275 -0.404937 17
      vertex -0.889918 -0.646564 17
    endloop
  endfacet
  facet normal -0 0 1
    outer loop
      vertex -1.09133 0.137866 17
      vertex -1.02275 -0.404937 17
      vertex -1.02275 0.404937 17
    endloop
  endfacet
  facet normal 0 0 1
    outer loop
      vertex -1.02275 -0.404937 17
      vertex -1.09133 0.137866 17
      vertex -1.09133 -0.137866 17
    endloop
  endfacet
  facet normal -0.297502 0.915567 0.270611
    outer loop
      vertex -0.206119 1.08052 17
      vertex -0.830269 1.76441 14
      vertex -0.468357 0.995309 17
    endloop
  endfacet
  facet normal -0.843616 0.463769 0.27061
    outer loop
      vertex -0.889918 0.646564 17
      vertex -1.57758 1.14618 14
      vertex -1.02275 0.404937 17
    endloop
  endfacet
  facet normal -0.932437 -0.239437 0.270612
    outer loop
      vertex -1.09133 -0.137866 17
      vertex -1.81306 -0.717842 14
      vertex -1.02275 -0.404937 17
    endloop
  endfacet
  facet normal 0.409886 0.87107 0.270612
    outer loop
      vertex 0.602583 1.85456 14
      vertex 0.339918 1.04616 17
      vertex 0.589409 0.928761 17
    endloop
  endfacet
  facet normal 0.409893 -0.871067 0.270611
    outer loop
      vertex 1.04486 -1.64644 14
      vertex 0.589409 -0.928761 17
      vertex 0.602583 -1.85456 14
    endloop
  endfacet
  facet normal 0.409893 0.871067 0.270611
    outer loop
      vertex 0.602583 1.85456 14
      vertex 0.589409 0.928761 17
      vertex 1.04486 1.64644 14
    endloop
  endfacet
  facet normal 0.180386 0.945638 0.27061
    outer loop
      vertex 0.122441 1.94615 14
      vertex 0.0690689 1.09783 17
      vertex 0.602583 1.85456 14
    endloop
  endfacet
  facet normal -0.701777 0.658999 0.270611
    outer loop
      vertex -1.24298 1.5025 14
      vertex -1.57758 1.14618 14
      vertex -0.889918 0.646564 17
    endloop
  endfacet
  facet normal -0.297492 0.91557 0.27061
    outer loop
      vertex -0.365393 1.91546 14
      vertex -0.830269 1.76441 14
      vertex -0.206119 1.08052 17
    endloop
  endfacet
  facet normal -0.701769 0.659006 0.270612
    outer loop
      vertex -0.701166 0.847564 17
      vertex -1.24298 1.5025 14
      vertex -0.889918 0.646564 17
    endloop
  endfacet
  facet normal -0.515834 0.812825 0.270612
    outer loop
      vertex -0.468357 0.995309 17
      vertex -1.24298 1.5025 14
      vertex -0.701166 0.847564 17
    endloop
  endfacet
  facet normal 0.613635 0.74177 0.270611
    outer loop
      vertex 1.04486 1.64644 14
      vertex 0.589409 0.928761 17
      vertex 1.42149 1.33487 14
    endloop
  endfacet
  facet normal -0.932445 -0.239412 0.270609
    outer loop
      vertex -1.09133 -0.137866 17
      vertex -1.93462 -0.244399 14
      vertex -1.81306 -0.717842 14
    endloop
  endfacet
  facet normal 0.778831 -0.565854 0.270612
    outer loop
      vertex 0.963937 -0.529928 17
      vertex 0.801865 -0.753001 17
      vertex 1.42149 -1.33487 14
    endloop
  endfacet
  facet normal -0.932437 0.239437 0.270612
    outer loop
      vertex -1.02275 0.404937 17
      vertex -1.81306 0.717842 14
      vertex -1.09133 0.137866 17
    endloop
  endfacet
  facet normal 0.778831 0.565854 0.270612
    outer loop
      vertex 1.42149 1.33487 14
      vertex 0.801865 0.753001 17
      vertex 0.963937 0.529928 17
    endloop
  endfacet
  facet normal -0.515828 0.812829 0.270611
    outer loop
      vertex -0.830269 1.76441 14
      vertex -1.24298 1.5025 14
      vertex -0.468357 0.995309 17
    endloop
  endfacet
  facet normal -0.843616 -0.463769 0.27061
    outer loop
      vertex -1.02275 -0.404937 17
      vertex -1.57758 -1.14618 14
      vertex -0.889918 -0.646564 17
    endloop
  endfacet
  facet normal 0.613635 -0.74177 0.270611
    outer loop
      vertex 1.42149 -1.33487 14
      vertex 0.589409 -0.928761 17
      vertex 1.04486 -1.64644 14
    endloop
  endfacet
  facet normal 0.895086 -0.354387 0.270612
    outer loop
      vertex 1.06544 -0.273559 17
      vertex 0.963937 -0.529928 17
      vertex 1.7088 -0.939419 14
    endloop
  endfacet
  facet normal 0.180399 -0.945635 0.270612
    outer loop
      vertex 0.339918 -1.04616 17
      vertex 0.0690689 -1.09783 17
      vertex 0.602583 -1.85456 14
    endloop
  endfacet
  facet normal 0.955098 -0.120652 0.270612
    outer loop
      vertex 1.95 0 14
      vertex 1.06544 -0.273559 17
      vertex 1.88874 -0.484944 14
    endloop
  endfacet
  facet normal 0.955097 -0.120662 0.270611
    outer loop
      vertex 1.1 0 17
      vertex 1.06544 -0.273559 17
      vertex 1.95 0 14
    endloop
  endfacet
  facet normal -0.060444 0.96079 0.27061
    outer loop
      vertex 0.122441 1.94615 14
      vertex -0.365393 1.91546 14
      vertex -0.206119 1.08052 17
    endloop
  endfacet
  facet normal 0.778833 0.565852 0.270612
    outer loop
      vertex 1.42149 1.33487 14
      vertex 0.963937 0.529928 17
      vertex 1.7088 0.939419 14
    endloop
  endfacet
  facet normal 0.895085 0.35439 0.270612
    outer loop
      vertex 1.7088 0.939419 14
      vertex 1.06544 0.273559 17
      vertex 1.88874 0.484944 14
    endloop
  endfacet
  facet normal -0.843611 0.463778 0.270611
    outer loop
      vertex -1.57758 1.14618 14
      vertex -1.81306 0.717842 14
      vertex -1.02275 0.404937 17
    endloop
  endfacet
  facet normal -0.0604361 -0.96079 0.270611
    outer loop
      vertex 0.0690689 -1.09783 17
      vertex -0.206119 -1.08052 17
      vertex 0.122441 -1.94615 14
    endloop
  endfacet
  facet normal 0.613643 0.741762 0.270612
    outer loop
      vertex 1.42149 1.33487 14
      vertex 0.589409 0.928761 17
      vertex 0.801865 0.753001 17
    endloop
  endfacet
  facet normal -0.060444 -0.96079 0.27061
    outer loop
      vertex -0.206119 -1.08052 17
      vertex -0.365393 -1.91546 14
      vertex 0.122441 -1.94615 14
    endloop
  endfacet
  facet normal -0.297492 -0.91557 0.27061
    outer loop
      vertex -0.206119 -1.08052 17
      vertex -0.830269 -1.76441 14
      vertex -0.365393 -1.91546 14
    endloop
  endfacet
  facet normal -0.701777 -0.658999 0.270611
    outer loop
      vertex -0.889918 -0.646564 17
      vertex -1.57758 -1.14618 14
      vertex -1.24298 -1.5025 14
    endloop
  endfacet
  facet normal -0.0604361 0.96079 0.270611
    outer loop
      vertex 0.122441 1.94615 14
      vertex -0.206119 1.08052 17
      vertex 0.0690689 1.09783 17
    endloop
  endfacet
  facet normal 0.180399 0.945635 0.270612
    outer loop
      vertex 0.602583 1.85456 14
      vertex 0.0690689 1.09783 17
      vertex 0.339918 1.04616 17
    endloop
  endfacet
  facet normal -0.932445 0.239412 0.270609
    outer loop
      vertex -1.81306 0.717842 14
      vertex -1.93462 0.244399 14
      vertex -1.09133 0.137866 17
    endloop
  endfacet
  facet normal -0.962689 0 0.270609
    outer loop
      vertex -1.93462 0.244399 14
      vertex -1.09133 -0.137866 17
      vertex -1.09133 0.137866 17
    endloop
  endfacet
  facet normal -0.962689 0 0.270609
    outer loop
      vertex -1.09133 -0.137866 17
      vertex -1.93462 0.244399 14
      vertex -1.93462 -0.244399 14
    endloop
  endfacet
  facet normal -0.701769 -0.659006 0.270612
    outer loop
      vertex -0.889918 -0.646564 17
      vertex -1.24298 -1.5025 14
      vertex -0.701166 -0.847564 17
    endloop
  endfacet
  facet normal -0.843611 -0.463778 0.270611
    outer loop
      vertex -1.02275 -0.404937 17
      vertex -1.81306 -0.717842 14
      vertex -1.57758 -1.14618 14
    endloop
  endfacet
  facet normal 0.409886 -0.87107 0.270612
    outer loop
      vertex 0.589409 -0.928761 17
      vertex 0.339918 -1.04616 17
      vertex 0.602583 -1.85456 14
    endloop
  endfacet
  facet normal 0.613643 -0.741762 0.270612
    outer loop
      vertex 0.801865 -0.753001 17
      vertex 0.589409 -0.928761 17
      vertex 1.42149 -1.33487 14
    endloop
  endfacet
  facet normal -0.297502 -0.915567 0.270611
    outer loop
      vertex -0.468357 -0.995309 17
      vertex -0.830269 -1.76441 14
      vertex -0.206119 -1.08052 17
    endloop
  endfacet
  facet normal -0.515834 -0.812825 0.270612
    outer loop
      vertex -0.701166 -0.847564 17
      vertex -1.24298 -1.5025 14
      vertex -0.468357 -0.995309 17
    endloop
  endfacet
  facet normal -0.245496 0.969398 0
    outer loop
      vertex 13.1373 4.41653 0
      vertex 12.6567 4.29482 4
      vertex 13.1373 4.41653 4
    endloop
  endfacet
  facet normal -0.245496 0.969398 0
    outer loop
      vertex 12.6567 4.29482 4
      vertex 13.1373 4.41653 0
      vertex 12.6567 4.29482 0
    endloop
  endfacet
  facet normal 0.962272 -0.27209 0
    outer loop
      vertex 18.2562 -1.46115 4
      vertex 18.3911 -0.984064 0
      vertex 18.3911 -0.984064 4
    endloop
  endfacet
  facet normal 0.962272 -0.27209 0
    outer loop
      vertex 18.3911 -0.984064 0
      vertex 18.2562 -1.46115 4
      vertex 18.2562 -1.46115 0
    endloop
  endfacet
  facet normal 0.677336 0.735674 -0
    outer loop
      vertex 17.2255 3.13784 0
      vertex 16.8608 3.47362 4
      vertex 17.2255 3.13784 4
    endloop
  endfacet
  facet normal 0.677336 0.735674 0
    outer loop
      vertex 16.8608 3.47362 4
      vertex 17.2255 3.13784 0
      vertex 16.8608 3.47362 0
    endloop
  endfacet
  facet normal 0.298505 -0.954408 0
    outer loop
      vertex 15.1047 -4.3623 0
      vertex 15.5779 -4.2143 4
      vertex 15.1047 -4.3623 4
    endloop
  endfacet
  facet normal 0.298505 -0.954408 0
    outer loop
      vertex 15.5779 -4.2143 4
      vertex 15.1047 -4.3623 0
      vertex 15.5779 -4.2143 0
    endloop
  endfacet
  facet normal -0.975797 -0.218679 0
    outer loop
      vertex 9.66979 -1.22447 0
      vertex 9.56137 -0.740675 4
      vertex 9.56137 -0.740675 0
    endloop
  endfacet
  facet normal -0.975797 -0.218679 0
    outer loop
      vertex 9.56137 -0.740675 4
      vertex 9.66979 -1.22447 0
      vertex 9.66979 -1.22447 4
    endloop
  endfacet
  facet normal -0.635726 0.771915 0
    outer loop
      vertex 11.3349 3.62594 0
      vertex 10.9522 3.31076 4
      vertex 11.3349 3.62594 4
    endloop
  endfacet
  facet normal -0.635726 0.771915 0
    outer loop
      vertex 10.9522 3.31076 4
      vertex 11.3349 3.62594 0
      vertex 10.9522 3.31076 0
    endloop
  endfacet
  facet normal 0.191712 0.981451 -0
    outer loop
      vertex 15.1047 4.3623 0
      vertex 14.6181 4.45735 4
      vertex 15.1047 4.3623 4
    endloop
  endfacet
  facet normal 0.191712 0.981451 0
    outer loop
      vertex 14.6181 4.45735 4
      vertex 15.1047 4.3623 0
      vertex 14.6181 4.45735 0
    endloop
  endfacet
  facet normal 0.986363 0.164586 0
    outer loop
      vertex 18.4727 0.495036 4
      vertex 18.3911 0.984064 0
      vertex 18.3911 0.984064 4
    endloop
  endfacet
  facet normal 0.986363 0.164586 0
    outer loop
      vertex 18.3911 0.984064 0
      vertex 18.4727 0.495036 4
      vertex 18.4727 0.495036 0
    endloop
  endfacet
  facet normal -0.350642 0.93651 0
    outer loop
      vertex 12.6567 4.29482 0
      vertex 12.1924 4.12098 4
      vertex 12.6567 4.29482 4
    endloop
  endfacet
  facet normal -0.350642 0.93651 0
    outer loop
      vertex 12.1924 4.12098 4
      vertex 12.6567 4.29482 0
      vertex 12.1924 4.12098 0
    endloop
  endfacet
  facet normal 0.754119 -0.656738 0
    outer loop
      vertex 17.2255 -3.13784 4
      vertex 17.5511 -2.76396 0
      vertex 17.5511 -2.76396 4
    endloop
  endfacet
  facet normal 0.754119 -0.656738 0
    outer loop
      vertex 17.5511 -2.76396 0
      vertex 17.2255 -3.13784 4
      vertex 17.2255 -3.13784 0
    endloop
  endfacet
  facet normal 0.962272 0.27209 0
    outer loop
      vertex 18.3911 0.984064 4
      vertex 18.2562 1.46115 0
      vertex 18.2562 1.46115 4
    endloop
  endfacet
  facet normal 0.962272 0.27209 0
    outer loop
      vertex 18.2562 1.46115 0
      vertex 18.3911 0.984064 4
      vertex 18.3911 0.984064 0
    endloop
  endfacet
  facet normal 0.998483 0.0550638 0
    outer loop
      vertex 18.5 0 4
      vertex 18.4727 0.495036 0
      vertex 18.4727 0.495036 4
    endloop
  endfacet
  facet normal 0.998483 0.0550638 0
    outer loop
      vertex 18.4727 0.495036 0
      vertex 18.5 0 4
      vertex 18.5 0 0
    endloop
  endfacet
  facet normal 0.926471 0.376365 0
    outer loop
      vertex 18.2562 1.46115 4
      vertex 18.0696 1.92049 0
      vertex 18.0696 1.92049 4
    endloop
  endfacet
  facet normal 0.926471 0.376365 0
    outer loop
      vertex 18.0696 1.92049 0
      vertex 18.2562 1.46115 4
      vertex 18.2562 1.46115 0
    endloop
  endfacet
  facet normal -0.716802 -0.697277 0
    outer loop
      vertex 10.9522 -3.31076 0
      vertex 10.6065 -2.95538 4
      vertex 10.6065 -2.95538 0
    endloop
  endfacet
  facet normal -0.716802 -0.697277 0
    outer loop
      vertex 10.6065 -2.95538 4
      vertex 10.9522 -3.31076 0
      vertex 10.9522 -3.31076 4
    endloop
  endfacet
  facet normal -0.451516 -0.892263 0
    outer loop
      vertex 11.75 -3.89711 0
      vertex 12.1924 -4.12098 4
      vertex 11.75 -3.89711 4
    endloop
  endfacet
  facet normal -0.451516 -0.892263 -0
    outer loop
      vertex 12.1924 -4.12098 4
      vertex 11.75 -3.89711 0
      vertex 12.1924 -4.12098 0
    endloop
  endfacet
  facet normal -0.993931 0.110006 0
    outer loop
      vertex 9.50683 0.247894 0
      vertex 9.56137 0.740675 4
      vertex 9.56137 0.740675 0
    endloop
  endfacet
  facet normal -0.993931 0.110006 0
    outer loop
      vertex 9.56137 0.740675 4
      vertex 9.50683 0.247894 0
      vertex 9.50683 0.247894 4
    endloop
  endfacet
  facet normal -0.137354 0.990522 0
    outer loop
      vertex 13.6284 4.48463 0
      vertex 13.1373 4.41653 4
      vertex 13.6284 4.48463 4
    endloop
  endfacet
  facet normal -0.137354 0.990522 0
    outer loop
      vertex 13.1373 4.41653 4
      vertex 13.6284 4.48463 0
      vertex 13.1373 4.41653 0
    endloop
  endfacet
  facet normal 0.677336 -0.735674 0
    outer loop
      vertex 16.8608 -3.47362 0
      vertex 17.2255 -3.13784 4
      vertex 16.8608 -3.47362 4
    endloop
  endfacet
  facet normal 0.677336 -0.735674 0
    outer loop
      vertex 17.2255 -3.13784 4
      vertex 16.8608 -3.47362 0
      vertex 17.2255 -3.13784 0
    endloop
  endfacet
  facet normal -0.789155 -0.614195 0
    outer loop
      vertex 10.6065 -2.95538 0
      vertex 10.302 -2.56414 4
      vertex 10.302 -2.56414 0
    endloop
  endfacet
  facet normal -0.789155 -0.614195 0
    outer loop
      vertex 10.302 -2.56414 4
      vertex 10.6065 -2.95538 0
      vertex 10.6065 -2.95538 4
    endloop
  endfacet
  facet normal 0.298505 0.954408 -0
    outer loop
      vertex 15.5779 4.2143 0
      vertex 15.1047 4.3623 4
      vertex 15.5779 4.2143 4
    endloop
  endfacet
  facet normal 0.298505 0.954408 0
    outer loop
      vertex 15.1047 4.3623 4
      vertex 15.5779 4.2143 0
      vertex 15.1047 4.3623 0
    endloop
  endfacet
  facet normal -0.137354 -0.990522 0
    outer loop
      vertex 13.1373 -4.41653 0
      vertex 13.6284 -4.48463 4
      vertex 13.1373 -4.41653 4
    endloop
  endfacet
  facet normal -0.137354 -0.990522 -0
    outer loop
      vertex 13.6284 -4.48463 4
      vertex 13.1373 -4.41653 0
      vertex 13.6284 -4.48463 0
    endloop
  endfacet
  facet normal -0.945811 -0.324717 0
    outer loop
      vertex 9.83078 -1.69339 0
      vertex 9.66979 -1.22447 4
      vertex 9.66979 -1.22447 0
    endloop
  endfacet
  facet normal -0.945811 -0.324717 0
    outer loop
      vertex 9.66979 -1.22447 4
      vertex 9.83078 -1.69339 0
      vertex 9.83078 -1.69339 4
    endloop
  endfacet
  facet normal 0.191712 -0.981451 0
    outer loop
      vertex 14.6181 -4.45735 0
      vertex 15.1047 -4.3623 4
      vertex 14.6181 -4.45735 4
    endloop
  endfacet
  facet normal 0.191712 -0.981451 0
    outer loop
      vertex 15.1047 -4.3623 4
      vertex 14.6181 -4.45735 0
      vertex 15.1047 -4.3623 0
    endloop
  endfacet
  facet normal 0.821783 0.5698 0
    outer loop
      vertex 17.8336 2.35653 4
      vertex 17.5511 2.76396 0
      vertex 17.5511 2.76396 4
    endloop
  endfacet
  facet normal 0.821783 0.5698 0
    outer loop
      vertex 17.5511 2.76396 0
      vertex 17.8336 2.35653 4
      vertex 17.8336 2.35653 0
    endloop
  endfacet
  facet normal 0.754119 0.656738 0
    outer loop
      vertex 17.5511 2.76396 4
      vertex 17.2255 3.13784 0
      vertex 17.2255 3.13784 4
    endloop
  endfacet
  facet normal 0.754119 0.656738 0
    outer loop
      vertex 17.2255 3.13784 0
      vertex 17.5511 2.76396 4
      vertex 17.5511 2.76396 0
    endloop
  endfacet
  facet normal -0.0275521 0.99962 0
    outer loop
      vertex 14.124 4.49829 0
      vertex 13.6284 4.48463 4
      vertex 14.124 4.49829 4
    endloop
  endfacet
  facet normal -0.0275521 0.99962 0
    outer loop
      vertex 13.6284 4.48463 4
      vertex 14.124 4.49829 0
      vertex 13.6284 4.48463 0
    endloop
  endfacet
  facet normal 0.986363 -0.164586 0
    outer loop
      vertex 18.3911 -0.984064 4
      vertex 18.4727 -0.495036 0
      vertex 18.4727 -0.495036 4
    endloop
  endfacet
  facet normal 0.986363 -0.164586 0
    outer loop
      vertex 18.4727 -0.495036 0
      vertex 18.3911 -0.984064 4
      vertex 18.3911 -0.984064 0
    endloop
  endfacet
  facet normal 0.592233 0.805767 -0
    outer loop
      vertex 16.8608 3.47362 0
      vertex 16.4613 3.76725 4
      vertex 16.8608 3.47362 4
    endloop
  endfacet
  facet normal 0.592233 0.805767 0
    outer loop
      vertex 16.4613 3.76725 4
      vertex 16.8608 3.47362 0
      vertex 16.4613 3.76725 0
    endloop
  endfacet
  facet normal -0.993931 -0.110006 0
    outer loop
      vertex 9.56137 -0.740675 0
      vertex 9.50683 -0.247894 4
      vertex 9.50683 -0.247894 0
    endloop
  endfacet
  facet normal -0.993931 -0.110006 0
    outer loop
      vertex 9.50683 -0.247894 4
      vertex 9.56137 -0.740675 0
      vertex 9.56137 -0.740675 4
    endloop
  endfacet
  facet normal -0.716802 0.697277 0
    outer loop
      vertex 10.6065 2.95538 0
      vertex 10.9522 3.31076 4
      vertex 10.9522 3.31076 0
    endloop
  endfacet
  facet normal -0.716802 0.697277 0
    outer loop
      vertex 10.9522 3.31076 4
      vertex 10.6065 2.95538 0
      vertex 10.6065 2.95538 4
    endloop
  endfacet
  facet normal 0.998483 -0.0550638 0
    outer loop
      vertex 18.4727 -0.495036 4
      vertex 18.5 0 0
      vertex 18.5 0 4
    endloop
  endfacet
  facet normal 0.998483 -0.0550638 0
    outer loop
      vertex 18.5 0 0
      vertex 18.4727 -0.495036 4
      vertex 18.4727 -0.495036 0
    endloop
  endfacet
  facet normal -0.945811 0.324717 0
    outer loop
      vertex 9.66979 1.22447 0
      vertex 9.83078 1.69339 4
      vertex 9.83078 1.69339 0
    endloop
  endfacet
  facet normal -0.945811 0.324717 0
    outer loop
      vertex 9.83078 1.69339 4
      vertex 9.66979 1.22447 0
      vertex 9.66979 1.22447 4
    endloop
  endfacet
  facet normal -0.0275521 -0.99962 0
    outer loop
      vertex 13.6284 -4.48463 0
      vertex 14.124 -4.49829 4
      vertex 13.6284 -4.48463 4
    endloop
  endfacet
  facet normal -0.0275521 -0.99962 -0
    outer loop
      vertex 14.124 -4.49829 4
      vertex 13.6284 -4.48463 0
      vertex 14.124 -4.49829 0
    endloop
  endfacet
  facet normal -0.904335 0.426824 0
    outer loop
      vertex 9.83078 1.69339 0
      vertex 10.0424 2.14176 4
      vertex 10.0424 2.14176 0
    endloop
  endfacet
  facet normal -0.904335 0.426824 0
    outer loop
      vertex 10.0424 2.14176 4
      vertex 9.83078 1.69339 0
      vertex 9.83078 1.69339 4
    endloop
  endfacet
  facet normal -0.546908 0.837193 0
    outer loop
      vertex 11.75 3.89711 0
      vertex 11.3349 3.62594 4
      vertex 11.75 3.89711 4
    endloop
  endfacet
  facet normal -0.546908 0.837193 0
    outer loop
      vertex 11.3349 3.62594 4
      vertex 11.75 3.89711 0
      vertex 11.3349 3.62594 0
    endloop
  endfacet
  facet normal -0.975797 0.218679 0
    outer loop
      vertex 9.56137 0.740675 0
      vertex 9.66979 1.22447 4
      vertex 9.66979 1.22447 0
    endloop
  endfacet
  facet normal -0.975797 0.218679 0
    outer loop
      vertex 9.66979 1.22447 4
      vertex 9.56137 0.740675 0
      vertex 9.56137 0.740675 4
    endloop
  endfacet
  facet normal 0.879451 0.475989 0
    outer loop
      vertex 18.0696 1.92049 4
      vertex 17.8336 2.35653 0
      vertex 17.8336 2.35653 4
    endloop
  endfacet
  facet normal 0.879451 0.475989 0
    outer loop
      vertex 17.8336 2.35653 0
      vertex 18.0696 1.92049 4
      vertex 18.0696 1.92049 0
    endloop
  endfacet
  facet normal 0.0825748 0.996585 -0
    outer loop
      vertex 14.6181 4.45735 0
      vertex 14.124 4.49829 4
      vertex 14.6181 4.45735 4
    endloop
  endfacet
  facet normal 0.0825748 0.996585 0
    outer loop
      vertex 14.124 4.49829 4
      vertex 14.6181 4.45735 0
      vertex 14.124 4.49829 0
    endloop
  endfacet
  facet normal 0.0825748 -0.996585 0
    outer loop
      vertex 14.124 -4.49829 0
      vertex 14.6181 -4.45735 4
      vertex 14.124 -4.49829 4
    endloop
  endfacet
  facet normal 0.0825748 -0.996585 0
    outer loop
      vertex 14.6181 -4.45735 4
      vertex 14.124 -4.49829 0
      vertex 14.6181 -4.45735 0
    endloop
  endfacet
  facet normal 0.401724 0.915761 -0
    outer loop
      vertex 16.0319 4.01514 0
      vertex 15.5779 4.2143 4
      vertex 16.0319 4.01514 4
    endloop
  endfacet
  facet normal 0.401724 0.915761 0
    outer loop
      vertex 15.5779 4.2143 4
      vertex 16.0319 4.01514 0
      vertex 15.5779 4.2143 0
    endloop
  endfacet
  facet normal 0.926471 -0.376365 0
    outer loop
      vertex 18.0696 -1.92049 4
      vertex 18.2562 -1.46115 0
      vertex 18.2562 -1.46115 4
    endloop
  endfacet
  facet normal 0.926471 -0.376365 0
    outer loop
      vertex 18.2562 -1.46115 0
      vertex 18.0696 -1.92049 4
      vertex 18.0696 -1.92049 0
    endloop
  endfacet
  facet normal 0.499963 0.866047 -0
    outer loop
      vertex 16.4613 3.76725 0
      vertex 16.0319 4.01514 4
      vertex 16.4613 3.76725 4
    endloop
  endfacet
  facet normal 0.499963 0.866047 0
    outer loop
      vertex 16.0319 4.01514 4
      vertex 16.4613 3.76725 0
      vertex 16.0319 4.01514 0
    endloop
  endfacet
  facet normal -0.451516 0.892263 0
    outer loop
      vertex 12.1924 4.12098 0
      vertex 11.75 3.89711 4
      vertex 12.1924 4.12098 4
    endloop
  endfacet
  facet normal -0.451516 0.892263 0
    outer loop
      vertex 11.75 3.89711 4
      vertex 12.1924 4.12098 0
      vertex 11.75 3.89711 0
    endloop
  endfacet
  facet normal -0.245496 -0.969398 0
    outer loop
      vertex 12.6567 -4.29482 0
      vertex 13.1373 -4.41653 4
      vertex 12.6567 -4.29482 4
    endloop
  endfacet
  facet normal -0.245496 -0.969398 -0
    outer loop
      vertex 13.1373 -4.41653 4
      vertex 12.6567 -4.29482 0
      vertex 13.1373 -4.41653 0
    endloop
  endfacet
  facet normal 0.879451 -0.475989 0
    outer loop
      vertex 17.8336 -2.35653 4
      vertex 18.0696 -1.92049 0
      vertex 18.0696 -1.92049 4
    endloop
  endfacet
  facet normal 0.879451 -0.475989 0
    outer loop
      vertex 18.0696 -1.92049 0
      vertex 17.8336 -2.35653 4
      vertex 17.8336 -2.35653 0
    endloop
  endfacet
  facet normal -0.851952 0.52362 0
    outer loop
      vertex 10.0424 2.14176 0
      vertex 10.302 2.56414 4
      vertex 10.302 2.56414 0
    endloop
  endfacet
  facet normal -0.851952 0.52362 0
    outer loop
      vertex 10.302 2.56414 4
      vertex 10.0424 2.14176 0
      vertex 10.0424 2.14176 4
    endloop
  endfacet
  facet normal -0.851952 -0.52362 0
    outer loop
      vertex 10.302 -2.56414 0
      vertex 10.0424 -2.14176 4
      vertex 10.0424 -2.14176 0
    endloop
  endfacet
  facet normal -0.851952 -0.52362 0
    outer loop
      vertex 10.0424 -2.14176 4
      vertex 10.302 -2.56414 0
      vertex 10.302 -2.56414 4
    endloop
  endfacet
  facet normal -0.789155 0.614195 0
    outer loop
      vertex 10.302 2.56414 0
      vertex 10.6065 2.95538 4
      vertex 10.6065 2.95538 0
    endloop
  endfacet
  facet normal -0.789155 0.614195 0
    outer loop
      vertex 10.6065 2.95538 4
      vertex 10.302 2.56414 0
      vertex 10.302 2.56414 4
    endloop
  endfacet
  facet normal -0.546908 -0.837193 0
    outer loop
      vertex 11.3349 -3.62594 0
      vertex 11.75 -3.89711 4
      vertex 11.3349 -3.62594 4
    endloop
  endfacet
  facet normal -0.546908 -0.837193 -0
    outer loop
      vertex 11.75 -3.89711 4
      vertex 11.3349 -3.62594 0
      vertex 11.75 -3.89711 0
    endloop
  endfacet
  facet normal -1 0 0
    outer loop
      vertex 9.50683 -0.247894 0
      vertex 9.50683 0.247894 4
      vertex 9.50683 0.247894 0
    endloop
  endfacet
  facet normal -1 -0 0
    outer loop
      vertex 9.50683 0.247894 4
      vertex 9.50683 -0.247894 0
      vertex 9.50683 -0.247894 4
    endloop
  endfacet
  facet normal 0.821783 -0.5698 0
    outer loop
      vertex 17.5511 -2.76396 4
      vertex 17.8336 -2.35653 0
      vertex 17.8336 -2.35653 4
    endloop
  endfacet
  facet normal 0.821783 -0.5698 0
    outer loop
      vertex 17.8336 -2.35653 0
      vertex 17.5511 -2.76396 4
      vertex 17.5511 -2.76396 0
    endloop
  endfacet
  facet normal 0 0 1
    outer loop
      vertex 15.75 0 4
      vertex 18.5 0 4
      vertex 18.4727 0.495036 4
    endloop
  endfacet
  facet normal 0 0 1
    outer loop
      vertex 15.6791 0.493032 4
      vertex 18.4727 0.495036 4
      vertex 18.3911 0.984064 4
    endloop
  endfacet
  facet normal 0 0 1
    outer loop
      vertex 18.5 0 4
      vertex 15.75 0 4
      vertex 18.4727 -0.495036 4
    endloop
  endfacet
  facet normal 0 0 1
    outer loop
      vertex 15.6791 0.493032 4
      vertex 18.3911 0.984064 4
      vertex 18.2562 1.46115 4
    endloop
  endfacet
  facet normal -0 0 1
    outer loop
      vertex 15.6791 -0.493032 4
      vertex 18.4727 -0.495036 4
      vertex 15.75 0 4
    endloop
  endfacet
  facet normal 0 0 1
    outer loop
      vertex 15.6791 0.493032 4
      vertex 18.2562 1.46115 4
      vertex 18.0696 1.92049 4
    endloop
  endfacet
  facet normal 0 0 1
    outer loop
      vertex 18.4727 -0.495036 4
      vertex 15.6791 -0.493032 4
      vertex 18.3911 -0.984064 4
    endloop
  endfacet
  facet normal 0 0 1
    outer loop
      vertex 15.4722 0.946121 4
      vertex 18.0696 1.92049 4
      vertex 17.8336 2.35653 4
    endloop
  endfacet
  facet normal 0 0 1
    outer loop
      vertex 18.3911 -0.984064 4
      vertex 15.6791 -0.493032 4
      vertex 18.2562 -1.46115 4
    endloop
  endfacet
  facet normal 0 0 1
    outer loop
      vertex 15.4722 0.946121 4
      vertex 17.8336 2.35653 4
      vertex 17.5511 2.76396 4
    endloop
  endfacet
  facet normal 0 0 1
    outer loop
      vertex 18.2562 -1.46115 4
      vertex 15.6791 -0.493032 4
      vertex 18.0696 -1.92049 4
    endloop
  endfacet
  facet normal 0 0 1
    outer loop
      vertex 15.4722 0.946121 4
      vertex 17.5511 2.76396 4
      vertex 17.2255 3.13784 4
    endloop
  endfacet
  facet normal -0 0 1
    outer loop
      vertex 15.4722 -0.946121 4
      vertex 18.0696 -1.92049 4
      vertex 15.6791 -0.493032 4
    endloop
  endfacet
  facet normal 0 0 1
    outer loop
      vertex 15.146 1.32256 4
      vertex 17.2255 3.13784 4
      vertex 16.8608 3.47362 4
    endloop
  endfacet
  facet normal 0 0 1
    outer loop
      vertex 18.0696 -1.92049 4
      vertex 15.4722 -0.946121 4
      vertex 17.8336 -2.35653 4
    endloop
  endfacet
  facet normal 0 0 1
    outer loop
      vertex 15.146 1.32256 4
      vertex 16.8608 3.47362 4
      vertex 16.4613 3.76725 4
    endloop
  endfacet
  facet normal 0 0 1
    outer loop
      vertex 17.8336 -2.35653 4
      vertex 15.4722 -0.946121 4
      vertex 17.5511 -2.76396 4
    endloop
  endfacet
  facet normal 0 0 1
    outer loop
      vertex 14.727 1.59186 4
      vertex 16.4613 3.76725 4
      vertex 16.0319 4.01514 4
    endloop
  endfacet
  facet normal 0 0 1
    outer loop
      vertex 17.5511 -2.76396 4
      vertex 15.4722 -0.946121 4
      vertex 17.2255 -3.13784 4
    endloop
  endfacet
  facet normal -0 0 1
    outer loop
      vertex 15.146 -1.32256 4
      vertex 17.2255 -3.13784 4
      vertex 15.4722 -0.946121 4
    endloop
  endfacet
  facet normal 0 0 1
    outer loop
      vertex 18.4727 0.495036 4
      vertex 15.6791 0.493032 4
      vertex 15.75 0 4
    endloop
  endfacet
  facet normal 0 0 1
    outer loop
      vertex 14.727 1.59186 4
      vertex 16.0319 4.01514 4
      vertex 15.5779 4.2143 4
    endloop
  endfacet
  facet normal 0 0 1
    outer loop
      vertex 18.0696 1.92049 4
      vertex 15.4722 0.946121 4
      vertex 15.6791 0.493032 4
    endloop
  endfacet
  facet normal 0 0 1
    outer loop
      vertex 17.2255 3.13784 4
      vertex 15.146 1.32256 4
      vertex 15.4722 0.946121 4
    endloop
  endfacet
  facet normal 0 0 1
    outer loop
      vertex 14.727 1.59186 4
      vertex 15.5779 4.2143 4
      vertex 15.1047 4.3623 4
    endloop
  endfacet
  facet normal 0 0 1
    outer loop
      vertex 16.4613 3.76725 4
      vertex 14.727 1.59186 4
      vertex 15.146 1.32256 4
    endloop
  endfacet
  facet normal 0 0 1
    outer loop
      vertex 14.2491 1.73219 4
      vertex 15.1047 4.3623 4
      vertex 14.6181 4.45735 4
    endloop
  endfacet
  facet normal 0 0 1
    outer loop
      vertex 15.1047 4.3623 4
      vertex 14.2491 1.73219 4
      vertex 14.727 1.59186 4
    endloop
  endfacet
  facet normal 0 0 1
    outer loop
      vertex 14.124 4.49829 4
      vertex 14.2491 1.73219 4
      vertex 14.6181 4.45735 4
    endloop
  endfacet
  facet normal 0 0 1
    outer loop
      vertex 14.124 4.49829 4
      vertex 13.7509 1.73219 4
      vertex 14.2491 1.73219 4
    endloop
  endfacet
  facet normal -0 0 1
    outer loop
      vertex 13.6284 4.48463 4
      vertex 13.7509 1.73219 4
      vertex 14.124 4.49829 4
    endloop
  endfacet
  facet normal -0 0 1
    outer loop
      vertex 13.1373 4.41653 4
      vertex 13.7509 1.73219 4
      vertex 13.6284 4.48463 4
    endloop
  endfacet
  facet normal -0 0 1
    outer loop
      vertex 12.6567 4.29482 4
      vertex 13.7509 1.73219 4
      vertex 13.1373 4.41653 4
    endloop
  endfacet
  facet normal 0 0 1
    outer loop
      vertex 13.7509 1.73219 4
      vertex 12.6567 4.29482 4
      vertex 13.273 1.59186 4
    endloop
  endfacet
  facet normal -0 0 1
    outer loop
      vertex 12.1924 4.12098 4
      vertex 13.273 1.59186 4
      vertex 12.6567 4.29482 4
    endloop
  endfacet
  facet normal -0 0 1
    outer loop
      vertex 11.75 3.89711 4
      vertex 13.273 1.59186 4
      vertex 12.1924 4.12098 4
    endloop
  endfacet
  facet normal 0 0 1
    outer loop
      vertex 13.273 1.59186 4
      vertex 11.75 3.89711 4
      vertex 12.854 1.32256 4
    endloop
  endfacet
  facet normal -0 0 1
    outer loop
      vertex 11.3349 3.62594 4
      vertex 12.854 1.32256 4
      vertex 11.75 3.89711 4
    endloop
  endfacet
  facet normal -0 0 1
    outer loop
      vertex 10.9522 3.31076 4
      vertex 12.854 1.32256 4
      vertex 11.3349 3.62594 4
    endloop
  endfacet
  facet normal 0 0 1
    outer loop
      vertex 17.2255 -3.13784 4
      vertex 15.146 -1.32256 4
      vertex 16.8608 -3.47362 4
    endloop
  endfacet
  facet normal 0 0 1
    outer loop
      vertex 16.8608 -3.47362 4
      vertex 15.146 -1.32256 4
      vertex 16.4613 -3.76725 4
    endloop
  endfacet
  facet normal -0 0 1
    outer loop
      vertex 14.727 -1.59186 4
      vertex 16.4613 -3.76725 4
      vertex 15.146 -1.32256 4
    endloop
  endfacet
  facet normal 0 0 1
    outer loop
      vertex 16.4613 -3.76725 4
      vertex 14.727 -1.59186 4
      vertex 16.0319 -4.01514 4
    endloop
  endfacet
  facet normal 0 0 1
    outer loop
      vertex 16.0319 -4.01514 4
      vertex 14.727 -1.59186 4
      vertex 15.5779 -4.2143 4
    endloop
  endfacet
  facet normal 0 0 1
    outer loop
      vertex 15.5779 -4.2143 4
      vertex 14.727 -1.59186 4
      vertex 15.1047 -4.3623 4
    endloop
  endfacet
  facet normal -0 0 1
    outer loop
      vertex 14.2491 -1.73219 4
      vertex 15.1047 -4.3623 4
      vertex 14.727 -1.59186 4
    endloop
  endfacet
  facet normal 0 0 1
    outer loop
      vertex 15.1047 -4.3623 4
      vertex 14.2491 -1.73219 4
      vertex 14.6181 -4.45735 4
    endloop
  endfacet
  facet normal 0 0 1
    outer loop
      vertex 14.2491 -1.73219 4
      vertex 14.124 -4.49829 4
      vertex 14.6181 -4.45735 4
    endloop
  endfacet
  facet normal -0 0 1
    outer loop
      vertex 13.7509 -1.73219 4
      vertex 14.124 -4.49829 4
      vertex 14.2491 -1.73219 4
    endloop
  endfacet
  facet normal 0 0 1
    outer loop
      vertex 13.7509 -1.73219 4
      vertex 13.6284 -4.48463 4
      vertex 14.124 -4.49829 4
    endloop
  endfacet
  facet normal 0 0 1
    outer loop
      vertex 12.6567 -4.29482 4
      vertex 13.7509 -1.73219 4
      vertex 13.273 -1.59186 4
    endloop
  endfacet
  facet normal 0 0 1
    outer loop
      vertex 13.7509 -1.73219 4
      vertex 13.1373 -4.41653 4
      vertex 13.6284 -4.48463 4
    endloop
  endfacet
  facet normal 0 0 1
    outer loop
      vertex 11.75 -3.89711 4
      vertex 13.273 -1.59186 4
      vertex 12.854 -1.32256 4
    endloop
  endfacet
  facet normal 0 0 1
    outer loop
      vertex 13.7509 -1.73219 4
      vertex 12.6567 -4.29482 4
      vertex 13.1373 -4.41653 4
    endloop
  endfacet
  facet normal 0 0 1
    outer loop
      vertex 10.6065 -2.95538 4
      vertex 12.854 -1.32256 4
      vertex 12.5278 -0.946121 4
    endloop
  endfacet
  facet normal 0 0 1
    outer loop
      vertex 9.83078 -1.69339 4
      vertex 12.5278 -0.946121 4
      vertex 12.3209 -0.493032 4
    endloop
  endfacet
  facet normal 0 0 1
    outer loop
      vertex 9.56137 -0.740675 4
      vertex 12.3209 -0.493032 4
      vertex 12.25 0 4
    endloop
  endfacet
  facet normal 0 0 1
    outer loop
      vertex 13.273 -1.59186 4
      vertex 12.1924 -4.12098 4
      vertex 12.6567 -4.29482 4
    endloop
  endfacet
  facet normal -0 0 1
    outer loop
      vertex 10.6065 2.95538 4
      vertex 12.854 1.32256 4
      vertex 10.9522 3.31076 4
    endloop
  endfacet
  facet normal 0 0 1
    outer loop
      vertex 12.854 1.32256 4
      vertex 10.6065 2.95538 4
      vertex 12.5278 0.946121 4
    endloop
  endfacet
  facet normal 0 0 1
    outer loop
      vertex 13.273 -1.59186 4
      vertex 11.75 -3.89711 4
      vertex 12.1924 -4.12098 4
    endloop
  endfacet
  facet normal -0 0 1
    outer loop
      vertex 10.302 2.56414 4
      vertex 12.5278 0.946121 4
      vertex 10.6065 2.95538 4
    endloop
  endfacet
  facet normal 0 0 1
    outer loop
      vertex 12.854 -1.32256 4
      vertex 11.3349 -3.62594 4
      vertex 11.75 -3.89711 4
    endloop
  endfacet
  facet normal -0 0 1
    outer loop
      vertex 10.0424 2.14176 4
      vertex 12.5278 0.946121 4
      vertex 10.302 2.56414 4
    endloop
  endfacet
  facet normal 0 0 1
    outer loop
      vertex 12.854 -1.32256 4
      vertex 10.9522 -3.31076 4
      vertex 11.3349 -3.62594 4
    endloop
  endfacet
  facet normal -0 0 1
    outer loop
      vertex 9.83078 1.69339 4
      vertex 12.5278 0.946121 4
      vertex 10.0424 2.14176 4
    endloop
  endfacet
  facet normal 0 0 1
    outer loop
      vertex 12.854 -1.32256 4
      vertex 10.6065 -2.95538 4
      vertex 10.9522 -3.31076 4
    endloop
  endfacet
  facet normal 0 0 1
    outer loop
      vertex 12.5278 0.946121 4
      vertex 9.83078 1.69339 4
      vertex 12.3209 0.493032 4
    endloop
  endfacet
  facet normal 0 0 1
    outer loop
      vertex 12.5278 -0.946121 4
      vertex 10.302 -2.56414 4
      vertex 10.6065 -2.95538 4
    endloop
  endfacet
  facet normal -0 0 1
    outer loop
      vertex 9.66979 1.22447 4
      vertex 12.3209 0.493032 4
      vertex 9.83078 1.69339 4
    endloop
  endfacet
  facet normal 0 0 1
    outer loop
      vertex 12.5278 -0.946121 4
      vertex 10.0424 -2.14176 4
      vertex 10.302 -2.56414 4
    endloop
  endfacet
  facet normal -0 0 1
    outer loop
      vertex 9.56137 0.740675 4
      vertex 12.3209 0.493032 4
      vertex 9.66979 1.22447 4
    endloop
  endfacet
  facet normal 0 0 1
    outer loop
      vertex 12.5278 -0.946121 4
      vertex 9.83078 -1.69339 4
      vertex 10.0424 -2.14176 4
    endloop
  endfacet
  facet normal 0 0 1
    outer loop
      vertex 12.3209 0.493032 4
      vertex 9.56137 0.740675 4
      vertex 12.25 0 4
    endloop
  endfacet
  facet normal 0 0 1
    outer loop
      vertex 12.3209 -0.493032 4
      vertex 9.66979 -1.22447 4
      vertex 9.83078 -1.69339 4
    endloop
  endfacet
  facet normal -0 0 1
    outer loop
      vertex 9.50683 0.247894 4
      vertex 12.25 0 4
      vertex 9.56137 0.740675 4
    endloop
  endfacet
  facet normal 0 0 1
    outer loop
      vertex 12.3209 -0.493032 4
      vertex 9.56137 -0.740675 4
      vertex 9.66979 -1.22447 4
    endloop
  endfacet
  facet normal 0 0 1
    outer loop
      vertex 9.50683 -0.247894 4
      vertex 12.25 0 4
      vertex 9.50683 0.247894 4
    endloop
  endfacet
  facet normal 0 0 1
    outer loop
      vertex 12.25 0 4
      vertex 9.50683 -0.247894 4
      vertex 9.56137 -0.740675 4
    endloop
  endfacet
  facet normal 0.592233 -0.805767 0
    outer loop
      vertex 16.4613 -3.76725 0
      vertex 16.8608 -3.47362 4
      vertex 16.4613 -3.76725 4
    endloop
  endfacet
  facet normal 0.592233 -0.805767 0
    outer loop
      vertex 16.8608 -3.47362 4
      vertex 16.4613 -3.76725 0
      vertex 16.8608 -3.47362 0
    endloop
  endfacet
  facet normal 0.401724 -0.915761 0
    outer loop
      vertex 15.5779 -4.2143 0
      vertex 16.0319 -4.01514 4
      vertex 15.5779 -4.2143 4
    endloop
  endfacet
  facet normal 0.401724 -0.915761 0
    outer loop
      vertex 16.0319 -4.01514 4
      vertex 15.5779 -4.2143 0
      vertex 16.0319 -4.01514 0
    endloop
  endfacet
  facet normal 0.499963 -0.866047 0
    outer loop
      vertex 16.0319 -4.01514 0
      vertex 16.4613 -3.76725 4
      vertex 16.0319 -4.01514 4
    endloop
  endfacet
  facet normal 0.499963 -0.866047 0
    outer loop
      vertex 16.4613 -3.76725 4
      vertex 16.0319 -4.01514 0
      vertex 16.4613 -3.76725 0
    endloop
  endfacet
  facet normal -0.350642 -0.93651 0
    outer loop
      vertex 12.1924 -4.12098 0
      vertex 12.6567 -4.29482 4
      vertex 12.1924 -4.12098 4
    endloop
  endfacet
  facet normal -0.350642 -0.93651 -0
    outer loop
      vertex 12.6567 -4.29482 4
      vertex 12.1924 -4.12098 0
      vertex 12.6567 -4.29482 0
    endloop
  endfacet
  facet normal -0.635726 -0.771915 0
    outer loop
      vertex 10.9522 -3.31076 0
      vertex 11.3349 -3.62594 4
      vertex 10.9522 -3.31076 4
    endloop
  endfacet
  facet normal -0.635726 -0.771915 -0
    outer loop
      vertex 11.3349 -3.62594 4
      vertex 10.9522 -3.31076 0
      vertex 11.3349 -3.62594 0
    endloop
  endfacet
  facet normal -0.904335 -0.426824 0
    outer loop
      vertex 10.0424 -2.14176 0
      vertex 9.83078 -1.69339 4
      vertex 9.83078 -1.69339 0
    endloop
  endfacet
  facet normal -0.904335 -0.426824 0
    outer loop
      vertex 9.83078 -1.69339 4
      vertex 10.0424 -2.14176 0
      vertex 10.0424 -2.14176 4
    endloop
  endfacet
  facet normal 0 0 -1
    outer loop
      vertex 15.75 0 0
      vertex 18.5 0 0
      vertex 18.4727 -0.495036 0
    endloop
  endfacet
  facet normal 0 0 -1
    outer loop
      vertex 15.6791 -0.493032 0
      vertex 18.4727 -0.495036 0
      vertex 18.3911 -0.984064 0
    endloop
  endfacet
  facet normal 0 0 -1
    outer loop
      vertex 18.5 0 0
      vertex 15.75 0 0
      vertex 18.4727 0.495036 0
    endloop
  endfacet
  facet normal 0 0 -1
    outer loop
      vertex 15.6791 -0.493032 0
      vertex 18.3911 -0.984064 0
      vertex 18.2562 -1.46115 0
    endloop
  endfacet
  facet normal 0 0 -1
    outer loop
      vertex 15.6791 0.493032 0
      vertex 18.4727 0.495036 0
      vertex 15.75 0 0
    endloop
  endfacet
  facet normal 0 0 -1
    outer loop
      vertex 15.6791 -0.493032 0
      vertex 18.2562 -1.46115 0
      vertex 18.0696 -1.92049 0
    endloop
  endfacet
  facet normal -0 0 -1
    outer loop
      vertex 18.4727 0.495036 0
      vertex 15.6791 0.493032 0
      vertex 18.3911 0.984064 0
    endloop
  endfacet
  facet normal 0 0 -1
    outer loop
      vertex 15.4722 -0.946121 0
      vertex 18.0696 -1.92049 0
      vertex 17.8336 -2.35653 0
    endloop
  endfacet
  facet normal -0 0 -1
    outer loop
      vertex 18.3911 0.984064 0
      vertex 15.6791 0.493032 0
      vertex 18.2562 1.46115 0
    endloop
  endfacet
  facet normal 0 0 -1
    outer loop
      vertex 15.4722 -0.946121 0
      vertex 17.8336 -2.35653 0
      vertex 17.5511 -2.76396 0
    endloop
  endfacet
  facet normal -0 0 -1
    outer loop
      vertex 18.2562 1.46115 0
      vertex 15.6791 0.493032 0
      vertex 18.0696 1.92049 0
    endloop
  endfacet
  facet normal 0 0 -1
    outer loop
      vertex 15.4722 -0.946121 0
      vertex 17.5511 -2.76396 0
      vertex 17.2255 -3.13784 0
    endloop
  endfacet
  facet normal 0 0 -1
    outer loop
      vertex 15.4722 0.946121 0
      vertex 18.0696 1.92049 0
      vertex 15.6791 0.493032 0
    endloop
  endfacet
  facet normal 0 0 -1
    outer loop
      vertex 15.146 -1.32256 0
      vertex 17.2255 -3.13784 0
      vertex 16.8608 -3.47362 0
    endloop
  endfacet
  facet normal -0 0 -1
    outer loop
      vertex 18.0696 1.92049 0
      vertex 15.4722 0.946121 0
      vertex 17.8336 2.35653 0
    endloop
  endfacet
  facet normal 0 0 -1
    outer loop
      vertex 15.146 -1.32256 0
      vertex 16.8608 -3.47362 0
      vertex 16.4613 -3.76725 0
    endloop
  endfacet
  facet normal -0 0 -1
    outer loop
      vertex 17.8336 2.35653 0
      vertex 15.4722 0.946121 0
      vertex 17.5511 2.76396 0
    endloop
  endfacet
  facet normal 0 0 -1
    outer loop
      vertex 14.727 -1.59186 0
      vertex 16.4613 -3.76725 0
      vertex 16.0319 -4.01514 0
    endloop
  endfacet
  facet normal -0 0 -1
    outer loop
      vertex 17.5511 2.76396 0
      vertex 15.4722 0.946121 0
      vertex 17.2255 3.13784 0
    endloop
  endfacet
  facet normal 0 0 -1
    outer loop
      vertex 15.146 1.32256 0
      vertex 17.2255 3.13784 0
      vertex 15.4722 0.946121 0
    endloop
  endfacet
  facet normal 0 0 -1
    outer loop
      vertex 18.4727 -0.495036 0
      vertex 15.6791 -0.493032 0
      vertex 15.75 0 0
    endloop
  endfacet
  facet normal 0 0 -1
    outer loop
      vertex 14.727 -1.59186 0
      vertex 16.0319 -4.01514 0
      vertex 15.5779 -4.2143 0
    endloop
  endfacet
  facet normal 0 0 -1
    outer loop
      vertex 18.0696 -1.92049 0
      vertex 15.4722 -0.946121 0
      vertex 15.6791 -0.493032 0
    endloop
  endfacet
  facet normal 0 0 -1
    outer loop
      vertex 17.2255 -3.13784 0
      vertex 15.146 -1.32256 0
      vertex 15.4722 -0.946121 0
    endloop
  endfacet
  facet normal 0 0 -1
    outer loop
      vertex 14.727 -1.59186 0
      vertex 15.5779 -4.2143 0
      vertex 15.1047 -4.3623 0
    endloop
  endfacet
  facet normal 0 0 -1
    outer loop
      vertex 16.4613 -3.76725 0
      vertex 14.727 -1.59186 0
      vertex 15.146 -1.32256 0
    endloop
  endfacet
  facet normal 0 0 -1
    outer loop
      vertex 14.2491 -1.73219 0
      vertex 15.1047 -4.3623 0
      vertex 14.6181 -4.45735 0
    endloop
  endfacet
  facet normal 0 0 -1
    outer loop
      vertex 15.1047 -4.3623 0
      vertex 14.2491 -1.73219 0
      vertex 14.727 -1.59186 0
    endloop
  endfacet
  facet normal 0 0 -1
    outer loop
      vertex 14.124 -4.49829 0
      vertex 14.2491 -1.73219 0
      vertex 14.6181 -4.45735 0
    endloop
  endfacet
  facet normal 0 0 -1
    outer loop
      vertex 14.124 -4.49829 0
      vertex 13.7509 -1.73219 0
      vertex 14.2491 -1.73219 0
    endloop
  endfacet
  facet normal 0 0 -1
    outer loop
      vertex 13.6284 -4.48463 0
      vertex 13.7509 -1.73219 0
      vertex 14.124 -4.49829 0
    endloop
  endfacet
  facet normal 0 0 -1
    outer loop
      vertex 13.1373 -4.41653 0
      vertex 13.7509 -1.73219 0
      vertex 13.6284 -4.48463 0
    endloop
  endfacet
  facet normal 0 0 -1
    outer loop
      vertex 12.6567 -4.29482 0
      vertex 13.7509 -1.73219 0
      vertex 13.1373 -4.41653 0
    endloop
  endfacet
  facet normal -0 0 -1
    outer loop
      vertex 13.7509 -1.73219 0
      vertex 12.6567 -4.29482 0
      vertex 13.273 -1.59186 0
    endloop
  endfacet
  facet normal 0 0 -1
    outer loop
      vertex 12.1924 -4.12098 0
      vertex 13.273 -1.59186 0
      vertex 12.6567 -4.29482 0
    endloop
  endfacet
  facet normal 0 0 -1
    outer loop
      vertex 11.75 -3.89711 0
      vertex 13.273 -1.59186 0
      vertex 12.1924 -4.12098 0
    endloop
  endfacet
  facet normal -0 0 -1
    outer loop
      vertex 13.273 -1.59186 0
      vertex 11.75 -3.89711 0
      vertex 12.854 -1.32256 0
    endloop
  endfacet
  facet normal 0 0 -1
    outer loop
      vertex 11.3349 -3.62594 0
      vertex 12.854 -1.32256 0
      vertex 11.75 -3.89711 0
    endloop
  endfacet
  facet normal 0 0 -1
    outer loop
      vertex 10.9522 -3.31076 0
      vertex 12.854 -1.32256 0
      vertex 11.3349 -3.62594 0
    endloop
  endfacet
  facet normal -0 0 -1
    outer loop
      vertex 17.2255 3.13784 0
      vertex 15.146 1.32256 0
      vertex 16.8608 3.47362 0
    endloop
  endfacet
  facet normal -0 0 -1
    outer loop
      vertex 16.8608 3.47362 0
      vertex 15.146 1.32256 0
      vertex 16.4613 3.76725 0
    endloop
  endfacet
  facet normal 0 0 -1
    outer loop
      vertex 14.727 1.59186 0
      vertex 16.4613 3.76725 0
      vertex 15.146 1.32256 0
    endloop
  endfacet
  facet normal -0 0 -1
    outer loop
      vertex 16.4613 3.76725 0
      vertex 14.727 1.59186 0
      vertex 16.0319 4.01514 0
    endloop
  endfacet
  facet normal -0 0 -1
    outer loop
      vertex 16.0319 4.01514 0
      vertex 14.727 1.59186 0
      vertex 15.5779 4.2143 0
    endloop
  endfacet
  facet normal -0 0 -1
    outer loop
      vertex 15.5779 4.2143 0
      vertex 14.727 1.59186 0
      vertex 15.1047 4.3623 0
    endloop
  endfacet
  facet normal 0 0 -1
    outer loop
      vertex 14.2491 1.73219 0
      vertex 15.1047 4.3623 0
      vertex 14.727 1.59186 0
    endloop
  endfacet
  facet normal -0 0 -1
    outer loop
      vertex 15.1047 4.3623 0
      vertex 14.2491 1.73219 0
      vertex 14.6181 4.45735 0
    endloop
  endfacet
  facet normal 0 0 -1
    outer loop
      vertex 14.2491 1.73219 0
      vertex 14.124 4.49829 0
      vertex 14.6181 4.45735 0
    endloop
  endfacet
  facet normal 0 0 -1
    outer loop
      vertex 13.7509 1.73219 0
      vertex 14.124 4.49829 0
      vertex 14.2491 1.73219 0
    endloop
  endfacet
  facet normal 0 0 -1
    outer loop
      vertex 13.7509 1.73219 0
      vertex 13.6284 4.48463 0
      vertex 14.124 4.49829 0
    endloop
  endfacet
  facet normal 0 0 -1
    outer loop
      vertex 12.6567 4.29482 0
      vertex 13.7509 1.73219 0
      vertex 13.273 1.59186 0
    endloop
  endfacet
  facet normal 0 0 -1
    outer loop
      vertex 13.7509 1.73219 0
      vertex 13.1373 4.41653 0
      vertex 13.6284 4.48463 0
    endloop
  endfacet
  facet normal 0 0 -1
    outer loop
      vertex 11.75 3.89711 0
      vertex 13.273 1.59186 0
      vertex 12.854 1.32256 0
    endloop
  endfacet
  facet normal 0 0 -1
    outer loop
      vertex 13.7509 1.73219 0
      vertex 12.6567 4.29482 0
      vertex 13.1373 4.41653 0
    endloop
  endfacet
  facet normal 0 0 -1
    outer loop
      vertex 10.6065 2.95538 0
      vertex 12.854 1.32256 0
      vertex 12.5278 0.946121 0
    endloop
  endfacet
  facet normal 0 0 -1
    outer loop
      vertex 9.83078 1.69339 0
      vertex 12.5278 0.946121 0
      vertex 12.3209 0.493032 0
    endloop
  endfacet
  facet normal 0 0 -1
    outer loop
      vertex 9.56137 0.740675 0
      vertex 12.3209 0.493032 0
      vertex 12.25 0 0
    endloop
  endfacet
  facet normal 0 0 -1
    outer loop
      vertex 13.273 1.59186 0
      vertex 12.1924 4.12098 0
      vertex 12.6567 4.29482 0
    endloop
  endfacet
  facet normal 0 0 -1
    outer loop
      vertex 10.6065 -2.95538 0
      vertex 12.854 -1.32256 0
      vertex 10.9522 -3.31076 0
    endloop
  endfacet
  facet normal -0 0 -1
    outer loop
      vertex 12.854 -1.32256 0
      vertex 10.6065 -2.95538 0
      vertex 12.5278 -0.946121 0
    endloop
  endfacet
  facet normal 0 0 -1
    outer loop
      vertex 13.273 1.59186 0
      vertex 11.75 3.89711 0
      vertex 12.1924 4.12098 0
    endloop
  endfacet
  facet normal 0 0 -1
    outer loop
      vertex 10.302 -2.56414 0
      vertex 12.5278 -0.946121 0
      vertex 10.6065 -2.95538 0
    endloop
  endfacet
  facet normal 0 0 -1
    outer loop
      vertex 12.854 1.32256 0
      vertex 11.3349 3.62594 0
      vertex 11.75 3.89711 0
    endloop
  endfacet
  facet normal 0 0 -1
    outer loop
      vertex 10.0424 -2.14176 0
      vertex 12.5278 -0.946121 0
      vertex 10.302 -2.56414 0
    endloop
  endfacet
  facet normal 0 0 -1
    outer loop
      vertex 12.854 1.32256 0
      vertex 10.9522 3.31076 0
      vertex 11.3349 3.62594 0
    endloop
  endfacet
  facet normal 0 0 -1
    outer loop
      vertex 9.83078 -1.69339 0
      vertex 12.5278 -0.946121 0
      vertex 10.0424 -2.14176 0
    endloop
  endfacet
  facet normal 0 0 -1
    outer loop
      vertex 12.854 1.32256 0
      vertex 10.6065 2.95538 0
      vertex 10.9522 3.31076 0
    endloop
  endfacet
  facet normal -0 0 -1
    outer loop
      vertex 12.5278 -0.946121 0
      vertex 9.83078 -1.69339 0
      vertex 12.3209 -0.493032 0
    endloop
  endfacet
  facet normal 0 0 -1
    outer loop
      vertex 12.5278 0.946121 0
      vertex 10.302 2.56414 0
      vertex 10.6065 2.95538 0
    endloop
  endfacet
  facet normal 0 0 -1
    outer loop
      vertex 9.66979 -1.22447 0
      vertex 12.3209 -0.493032 0
      vertex 9.83078 -1.69339 0
    endloop
  endfacet
  facet normal 0 0 -1
    outer loop
      vertex 12.5278 0.946121 0
      vertex 10.0424 2.14176 0
      vertex 10.302 2.56414 0
    endloop
  endfacet
  facet normal 0 0 -1
    outer loop
      vertex 9.56137 -0.740675 0
      vertex 12.3209 -0.493032 0
      vertex 9.66979 -1.22447 0
    endloop
  endfacet
  facet normal 0 0 -1
    outer loop
      vertex 12.5278 0.946121 0
      vertex 9.83078 1.69339 0
      vertex 10.0424 2.14176 0
    endloop
  endfacet
  facet normal -0 0 -1
    outer loop
      vertex 12.3209 -0.493032 0
      vertex 9.56137 -0.740675 0
      vertex 12.25 0 0
    endloop
  endfacet
  facet normal 0 0 -1
    outer loop
      vertex 12.3209 0.493032 0
      vertex 9.66979 1.22447 0
      vertex 9.83078 1.69339 0
    endloop
  endfacet
  facet normal 0 0 -1
    outer loop
      vertex 9.50683 -0.247894 0
      vertex 12.25 0 0
      vertex 9.56137 -0.740675 0
    endloop
  endfacet
  facet normal 0 0 -1
    outer loop
      vertex 12.3209 0.493032 0
      vertex 9.56137 0.740675 0
      vertex 9.66979 1.22447 0
    endloop
  endfacet
  facet normal 0 0 -1
    outer loop
      vertex 9.50683 0.247894 0
      vertex 12.25 0 0
      vertex 9.50683 -0.247894 0
    endloop
  endfacet
  facet normal 0 0 -1
    outer loop
      vertex 12.25 0 0
      vertex 9.50683 0.247894 0
      vertex 9.56137 0.740675 0
    endloop
  endfacet
  facet normal -0.909646 -0.415384 0
    outer loop
      vertex 15.6791 0.493032 0
      vertex 15.4722 0.946121 4
      vertex 15.4722 0.946121 0
    endloop
  endfacet
  facet normal -0.909646 -0.415384 0
    outer loop
      vertex 15.4722 0.946121 4
      vertex 15.6791 0.493032 0
      vertex 15.6791 0.493032 4
    endloop
  endfacet
  facet normal -0.989818 -0.14234 0
    outer loop
      vertex 15.75 0 0
      vertex 15.6791 0.493032 4
      vertex 15.6791 0.493032 0
    endloop
  endfacet
  facet normal -0.989818 -0.14234 0
    outer loop
      vertex 15.6791 0.493032 4
      vertex 15.75 0 0
      vertex 15.75 0 4
    endloop
  endfacet
  facet normal -0.755736 -0.654876 0
    outer loop
      vertex 15.4722 0.946121 0
      vertex 15.146 1.32256 4
      vertex 15.146 1.32256 0
    endloop
  endfacet
  facet normal -0.755736 -0.654876 0
    outer loop
      vertex 15.146 1.32256 4
      vertex 15.4722 0.946121 0
      vertex 15.4722 0.946121 4
    endloop
  endfacet
  facet normal 0.540676 -0.841231 0
    outer loop
      vertex 12.854 1.32256 0
      vertex 13.273 1.59186 4
      vertex 12.854 1.32256 4
    endloop
  endfacet
  facet normal 0.540676 -0.841231 0
    outer loop
      vertex 13.273 1.59186 4
      vertex 12.854 1.32256 0
      vertex 13.273 1.59186 0
    endloop
  endfacet
  facet normal -0.540676 0.841231 0
    outer loop
      vertex 15.146 -1.32256 0
      vertex 14.727 -1.59186 4
      vertex 15.146 -1.32256 4
    endloop
  endfacet
  facet normal -0.540676 0.841231 0
    outer loop
      vertex 14.727 -1.59186 4
      vertex 15.146 -1.32256 0
      vertex 14.727 -1.59186 0
    endloop
  endfacet
  facet normal -0.540676 -0.841231 0
    outer loop
      vertex 14.727 1.59186 0
      vertex 15.146 1.32256 4
      vertex 14.727 1.59186 4
    endloop
  endfacet
  facet normal -0.540676 -0.841231 -0
    outer loop
      vertex 15.146 1.32256 4
      vertex 14.727 1.59186 0
      vertex 15.146 1.32256 0
    endloop
  endfacet
  facet normal -0.281743 0.95949 0
    outer loop
      vertex 14.727 -1.59186 0
      vertex 14.2491 -1.73219 4
      vertex 14.727 -1.59186 4
    endloop
  endfacet
  facet normal -0.281743 0.95949 0
    outer loop
      vertex 14.2491 -1.73219 4
      vertex 14.727 -1.59186 0
      vertex 14.2491 -1.73219 0
    endloop
  endfacet
  facet normal 0.281743 0.95949 -0
    outer loop
      vertex 13.7509 -1.73219 0
      vertex 13.273 -1.59186 4
      vertex 13.7509 -1.73219 4
    endloop
  endfacet
  facet normal 0.281743 0.95949 0
    outer loop
      vertex 13.273 -1.59186 4
      vertex 13.7509 -1.73219 0
      vertex 13.273 -1.59186 0
    endloop
  endfacet
  facet normal -0.755736 0.654876 0
    outer loop
      vertex 15.146 -1.32256 0
      vertex 15.4722 -0.946121 4
      vertex 15.4722 -0.946121 0
    endloop
  endfacet
  facet normal -0.755736 0.654876 0
    outer loop
      vertex 15.4722 -0.946121 4
      vertex 15.146 -1.32256 0
      vertex 15.146 -1.32256 4
    endloop
  endfacet
  facet normal -0.989818 0.14234 0
    outer loop
      vertex 15.6791 -0.493032 0
      vertex 15.75 0 4
      vertex 15.75 0 0
    endloop
  endfacet
  facet normal -0.989818 0.14234 0
    outer loop
      vertex 15.75 0 4
      vertex 15.6791 -0.493032 0
      vertex 15.6791 -0.493032 4
    endloop
  endfacet
  facet normal 0 -1 0
    outer loop
      vertex 13.7509 1.73219 0
      vertex 14.2491 1.73219 4
      vertex 13.7509 1.73219 4
    endloop
  endfacet
  facet normal 0 -1 -0
    outer loop
      vertex 14.2491 1.73219 4
      vertex 13.7509 1.73219 0
      vertex 14.2491 1.73219 0
    endloop
  endfacet
  facet normal 0.989818 -0.14234 0
    outer loop
      vertex 12.25 0 4
      vertex 12.3209 0.493032 0
      vertex 12.3209 0.493032 4
    endloop
  endfacet
  facet normal 0.989818 -0.14234 0
    outer loop
      vertex 12.3209 0.493032 0
      vertex 12.25 0 4
      vertex 12.25 0 0
    endloop
  endfacet
  facet normal -0.909646 0.415384 0
    outer loop
      vertex 15.4722 -0.946121 0
      vertex 15.6791 -0.493032 4
      vertex 15.6791 -0.493032 0
    endloop
  endfacet
  facet normal -0.909646 0.415384 0
    outer loop
      vertex 15.6791 -0.493032 4
      vertex 15.4722 -0.946121 0
      vertex 15.4722 -0.946121 4
    endloop
  endfacet
  facet normal 0.281743 -0.95949 0
    outer loop
      vertex 13.273 1.59186 0
      vertex 13.7509 1.73219 4
      vertex 13.273 1.59186 4
    endloop
  endfacet
  facet normal 0.281743 -0.95949 0
    outer loop
      vertex 13.7509 1.73219 4
      vertex 13.273 1.59186 0
      vertex 13.7509 1.73219 0
    endloop
  endfacet
  facet normal 0.755736 -0.654876 0
    outer loop
      vertex 12.5278 0.946121 4
      vertex 12.854 1.32256 0
      vertex 12.854 1.32256 4
    endloop
  endfacet
  facet normal 0.755736 -0.654876 0
    outer loop
      vertex 12.854 1.32256 0
      vertex 12.5278 0.946121 4
      vertex 12.5278 0.946121 0
    endloop
  endfacet
  facet normal 0 1 -0
    outer loop
      vertex 14.2491 -1.73219 0
      vertex 13.7509 -1.73219 4
      vertex 14.2491 -1.73219 4
    endloop
  endfacet
  facet normal 0 1 0
    outer loop
      vertex 13.7509 -1.73219 4
      vertex 14.2491 -1.73219 0
      vertex 13.7509 -1.73219 0
    endloop
  endfacet
  facet normal 0.909646 -0.415384 0
    outer loop
      vertex 12.3209 0.493032 4
      vertex 12.5278 0.946121 0
      vertex 12.5278 0.946121 4
    endloop
  endfacet
  facet normal 0.909646 -0.415384 0
    outer loop
      vertex 12.5278 0.946121 0
      vertex 12.3209 0.493032 4
      vertex 12.3209 0.493032 0
    endloop
  endfacet
  facet normal 0.989818 0.14234 0
    outer loop
      vertex 12.3209 -0.493032 4
      vertex 12.25 0 0
      vertex 12.25 0 4
    endloop
  endfacet
  facet normal 0.989818 0.14234 0
    outer loop
      vertex 12.25 0 0
      vertex 12.3209 -0.493032 4
      vertex 12.3209 -0.493032 0
    endloop
  endfacet
  facet normal -0.281743 -0.95949 0
    outer loop
      vertex 14.2491 1.73219 0
      vertex 14.727 1.59186 4
      vertex 14.2491 1.73219 4
    endloop
  endfacet
  facet normal -0.281743 -0.95949 -0
    outer loop
      vertex 14.727 1.59186 4
      vertex 14.2491 1.73219 0
      vertex 14.727 1.59186 0
    endloop
  endfacet
  facet normal 0.755736 0.654876 0
    outer loop
      vertex 12.854 -1.32256 4
      vertex 12.5278 -0.946121 0
      vertex 12.5278 -0.946121 4
    endloop
  endfacet
  facet normal 0.755736 0.654876 0
    outer loop
      vertex 12.5278 -0.946121 0
      vertex 12.854 -1.32256 4
      vertex 12.854 -1.32256 0
    endloop
  endfacet
  facet normal 0.909646 0.415384 0
    outer loop
      vertex 12.5278 -0.946121 4
      vertex 12.3209 -0.493032 0
      vertex 12.3209 -0.493032 4
    endloop
  endfacet
  facet normal 0.909646 0.415384 0
    outer loop
      vertex 12.3209 -0.493032 0
      vertex 12.5278 -0.946121 4
      vertex 12.5278 -0.946121 0
    endloop
  endfacet
  facet normal 0.540676 0.841231 -0
    outer loop
      vertex 13.273 -1.59186 0
      vertex 12.854 -1.32256 4
      vertex 13.273 -1.59186 4
    endloop
  endfacet
  facet normal 0.540676 0.841231 0
    outer loop
      vertex 12.854 -1.32256 4
      vertex 13.273 -1.59186 0
      vertex 12.854 -1.32256 0
    endloop
  endfacet
endsolid OpenSCAD_Model
