solid OpenSCAD_Model
  facet normal -0.654869 -0.755742 0
    outer loop
      vertex -32.6967 -27.2308 0
      vertex -32.3206 -27.5567 11.99
      vertex -32.6967 -27.2308 11.99
    endloop
  endfacet
  facet normal -0.654869 -0.755742 -0
    outer loop
      vertex -32.3206 -27.5567 11.99
      vertex -32.6967 -27.2308 0
      vertex -32.3206 -27.5567 0
    endloop
  endfacet
  facet normal -0.376085 -0.926585 0
    outer loop
      vertex -34 -26.4374 0
      vertex -33.966 -26.4512 11.99
      vertex -34 -26.4374 11.99
    endloop
  endfacet
  facet normal -0.376085 -0.926585 -0
    outer loop
      vertex -33.966 -26.4512 11.99
      vertex -34 -26.4374 0
      vertex -33.966 -26.4512 0
    endloop
  endfacet
  facet normal -0.714295 -0.699844 0
    outer loop
      vertex -31.9816 -27.9027 9.72334
      vertex -32.3206 -27.5567 11.99
      vertex -32.3206 -27.5567 0
    endloop
  endfacet
  facet normal -0.714181 -0.699961 3.47854e-05
    outer loop
      vertex -32.3206 -27.5567 11.99
      vertex -31.9816 -27.9027 9.72334
      vertex -32 -27.8839 10.25
    endloop
  endfacet
  facet normal -0.714305 -0.699834 -0
    outer loop
      vertex -31.9724 -27.9121 9.63545
      vertex -32.3206 -27.5567 0
      vertex -31.9724 -27.9121 0
    endloop
  endfacet
  facet normal -0.714576 -0.699558 1.99456e-05
    outer loop
      vertex -32.3206 -27.5567 0
      vertex -31.9724 -27.9121 9.63545
      vertex -31.9816 -27.9027 9.72334
    endloop
  endfacet
  facet normal -0.714337 -0.699802 -2.36895e-05
    outer loop
      vertex -31.9816 -27.9027 10.7767
      vertex -32.3206 -27.5567 11.99
      vertex -32 -27.8839 10.25
    endloop
  endfacet
  facet normal -0.714397 -0.69974 -5.81314e-05
    outer loop
      vertex -31.9724 -27.9121 10.8645
      vertex -32.3206 -27.5567 11.99
      vertex -31.9816 -27.9027 10.7767
    endloop
  endfacet
  facet normal -0.714305 -0.699834 0
    outer loop
      vertex -32.3206 -27.5567 11.99
      vertex -31.9724 -27.9121 10.8645
      vertex -31.9724 -27.9121 11.99
    endloop
  endfacet
  facet normal -0.861801 -0.507246 -0
    outer loop
      vertex -31.3488 -28.7354 7.18295
      vertex -31.3684 -28.7021 0
      vertex -31.3488 -28.7354 0
    endloop
  endfacet
  facet normal -0.861801 -0.507246 0
    outer loop
      vertex -31.3684 -28.7021 0
      vertex -31.3488 -28.7354 7.18295
      vertex -31.3684 -28.7021 7.23133
    endloop
  endfacet
  facet normal -0.523335 -0.852127 0
    outer loop
      vertex -33.5221 -26.6763 0
      vertex -33.0981 -26.9367 11.99
      vertex -33.5221 -26.6763 11.99
    endloop
  endfacet
  facet normal -0.523335 -0.852127 -0
    outer loop
      vertex -33.0981 -26.9367 11.99
      vertex -33.5221 -26.6763 0
      vertex -33.0981 -26.9367 0
    endloop
  endfacet
  facet normal -0.591024 -0.806654 0
    outer loop
      vertex -33.0981 -26.9367 0
      vertex -32.6967 -27.2308 11.99
      vertex -33.0981 -26.9367 11.99
    endloop
  endfacet
  facet normal -0.591024 -0.806654 -0
    outer loop
      vertex -32.6967 -27.2308 11.99
      vertex -33.0981 -26.9367 0
      vertex -32.6967 -27.2308 0
    endloop
  endfacet
  facet normal -0.768906 -0.639362 0
    outer loop
      vertex -31.9265 -27.9673 11.3008
      vertex -31.9724 -27.9121 11.99
      vertex -31.9724 -27.9121 10.8645
    endloop
  endfacet
  facet normal -0.769032 -0.63921 -2.05273e-05
    outer loop
      vertex -31.835 -28.0774 11.8197
      vertex -31.9724 -27.9121 11.99
      vertex -31.9265 -27.9673 11.3008
    endloop
  endfacet
  facet normal -0.769008 -0.63924 2.75571e-05
    outer loop
      vertex -31.9724 -27.9121 11.99
      vertex -31.835 -28.0774 11.8197
      vertex -31.7926 -28.1284 11.99
    endloop
  endfacet
  facet normal -0.768906 -0.639362 0
    outer loop
      vertex -31.9724 -27.9121 0
      vertex -31.9265 -27.9673 9.19924
      vertex -31.9724 -27.9121 9.63545
    endloop
  endfacet
  facet normal -0.769075 -0.639159 2.06025e-06
    outer loop
      vertex -31.9724 -27.9121 0
      vertex -31.835 -28.0774 8.68027
      vertex -31.9265 -27.9673 9.19924
    endloop
  endfacet
  facet normal -0.768849 -0.639431 -6.69859e-06
    outer loop
      vertex -31.9724 -27.9121 0
      vertex -31.7075 -28.2307 8.16894
      vertex -31.835 -28.0774 8.68027
    endloop
  endfacet
  facet normal -0.768929 -0.639334 -0
    outer loop
      vertex -31.6542 -28.2948 8.00494
      vertex -31.9724 -27.9121 0
      vertex -31.6542 -28.2948 0
    endloop
  endfacet
  facet normal -0.768911 -0.639356 -1.7224e-06
    outer loop
      vertex -31.9724 -27.9121 0
      vertex -31.6542 -28.2948 8.00494
      vertex -31.7075 -28.2307 8.16894
    endloop
  endfacet
  facet normal -0.818665 -0.574272 0
    outer loop
      vertex -31.6542 -28.2948 0
      vertex -31.5447 -28.4509 7.66775
      vertex -31.6542 -28.2948 8.00494
    endloop
  endfacet
  facet normal -0.81858 -0.574393 -0
    outer loop
      vertex -31.3684 -28.7021 7.23133
      vertex -31.6542 -28.2948 0
      vertex -31.3684 -28.7021 0
    endloop
  endfacet
  facet normal -0.818532 -0.574461 -5.75852e-06
    outer loop
      vertex -31.6542 -28.2948 0
      vertex -31.3684 -28.7021 7.23133
      vertex -31.5447 -28.4509 7.66775
    endloop
  endfacet
  facet normal -0.45227 -0.891881 0
    outer loop
      vertex -33.966 -26.4512 0
      vertex -33.5221 -26.6763 11.99
      vertex -33.966 -26.4512 11.99
    endloop
  endfacet
  facet normal -0.45227 -0.891881 -0
    outer loop
      vertex -33.5221 -26.6763 11.99
      vertex -33.966 -26.4512 0
      vertex -33.5221 -26.6763 0
    endloop
  endfacet
  facet normal -0.769008 0.63924 2.75571e-05
    outer loop
      vertex -31.835 28.0774 11.8197
      vertex -31.9724 27.9121 11.99
      vertex -31.7926 28.1284 11.99
    endloop
  endfacet
  facet normal -0.769032 0.63921 -2.05273e-05
    outer loop
      vertex -31.9265 27.9673 11.3008
      vertex -31.9724 27.9121 11.99
      vertex -31.835 28.0774 11.8197
    endloop
  endfacet
  facet normal -0.768906 0.639362 0
    outer loop
      vertex -31.9724 27.9121 11.99
      vertex -31.9265 27.9673 11.3008
      vertex -31.9724 27.9121 10.8645
    endloop
  endfacet
  facet normal -0.768929 0.639334 0
    outer loop
      vertex -31.9724 27.9121 0
      vertex -31.6542 28.2948 8.00494
      vertex -31.6542 28.2948 0
    endloop
  endfacet
  facet normal -0.768911 0.639356 -1.7224e-06
    outer loop
      vertex -31.6542 28.2948 8.00494
      vertex -31.9724 27.9121 0
      vertex -31.7075 28.2307 8.16894
    endloop
  endfacet
  facet normal -0.768849 0.639431 -6.69859e-06
    outer loop
      vertex -31.7075 28.2307 8.16894
      vertex -31.9724 27.9121 0
      vertex -31.835 28.0774 8.68027
    endloop
  endfacet
  facet normal -0.769075 0.639159 2.06025e-06
    outer loop
      vertex -31.835 28.0774 8.68027
      vertex -31.9724 27.9121 0
      vertex -31.9265 27.9673 9.19924
    endloop
  endfacet
  facet normal -0.768906 0.639362 0
    outer loop
      vertex -31.9265 27.9673 9.19924
      vertex -31.9724 27.9121 0
      vertex -31.9724 27.9121 9.63545
    endloop
  endfacet
  facet normal -0.714305 0.699834 0
    outer loop
      vertex -32.3206 27.5567 0
      vertex -31.9724 27.9121 9.63545
      vertex -31.9724 27.9121 0
    endloop
  endfacet
  facet normal -0.714576 0.699558 1.99456e-05
    outer loop
      vertex -31.9724 27.9121 9.63545
      vertex -32.3206 27.5567 0
      vertex -31.9816 27.9027 9.72334
    endloop
  endfacet
  facet normal -0.714295 0.699844 0
    outer loop
      vertex -32.3206 27.5567 11.99
      vertex -31.9816 27.9027 9.72334
      vertex -32.3206 27.5567 0
    endloop
  endfacet
  facet normal -0.714397 0.69974 -5.81314e-05
    outer loop
      vertex -32.3206 27.5567 11.99
      vertex -31.9724 27.9121 10.8645
      vertex -31.9816 27.9027 10.7767
    endloop
  endfacet
  facet normal -0.714337 0.699802 -2.36895e-05
    outer loop
      vertex -32.3206 27.5567 11.99
      vertex -31.9816 27.9027 10.7767
      vertex -32 27.8839 10.25
    endloop
  endfacet
  facet normal -0.714181 0.699961 3.47854e-05
    outer loop
      vertex -31.9816 27.9027 9.72334
      vertex -32.3206 27.5567 11.99
      vertex -32 27.8839 10.25
    endloop
  endfacet
  facet normal -0.714305 0.699834 0
    outer loop
      vertex -31.9724 27.9121 10.8645
      vertex -32.3206 27.5567 11.99
      vertex -31.9724 27.9121 11.99
    endloop
  endfacet
  facet normal -0.654869 0.755742 0
    outer loop
      vertex -32.3206 27.5567 0
      vertex -32.6967 27.2308 11.99
      vertex -32.3206 27.5567 11.99
    endloop
  endfacet
  facet normal -0.654869 0.755742 0
    outer loop
      vertex -32.6967 27.2308 11.99
      vertex -32.3206 27.5567 0
      vertex -32.6967 27.2308 0
    endloop
  endfacet
  facet normal -0.45227 0.891881 0
    outer loop
      vertex -33.5221 26.6763 0
      vertex -33.966 26.4512 11.99
      vertex -33.5221 26.6763 11.99
    endloop
  endfacet
  facet normal -0.45227 0.891881 0
    outer loop
      vertex -33.966 26.4512 11.99
      vertex -33.5221 26.6763 0
      vertex -33.966 26.4512 0
    endloop
  endfacet
  facet normal -0.861801 0.507246 0
    outer loop
      vertex -31.3684 28.7021 0
      vertex -31.3488 28.7354 7.18295
      vertex -31.3488 28.7354 0
    endloop
  endfacet
  facet normal -0.861801 0.507246 0
    outer loop
      vertex -31.3488 28.7354 7.18295
      vertex -31.3684 28.7021 0
      vertex -31.3684 28.7021 7.23133
    endloop
  endfacet
  facet normal -0.523335 0.852127 0
    outer loop
      vertex -33.0981 26.9367 0
      vertex -33.5221 26.6763 11.99
      vertex -33.0981 26.9367 11.99
    endloop
  endfacet
  facet normal -0.523335 0.852127 0
    outer loop
      vertex -33.5221 26.6763 11.99
      vertex -33.0981 26.9367 0
      vertex -33.5221 26.6763 0
    endloop
  endfacet
  facet normal -0.376085 0.926585 0
    outer loop
      vertex -33.966 26.4512 0
      vertex -34 26.4374 11.99
      vertex -33.966 26.4512 11.99
    endloop
  endfacet
  facet normal -0.376085 0.926585 0
    outer loop
      vertex -34 26.4374 11.99
      vertex -33.966 26.4512 0
      vertex -34 26.4374 0
    endloop
  endfacet
  facet normal -0.591024 0.806654 0
    outer loop
      vertex -32.6967 27.2308 0
      vertex -33.0981 26.9367 11.99
      vertex -32.6967 27.2308 11.99
    endloop
  endfacet
  facet normal -0.591024 0.806654 0
    outer loop
      vertex -33.0981 26.9367 11.99
      vertex -32.6967 27.2308 0
      vertex -33.0981 26.9367 0
    endloop
  endfacet
  facet normal -0.81858 0.574393 0
    outer loop
      vertex -31.6542 28.2948 0
      vertex -31.3684 28.7021 7.23133
      vertex -31.3684 28.7021 0
    endloop
  endfacet
  facet normal -0.818532 0.574461 -5.75852e-06
    outer loop
      vertex -31.3684 28.7021 7.23133
      vertex -31.6542 28.2948 0
      vertex -31.5447 28.4509 7.66775
    endloop
  endfacet
  facet normal -0.818665 0.574272 0
    outer loop
      vertex -31.5447 28.4509 7.66775
      vertex -31.6542 28.2948 0
      vertex -31.6542 28.2948 8.00494
    endloop
  endfacet
  facet normal 0.685277 -0.728283 0
    outer loop
      vertex 32.1429 -27.7309 0
      vertex 32.5053 -27.3899 11.99
      vertex 32.1429 -27.7309 11.99
    endloop
  endfacet
  facet normal 0.685277 -0.728283 0
    outer loop
      vertex 32.5053 -27.3899 11.99
      vertex 32.1429 -27.7309 0
      vertex 32.5053 -27.3899 0
    endloop
  endfacet
  facet normal 0.415368 -0.909653 0
    outer loop
      vertex 33.7418 -26.5592 0
      vertex 34 -26.4413 11.99
      vertex 33.7418 -26.5592 11.99
    endloop
  endfacet
  facet normal 0.415368 -0.909653 0
    outer loop
      vertex 34 -26.4413 11.99
      vertex 33.7418 -26.5592 0
      vertex 34 -26.4413 0
    endloop
  endfacet
  facet normal 0.794768 -0.606914 0
    outer loop
      vertex 31.8094 -28.1002 11.9225
      vertex 31.8094 -28.1002 11.99
      vertex 31.7926 -28.1222 11.99
    endloop
  endfacet
  facet normal 0.794459 -0.607317 0
    outer loop
      vertex 31.7075 -28.2335 8.16894
      vertex 31.8094 -28.1002 0
      vertex 31.8094 -28.1002 8.57754
    endloop
  endfacet
  facet normal 0.794372 -0.607432 -2.96024e-06
    outer loop
      vertex 31.5447 -28.4464 7.66775
      vertex 31.8094 -28.1002 0
      vertex 31.7075 -28.2335 8.16894
    endloop
  endfacet
  facet normal 0.793981 -0.607943 -3.95386e-05
    outer loop
      vertex 31.5071 -28.4955 7.57484
      vertex 31.8094 -28.1002 0
      vertex 31.5447 -28.4464 7.66775
    endloop
  endfacet
  facet normal 0.794346 -0.607465 0
    outer loop
      vertex 31.8094 -28.1002 0
      vertex 31.5071 -28.4955 7.57484
      vertex 31.5071 -28.4955 0
    endloop
  endfacet
  facet normal 0.741717 -0.670713 6.63831e-05
    outer loop
      vertex 31.9816 -27.9095 9.72334
      vertex 32.1429 -27.7309 11.99
      vertex 32 -27.8891 10.25
    endloop
  endfacet
  facet normal 0.742226 -0.670149 -2.67357e-05
    outer loop
      vertex 32.1429 -27.7309 11.99
      vertex 31.9816 -27.9095 10.7767
      vertex 32 -27.8891 10.25
    endloop
  endfacet
  facet normal 0.742113 -0.670275 6.90685e-06
    outer loop
      vertex 32.1429 -27.7309 11.99
      vertex 31.9265 -27.9705 11.3008
      vertex 31.9816 -27.9095 10.7767
    endloop
  endfacet
  facet normal 0.742111 -0.670277 7.95074e-06
    outer loop
      vertex 32.1429 -27.7309 11.99
      vertex 31.835 -28.0718 11.8197
      vertex 31.9265 -27.9705 11.3008
    endloop
  endfacet
  facet normal 0.742164 -0.670218 0
    outer loop
      vertex 31.8094 -28.1002 11.9225
      vertex 32.1429 -27.7309 11.99
      vertex 31.8094 -28.1002 11.99
    endloop
  endfacet
  facet normal 0.742193 -0.670186 -0.000322328
    outer loop
      vertex 32.1429 -27.7309 11.99
      vertex 31.8094 -28.1002 11.9225
      vertex 31.835 -28.0718 11.8197
    endloop
  endfacet
  facet normal 0.742136 -0.670249 0
    outer loop
      vertex 32.1429 -27.7309 11.99
      vertex 31.9816 -27.9095 9.72334
      vertex 32.1429 -27.7309 0
    endloop
  endfacet
  facet normal 0.74209 -0.6703 -1.68576e-06
    outer loop
      vertex 31.9265 -27.9705 9.19924
      vertex 32.1429 -27.7309 0
      vertex 31.9816 -27.9095 9.72334
    endloop
  endfacet
  facet normal 0.742095 -0.670295 -1.46139e-06
    outer loop
      vertex 31.835 -28.0718 8.68027
      vertex 32.1429 -27.7309 0
      vertex 31.9265 -27.9705 9.19924
    endloop
  endfacet
  facet normal 0.742692 -0.669634 4.56894e-05
    outer loop
      vertex 31.8094 -28.1002 8.57754
      vertex 32.1429 -27.7309 0
      vertex 31.835 -28.0718 8.68027
    endloop
  endfacet
  facet normal 0.742164 -0.670218 0
    outer loop
      vertex 32.1429 -27.7309 0
      vertex 31.8094 -28.1002 8.57754
      vertex 31.8094 -28.1002 0
    endloop
  endfacet
  facet normal 0.557757 -0.830005 0
    outer loop
      vertex 32.8944 -27.0797 0
      vertex 33.3075 -26.8021 11.99
      vertex 32.8944 -27.0797 11.99
    endloop
  endfacet
  facet normal 0.557757 -0.830005 0
    outer loop
      vertex 33.3075 -26.8021 11.99
      vertex 32.8944 -27.0797 0
      vertex 33.3075 -26.8021 0
    endloop
  endfacet
  facet normal 0.488132 -0.87277 0
    outer loop
      vertex 33.3075 -26.8021 0
      vertex 33.7418 -26.5592 11.99
      vertex 33.3075 -26.8021 11.99
    endloop
  endfacet
  facet normal 0.488132 -0.87277 0
    outer loop
      vertex 33.7418 -26.5592 11.99
      vertex 33.3075 -26.8021 0
      vertex 33.7418 -26.5592 0
    endloop
  endfacet
  facet normal 0.623371 -0.781926 0
    outer loop
      vertex 32.5053 -27.3899 0
      vertex 32.8944 -27.0797 11.99
      vertex 32.5053 -27.3899 11.99
    endloop
  endfacet
  facet normal 0.623371 -0.781926 0
    outer loop
      vertex 32.8944 -27.0797 11.99
      vertex 32.5053 -27.3899 0
      vertex 32.8944 -27.0797 0
    endloop
  endfacet
  facet normal 0.841372 -0.540456 0
    outer loop
      vertex 31.353 -28.7354 7.19325
      vertex 31.5071 -28.4955 0
      vertex 31.5071 -28.4955 7.57484
    endloop
  endfacet
  facet normal 0.841372 -0.540456 0
    outer loop
      vertex 31.5071 -28.4955 0
      vertex 31.353 -28.7354 7.19325
      vertex 31.353 -28.7354 0
    endloop
  endfacet
  facet normal 0.685277 0.728283 -0
    outer loop
      vertex 32.5053 27.3899 0
      vertex 32.1429 27.7309 11.99
      vertex 32.5053 27.3899 11.99
    endloop
  endfacet
  facet normal 0.685277 0.728283 0
    outer loop
      vertex 32.1429 27.7309 11.99
      vertex 32.5053 27.3899 0
      vertex 32.1429 27.7309 0
    endloop
  endfacet
  facet normal 0.841372 0.540456 -0
    outer loop
      vertex 31.5071 28.4955 0
      vertex 31.353 28.7354 7.19325
      vertex 31.5071 28.4955 7.57484
    endloop
  endfacet
  facet normal 0.841372 0.540456 0
    outer loop
      vertex 31.353 28.7354 7.19325
      vertex 31.5071 28.4955 0
      vertex 31.353 28.7354 0
    endloop
  endfacet
  facet normal 0.794768 0.606914 0
    outer loop
      vertex 31.8094 28.1002 11.99
      vertex 31.8094 28.1002 11.9225
      vertex 31.7926 28.1222 11.99
    endloop
  endfacet
  facet normal 0.793981 0.607943 -3.95386e-05
    outer loop
      vertex 31.8094 28.1002 0
      vertex 31.5071 28.4955 7.57484
      vertex 31.5447 28.4464 7.66775
    endloop
  endfacet
  facet normal 0.794372 0.607432 -2.96024e-06
    outer loop
      vertex 31.8094 28.1002 0
      vertex 31.5447 28.4464 7.66775
      vertex 31.7075 28.2335 8.16894
    endloop
  endfacet
  facet normal 0.794459 0.607317 -0
    outer loop
      vertex 31.8094 28.1002 0
      vertex 31.7075 28.2335 8.16894
      vertex 31.8094 28.1002 8.57754
    endloop
  endfacet
  facet normal 0.794346 0.607465 0
    outer loop
      vertex 31.5071 28.4955 7.57484
      vertex 31.8094 28.1002 0
      vertex 31.5071 28.4955 0
    endloop
  endfacet
  facet normal 0.623371 0.781926 -0
    outer loop
      vertex 32.8944 27.0797 0
      vertex 32.5053 27.3899 11.99
      vertex 32.8944 27.0797 11.99
    endloop
  endfacet
  facet normal 0.623371 0.781926 0
    outer loop
      vertex 32.5053 27.3899 11.99
      vertex 32.8944 27.0797 0
      vertex 32.5053 27.3899 0
    endloop
  endfacet
  facet normal 0.415368 0.909653 -0
    outer loop
      vertex 34 26.4413 0
      vertex 33.7418 26.5592 11.99
      vertex 34 26.4413 11.99
    endloop
  endfacet
  facet normal 0.415368 0.909653 0
    outer loop
      vertex 33.7418 26.5592 11.99
      vertex 34 26.4413 0
      vertex 33.7418 26.5592 0
    endloop
  endfacet
  facet normal 0.557757 0.830005 -0
    outer loop
      vertex 33.3075 26.8021 0
      vertex 32.8944 27.0797 11.99
      vertex 33.3075 26.8021 11.99
    endloop
  endfacet
  facet normal 0.557757 0.830005 0
    outer loop
      vertex 32.8944 27.0797 11.99
      vertex 33.3075 26.8021 0
      vertex 32.8944 27.0797 0
    endloop
  endfacet
  facet normal 0.742164 0.670218 0
    outer loop
      vertex 32.1429 27.7309 11.99
      vertex 31.8094 28.1002 11.9225
      vertex 31.8094 28.1002 11.99
    endloop
  endfacet
  facet normal 0.742193 0.670186 -0.000322328
    outer loop
      vertex 31.8094 28.1002 11.9225
      vertex 32.1429 27.7309 11.99
      vertex 31.835 28.0718 11.8197
    endloop
  endfacet
  facet normal 0.742226 0.670149 -2.67357e-05
    outer loop
      vertex 31.9816 27.9095 10.7767
      vertex 32.1429 27.7309 11.99
      vertex 32 27.8891 10.25
    endloop
  endfacet
  facet normal 0.742113 0.670275 6.90685e-06
    outer loop
      vertex 31.9265 27.9705 11.3008
      vertex 32.1429 27.7309 11.99
      vertex 31.9816 27.9095 10.7767
    endloop
  endfacet
  facet normal 0.742111 0.670277 7.95074e-06
    outer loop
      vertex 31.835 28.0718 11.8197
      vertex 32.1429 27.7309 11.99
      vertex 31.9265 27.9705 11.3008
    endloop
  endfacet
  facet normal 0.742692 0.669634 4.56894e-05
    outer loop
      vertex 32.1429 27.7309 0
      vertex 31.8094 28.1002 8.57754
      vertex 31.835 28.0718 8.68027
    endloop
  endfacet
  facet normal 0.742095 0.670295 -1.46139e-06
    outer loop
      vertex 32.1429 27.7309 0
      vertex 31.835 28.0718 8.68027
      vertex 31.9265 27.9705 9.19924
    endloop
  endfacet
  facet normal 0.74209 0.6703 -1.68576e-06
    outer loop
      vertex 32.1429 27.7309 0
      vertex 31.9265 27.9705 9.19924
      vertex 31.9816 27.9095 9.72334
    endloop
  endfacet
  facet normal 0.741717 0.670713 6.63831e-05
    outer loop
      vertex 32.1429 27.7309 11.99
      vertex 31.9816 27.9095 9.72334
      vertex 32 27.8891 10.25
    endloop
  endfacet
  facet normal 0.742136 0.670249 0
    outer loop
      vertex 31.9816 27.9095 9.72334
      vertex 32.1429 27.7309 11.99
      vertex 32.1429 27.7309 0
    endloop
  endfacet
  facet normal 0.742164 0.670218 0
    outer loop
      vertex 31.8094 28.1002 8.57754
      vertex 32.1429 27.7309 0
      vertex 31.8094 28.1002 0
    endloop
  endfacet
  facet normal 0.488132 0.87277 -0
    outer loop
      vertex 33.7418 26.5592 0
      vertex 33.3075 26.8021 11.99
      vertex 33.7418 26.5592 11.99
    endloop
  endfacet
  facet normal 0.488132 0.87277 0
    outer loop
      vertex 33.3075 26.8021 11.99
      vertex 33.7418 26.5592 0
      vertex 33.3075 26.8021 0
    endloop
  endfacet
  facet normal -0.99939 0 0.0349158
    outer loop
      vertex -16.9184 -28.7354 9.72334
      vertex -16.9 28.7354 10.25
      vertex -16.9184 28.7354 9.72334
    endloop
  endfacet
  facet normal -0.99939 0 0.0349158
    outer loop
      vertex -16.9 28.7354 10.25
      vertex -16.9184 -28.7354 9.72334
      vertex -16.9 -28.7354 10.25
    endloop
  endfacet
  facet normal 0.99939 -0 0.0349158
    outer loop
      vertex -32 -27.8839 10.25
      vertex -31.9816 27.9027 9.72334
      vertex -32 27.8839 10.25
    endloop
  endfacet
  facet normal 0.99939 0 0.0349158
    outer loop
      vertex -31.9816 27.9027 9.72334
      vertex -32 -27.8839 10.25
      vertex -31.9816 -27.9027 9.72334
    endloop
  endfacet
  facet normal -0.694636 0 0.719361
    outer loop
      vertex -19.3981 28.7354 4.63926
      vertex -19.019 -28.7354 5.00533
      vertex -19.019 28.7354 5.00533
    endloop
  endfacet
  facet normal -0.694636 0 0.719361
    outer loop
      vertex -19.019 -28.7354 5.00533
      vertex -19.3981 28.7354 4.63926
      vertex -19.3981 -28.7354 4.63926
    endloop
  endfacet
  facet normal 0.694636 0 0.719361
    outer loop
      vertex -29.881 28.7354 5.00533
      vertex -29.5019 -28.7354 4.63926
      vertex -29.5019 28.7354 4.63926
    endloop
  endfacet
  facet normal 0.694636 0 0.719361
    outer loop
      vertex -29.5019 -28.7354 4.63926
      vertex -29.881 28.7354 5.00533
      vertex -29.881 -28.7354 5.00533
    endloop
  endfacet
  facet normal -0.898805 0 0.438349
    outer loop
      vertex -17.7837 -28.7354 6.70549
      vertex -17.5527 28.7354 7.17914
      vertex -17.7837 28.7354 6.70549
    endloop
  endfacet
  facet normal -0.898805 0 0.438349
    outer loop
      vertex -17.5527 28.7354 7.17914
      vertex -17.7837 -28.7354 6.70549
      vertex -17.5527 -28.7354 7.17914
    endloop
  endfacet
  facet normal -0.406683 0 0.913569
    outer loop
      vertex -21.2663 -1.45395 3.40801
      vertex -21.1403 -28.7354 3.4641
      vertex -21.1403 -1.11616 3.4641
    endloop
  endfacet
  facet normal -0.406758 -4.11139e-07 0.913536
    outer loop
      vertex -21.5056 -1.89224 3.30146
      vertex -21.1403 -28.7354 3.4641
      vertex -21.2663 -1.45395 3.40801
    endloop
  endfacet
  facet normal -0.406794 -1.00934e-06 0.91352
    outer loop
      vertex -21.6217 -2.04734 3.24976
      vertex -21.1403 -28.7354 3.4641
      vertex -21.5056 -1.89224 3.30146
    endloop
  endfacet
  facet normal -0.406748 0 0.913541
    outer loop
      vertex -21.1403 -28.7354 3.4641
      vertex -21.6217 -2.04734 3.24976
      vertex -21.6217 -28.7354 3.24976
    endloop
  endfacet
  facet normal -0.406683 0 0.913569
    outer loop
      vertex -21.1403 28.7354 3.4641
      vertex -21.2663 1.45395 3.40801
      vertex -21.1403 1.11616 3.4641
    endloop
  endfacet
  facet normal -0.406758 4.11139e-07 0.913536
    outer loop
      vertex -21.1403 28.7354 3.4641
      vertex -21.5056 1.89224 3.30146
      vertex -21.2663 1.45395 3.40801
    endloop
  endfacet
  facet normal -0.406748 0 0.913541
    outer loop
      vertex -21.6217 2.04734 3.24976
      vertex -21.1403 28.7354 3.4641
      vertex -21.6217 28.7354 3.24976
    endloop
  endfacet
  facet normal -0.406794 1.00934e-06 0.91352
    outer loop
      vertex -21.1403 28.7354 3.4641
      vertex -21.6217 2.04734 3.24976
      vertex -21.5056 1.89224 3.30146
    endloop
  endfacet
  facet normal -0.0697712 0 0.997563
    outer loop
      vertex -23.9519 -3.46437 2.721
      vertex -23.6608 -28.7354 2.74136
      vertex -23.6608 -3.40105 2.74136
    endloop
  endfacet
  facet normal -0.0697361 4.0619e-07 0.997565
    outer loop
      vertex -24.1865 -3.48115 2.7046
      vertex -23.6608 -28.7354 2.74136
      vertex -23.9519 -3.46437 2.721
    endloop
  endfacet
  facet normal -0.0697555 0 0.997564
    outer loop
      vertex -23.6608 -28.7354 2.74136
      vertex -24.1865 -3.48115 2.7046
      vertex -24.1865 -28.7354 2.7046
    endloop
  endfacet
  facet normal -0.0697712 0 0.997563
    outer loop
      vertex -23.6608 28.7354 2.74136
      vertex -23.9519 3.46437 2.721
      vertex -23.6608 3.40105 2.74136
    endloop
  endfacet
  facet normal -0.0697555 0 0.997564
    outer loop
      vertex -24.1865 3.48115 2.7046
      vertex -23.6608 28.7354 2.74136
      vertex -24.1865 28.7354 2.7046
    endloop
  endfacet
  facet normal -0.0697361 -4.0619e-07 0.997565
    outer loop
      vertex -23.6608 28.7354 2.74136
      vertex -24.1865 3.48115 2.7046
      vertex -23.9519 3.46437 2.721
    endloop
  endfacet
  facet normal 0.829025 -0 0.559211
    outer loop
      vertex -30.8528 -28.7354 6.24911
      vertex -30.5581 28.7354 5.81222
      vertex -30.8528 28.7354 6.24911
    endloop
  endfacet
  facet normal 0.829025 0 0.559211
    outer loop
      vertex -30.5581 28.7354 5.81222
      vertex -30.8528 -28.7354 6.24911
      vertex -30.5581 -28.7354 5.81222
    endloop
  endfacet
  facet normal 0.78796 -0 0.615727
    outer loop
      vertex -30.5581 -28.7354 5.81222
      vertex -30.2336 28.7354 5.39695
      vertex -30.5581 28.7354 5.81222
    endloop
  endfacet
  facet normal 0.78796 0 0.615727
    outer loop
      vertex -30.2336 28.7354 5.39695
      vertex -30.5581 -28.7354 5.81222
      vertex -30.2336 -28.7354 5.39695
    endloop
  endfacet
  facet normal -0.98481 0 0.173633
    outer loop
      vertex -17.065 -28.7354 8.68027
      vertex -16.9735 28.7354 9.19924
      vertex -17.065 28.7354 8.68027
    endloop
  endfacet
  facet normal -0.98481 0 0.173633
    outer loop
      vertex -16.9735 28.7354 9.19924
      vertex -17.065 -28.7354 8.68027
      vertex -16.9735 -28.7354 9.19924
    endloop
  endfacet
  facet normal -0.994519 0 0.104556
    outer loop
      vertex -16.9735 -28.7354 9.19924
      vertex -16.9184 28.7354 9.72334
      vertex -16.9735 28.7354 9.19924
    endloop
  endfacet
  facet normal -0.994519 0 0.104556
    outer loop
      vertex -16.9184 28.7354 9.72334
      vertex -16.9735 -28.7354 9.19924
      vertex -16.9184 -28.7354 9.72334
    endloop
  endfacet
  facet normal -0.951082 0 0.308937
    outer loop
      vertex -17.3553 -28.7354 7.66775
      vertex -17.1925 28.7354 8.16894
      vertex -17.3553 28.7354 7.66775
    endloop
  endfacet
  facet normal -0.951082 0 0.308937
    outer loop
      vertex -17.1925 28.7354 8.16894
      vertex -17.3553 -28.7354 7.66775
      vertex -17.1925 -28.7354 8.16894
    endloop
  endfacet
  facet normal -0.78796 0 0.615727
    outer loop
      vertex -18.6664 -28.7354 5.39695
      vertex -18.3419 28.7354 5.81222
      vertex -18.6664 28.7354 5.39695
    endloop
  endfacet
  facet normal -0.78796 0 0.615727
    outer loop
      vertex -18.3419 28.7354 5.81222
      vertex -18.6664 -28.7354 5.39695
      vertex -18.3419 -28.7354 5.81222
    endloop
  endfacet
  facet normal -0.74316 0 0.669114
    outer loop
      vertex -19.019 -28.7354 5.00533
      vertex -18.6664 28.7354 5.39695
      vertex -19.019 28.7354 5.00533
    endloop
  endfacet
  facet normal -0.74316 0 0.669114
    outer loop
      vertex -18.6664 28.7354 5.39695
      vertex -19.019 -28.7354 5.00533
      vertex -18.6664 -28.7354 5.39695
    endloop
  endfacet
  facet normal -0.829025 0 0.559211
    outer loop
      vertex -18.3419 -28.7354 5.81222
      vertex -18.0472 28.7354 6.24911
      vertex -18.3419 28.7354 5.81222
    endloop
  endfacet
  facet normal -0.829025 0 0.559211
    outer loop
      vertex -18.0472 28.7354 6.24911
      vertex -18.3419 -28.7354 5.81222
      vertex -18.0472 -28.7354 6.24911
    endloop
  endfacet
  facet normal -0.207944 0 0.978141
    outer loop
      vertex -22.996 -3.18371 2.84508
      vertex -22.6235 -28.7354 2.92427
      vertex -22.6235 -2.98028 2.92427
    endloop
  endfacet
  facet normal -0.20781 2.0289e-06 0.978169
    outer loop
      vertex -23.139 -3.23701 2.8147
      vertex -22.6235 -28.7354 2.92427
      vertex -22.996 -3.18371 2.84508
    endloop
  endfacet
  facet normal -0.207906 0 0.978149
    outer loop
      vertex -22.6235 -28.7354 2.92427
      vertex -23.139 -3.23701 2.8147
      vertex -23.139 -28.7354 2.8147
    endloop
  endfacet
  facet normal -0.207944 0 0.978141
    outer loop
      vertex -22.6235 28.7354 2.92427
      vertex -22.996 3.18371 2.84508
      vertex -22.6235 2.98028 2.92427
    endloop
  endfacet
  facet normal -0.207906 0 0.978149
    outer loop
      vertex -23.139 3.23701 2.8147
      vertex -22.6235 28.7354 2.92427
      vertex -23.139 28.7354 2.8147
    endloop
  endfacet
  facet normal -0.20781 -2.0289e-06 0.978169
    outer loop
      vertex -22.6235 28.7354 2.92427
      vertex -23.139 3.23701 2.8147
      vertex -22.996 3.18371 2.84508
    endloop
  endfacet
  facet normal -0.642783 0 0.766049
    outer loop
      vertex -19.8018 28.7354 4.30052
      vertex -19.3981 -28.7354 4.63926
      vertex -19.3981 28.7354 4.63926
    endloop
  endfacet
  facet normal -0.642783 0 0.766049
    outer loop
      vertex -19.3981 -28.7354 4.63926
      vertex -19.8018 28.7354 4.30052
      vertex -19.8018 -28.7354 4.30052
    endloop
  endfacet
  facet normal -0.469471 0 0.882948
    outer loop
      vertex -20.675 28.7354 3.71151
      vertex -20.95 0 3.56529
      vertex -20.675 -28.7354 3.71151
    endloop
  endfacet
  facet normal -0.469662 2.33506e-06 0.882847
    outer loop
      vertex -20.675 28.7354 3.71151
      vertex -20.9856 0.498101 3.54635
      vertex -20.95 0 3.56529
    endloop
  endfacet
  facet normal -0.469365 -1.85606e-06 0.883005
    outer loop
      vertex -20.675 28.7354 3.71151
      vertex -21.0918 0.986063 3.4899
      vertex -20.9856 0.498101 3.54635
    endloop
  endfacet
  facet normal -0.46948 0 0.882943
    outer loop
      vertex -21.1403 1.11616 3.4641
      vertex -20.675 28.7354 3.71151
      vertex -21.1403 28.7354 3.4641
    endloop
  endfacet
  facet normal -0.469636 3.37678e-06 0.88286
    outer loop
      vertex -20.675 28.7354 3.71151
      vertex -21.1403 1.11616 3.4641
      vertex -21.0918 0.986063 3.4899
    endloop
  endfacet
  facet normal -0.469662 -2.33506e-06 0.882847
    outer loop
      vertex -20.9856 -0.498101 3.54635
      vertex -20.675 -28.7354 3.71151
      vertex -20.95 0 3.56529
    endloop
  endfacet
  facet normal -0.469365 1.85606e-06 0.883005
    outer loop
      vertex -21.0918 -0.986063 3.4899
      vertex -20.675 -28.7354 3.71151
      vertex -20.9856 -0.498101 3.54635
    endloop
  endfacet
  facet normal -0.469636 -3.37678e-06 0.88286
    outer loop
      vertex -21.1403 -1.11616 3.4641
      vertex -20.675 -28.7354 3.71151
      vertex -21.0918 -0.986063 3.4899
    endloop
  endfacet
  facet normal -0.46948 0 0.882943
    outer loop
      vertex -20.675 -28.7354 3.71151
      vertex -21.1403 -1.11616 3.4641
      vertex -21.1403 -28.7354 3.4641
    endloop
  endfacet
  facet normal -0.587816 0 0.808995
    outer loop
      vertex -20.2281 28.7354 3.99077
      vertex -19.8018 -28.7354 4.30052
      vertex -19.8018 28.7354 4.30052
    endloop
  endfacet
  facet normal -0.587816 0 0.808995
    outer loop
      vertex -19.8018 -28.7354 4.30052
      vertex -20.2281 28.7354 3.99077
      vertex -20.2281 -28.7354 3.99077
    endloop
  endfacet
  facet normal 0.898805 -0 0.438349
    outer loop
      vertex -31.3473 -28.7354 7.17914
      vertex -31.1163 28.7354 6.70549
      vertex -31.3473 28.7354 7.17914
    endloop
  endfacet
  facet normal 0.898805 0 0.438349
    outer loop
      vertex -31.1163 28.7354 6.70549
      vertex -31.3473 -28.7354 7.17914
      vertex -31.1163 -28.7354 6.70549
    endloop
  endfacet
  facet normal 0.951034 -0 0.309086
    outer loop
      vertex -31.7075 -28.2307 8.16894
      vertex -31.6542 28.2948 8.00494
      vertex -31.7075 28.2307 8.16894
    endloop
  endfacet
  facet normal 0.951034 -0 0.309086
    outer loop
      vertex -31.6542 -28.2948 8.00494
      vertex -31.6542 28.2948 8.00494
      vertex -31.7075 -28.2307 8.16894
    endloop
  endfacet
  facet normal 0.951106 0 0.308865
    outer loop
      vertex -31.6542 28.2948 8.00494
      vertex -31.6542 -28.2948 8.00494
      vertex -31.5447 28.4509 7.66775
    endloop
  endfacet
  facet normal 0.951106 0 0.308865
    outer loop
      vertex -31.5447 28.4509 7.66775
      vertex -31.6542 -28.2948 8.00494
      vertex -31.5447 -28.4509 7.66775
    endloop
  endfacet
  facet normal 0.994566 -0 0.104107
    outer loop
      vertex -31.9816 -27.9027 9.72334
      vertex -31.9724 27.9121 9.63545
      vertex -31.9816 27.9027 9.72334
    endloop
  endfacet
  facet normal 0.994566 -0 0.104107
    outer loop
      vertex -31.9724 -27.9121 9.63545
      vertex -31.9724 27.9121 9.63545
      vertex -31.9816 -27.9027 9.72334
    endloop
  endfacet
  facet normal 0.994509 0 0.104647
    outer loop
      vertex -31.9724 27.9121 9.63545
      vertex -31.9724 -27.9121 9.63545
      vertex -31.9265 27.9673 9.19924
    endloop
  endfacet
  facet normal 0.994509 0 0.104647
    outer loop
      vertex -31.9265 27.9673 9.19924
      vertex -31.9724 -27.9121 9.63545
      vertex -31.9265 -27.9673 9.19924
    endloop
  endfacet
  facet normal 0.529927 0 0.848043
    outer loop
      vertex -28.6719 28.7354 3.99077
      vertex -28.225 -28.7354 3.71151
      vertex -28.225 28.7354 3.71151
    endloop
  endfacet
  facet normal 0.529927 0 0.848043
    outer loop
      vertex -28.225 -28.7354 3.71151
      vertex -28.6719 28.7354 3.99077
      vertex -28.6719 -28.7354 3.99077
    endloop
  endfacet
  facet normal 0.0697361 4.0619e-07 0.997565
    outer loop
      vertex -25.2392 -28.7354 2.74136
      vertex -24.7135 -3.48115 2.7046
      vertex -24.9481 -3.46437 2.721
    endloop
  endfacet
  facet normal 0.0697712 -0 0.997563
    outer loop
      vertex -25.2392 -28.7354 2.74136
      vertex -24.9481 -3.46437 2.721
      vertex -25.2392 -3.40105 2.74136
    endloop
  endfacet
  facet normal 0.0697555 0 0.997564
    outer loop
      vertex -24.7135 -3.48115 2.7046
      vertex -25.2392 -28.7354 2.74136
      vertex -24.7135 -28.7354 2.7046
    endloop
  endfacet
  facet normal 0.0697555 0 0.997564
    outer loop
      vertex -25.2392 28.7354 2.74136
      vertex -24.7135 3.48115 2.7046
      vertex -24.7135 28.7354 2.7046
    endloop
  endfacet
  facet normal 0.0697361 -4.0619e-07 0.997565
    outer loop
      vertex -24.7135 3.48115 2.7046
      vertex -25.2392 28.7354 2.74136
      vertex -24.9481 3.46437 2.721
    endloop
  endfacet
  facet normal 0.0697712 0 0.997563
    outer loop
      vertex -24.9481 3.46437 2.721
      vertex -25.2392 28.7354 2.74136
      vertex -25.2392 3.40105 2.74136
    endloop
  endfacet
  facet normal 0.275782 -3.6447e-06 0.96122
    outer loop
      vertex -26.7831 -28.7354 3.06952
      vertex -26.2765 -2.98028 2.92427
      vertex -26.3422 -2.94439 2.94312
    endloop
  endfacet
  facet normal 0.275613 -5.19792e-07 0.961269
    outer loop
      vertex -26.7831 -28.7354 3.06952
      vertex -26.3422 -2.94439 2.94312
      vertex -26.742 -2.64512 3.05775
    endloop
  endfacet
  facet normal 0.275308 -0 0.961356
    outer loop
      vertex -26.7831 -28.7354 3.06952
      vertex -26.742 -2.64512 3.05775
      vertex -26.7831 -2.60406 3.06952
    endloop
  endfacet
  facet normal 0.275611 0 0.961269
    outer loop
      vertex -26.2765 -2.98028 2.92427
      vertex -26.7831 -28.7354 3.06952
      vertex -26.2765 -28.7354 2.92427
    endloop
  endfacet
  facet normal 0.275611 0 0.961269
    outer loop
      vertex -26.7831 28.7354 3.06952
      vertex -26.2765 2.98028 2.92427
      vertex -26.2765 28.7354 2.92427
    endloop
  endfacet
  facet normal 0.275782 3.6447e-06 0.96122
    outer loop
      vertex -26.2765 2.98028 2.92427
      vertex -26.7831 28.7354 3.06952
      vertex -26.3422 2.94439 2.94312
    endloop
  endfacet
  facet normal 0.275613 5.19792e-07 0.961269
    outer loop
      vertex -26.3422 2.94439 2.94312
      vertex -26.7831 28.7354 3.06952
      vertex -26.742 2.64512 3.05775
    endloop
  endfacet
  facet normal 0.275308 0 0.961356
    outer loop
      vertex -26.742 2.64512 3.05775
      vertex -26.7831 28.7354 3.06952
      vertex -26.7831 2.60406 3.06952
    endloop
  endfacet
  facet normal 0.139161 4.82221e-07 0.99027
    outer loop
      vertex -25.761 -28.7354 2.8147
      vertex -25.2392 -3.40105 2.74136
      vertex -25.4361 -3.35822 2.76903
    endloop
  endfacet
  facet normal 0.139198 -0 0.990265
    outer loop
      vertex -25.761 -28.7354 2.8147
      vertex -25.4361 -3.35822 2.76903
      vertex -25.761 -3.23701 2.8147
    endloop
  endfacet
  facet normal 0.139184 0 0.990267
    outer loop
      vertex -25.2392 -3.40105 2.74136
      vertex -25.761 -28.7354 2.8147
      vertex -25.2392 -28.7354 2.74136
    endloop
  endfacet
  facet normal 0.139184 0 0.990267
    outer loop
      vertex -25.761 28.7354 2.8147
      vertex -25.2392 3.40105 2.74136
      vertex -25.2392 28.7354 2.74136
    endloop
  endfacet
  facet normal 0.139161 -4.82221e-07 0.99027
    outer loop
      vertex -25.2392 3.40105 2.74136
      vertex -25.761 28.7354 2.8147
      vertex -25.4361 3.35822 2.76903
    endloop
  endfacet
  facet normal 0.139198 0 0.990265
    outer loop
      vertex -25.4361 3.35822 2.76903
      vertex -25.761 28.7354 2.8147
      vertex -25.761 3.23701 2.8147
    endloop
  endfacet
  facet normal -0.970377 0 -0.241597
    outer loop
      vertex -17.065 -28.7354 11.8197
      vertex -17.1074 28.7354 11.99
      vertex -17.065 28.7354 11.8197
    endloop
  endfacet
  facet normal -0.970377 -0 -0.241597
    outer loop
      vertex -17.1074 28.7354 11.99
      vertex -17.065 -28.7354 11.8197
      vertex -17.1074 -28.7354 11.99
    endloop
  endfacet
  facet normal -0.99939 0 -0.0349132
    outer loop
      vertex -16.9 -28.7354 10.25
      vertex -16.9184 28.7354 10.7767
      vertex -16.9 28.7354 10.25
    endloop
  endfacet
  facet normal -0.99939 -0 -0.0349132
    outer loop
      vertex -16.9184 28.7354 10.7767
      vertex -16.9 -28.7354 10.25
      vertex -16.9184 -28.7354 10.7767
    endloop
  endfacet
  facet normal -0.970291 0 0.241942
    outer loop
      vertex -17.1925 -28.7354 8.16894
      vertex -17.065 28.7354 8.68027
      vertex -17.1925 28.7354 8.16894
    endloop
  endfacet
  facet normal -0.970291 0 0.241942
    outer loop
      vertex -17.065 28.7354 8.68027
      vertex -17.1925 -28.7354 8.16894
      vertex -17.065 -28.7354 8.68027
    endloop
  endfacet
  facet normal -0.866018 0 0.500013
    outer loop
      vertex -18.0472 -28.7354 6.24911
      vertex -17.7837 28.7354 6.70549
      vertex -18.0472 28.7354 6.24911
    endloop
  endfacet
  facet normal -0.866018 0 0.500013
    outer loop
      vertex -17.7837 28.7354 6.70549
      vertex -18.0472 -28.7354 6.24911
      vertex -17.7837 -28.7354 6.70549
    endloop
  endfacet
  facet normal -0 0 1
    outer loop
      vertex -24.45 -3.5 2.7046
      vertex -24.1865 -28.7354 2.7046
      vertex -24.1865 -3.48115 2.7046
    endloop
  endfacet
  facet normal 0 0 1
    outer loop
      vertex -24.7135 -28.7354 2.7046
      vertex -24.45 -3.5 2.7046
      vertex -24.7135 -3.48115 2.7046
    endloop
  endfacet
  facet normal 0 0 1
    outer loop
      vertex -24.45 -3.5 2.7046
      vertex -24.7135 -28.7354 2.7046
      vertex -24.1865 -28.7354 2.7046
    endloop
  endfacet
  facet normal 0 0 1
    outer loop
      vertex -24.1865 28.7354 2.7046
      vertex -24.45 3.5 2.7046
      vertex -24.1865 3.48115 2.7046
    endloop
  endfacet
  facet normal -0 0 1
    outer loop
      vertex -24.7135 28.7354 2.7046
      vertex -24.45 3.5 2.7046
      vertex -24.1865 28.7354 2.7046
    endloop
  endfacet
  facet normal 0 0 1
    outer loop
      vertex -24.45 3.5 2.7046
      vertex -24.7135 28.7354 2.7046
      vertex -24.7135 3.48115 2.7046
    endloop
  endfacet
  facet normal -0.139198 0 0.990265
    outer loop
      vertex -23.4639 -3.35822 2.76903
      vertex -23.139 -28.7354 2.8147
      vertex -23.139 -3.23701 2.8147
    endloop
  endfacet
  facet normal -0.139161 4.82221e-07 0.99027
    outer loop
      vertex -23.6608 -3.40105 2.74136
      vertex -23.139 -28.7354 2.8147
      vertex -23.4639 -3.35822 2.76903
    endloop
  endfacet
  facet normal -0.139184 0 0.990267
    outer loop
      vertex -23.139 -28.7354 2.8147
      vertex -23.6608 -3.40105 2.74136
      vertex -23.6608 -28.7354 2.74136
    endloop
  endfacet
  facet normal -0.139198 0 0.990265
    outer loop
      vertex -23.139 28.7354 2.8147
      vertex -23.4639 3.35822 2.76903
      vertex -23.139 3.23701 2.8147
    endloop
  endfacet
  facet normal -0.139184 0 0.990267
    outer loop
      vertex -23.6608 3.40105 2.74136
      vertex -23.139 28.7354 2.8147
      vertex -23.6608 28.7354 2.74136
    endloop
  endfacet
  facet normal -0.139161 -4.82221e-07 0.99027
    outer loop
      vertex -23.139 28.7354 2.8147
      vertex -23.6608 3.40105 2.74136
      vertex -23.4639 3.35822 2.76903
    endloop
  endfacet
  facet normal -0.275308 0 0.961356
    outer loop
      vertex -22.158 -2.64512 3.05775
      vertex -22.1169 -28.7354 3.06952
      vertex -22.1169 -2.60406 3.06952
    endloop
  endfacet
  facet normal -0.275613 -5.19792e-07 0.961269
    outer loop
      vertex -22.5578 -2.94439 2.94312
      vertex -22.1169 -28.7354 3.06952
      vertex -22.158 -2.64512 3.05775
    endloop
  endfacet
  facet normal -0.275782 -3.6447e-06 0.96122
    outer loop
      vertex -22.6235 -2.98028 2.92427
      vertex -22.1169 -28.7354 3.06952
      vertex -22.5578 -2.94439 2.94312
    endloop
  endfacet
  facet normal -0.275611 0 0.961269
    outer loop
      vertex -22.1169 -28.7354 3.06952
      vertex -22.6235 -2.98028 2.92427
      vertex -22.6235 -28.7354 2.92427
    endloop
  endfacet
  facet normal -0.275308 0 0.961356
    outer loop
      vertex -22.1169 28.7354 3.06952
      vertex -22.158 2.64512 3.05775
      vertex -22.1169 2.60406 3.06952
    endloop
  endfacet
  facet normal -0.275613 5.19792e-07 0.961269
    outer loop
      vertex -22.1169 28.7354 3.06952
      vertex -22.5578 2.94439 2.94312
      vertex -22.158 2.64512 3.05775
    endloop
  endfacet
  facet normal -0.275611 0 0.961269
    outer loop
      vertex -22.6235 2.98028 2.92427
      vertex -22.1169 28.7354 3.06952
      vertex -22.6235 28.7354 2.92427
    endloop
  endfacet
  facet normal -0.275782 3.6447e-06 0.96122
    outer loop
      vertex -22.1169 28.7354 3.06952
      vertex -22.6235 2.98028 2.92427
      vertex -22.5578 2.94439 2.94312
    endloop
  endfacet
  facet normal -0.529927 0 0.848043
    outer loop
      vertex -20.675 28.7354 3.71151
      vertex -20.2281 -28.7354 3.99077
      vertex -20.2281 28.7354 3.99077
    endloop
  endfacet
  facet normal -0.529927 0 0.848043
    outer loop
      vertex -20.2281 -28.7354 3.99077
      vertex -20.675 28.7354 3.71151
      vertex -20.675 -28.7354 3.71151
    endloop
  endfacet
  facet normal 0.74316 -0 0.669114
    outer loop
      vertex -30.2336 -28.7354 5.39695
      vertex -29.881 28.7354 5.00533
      vertex -30.2336 28.7354 5.39695
    endloop
  endfacet
  facet normal 0.74316 0 0.669114
    outer loop
      vertex -29.881 28.7354 5.00533
      vertex -30.2336 -28.7354 5.39695
      vertex -29.881 -28.7354 5.00533
    endloop
  endfacet
  facet normal 0.866018 -0 0.500013
    outer loop
      vertex -31.1163 -28.7354 6.70549
      vertex -30.8528 28.7354 6.24911
      vertex -31.1163 28.7354 6.70549
    endloop
  endfacet
  facet normal 0.866018 0 0.500013
    outer loop
      vertex -30.8528 28.7354 6.24911
      vertex -31.1163 -28.7354 6.70549
      vertex -30.8528 -28.7354 6.24911
    endloop
  endfacet
  facet normal 0.930373 -0.0154435 0.366289
    outer loop
      vertex -31.3684 28.7021 7.23133
      vertex -31.3473 28.7354 7.17914
      vertex -31.3488 28.7354 7.18295
    endloop
  endfacet
  facet normal 0.927202 -0 0.374561
    outer loop
      vertex -31.5447 -28.4509 7.66775
      vertex -31.3684 28.7021 7.23133
      vertex -31.5447 28.4509 7.66775
    endloop
  endfacet
  facet normal 0.927202 -0 0.374561
    outer loop
      vertex -31.3684 -28.7021 7.23133
      vertex -31.3684 28.7021 7.23133
      vertex -31.5447 -28.4509 7.66775
    endloop
  endfacet
  facet normal 0.927098 0 0.374818
    outer loop
      vertex -31.3684 28.7021 7.23133
      vertex -31.3684 -28.7021 7.23133
      vertex -31.3473 28.7354 7.17914
    endloop
  endfacet
  facet normal 0.930373 0.0154435 0.366289
    outer loop
      vertex -31.3473 -28.7354 7.17914
      vertex -31.3684 -28.7021 7.23133
      vertex -31.3488 -28.7354 7.18295
    endloop
  endfacet
  facet normal 0.927098 0 0.374818
    outer loop
      vertex -31.3684 -28.7021 7.23133
      vertex -31.3473 -28.7354 7.17914
      vertex -31.3473 28.7354 7.17914
    endloop
  endfacet
  facet normal 0.970291 -0 0.241942
    outer loop
      vertex -31.835 -28.0774 8.68027
      vertex -31.7075 28.2307 8.16894
      vertex -31.835 28.0774 8.68027
    endloop
  endfacet
  facet normal 0.970291 0 0.241942
    outer loop
      vertex -31.7075 28.2307 8.16894
      vertex -31.835 -28.0774 8.68027
      vertex -31.7075 -28.2307 8.16894
    endloop
  endfacet
  facet normal 0.642783 0 0.766049
    outer loop
      vertex -29.5019 28.7354 4.63926
      vertex -29.0982 -28.7354 4.30052
      vertex -29.0982 28.7354 4.30052
    endloop
  endfacet
  facet normal 0.642783 0 0.766049
    outer loop
      vertex -29.0982 -28.7354 4.30052
      vertex -29.5019 28.7354 4.63926
      vertex -29.5019 -28.7354 4.63926
    endloop
  endfacet
  facet normal 0.46948 0 0.882943
    outer loop
      vertex -28.225 28.7354 3.71151
      vertex -27.7597 1.11616 3.4641
      vertex -27.7597 28.7354 3.4641
    endloop
  endfacet
  facet normal 0.469636 3.37678e-06 0.88286
    outer loop
      vertex -27.7597 1.11616 3.4641
      vertex -28.225 28.7354 3.71151
      vertex -27.8082 0.986063 3.4899
    endloop
  endfacet
  facet normal 0.469365 -1.85606e-06 0.883005
    outer loop
      vertex -27.8082 0.986063 3.4899
      vertex -28.225 28.7354 3.71151
      vertex -27.9144 0.498101 3.54635
    endloop
  endfacet
  facet normal 0.469662 2.33506e-06 0.882847
    outer loop
      vertex -27.9144 0.498101 3.54635
      vertex -28.225 28.7354 3.71151
      vertex -27.95 0 3.56529
    endloop
  endfacet
  facet normal 0.469636 -3.37678e-06 0.88286
    outer loop
      vertex -28.225 -28.7354 3.71151
      vertex -27.7597 -1.11616 3.4641
      vertex -27.8082 -0.986063 3.4899
    endloop
  endfacet
  facet normal 0.469365 1.85606e-06 0.883005
    outer loop
      vertex -28.225 -28.7354 3.71151
      vertex -27.8082 -0.986063 3.4899
      vertex -27.9144 -0.498101 3.54635
    endloop
  endfacet
  facet normal 0.469662 -2.33506e-06 0.882847
    outer loop
      vertex -28.225 -28.7354 3.71151
      vertex -27.9144 -0.498101 3.54635
      vertex -27.95 0 3.56529
    endloop
  endfacet
  facet normal 0.469471 -0 0.882948
    outer loop
      vertex -28.225 -28.7354 3.71151
      vertex -27.95 0 3.56529
      vertex -28.225 28.7354 3.71151
    endloop
  endfacet
  facet normal 0.46948 0 0.882943
    outer loop
      vertex -27.7597 -1.11616 3.4641
      vertex -28.225 -28.7354 3.71151
      vertex -27.7597 -28.7354 3.4641
    endloop
  endfacet
  facet normal 0.587816 0 0.808995
    outer loop
      vertex -29.0982 28.7354 4.30052
      vertex -28.6719 -28.7354 3.99077
      vertex -28.6719 28.7354 3.99077
    endloop
  endfacet
  facet normal 0.587816 0 0.808995
    outer loop
      vertex -28.6719 -28.7354 3.99077
      vertex -29.0982 28.7354 4.30052
      vertex -29.0982 -28.7354 4.30052
    endloop
  endfacet
  facet normal 0.406794 -1.00934e-06 0.91352
    outer loop
      vertex -27.7597 -28.7354 3.4641
      vertex -27.2783 -2.04734 3.24976
      vertex -27.3944 -1.89224 3.30146
    endloop
  endfacet
  facet normal 0.406758 -4.11139e-07 0.913536
    outer loop
      vertex -27.7597 -28.7354 3.4641
      vertex -27.3944 -1.89224 3.30146
      vertex -27.6337 -1.45395 3.40801
    endloop
  endfacet
  facet normal 0.406683 -0 0.913569
    outer loop
      vertex -27.7597 -28.7354 3.4641
      vertex -27.6337 -1.45395 3.40801
      vertex -27.7597 -1.11616 3.4641
    endloop
  endfacet
  facet normal 0.406748 0 0.913541
    outer loop
      vertex -27.2783 -2.04734 3.24976
      vertex -27.7597 -28.7354 3.4641
      vertex -27.2783 -28.7354 3.24976
    endloop
  endfacet
  facet normal 0.406748 0 0.913541
    outer loop
      vertex -27.7597 28.7354 3.4641
      vertex -27.2783 2.04734 3.24976
      vertex -27.2783 28.7354 3.24976
    endloop
  endfacet
  facet normal 0.406794 1.00934e-06 0.91352
    outer loop
      vertex -27.2783 2.04734 3.24976
      vertex -27.7597 28.7354 3.4641
      vertex -27.3944 1.89224 3.30146
    endloop
  endfacet
  facet normal 0.406758 4.11139e-07 0.913536
    outer loop
      vertex -27.3944 1.89224 3.30146
      vertex -27.7597 28.7354 3.4641
      vertex -27.6337 1.45395 3.40801
    endloop
  endfacet
  facet normal 0.406683 0 0.913569
    outer loop
      vertex -27.6337 1.45395 3.40801
      vertex -27.7597 28.7354 3.4641
      vertex -27.7597 1.11616 3.4641
    endloop
  endfacet
  facet normal 0.342076 -1.12387e-06 0.939672
    outer loop
      vertex -27.2783 -28.7354 3.24976
      vertex -26.7831 -2.60406 3.06952
      vertex -27.0951 -2.29201 3.1831
    endloop
  endfacet
  facet normal 0.341933 -0 0.939725
    outer loop
      vertex -27.2783 -28.7354 3.24976
      vertex -27.0951 -2.29201 3.1831
      vertex -27.2783 -2.04734 3.24976
    endloop
  endfacet
  facet normal 0.342023 0 0.939691
    outer loop
      vertex -26.7831 -2.60406 3.06952
      vertex -27.2783 -28.7354 3.24976
      vertex -26.7831 -28.7354 3.06952
    endloop
  endfacet
  facet normal 0.342023 0 0.939691
    outer loop
      vertex -27.2783 28.7354 3.24976
      vertex -26.7831 2.60406 3.06952
      vertex -26.7831 28.7354 3.06952
    endloop
  endfacet
  facet normal 0.342076 1.12387e-06 0.939672
    outer loop
      vertex -26.7831 2.60406 3.06952
      vertex -27.2783 28.7354 3.24976
      vertex -27.0951 2.29201 3.1831
    endloop
  endfacet
  facet normal 0.341933 0 0.939725
    outer loop
      vertex -27.0951 2.29201 3.1831
      vertex -27.2783 28.7354 3.24976
      vertex -27.2783 2.04734 3.24976
    endloop
  endfacet
  facet normal 0.20781 2.0289e-06 0.978169
    outer loop
      vertex -26.2765 -28.7354 2.92427
      vertex -25.761 -3.23701 2.8147
      vertex -25.904 -3.18371 2.84508
    endloop
  endfacet
  facet normal 0.207944 -0 0.978141
    outer loop
      vertex -26.2765 -28.7354 2.92427
      vertex -25.904 -3.18371 2.84508
      vertex -26.2765 -2.98028 2.92427
    endloop
  endfacet
  facet normal 0.207906 0 0.978149
    outer loop
      vertex -25.761 -3.23701 2.8147
      vertex -26.2765 -28.7354 2.92427
      vertex -25.761 -28.7354 2.8147
    endloop
  endfacet
  facet normal 0.207906 0 0.978149
    outer loop
      vertex -26.2765 28.7354 2.92427
      vertex -25.761 3.23701 2.8147
      vertex -25.761 28.7354 2.8147
    endloop
  endfacet
  facet normal 0.20781 -2.0289e-06 0.978169
    outer loop
      vertex -25.761 3.23701 2.8147
      vertex -26.2765 28.7354 2.92427
      vertex -25.904 3.18371 2.84508
    endloop
  endfacet
  facet normal 0.207944 0 0.978141
    outer loop
      vertex -25.904 3.18371 2.84508
      vertex -26.2765 28.7354 2.92427
      vertex -26.2765 2.98028 2.92427
    endloop
  endfacet
  facet normal -0.994519 0 -0.104556
    outer loop
      vertex -16.9184 -28.7354 10.7767
      vertex -16.9735 28.7354 11.3008
      vertex -16.9184 28.7354 10.7767
    endloop
  endfacet
  facet normal -0.994519 -0 -0.104556
    outer loop
      vertex -16.9735 28.7354 11.3008
      vertex -16.9184 -28.7354 10.7767
      vertex -16.9735 -28.7354 11.3008
    endloop
  endfacet
  facet normal 0.99939 0 -0.0349132
    outer loop
      vertex -31.9816 27.9027 10.7767
      vertex -32 -27.8839 10.25
      vertex -32 27.8839 10.25
    endloop
  endfacet
  facet normal 0.99939 0 -0.0349132
    outer loop
      vertex -32 -27.8839 10.25
      vertex -31.9816 27.9027 10.7767
      vertex -31.9816 -27.9027 10.7767
    endloop
  endfacet
  facet normal -0.927191 0 0.374588
    outer loop
      vertex -17.5527 -28.7354 7.17914
      vertex -17.3553 28.7354 7.66775
      vertex -17.5527 28.7354 7.17914
    endloop
  endfacet
  facet normal -0.927191 0 0.374588
    outer loop
      vertex -17.3553 28.7354 7.66775
      vertex -17.5527 -28.7354 7.17914
      vertex -17.3553 -28.7354 7.66775
    endloop
  endfacet
  facet normal -0.341933 0 0.939725
    outer loop
      vertex -21.8049 -2.29201 3.1831
      vertex -21.6217 -28.7354 3.24976
      vertex -21.6217 -2.04734 3.24976
    endloop
  endfacet
  facet normal -0.342076 -1.12387e-06 0.939672
    outer loop
      vertex -22.1169 -2.60406 3.06952
      vertex -21.6217 -28.7354 3.24976
      vertex -21.8049 -2.29201 3.1831
    endloop
  endfacet
  facet normal -0.342023 0 0.939691
    outer loop
      vertex -21.6217 -28.7354 3.24976
      vertex -22.1169 -2.60406 3.06952
      vertex -22.1169 -28.7354 3.06952
    endloop
  endfacet
  facet normal -0.341933 0 0.939725
    outer loop
      vertex -21.6217 28.7354 3.24976
      vertex -21.8049 2.29201 3.1831
      vertex -21.6217 2.04734 3.24976
    endloop
  endfacet
  facet normal -0.342023 0 0.939691
    outer loop
      vertex -22.1169 2.60406 3.06952
      vertex -21.6217 28.7354 3.24976
      vertex -22.1169 28.7354 3.06952
    endloop
  endfacet
  facet normal -0.342076 1.12387e-06 0.939672
    outer loop
      vertex -21.6217 28.7354 3.24976
      vertex -22.1169 2.60406 3.06952
      vertex -21.8049 2.29201 3.1831
    endloop
  endfacet
  facet normal 0.98481 -0 0.173633
    outer loop
      vertex -31.9265 -27.9673 9.19924
      vertex -31.835 28.0774 8.68027
      vertex -31.9265 27.9673 9.19924
    endloop
  endfacet
  facet normal 0.98481 0 0.173633
    outer loop
      vertex -31.835 28.0774 8.68027
      vertex -31.9265 -27.9673 9.19924
      vertex -31.835 -28.0774 8.68027
    endloop
  endfacet
  facet normal -0.984806 0 -0.173655
    outer loop
      vertex -16.9735 -28.7354 11.3008
      vertex -17.065 28.7354 11.8197
      vertex -16.9735 28.7354 11.3008
    endloop
  endfacet
  facet normal -0.984806 -0 -0.173655
    outer loop
      vertex -17.065 28.7354 11.8197
      vertex -16.9735 -28.7354 11.3008
      vertex -17.065 -28.7354 11.8197
    endloop
  endfacet
  facet normal 0.970377 0 -0.241597
    outer loop
      vertex -31.7926 28.1284 11.99
      vertex -31.835 -28.0774 11.8197
      vertex -31.835 28.0774 11.8197
    endloop
  endfacet
  facet normal 0.970377 0 -0.241597
    outer loop
      vertex -31.835 -28.0774 11.8197
      vertex -31.7926 28.1284 11.99
      vertex -31.7926 -28.1284 11.99
    endloop
  endfacet
  facet normal 0.984806 0 -0.173655
    outer loop
      vertex -31.835 28.0774 11.8197
      vertex -31.9265 -27.9673 11.3008
      vertex -31.9265 27.9673 11.3008
    endloop
  endfacet
  facet normal 0.984806 0 -0.173655
    outer loop
      vertex -31.9265 -27.9673 11.3008
      vertex -31.835 28.0774 11.8197
      vertex -31.835 -28.0774 11.8197
    endloop
  endfacet
  facet normal 0.994555 0 -0.104213
    outer loop
      vertex -31.9724 27.9121 10.8645
      vertex -31.9816 -27.9027 10.7767
      vertex -31.9816 27.9027 10.7767
    endloop
  endfacet
  facet normal 0.994512 0 -0.104625
    outer loop
      vertex -31.9724 -27.9121 10.8645
      vertex -31.9724 27.9121 10.8645
      vertex -31.9265 27.9673 11.3008
    endloop
  endfacet
  facet normal 0.994555 0 -0.104213
    outer loop
      vertex -31.9724 27.9121 10.8645
      vertex -31.9724 -27.9121 10.8645
      vertex -31.9816 -27.9027 10.7767
    endloop
  endfacet
  facet normal 0.994512 0 -0.104625
    outer loop
      vertex -31.9724 -27.9121 10.8645
      vertex -31.9265 27.9673 11.3008
      vertex -31.9265 -27.9673 11.3008
    endloop
  endfacet
  facet normal -0.89879 0 0.43838
    outer loop
      vertex -1.48375 -28.7354 6.70549
      vertex -1.25273 28.7354 7.17914
      vertex -1.48375 28.7354 6.70549
    endloop
  endfacet
  facet normal -0.89879 0 0.43838
    outer loop
      vertex -1.25273 28.7354 7.17914
      vertex -1.48375 -28.7354 6.70549
      vertex -1.25273 -28.7354 7.17914
    endloop
  endfacet
  facet normal -0.341998 0 0.939701
    outer loop
      vertex -5.50488 -2.29201 3.1831
      vertex -5.32172 -28.7354 3.24976
      vertex -5.32172 -2.04734 3.24976
    endloop
  endfacet
  facet normal -0.342038 -3.08352e-07 0.939686
    outer loop
      vertex -5.81692 -2.60406 3.06952
      vertex -5.32172 -28.7354 3.24976
      vertex -5.50488 -2.29201 3.1831
    endloop
  endfacet
  facet normal -0.342023 0 0.939691
    outer loop
      vertex -5.32172 -28.7354 3.24976
      vertex -5.81692 -2.60406 3.06952
      vertex -5.81692 -28.7354 3.06952
    endloop
  endfacet
  facet normal -0.341998 0 0.939701
    outer loop
      vertex -5.32172 28.7354 3.24976
      vertex -5.50488 2.29201 3.1831
      vertex -5.32172 2.04734 3.24976
    endloop
  endfacet
  facet normal -0.342023 0 0.939691
    outer loop
      vertex -5.81692 2.60406 3.06952
      vertex -5.32172 28.7354 3.24976
      vertex -5.81692 28.7354 3.06952
    endloop
  endfacet
  facet normal -0.342038 3.08352e-07 0.939686
    outer loop
      vertex -5.32172 28.7354 3.24976
      vertex -5.81692 2.60406 3.06952
      vertex -5.50488 2.29201 3.1831
    endloop
  endfacet
  facet normal 0.406794 -1.00934e-06 0.91352
    outer loop
      vertex -11.4597 -28.7354 3.4641
      vertex -10.9783 -2.04734 3.24976
      vertex -11.0944 -1.89224 3.30146
    endloop
  endfacet
  facet normal 0.406758 -4.11139e-07 0.913536
    outer loop
      vertex -11.4597 -28.7354 3.4641
      vertex -11.0944 -1.89224 3.30146
      vertex -11.3337 -1.45395 3.40801
    endloop
  endfacet
  facet normal 0.406683 -0 0.913569
    outer loop
      vertex -11.4597 -28.7354 3.4641
      vertex -11.3337 -1.45395 3.40801
      vertex -11.4597 -1.11616 3.4641
    endloop
  endfacet
  facet normal 0.406748 0 0.913541
    outer loop
      vertex -10.9783 -2.04734 3.24976
      vertex -11.4597 -28.7354 3.4641
      vertex -10.9783 -28.7354 3.24976
    endloop
  endfacet
  facet normal 0.406748 0 0.913541
    outer loop
      vertex -11.4597 28.7354 3.4641
      vertex -10.9783 2.04734 3.24976
      vertex -10.9783 28.7354 3.24976
    endloop
  endfacet
  facet normal 0.406794 1.00934e-06 0.91352
    outer loop
      vertex -10.9783 2.04734 3.24976
      vertex -11.4597 28.7354 3.4641
      vertex -11.0944 1.89224 3.30146
    endloop
  endfacet
  facet normal 0.406758 4.11139e-07 0.913536
    outer loop
      vertex -11.0944 1.89224 3.30146
      vertex -11.4597 28.7354 3.4641
      vertex -11.3337 1.45395 3.40801
    endloop
  endfacet
  facet normal 0.406683 0 0.913569
    outer loop
      vertex -11.3337 1.45395 3.40801
      vertex -11.4597 28.7354 3.4641
      vertex -11.4597 1.11616 3.4641
    endloop
  endfacet
  facet normal 0.898805 -0 0.438349
    outer loop
      vertex -15.0473 -28.7354 7.17914
      vertex -14.8163 28.7354 6.70549
      vertex -15.0473 28.7354 7.17914
    endloop
  endfacet
  facet normal 0.898805 0 0.438349
    outer loop
      vertex -14.8163 28.7354 6.70549
      vertex -15.0473 -28.7354 7.17914
      vertex -14.8163 -28.7354 6.70549
    endloop
  endfacet
  facet normal -0.994522 0 -0.104526
    outer loop
      vertex -0.618391 -28.7354 10.7767
      vertex -0.673475 28.7354 11.3008
      vertex -0.618391 28.7354 10.7767
    endloop
  endfacet
  facet normal -0.994522 -0 -0.104526
    outer loop
      vertex -0.673475 28.7354 11.3008
      vertex -0.618391 -28.7354 10.7767
      vertex -0.673475 -28.7354 11.3008
    endloop
  endfacet
  facet normal -0.0697735 0 0.997563
    outer loop
      vertex -7.6519 -3.46437 2.721
      vertex -7.36081 -28.7354 2.74136
      vertex -7.36081 -3.40105 2.74136
    endloop
  endfacet
  facet normal -0.0697331 4.67973e-07 0.997566
    outer loop
      vertex -7.88651 -3.48115 2.7046
      vertex -7.36081 -28.7354 2.74136
      vertex -7.6519 -3.46437 2.721
    endloop
  endfacet
  facet normal -0.0697555 0 0.997564
    outer loop
      vertex -7.36081 -28.7354 2.74136
      vertex -7.88651 -3.48115 2.7046
      vertex -7.88651 -28.7354 2.7046
    endloop
  endfacet
  facet normal -0.0697735 0 0.997563
    outer loop
      vertex -7.36081 28.7354 2.74136
      vertex -7.6519 3.46437 2.721
      vertex -7.36081 3.40105 2.74136
    endloop
  endfacet
  facet normal -0.0697555 0 0.997564
    outer loop
      vertex -7.88651 3.48115 2.7046
      vertex -7.36081 28.7354 2.74136
      vertex -7.88651 28.7354 2.7046
    endloop
  endfacet
  facet normal -0.0697331 -4.67973e-07 0.997566
    outer loop
      vertex -7.36081 28.7354 2.74136
      vertex -7.88651 3.48115 2.7046
      vertex -7.6519 3.46437 2.721
    endloop
  endfacet
  facet normal -0.529919 0 0.848048
    outer loop
      vertex -4.375 28.7354 3.71151
      vertex -3.92809 -28.7354 3.99077
      vertex -3.92809 28.7354 3.99077
    endloop
  endfacet
  facet normal -0.529919 0 0.848048
    outer loop
      vertex -3.92809 -28.7354 3.99077
      vertex -4.375 28.7354 3.71151
      vertex -4.375 -28.7354 3.71151
    endloop
  endfacet
  facet normal 0.74316 -0 0.669114
    outer loop
      vertex -13.9336 -28.7354 5.39695
      vertex -13.581 28.7354 5.00533
      vertex -13.9336 28.7354 5.39695
    endloop
  endfacet
  facet normal 0.74316 0 0.669114
    outer loop
      vertex -13.581 28.7354 5.00533
      vertex -13.9336 -28.7354 5.39695
      vertex -13.581 -28.7354 5.00533
    endloop
  endfacet
  facet normal 0.207935 -3.5431e-07 0.978143
    outer loop
      vertex -9.97651 -28.7354 2.92427
      vertex -9.46104 -3.23701 2.8147
      vertex -9.60395 -3.18371 2.84508
    endloop
  endfacet
  facet normal 0.207912 -0 0.978148
    outer loop
      vertex -9.97651 -28.7354 2.92427
      vertex -9.60395 -3.18371 2.84508
      vertex -9.97651 -2.98028 2.92427
    endloop
  endfacet
  facet normal 0.207918 0 0.978146
    outer loop
      vertex -9.46104 -3.23701 2.8147
      vertex -9.97651 -28.7354 2.92427
      vertex -9.46104 -28.7354 2.8147
    endloop
  endfacet
  facet normal 0.207918 0 0.978146
    outer loop
      vertex -9.97651 28.7354 2.92427
      vertex -9.46104 3.23701 2.8147
      vertex -9.46104 28.7354 2.8147
    endloop
  endfacet
  facet normal 0.207935 3.5431e-07 0.978143
    outer loop
      vertex -9.46104 3.23701 2.8147
      vertex -9.97651 28.7354 2.92427
      vertex -9.60395 3.18371 2.84508
    endloop
  endfacet
  facet normal 0.207912 0 0.978148
    outer loop
      vertex -9.60395 3.18371 2.84508
      vertex -9.97651 28.7354 2.92427
      vertex -9.97651 2.98028 2.92427
    endloop
  endfacet
  facet normal -0.951057 0 0.309016
    outer loop
      vertex -1.05532 -28.7354 7.66775
      vertex -0.892474 28.7354 8.16894
      vertex -1.05532 28.7354 7.66775
    endloop
  endfacet
  facet normal -0.951057 0 0.309016
    outer loop
      vertex -0.892474 28.7354 8.16894
      vertex -1.05532 -28.7354 7.66775
      vertex -0.892474 -28.7354 8.16894
    endloop
  endfacet
  facet normal -0.829043 0 0.559185
    outer loop
      vertex -2.04192 -28.7354 5.81222
      vertex -1.74724 28.7354 6.24911
      vertex -2.04192 28.7354 5.81222
    endloop
  endfacet
  facet normal -0.829043 0 0.559185
    outer loop
      vertex -1.74724 28.7354 6.24911
      vertex -2.04192 -28.7354 5.81222
      vertex -1.74724 -28.7354 6.24911
    endloop
  endfacet
  facet normal -0.743141 0 0.669135
    outer loop
      vertex -2.71898 -28.7354 5.00533
      vertex -2.36636 28.7354 5.39695
      vertex -2.71898 28.7354 5.00533
    endloop
  endfacet
  facet normal -0.743141 0 0.669135
    outer loop
      vertex -2.36636 28.7354 5.39695
      vertex -2.71898 -28.7354 5.00533
      vertex -2.36636 -28.7354 5.39695
    endloop
  endfacet
  facet normal -0 0 1
    outer loop
      vertex -8.15 -3.5 2.7046
      vertex -7.88651 -28.7354 2.7046
      vertex -7.88651 -3.48115 2.7046
    endloop
  endfacet
  facet normal 0 0 1
    outer loop
      vertex -8.41349 -28.7354 2.7046
      vertex -8.15 -3.5 2.7046
      vertex -8.41349 -3.48115 2.7046
    endloop
  endfacet
  facet normal 0 0 1
    outer loop
      vertex -8.15 -3.5 2.7046
      vertex -8.41349 -28.7354 2.7046
      vertex -7.88651 -28.7354 2.7046
    endloop
  endfacet
  facet normal 0 0 1
    outer loop
      vertex -7.88651 28.7354 2.7046
      vertex -8.15 3.5 2.7046
      vertex -7.88651 3.48115 2.7046
    endloop
  endfacet
  facet normal -0 0 1
    outer loop
      vertex -8.41349 28.7354 2.7046
      vertex -8.15 3.5 2.7046
      vertex -7.88651 28.7354 2.7046
    endloop
  endfacet
  facet normal 0 0 1
    outer loop
      vertex -8.15 3.5 2.7046
      vertex -8.41349 28.7354 2.7046
      vertex -8.41349 3.48115 2.7046
    endloop
  endfacet
  facet normal -0.275494 0 0.961303
    outer loop
      vertex -5.85799 -2.64512 3.05775
      vertex -5.81692 -28.7354 3.06952
      vertex -5.81692 -2.60406 3.06952
    endloop
  endfacet
  facet normal -0.275632 -2.35768e-07 0.961263
    outer loop
      vertex -6.25776 -2.94439 2.94312
      vertex -5.81692 -28.7354 3.06952
      vertex -5.85799 -2.64512 3.05775
    endloop
  endfacet
  facet normal -0.275667 -8.77511e-07 0.961253
    outer loop
      vertex -6.32349 -2.98028 2.92427
      vertex -5.81692 -28.7354 3.06952
      vertex -6.25776 -2.94439 2.94312
    endloop
  endfacet
  facet normal -0.275626 0 0.961265
    outer loop
      vertex -5.81692 -28.7354 3.06952
      vertex -6.32349 -2.98028 2.92427
      vertex -6.32349 -28.7354 2.92427
    endloop
  endfacet
  facet normal -0.275494 0 0.961303
    outer loop
      vertex -5.81692 28.7354 3.06952
      vertex -5.85799 2.64512 3.05775
      vertex -5.81692 2.60406 3.06952
    endloop
  endfacet
  facet normal -0.275632 2.35768e-07 0.961263
    outer loop
      vertex -5.81692 28.7354 3.06952
      vertex -6.25776 2.94439 2.94312
      vertex -5.85799 2.64512 3.05775
    endloop
  endfacet
  facet normal -0.275626 0 0.961265
    outer loop
      vertex -6.32349 2.98028 2.92427
      vertex -5.81692 28.7354 3.06952
      vertex -6.32349 28.7354 2.92427
    endloop
  endfacet
  facet normal -0.275667 8.77511e-07 0.961253
    outer loop
      vertex -5.81692 28.7354 3.06952
      vertex -6.32349 2.98028 2.92427
      vertex -6.25776 2.94439 2.94312
    endloop
  endfacet
  facet normal -0.139164 0 0.990269
    outer loop
      vertex -7.16394 -3.35822 2.76903
      vertex -6.83896 -28.7354 2.8147
      vertex -6.83896 -3.23701 2.8147
    endloop
  endfacet
  facet normal -0.139182 -2.26065e-07 0.990267
    outer loop
      vertex -7.36081 -3.40105 2.74136
      vertex -6.83896 -28.7354 2.8147
      vertex -7.16394 -3.35822 2.76903
    endloop
  endfacet
  facet normal -0.139171 0 0.990268
    outer loop
      vertex -6.83896 -28.7354 2.8147
      vertex -7.36081 -3.40105 2.74136
      vertex -7.36081 -28.7354 2.74136
    endloop
  endfacet
  facet normal -0.139164 0 0.990269
    outer loop
      vertex -6.83896 28.7354 2.8147
      vertex -7.16394 3.35822 2.76903
      vertex -6.83896 3.23701 2.8147
    endloop
  endfacet
  facet normal -0.139171 0 0.990268
    outer loop
      vertex -7.36081 3.40105 2.74136
      vertex -6.83896 28.7354 2.8147
      vertex -7.36081 28.7354 2.74136
    endloop
  endfacet
  facet normal -0.139182 2.26065e-07 0.990267
    outer loop
      vertex -6.83896 28.7354 2.8147
      vertex -7.36081 3.40105 2.74136
      vertex -7.16394 3.35822 2.76903
    endloop
  endfacet
  facet normal -0.587789 0 0.809014
    outer loop
      vertex -3.92809 28.7354 3.99077
      vertex -3.50176 -28.7354 4.30052
      vertex -3.50176 28.7354 4.30052
    endloop
  endfacet
  facet normal -0.587789 0 0.809014
    outer loop
      vertex -3.50176 -28.7354 4.30052
      vertex -3.92809 28.7354 3.99077
      vertex -3.92809 -28.7354 3.99077
    endloop
  endfacet
  facet normal -0.469471 0 0.882948
    outer loop
      vertex -4.375 28.7354 3.71151
      vertex -4.65 0 3.56529
      vertex -4.375 -28.7354 3.71151
    endloop
  endfacet
  facet normal -0.46948 1.09252e-07 0.882943
    outer loop
      vertex -4.375 28.7354 3.71151
      vertex -4.68562 0.498101 3.54635
      vertex -4.65 0 3.56529
    endloop
  endfacet
  facet normal -0.469466 -9.56706e-08 0.882951
    outer loop
      vertex -4.375 28.7354 3.71151
      vertex -4.79177 0.986063 3.48991
      vertex -4.68562 0.498101 3.54635
    endloop
  endfacet
  facet normal -0.46948 0 0.882943
    outer loop
      vertex -4.8403 1.11616 3.4641
      vertex -4.375 28.7354 3.71151
      vertex -4.8403 28.7354 3.4641
    endloop
  endfacet
  facet normal -0.469555 1.62962e-06 0.882903
    outer loop
      vertex -4.375 28.7354 3.71151
      vertex -4.8403 1.11616 3.4641
      vertex -4.79177 0.986063 3.48991
    endloop
  endfacet
  facet normal -0.46948 -1.09252e-07 0.882943
    outer loop
      vertex -4.68562 -0.498101 3.54635
      vertex -4.375 -28.7354 3.71151
      vertex -4.65 0 3.56529
    endloop
  endfacet
  facet normal -0.469466 9.56706e-08 0.882951
    outer loop
      vertex -4.79177 -0.986063 3.48991
      vertex -4.375 -28.7354 3.71151
      vertex -4.68562 -0.498101 3.54635
    endloop
  endfacet
  facet normal -0.469555 -1.62962e-06 0.882903
    outer loop
      vertex -4.8403 -1.11616 3.4641
      vertex -4.375 -28.7354 3.71151
      vertex -4.79177 -0.986063 3.48991
    endloop
  endfacet
  facet normal -0.46948 0 0.882943
    outer loop
      vertex -4.375 -28.7354 3.71151
      vertex -4.8403 -1.11616 3.4641
      vertex -4.8403 -28.7354 3.4641
    endloop
  endfacet
  facet normal 0.99939 -0 0.0349158
    outer loop
      vertex -15.7 -28.7354 10.25
      vertex -15.6816 28.7354 9.72334
      vertex -15.7 28.7354 10.25
    endloop
  endfacet
  facet normal 0.99939 0 0.0349158
    outer loop
      vertex -15.6816 28.7354 9.72334
      vertex -15.7 -28.7354 10.25
      vertex -15.6816 -28.7354 9.72334
    endloop
  endfacet
  facet normal 0.927191 -0 0.374588
    outer loop
      vertex -15.2447 -28.7354 7.66775
      vertex -15.0473 28.7354 7.17914
      vertex -15.2447 28.7354 7.66775
    endloop
  endfacet
  facet normal 0.927191 0 0.374588
    outer loop
      vertex -15.0473 28.7354 7.17914
      vertex -15.2447 -28.7354 7.66775
      vertex -15.0473 -28.7354 7.17914
    endloop
  endfacet
  facet normal 0.970291 -0 0.241942
    outer loop
      vertex -15.535 -28.7354 8.68027
      vertex -15.4075 28.7354 8.16894
      vertex -15.535 28.7354 8.68027
    endloop
  endfacet
  facet normal 0.970291 0 0.241942
    outer loop
      vertex -15.4075 28.7354 8.16894
      vertex -15.535 -28.7354 8.68027
      vertex -15.4075 -28.7354 8.16894
    endloop
  endfacet
  facet normal 0.866018 -0 0.500013
    outer loop
      vertex -14.8163 -28.7354 6.70549
      vertex -14.5528 28.7354 6.24911
      vertex -14.8163 28.7354 6.70549
    endloop
  endfacet
  facet normal 0.866018 0 0.500013
    outer loop
      vertex -14.5528 28.7354 6.24911
      vertex -14.8163 -28.7354 6.70549
      vertex -14.5528 -28.7354 6.24911
    endloop
  endfacet
  facet normal 0.829025 -0 0.559211
    outer loop
      vertex -14.5528 -28.7354 6.24911
      vertex -14.2581 28.7354 5.81222
      vertex -14.5528 28.7354 6.24911
    endloop
  endfacet
  facet normal 0.829025 0 0.559211
    outer loop
      vertex -14.2581 28.7354 5.81222
      vertex -14.5528 -28.7354 6.24911
      vertex -14.2581 -28.7354 5.81222
    endloop
  endfacet
  facet normal 0.27582 -4.35571e-06 0.961209
    outer loop
      vertex -10.4831 -28.7354 3.06952
      vertex -9.97651 -2.98028 2.92427
      vertex -10.0422 -2.94439 2.94312
    endloop
  endfacet
  facet normal 0.275613 -5.19792e-07 0.961269
    outer loop
      vertex -10.4831 -28.7354 3.06952
      vertex -10.0422 -2.94439 2.94312
      vertex -10.442 -2.64512 3.05775
    endloop
  endfacet
  facet normal 0.275308 -0 0.961356
    outer loop
      vertex -10.4831 -28.7354 3.06952
      vertex -10.442 -2.64512 3.05775
      vertex -10.4831 -2.60406 3.06952
    endloop
  endfacet
  facet normal 0.275616 0 0.961268
    outer loop
      vertex -9.97651 -2.98028 2.92427
      vertex -10.4831 -28.7354 3.06952
      vertex -9.97651 -28.7354 2.92427
    endloop
  endfacet
  facet normal 0.275616 0 0.961268
    outer loop
      vertex -10.4831 28.7354 3.06952
      vertex -9.97651 2.98028 2.92427
      vertex -9.97651 28.7354 2.92427
    endloop
  endfacet
  facet normal 0.27582 4.35571e-06 0.961209
    outer loop
      vertex -9.97651 2.98028 2.92427
      vertex -10.4831 28.7354 3.06952
      vertex -10.0422 2.94439 2.94312
    endloop
  endfacet
  facet normal 0.275613 5.19792e-07 0.961269
    outer loop
      vertex -10.0422 2.94439 2.94312
      vertex -10.4831 28.7354 3.06952
      vertex -10.442 2.64512 3.05775
    endloop
  endfacet
  facet normal 0.275308 0 0.961356
    outer loop
      vertex -10.442 2.64512 3.05775
      vertex -10.4831 28.7354 3.06952
      vertex -10.4831 2.60406 3.06952
    endloop
  endfacet
  facet normal 0.0697331 4.67973e-07 0.997566
    outer loop
      vertex -8.93919 -28.7354 2.74136
      vertex -8.41349 -3.48115 2.7046
      vertex -8.6481 -3.46437 2.721
    endloop
  endfacet
  facet normal 0.0697735 -0 0.997563
    outer loop
      vertex -8.93919 -28.7354 2.74136
      vertex -8.6481 -3.46437 2.721
      vertex -8.93919 -3.40105 2.74136
    endloop
  endfacet
  facet normal 0.0697555 0 0.997564
    outer loop
      vertex -8.41349 -3.48115 2.7046
      vertex -8.93919 -28.7354 2.74136
      vertex -8.41349 -28.7354 2.7046
    endloop
  endfacet
  facet normal 0.0697555 0 0.997564
    outer loop
      vertex -8.93919 28.7354 2.74136
      vertex -8.41349 3.48115 2.7046
      vertex -8.41349 28.7354 2.7046
    endloop
  endfacet
  facet normal 0.0697331 -4.67973e-07 0.997566
    outer loop
      vertex -8.41349 3.48115 2.7046
      vertex -8.93919 28.7354 2.74136
      vertex -8.6481 3.46437 2.721
    endloop
  endfacet
  facet normal 0.0697735 0 0.997563
    outer loop
      vertex -8.6481 3.46437 2.721
      vertex -8.93919 28.7354 2.74136
      vertex -8.93919 3.40105 2.74136
    endloop
  endfacet
  facet normal 0.529927 0 0.848043
    outer loop
      vertex -12.3719 28.7354 3.99077
      vertex -11.925 -28.7354 3.71151
      vertex -11.925 28.7354 3.71151
    endloop
  endfacet
  facet normal 0.529927 0 0.848043
    outer loop
      vertex -11.925 -28.7354 3.71151
      vertex -12.3719 28.7354 3.99077
      vertex -12.3719 -28.7354 3.99077
    endloop
  endfacet
  facet normal 0.587816 0 0.808995
    outer loop
      vertex -12.7982 28.7354 4.30052
      vertex -12.3719 -28.7354 3.99077
      vertex -12.3719 28.7354 3.99077
    endloop
  endfacet
  facet normal 0.587816 0 0.808995
    outer loop
      vertex -12.3719 -28.7354 3.99077
      vertex -12.7982 28.7354 4.30052
      vertex -12.7982 -28.7354 4.30052
    endloop
  endfacet
  facet normal 0.46948 0 0.882943
    outer loop
      vertex -11.925 28.7354 3.71151
      vertex -11.4597 1.11616 3.4641
      vertex -11.4597 28.7354 3.4641
    endloop
  endfacet
  facet normal 0.469636 3.37678e-06 0.88286
    outer loop
      vertex -11.4597 1.11616 3.4641
      vertex -11.925 28.7354 3.71151
      vertex -11.5082 0.986063 3.4899
    endloop
  endfacet
  facet normal 0.469365 -1.85606e-06 0.883005
    outer loop
      vertex -11.5082 0.986063 3.4899
      vertex -11.925 28.7354 3.71151
      vertex -11.6144 0.498101 3.54635
    endloop
  endfacet
  facet normal 0.469662 2.33506e-06 0.882847
    outer loop
      vertex -11.6144 0.498101 3.54635
      vertex -11.925 28.7354 3.71151
      vertex -11.65 0 3.56529
    endloop
  endfacet
  facet normal 0.469636 -3.37678e-06 0.88286
    outer loop
      vertex -11.925 -28.7354 3.71151
      vertex -11.4597 -1.11616 3.4641
      vertex -11.5082 -0.986063 3.4899
    endloop
  endfacet
  facet normal 0.469365 1.85606e-06 0.883005
    outer loop
      vertex -11.925 -28.7354 3.71151
      vertex -11.5082 -0.986063 3.4899
      vertex -11.6144 -0.498101 3.54635
    endloop
  endfacet
  facet normal 0.469662 -2.33506e-06 0.882847
    outer loop
      vertex -11.925 -28.7354 3.71151
      vertex -11.6144 -0.498101 3.54635
      vertex -11.65 0 3.56529
    endloop
  endfacet
  facet normal 0.469471 -0 0.882948
    outer loop
      vertex -11.925 -28.7354 3.71151
      vertex -11.65 0 3.56529
      vertex -11.925 28.7354 3.71151
    endloop
  endfacet
  facet normal 0.46948 0 0.882943
    outer loop
      vertex -11.4597 -1.11616 3.4641
      vertex -11.925 -28.7354 3.71151
      vertex -11.4597 -28.7354 3.4641
    endloop
  endfacet
  facet normal -0.999391 0 0.0349007
    outer loop
      vertex -0.618391 -28.7354 9.72334
      vertex -0.599999 28.7354 10.25
      vertex -0.618391 28.7354 9.72334
    endloop
  endfacet
  facet normal -0.999391 0 0.0349007
    outer loop
      vertex -0.599999 28.7354 10.25
      vertex -0.618391 -28.7354 9.72334
      vertex -0.599999 -28.7354 10.25
    endloop
  endfacet
  facet normal 0.970377 0 -0.241597
    outer loop
      vertex -15.4926 -28.7354 11.99
      vertex -15.535 28.7354 11.8197
      vertex -15.4926 28.7354 11.99
    endloop
  endfacet
  facet normal 0.970377 0 -0.241597
    outer loop
      vertex -15.535 28.7354 11.8197
      vertex -15.4926 -28.7354 11.99
      vertex -15.535 -28.7354 11.8197
    endloop
  endfacet
  facet normal -0.927185 0 0.374605
    outer loop
      vertex -1.25273 -28.7354 7.17914
      vertex -1.05532 28.7354 7.66775
      vertex -1.25273 28.7354 7.17914
    endloop
  endfacet
  facet normal -0.927185 0 0.374605
    outer loop
      vertex -1.05532 28.7354 7.66775
      vertex -1.25273 -28.7354 7.17914
      vertex -1.05532 -28.7354 7.66775
    endloop
  endfacet
  facet normal -0.984807 0 0.173651
    outer loop
      vertex -0.764985 -28.7354 8.68027
      vertex -0.673475 28.7354 9.19924
      vertex -0.764985 28.7354 8.68027
    endloop
  endfacet
  facet normal -0.984807 0 0.173651
    outer loop
      vertex -0.673475 28.7354 9.19924
      vertex -0.764985 -28.7354 8.68027
      vertex -0.673475 -28.7354 9.19924
    endloop
  endfacet
  facet normal -0.866026 0 0.499998
    outer loop
      vertex -1.74724 -28.7354 6.24911
      vertex -1.48375 28.7354 6.70549
      vertex -1.74724 28.7354 6.24911
    endloop
  endfacet
  facet normal -0.866026 0 0.499998
    outer loop
      vertex -1.48375 28.7354 6.70549
      vertex -1.74724 -28.7354 6.24911
      vertex -1.48375 -28.7354 6.70549
    endloop
  endfacet
  facet normal -0.694655 0 0.719343
    outer loop
      vertex -3.09806 28.7354 4.63926
      vertex -2.71898 -28.7354 5.00533
      vertex -2.71898 28.7354 5.00533
    endloop
  endfacet
  facet normal -0.694655 0 0.719343
    outer loop
      vertex -2.71898 -28.7354 5.00533
      vertex -3.09806 28.7354 4.63926
      vertex -3.09806 -28.7354 4.63926
    endloop
  endfacet
  facet normal -0.788015 0 0.615656
    outer loop
      vertex -2.36636 -28.7354 5.39695
      vertex -2.04192 28.7354 5.81222
      vertex -2.36636 28.7354 5.39695
    endloop
  endfacet
  facet normal -0.788015 0 0.615656
    outer loop
      vertex -2.04192 28.7354 5.81222
      vertex -2.36636 -28.7354 5.39695
      vertex -2.04192 -28.7354 5.81222
    endloop
  endfacet
  facet normal -0.207912 0 0.978148
    outer loop
      vertex -6.69605 -3.18371 2.84508
      vertex -6.32349 -28.7354 2.92427
      vertex -6.32349 -2.98028 2.92427
    endloop
  endfacet
  facet normal -0.207935 -3.5431e-07 0.978143
    outer loop
      vertex -6.83896 -3.23701 2.8147
      vertex -6.32349 -28.7354 2.92427
      vertex -6.69605 -3.18371 2.84508
    endloop
  endfacet
  facet normal -0.207918 0 0.978146
    outer loop
      vertex -6.32349 -28.7354 2.92427
      vertex -6.83896 -3.23701 2.8147
      vertex -6.83896 -28.7354 2.8147
    endloop
  endfacet
  facet normal -0.207912 0 0.978148
    outer loop
      vertex -6.32349 28.7354 2.92427
      vertex -6.69605 3.18371 2.84508
      vertex -6.32349 2.98028 2.92427
    endloop
  endfacet
  facet normal -0.207918 0 0.978146
    outer loop
      vertex -6.83896 3.23701 2.8147
      vertex -6.32349 28.7354 2.92427
      vertex -6.83896 28.7354 2.8147
    endloop
  endfacet
  facet normal -0.207935 3.5431e-07 0.978143
    outer loop
      vertex -6.32349 28.7354 2.92427
      vertex -6.83896 3.23701 2.8147
      vertex -6.69605 3.18371 2.84508
    endloop
  endfacet
  facet normal -0.40671 0 0.913557
    outer loop
      vertex -4.96629 -1.45395 3.40801
      vertex -4.8403 -28.7354 3.4641
      vertex -4.8403 -1.11616 3.4641
    endloop
  endfacet
  facet normal -0.40673 -1.07627e-07 0.913549
    outer loop
      vertex -5.20561 -1.89224 3.30146
      vertex -4.8403 -28.7354 3.4641
      vertex -4.96629 -1.45395 3.40801
    endloop
  endfacet
  facet normal -0.406765 -6.8991e-07 0.913533
    outer loop
      vertex -5.32172 -2.04734 3.24976
      vertex -4.8403 -28.7354 3.4641
      vertex -5.20561 -1.89224 3.30146
    endloop
  endfacet
  facet normal -0.406733 0 0.913547
    outer loop
      vertex -4.8403 -28.7354 3.4641
      vertex -5.32172 -2.04734 3.24976
      vertex -5.32172 -28.7354 3.24976
    endloop
  endfacet
  facet normal -0.40671 0 0.913557
    outer loop
      vertex -4.8403 28.7354 3.4641
      vertex -4.96629 1.45395 3.40801
      vertex -4.8403 1.11616 3.4641
    endloop
  endfacet
  facet normal -0.40673 1.07627e-07 0.913549
    outer loop
      vertex -4.8403 28.7354 3.4641
      vertex -5.20561 1.89224 3.30146
      vertex -4.96629 1.45395 3.40801
    endloop
  endfacet
  facet normal -0.406733 0 0.913547
    outer loop
      vertex -5.32172 2.04734 3.24976
      vertex -4.8403 28.7354 3.4641
      vertex -5.32172 28.7354 3.24976
    endloop
  endfacet
  facet normal -0.406765 6.8991e-07 0.913533
    outer loop
      vertex -4.8403 28.7354 3.4641
      vertex -5.32172 2.04734 3.24976
      vertex -5.20561 1.89224 3.30146
    endloop
  endfacet
  facet normal -0.642783 0 0.766049
    outer loop
      vertex -3.50176 28.7354 4.30052
      vertex -3.09806 -28.7354 4.63926
      vertex -3.09806 28.7354 4.63926
    endloop
  endfacet
  facet normal -0.642783 0 0.766049
    outer loop
      vertex -3.09806 -28.7354 4.63926
      vertex -3.50176 28.7354 4.30052
      vertex -3.50176 -28.7354 4.30052
    endloop
  endfacet
  facet normal 0.98481 -0 0.173633
    outer loop
      vertex -15.6265 -28.7354 9.19924
      vertex -15.535 28.7354 8.68027
      vertex -15.6265 28.7354 9.19924
    endloop
  endfacet
  facet normal 0.98481 0 0.173633
    outer loop
      vertex -15.535 28.7354 8.68027
      vertex -15.6265 -28.7354 9.19924
      vertex -15.535 -28.7354 8.68027
    endloop
  endfacet
  facet normal 0.994519 -0 0.104556
    outer loop
      vertex -15.6816 -28.7354 9.72334
      vertex -15.6265 28.7354 9.19924
      vertex -15.6816 28.7354 9.72334
    endloop
  endfacet
  facet normal 0.994519 0 0.104556
    outer loop
      vertex -15.6265 28.7354 9.19924
      vertex -15.6816 -28.7354 9.72334
      vertex -15.6265 -28.7354 9.19924
    endloop
  endfacet
  facet normal 0.951082 -0 0.308937
    outer loop
      vertex -15.4075 -28.7354 8.16894
      vertex -15.2447 28.7354 7.66775
      vertex -15.4075 28.7354 8.16894
    endloop
  endfacet
  facet normal 0.951082 0 0.308937
    outer loop
      vertex -15.2447 28.7354 7.66775
      vertex -15.4075 -28.7354 8.16894
      vertex -15.2447 -28.7354 7.66775
    endloop
  endfacet
  facet normal 0.78796 -0 0.615727
    outer loop
      vertex -14.2581 -28.7354 5.81222
      vertex -13.9336 28.7354 5.39695
      vertex -14.2581 28.7354 5.81222
    endloop
  endfacet
  facet normal 0.78796 0 0.615727
    outer loop
      vertex -13.9336 28.7354 5.39695
      vertex -14.2581 -28.7354 5.81222
      vertex -13.9336 -28.7354 5.39695
    endloop
  endfacet
  facet normal 0.342076 -1.12387e-06 0.939672
    outer loop
      vertex -10.9783 -28.7354 3.24976
      vertex -10.4831 -2.60406 3.06952
      vertex -10.7951 -2.29201 3.1831
    endloop
  endfacet
  facet normal 0.341933 -0 0.939725
    outer loop
      vertex -10.9783 -28.7354 3.24976
      vertex -10.7951 -2.29201 3.1831
      vertex -10.9783 -2.04734 3.24976
    endloop
  endfacet
  facet normal 0.342023 0 0.939691
    outer loop
      vertex -10.4831 -2.60406 3.06952
      vertex -10.9783 -28.7354 3.24976
      vertex -10.4831 -28.7354 3.06952
    endloop
  endfacet
  facet normal 0.342023 0 0.939691
    outer loop
      vertex -10.9783 28.7354 3.24976
      vertex -10.4831 2.60406 3.06952
      vertex -10.4831 28.7354 3.06952
    endloop
  endfacet
  facet normal 0.342076 1.12387e-06 0.939672
    outer loop
      vertex -10.4831 2.60406 3.06952
      vertex -10.9783 28.7354 3.24976
      vertex -10.7951 2.29201 3.1831
    endloop
  endfacet
  facet normal 0.341933 0 0.939725
    outer loop
      vertex -10.7951 2.29201 3.1831
      vertex -10.9783 28.7354 3.24976
      vertex -10.9783 2.04734 3.24976
    endloop
  endfacet
  facet normal 0.139182 -2.26065e-07 0.990267
    outer loop
      vertex -9.46104 -28.7354 2.8147
      vertex -8.93919 -3.40105 2.74136
      vertex -9.13606 -3.35822 2.76903
    endloop
  endfacet
  facet normal 0.139164 -0 0.990269
    outer loop
      vertex -9.46104 -28.7354 2.8147
      vertex -9.13606 -3.35822 2.76903
      vertex -9.46104 -3.23701 2.8147
    endloop
  endfacet
  facet normal 0.139171 0 0.990268
    outer loop
      vertex -8.93919 -3.40105 2.74136
      vertex -9.46104 -28.7354 2.8147
      vertex -8.93919 -28.7354 2.74136
    endloop
  endfacet
  facet normal 0.139171 0 0.990268
    outer loop
      vertex -9.46104 28.7354 2.8147
      vertex -8.93919 3.40105 2.74136
      vertex -8.93919 28.7354 2.74136
    endloop
  endfacet
  facet normal 0.139182 2.26065e-07 0.990267
    outer loop
      vertex -8.93919 3.40105 2.74136
      vertex -9.46104 28.7354 2.8147
      vertex -9.13606 3.35822 2.76903
    endloop
  endfacet
  facet normal 0.139164 0 0.990269
    outer loop
      vertex -9.13606 3.35822 2.76903
      vertex -9.46104 28.7354 2.8147
      vertex -9.46104 3.23701 2.8147
    endloop
  endfacet
  facet normal 0.642783 0 0.766049
    outer loop
      vertex -13.2019 28.7354 4.63926
      vertex -12.7982 -28.7354 4.30052
      vertex -12.7982 28.7354 4.30052
    endloop
  endfacet
  facet normal 0.642783 0 0.766049
    outer loop
      vertex -12.7982 -28.7354 4.30052
      vertex -13.2019 28.7354 4.63926
      vertex -13.2019 -28.7354 4.63926
    endloop
  endfacet
  facet normal 0.694636 0 0.719361
    outer loop
      vertex -13.581 28.7354 5.00533
      vertex -13.2019 -28.7354 4.63926
      vertex -13.2019 28.7354 4.63926
    endloop
  endfacet
  facet normal 0.694636 0 0.719361
    outer loop
      vertex -13.2019 -28.7354 4.63926
      vertex -13.581 28.7354 5.00533
      vertex -13.581 -28.7354 5.00533
    endloop
  endfacet
  facet normal -0.999391 0 -0.034898
    outer loop
      vertex -0.599999 -28.7354 10.25
      vertex -0.618391 28.7354 10.7767
      vertex -0.599999 28.7354 10.25
    endloop
  endfacet
  facet normal -0.999391 -0 -0.034898
    outer loop
      vertex -0.618391 28.7354 10.7767
      vertex -0.599999 -28.7354 10.25
      vertex -0.618391 -28.7354 10.7767
    endloop
  endfacet
  facet normal -0.984803 0 -0.173674
    outer loop
      vertex -0.673475 -28.7354 11.3008
      vertex -0.764985 28.7354 11.8197
      vertex -0.673475 28.7354 11.3008
    endloop
  endfacet
  facet normal -0.984803 -0 -0.173674
    outer loop
      vertex -0.764985 28.7354 11.8197
      vertex -0.673475 -28.7354 11.3008
      vertex -0.764985 -28.7354 11.8197
    endloop
  endfacet
  facet normal -0.970296 0 0.241922
    outer loop
      vertex -0.892474 -28.7354 8.16894
      vertex -0.764985 28.7354 8.68027
      vertex -0.892474 28.7354 8.16894
    endloop
  endfacet
  facet normal -0.970296 0 0.241922
    outer loop
      vertex -0.764985 28.7354 8.68027
      vertex -0.892474 -28.7354 8.16894
      vertex -0.764985 -28.7354 8.68027
    endloop
  endfacet
  facet normal -0.994522 0 0.104526
    outer loop
      vertex -0.673475 -28.7354 9.19924
      vertex -0.618391 28.7354 9.72334
      vertex -0.673475 28.7354 9.19924
    endloop
  endfacet
  facet normal -0.994522 0 0.104526
    outer loop
      vertex -0.618391 28.7354 9.72334
      vertex -0.673475 -28.7354 9.19924
      vertex -0.618391 -28.7354 9.72334
    endloop
  endfacet
  facet normal 0.984806 0 -0.173655
    outer loop
      vertex -15.535 -28.7354 11.8197
      vertex -15.6265 28.7354 11.3008
      vertex -15.535 28.7354 11.8197
    endloop
  endfacet
  facet normal 0.984806 0 -0.173655
    outer loop
      vertex -15.6265 28.7354 11.3008
      vertex -15.535 -28.7354 11.8197
      vertex -15.6265 -28.7354 11.3008
    endloop
  endfacet
  facet normal 0.994519 0 -0.104556
    outer loop
      vertex -15.6265 -28.7354 11.3008
      vertex -15.6816 28.7354 10.7767
      vertex -15.6265 28.7354 11.3008
    endloop
  endfacet
  facet normal 0.994519 0 -0.104556
    outer loop
      vertex -15.6816 28.7354 10.7767
      vertex -15.6265 -28.7354 11.3008
      vertex -15.6816 -28.7354 10.7767
    endloop
  endfacet
  facet normal 0.99939 0 -0.0349132
    outer loop
      vertex -15.6816 -28.7354 10.7767
      vertex -15.7 28.7354 10.25
      vertex -15.6816 28.7354 10.7767
    endloop
  endfacet
  facet normal 0.99939 0 -0.0349132
    outer loop
      vertex -15.7 28.7354 10.25
      vertex -15.6816 -28.7354 10.7767
      vertex -15.7 -28.7354 10.25
    endloop
  endfacet
  facet normal -0.970306 0 -0.241881
    outer loop
      vertex -0.764985 -28.7354 11.8197
      vertex -0.807438 28.7354 11.99
      vertex -0.764985 28.7354 11.8197
    endloop
  endfacet
  facet normal -0.970306 -0 -0.241881
    outer loop
      vertex -0.807438 28.7354 11.99
      vertex -0.764985 -28.7354 11.8197
      vertex -0.807438 -28.7354 11.99
    endloop
  endfacet
  facet normal -0.99939 0 0.0349158
    outer loop
      vertex 15.6816 -28.7354 9.72334
      vertex 15.7 28.7354 10.25
      vertex 15.6816 28.7354 9.72334
    endloop
  endfacet
  facet normal -0.99939 0 0.0349158
    outer loop
      vertex 15.7 28.7354 10.25
      vertex 15.6816 -28.7354 9.72334
      vertex 15.7 -28.7354 10.25
    endloop
  endfacet
  facet normal 0.999391 -0 0.0349007
    outer loop
      vertex 0.599999 -28.7354 10.25
      vertex 0.618391 28.7354 9.72334
      vertex 0.599999 28.7354 10.25
    endloop
  endfacet
  facet normal 0.999391 0 0.0349007
    outer loop
      vertex 0.618391 28.7354 9.72334
      vertex 0.599999 -28.7354 10.25
      vertex 0.618391 -28.7354 9.72334
    endloop
  endfacet
  facet normal -0 0 1
    outer loop
      vertex 8.15 -3.5 2.7046
      vertex 8.41349 -28.7354 2.7046
      vertex 8.41349 -3.48115 2.7046
    endloop
  endfacet
  facet normal 0 0 1
    outer loop
      vertex 7.88651 -28.7354 2.7046
      vertex 8.15 -3.5 2.7046
      vertex 7.88651 -3.48115 2.7046
    endloop
  endfacet
  facet normal 0 0 1
    outer loop
      vertex 8.15 -3.5 2.7046
      vertex 7.88651 -28.7354 2.7046
      vertex 8.41349 -28.7354 2.7046
    endloop
  endfacet
  facet normal 0 0 1
    outer loop
      vertex 8.41349 28.7354 2.7046
      vertex 8.15 3.5 2.7046
      vertex 8.41349 3.48115 2.7046
    endloop
  endfacet
  facet normal -0 0 1
    outer loop
      vertex 7.88651 28.7354 2.7046
      vertex 8.15 3.5 2.7046
      vertex 8.41349 28.7354 2.7046
    endloop
  endfacet
  facet normal 0 0 1
    outer loop
      vertex 8.15 3.5 2.7046
      vertex 7.88651 28.7354 2.7046
      vertex 7.88651 3.48115 2.7046
    endloop
  endfacet
  facet normal -0.694636 0 0.719361
    outer loop
      vertex 13.2019 28.7354 4.63926
      vertex 13.581 -28.7354 5.00533
      vertex 13.581 28.7354 5.00533
    endloop
  endfacet
  facet normal -0.694636 0 0.719361
    outer loop
      vertex 13.581 -28.7354 5.00533
      vertex 13.2019 28.7354 4.63926
      vertex 13.2019 -28.7354 4.63926
    endloop
  endfacet
  facet normal 0.694655 0 0.719343
    outer loop
      vertex 2.71898 28.7354 5.00533
      vertex 3.09806 -28.7354 4.63926
      vertex 3.09806 28.7354 4.63926
    endloop
  endfacet
  facet normal 0.694655 0 0.719343
    outer loop
      vertex 3.09806 -28.7354 4.63926
      vertex 2.71898 28.7354 5.00533
      vertex 2.71898 -28.7354 5.00533
    endloop
  endfacet
  facet normal -0.927191 0 0.374588
    outer loop
      vertex 15.0473 -28.7354 7.17914
      vertex 15.2447 28.7354 7.66775
      vertex 15.0473 28.7354 7.17914
    endloop
  endfacet
  facet normal -0.927191 0 0.374588
    outer loop
      vertex 15.2447 28.7354 7.66775
      vertex 15.0473 -28.7354 7.17914
      vertex 15.2447 -28.7354 7.66775
    endloop
  endfacet
  facet normal -0.529927 0 0.848043
    outer loop
      vertex 11.925 28.7354 3.71151
      vertex 12.3719 -28.7354 3.99077
      vertex 12.3719 28.7354 3.99077
    endloop
  endfacet
  facet normal -0.529927 0 0.848043
    outer loop
      vertex 12.3719 -28.7354 3.99077
      vertex 11.925 28.7354 3.71151
      vertex 11.925 -28.7354 3.71151
    endloop
  endfacet
  facet normal 0.866026 -0 0.499998
    outer loop
      vertex 1.48375 -28.7354 6.70549
      vertex 1.74724 28.7354 6.24911
      vertex 1.48375 28.7354 6.70549
    endloop
  endfacet
  facet normal 0.866026 0 0.499998
    outer loop
      vertex 1.74724 28.7354 6.24911
      vertex 1.48375 -28.7354 6.70549
      vertex 1.74724 -28.7354 6.24911
    endloop
  endfacet
  facet normal 0.139182 -2.26065e-07 0.990267
    outer loop
      vertex 6.83896 -28.7354 2.8147
      vertex 7.36081 -3.40105 2.74136
      vertex 7.16394 -3.35822 2.76903
    endloop
  endfacet
  facet normal 0.139164 -0 0.990269
    outer loop
      vertex 6.83896 -28.7354 2.8147
      vertex 7.16394 -3.35822 2.76903
      vertex 6.83896 -3.23701 2.8147
    endloop
  endfacet
  facet normal 0.139171 0 0.990268
    outer loop
      vertex 7.36081 -3.40105 2.74136
      vertex 6.83896 -28.7354 2.8147
      vertex 7.36081 -28.7354 2.74136
    endloop
  endfacet
  facet normal 0.139171 0 0.990268
    outer loop
      vertex 6.83896 28.7354 2.8147
      vertex 7.36081 3.40105 2.74136
      vertex 7.36081 28.7354 2.74136
    endloop
  endfacet
  facet normal 0.139182 2.26065e-07 0.990267
    outer loop
      vertex 7.36081 3.40105 2.74136
      vertex 6.83896 28.7354 2.8147
      vertex 7.16394 3.35822 2.76903
    endloop
  endfacet
  facet normal 0.139164 0 0.990269
    outer loop
      vertex 7.16394 3.35822 2.76903
      vertex 6.83896 28.7354 2.8147
      vertex 6.83896 3.23701 2.8147
    endloop
  endfacet
  facet normal -0.98481 0 0.173633
    outer loop
      vertex 15.535 -28.7354 8.68027
      vertex 15.6265 28.7354 9.19924
      vertex 15.535 28.7354 8.68027
    endloop
  endfacet
  facet normal -0.98481 0 0.173633
    outer loop
      vertex 15.6265 28.7354 9.19924
      vertex 15.535 -28.7354 8.68027
      vertex 15.6265 -28.7354 9.19924
    endloop
  endfacet
  facet normal -0.994519 0 0.104556
    outer loop
      vertex 15.6265 -28.7354 9.19924
      vertex 15.6816 28.7354 9.72334
      vertex 15.6265 28.7354 9.19924
    endloop
  endfacet
  facet normal -0.994519 0 0.104556
    outer loop
      vertex 15.6816 28.7354 9.72334
      vertex 15.6265 -28.7354 9.19924
      vertex 15.6816 -28.7354 9.72334
    endloop
  endfacet
  facet normal -0.829025 0 0.559211
    outer loop
      vertex 14.2581 -28.7354 5.81222
      vertex 14.5528 28.7354 6.24911
      vertex 14.2581 28.7354 5.81222
    endloop
  endfacet
  facet normal -0.829025 0 0.559211
    outer loop
      vertex 14.5528 28.7354 6.24911
      vertex 14.2581 -28.7354 5.81222
      vertex 14.5528 -28.7354 6.24911
    endloop
  endfacet
  facet normal -0.78796 0 0.615727
    outer loop
      vertex 13.9336 -28.7354 5.39695
      vertex 14.2581 28.7354 5.81222
      vertex 13.9336 28.7354 5.39695
    endloop
  endfacet
  facet normal -0.78796 0 0.615727
    outer loop
      vertex 14.2581 28.7354 5.81222
      vertex 13.9336 -28.7354 5.39695
      vertex 14.2581 -28.7354 5.81222
    endloop
  endfacet
  facet normal -0.139164 0 0.990269
    outer loop
      vertex 9.13606 -3.35822 2.76903
      vertex 9.46104 -28.7354 2.8147
      vertex 9.46104 -3.23701 2.8147
    endloop
  endfacet
  facet normal -0.139182 -2.26065e-07 0.990267
    outer loop
      vertex 8.93919 -3.40105 2.74136
      vertex 9.46104 -28.7354 2.8147
      vertex 9.13606 -3.35822 2.76903
    endloop
  endfacet
  facet normal -0.139171 0 0.990268
    outer loop
      vertex 9.46104 -28.7354 2.8147
      vertex 8.93919 -3.40105 2.74136
      vertex 8.93919 -28.7354 2.74136
    endloop
  endfacet
  facet normal -0.139164 0 0.990269
    outer loop
      vertex 9.46104 28.7354 2.8147
      vertex 9.13606 3.35822 2.76903
      vertex 9.46104 3.23701 2.8147
    endloop
  endfacet
  facet normal -0.139171 0 0.990268
    outer loop
      vertex 8.93919 3.40105 2.74136
      vertex 9.46104 28.7354 2.8147
      vertex 8.93919 28.7354 2.74136
    endloop
  endfacet
  facet normal -0.139182 2.26065e-07 0.990267
    outer loop
      vertex 9.46104 28.7354 2.8147
      vertex 8.93919 3.40105 2.74136
      vertex 9.13606 3.35822 2.76903
    endloop
  endfacet
  facet normal -0.275308 0 0.961356
    outer loop
      vertex 10.442 -2.64512 3.05775
      vertex 10.4831 -28.7354 3.06952
      vertex 10.4831 -2.60406 3.06952
    endloop
  endfacet
  facet normal -0.275613 -5.19792e-07 0.961269
    outer loop
      vertex 10.0422 -2.94439 2.94312
      vertex 10.4831 -28.7354 3.06952
      vertex 10.442 -2.64512 3.05775
    endloop
  endfacet
  facet normal -0.27582 -4.35571e-06 0.961209
    outer loop
      vertex 9.97651 -2.98028 2.92427
      vertex 10.4831 -28.7354 3.06952
      vertex 10.0422 -2.94439 2.94312
    endloop
  endfacet
  facet normal -0.275616 0 0.961268
    outer loop
      vertex 10.4831 -28.7354 3.06952
      vertex 9.97651 -2.98028 2.92427
      vertex 9.97651 -28.7354 2.92427
    endloop
  endfacet
  facet normal -0.275308 0 0.961356
    outer loop
      vertex 10.4831 28.7354 3.06952
      vertex 10.442 2.64512 3.05775
      vertex 10.4831 2.60406 3.06952
    endloop
  endfacet
  facet normal -0.275613 5.19792e-07 0.961269
    outer loop
      vertex 10.4831 28.7354 3.06952
      vertex 10.0422 2.94439 2.94312
      vertex 10.442 2.64512 3.05775
    endloop
  endfacet
  facet normal -0.275616 0 0.961268
    outer loop
      vertex 9.97651 2.98028 2.92427
      vertex 10.4831 28.7354 3.06952
      vertex 9.97651 28.7354 2.92427
    endloop
  endfacet
  facet normal -0.27582 4.35571e-06 0.961209
    outer loop
      vertex 10.4831 28.7354 3.06952
      vertex 9.97651 2.98028 2.92427
      vertex 10.0422 2.94439 2.94312
    endloop
  endfacet
  facet normal -0.0697735 0 0.997563
    outer loop
      vertex 8.6481 -3.46437 2.721
      vertex 8.93919 -28.7354 2.74136
      vertex 8.93919 -3.40105 2.74136
    endloop
  endfacet
  facet normal -0.0697331 4.67973e-07 0.997566
    outer loop
      vertex 8.41349 -3.48115 2.7046
      vertex 8.93919 -28.7354 2.74136
      vertex 8.6481 -3.46437 2.721
    endloop
  endfacet
  facet normal -0.0697555 0 0.997564
    outer loop
      vertex 8.93919 -28.7354 2.74136
      vertex 8.41349 -3.48115 2.7046
      vertex 8.41349 -28.7354 2.7046
    endloop
  endfacet
  facet normal -0.0697735 0 0.997563
    outer loop
      vertex 8.93919 28.7354 2.74136
      vertex 8.6481 3.46437 2.721
      vertex 8.93919 3.40105 2.74136
    endloop
  endfacet
  facet normal -0.0697555 0 0.997564
    outer loop
      vertex 8.41349 3.48115 2.7046
      vertex 8.93919 28.7354 2.74136
      vertex 8.41349 28.7354 2.7046
    endloop
  endfacet
  facet normal -0.0697331 -4.67973e-07 0.997566
    outer loop
      vertex 8.93919 28.7354 2.74136
      vertex 8.41349 3.48115 2.7046
      vertex 8.6481 3.46437 2.721
    endloop
  endfacet
  facet normal -0.469471 0 0.882948
    outer loop
      vertex 11.925 28.7354 3.71151
      vertex 11.65 0 3.56529
      vertex 11.925 -28.7354 3.71151
    endloop
  endfacet
  facet normal -0.469662 2.33506e-06 0.882847
    outer loop
      vertex 11.925 28.7354 3.71151
      vertex 11.6144 0.498101 3.54635
      vertex 11.65 0 3.56529
    endloop
  endfacet
  facet normal -0.469365 -1.85606e-06 0.883005
    outer loop
      vertex 11.925 28.7354 3.71151
      vertex 11.5082 0.986063 3.4899
      vertex 11.6144 0.498101 3.54635
    endloop
  endfacet
  facet normal -0.46948 0 0.882943
    outer loop
      vertex 11.4597 1.11616 3.4641
      vertex 11.925 28.7354 3.71151
      vertex 11.4597 28.7354 3.4641
    endloop
  endfacet
  facet normal -0.469636 3.37678e-06 0.88286
    outer loop
      vertex 11.925 28.7354 3.71151
      vertex 11.4597 1.11616 3.4641
      vertex 11.5082 0.986063 3.4899
    endloop
  endfacet
  facet normal -0.469662 -2.33506e-06 0.882847
    outer loop
      vertex 11.6144 -0.498101 3.54635
      vertex 11.925 -28.7354 3.71151
      vertex 11.65 0 3.56529
    endloop
  endfacet
  facet normal -0.469365 1.85606e-06 0.883005
    outer loop
      vertex 11.5082 -0.986063 3.4899
      vertex 11.925 -28.7354 3.71151
      vertex 11.6144 -0.498101 3.54635
    endloop
  endfacet
  facet normal -0.469636 -3.37678e-06 0.88286
    outer loop
      vertex 11.4597 -1.11616 3.4641
      vertex 11.925 -28.7354 3.71151
      vertex 11.5082 -0.986063 3.4899
    endloop
  endfacet
  facet normal -0.46948 0 0.882943
    outer loop
      vertex 11.925 -28.7354 3.71151
      vertex 11.4597 -1.11616 3.4641
      vertex 11.4597 -28.7354 3.4641
    endloop
  endfacet
  facet normal -0.406683 0 0.913569
    outer loop
      vertex 11.3337 -1.45395 3.40801
      vertex 11.4597 -28.7354 3.4641
      vertex 11.4597 -1.11616 3.4641
    endloop
  endfacet
  facet normal -0.406758 -4.11139e-07 0.913536
    outer loop
      vertex 11.0944 -1.89224 3.30146
      vertex 11.4597 -28.7354 3.4641
      vertex 11.3337 -1.45395 3.40801
    endloop
  endfacet
  facet normal -0.406794 -1.00934e-06 0.91352
    outer loop
      vertex 10.9783 -2.04734 3.24976
      vertex 11.4597 -28.7354 3.4641
      vertex 11.0944 -1.89224 3.30146
    endloop
  endfacet
  facet normal -0.406748 0 0.913541
    outer loop
      vertex 11.4597 -28.7354 3.4641
      vertex 10.9783 -2.04734 3.24976
      vertex 10.9783 -28.7354 3.24976
    endloop
  endfacet
  facet normal -0.406683 0 0.913569
    outer loop
      vertex 11.4597 28.7354 3.4641
      vertex 11.3337 1.45395 3.40801
      vertex 11.4597 1.11616 3.4641
    endloop
  endfacet
  facet normal -0.406758 4.11139e-07 0.913536
    outer loop
      vertex 11.4597 28.7354 3.4641
      vertex 11.0944 1.89224 3.30146
      vertex 11.3337 1.45395 3.40801
    endloop
  endfacet
  facet normal -0.406748 0 0.913541
    outer loop
      vertex 10.9783 2.04734 3.24976
      vertex 11.4597 28.7354 3.4641
      vertex 10.9783 28.7354 3.24976
    endloop
  endfacet
  facet normal -0.406794 1.00934e-06 0.91352
    outer loop
      vertex 11.4597 28.7354 3.4641
      vertex 10.9783 2.04734 3.24976
      vertex 11.0944 1.89224 3.30146
    endloop
  endfacet
  facet normal -0.587816 0 0.808995
    outer loop
      vertex 12.3719 28.7354 3.99077
      vertex 12.7982 -28.7354 4.30052
      vertex 12.7982 28.7354 4.30052
    endloop
  endfacet
  facet normal -0.587816 0 0.808995
    outer loop
      vertex 12.7982 -28.7354 4.30052
      vertex 12.3719 28.7354 3.99077
      vertex 12.3719 -28.7354 3.99077
    endloop
  endfacet
  facet normal 0.984807 -0 0.173651
    outer loop
      vertex 0.673475 -28.7354 9.19924
      vertex 0.764985 28.7354 8.68027
      vertex 0.673475 28.7354 9.19924
    endloop
  endfacet
  facet normal 0.984807 0 0.173651
    outer loop
      vertex 0.764985 28.7354 8.68027
      vertex 0.673475 -28.7354 9.19924
      vertex 0.764985 -28.7354 8.68027
    endloop
  endfacet
  facet normal 0.927185 -0 0.374605
    outer loop
      vertex 1.05532 -28.7354 7.66775
      vertex 1.25273 28.7354 7.17914
      vertex 1.05532 28.7354 7.66775
    endloop
  endfacet
  facet normal 0.927185 0 0.374605
    outer loop
      vertex 1.25273 28.7354 7.17914
      vertex 1.05532 -28.7354 7.66775
      vertex 1.25273 -28.7354 7.17914
    endloop
  endfacet
  facet normal 0.994522 -0 0.104526
    outer loop
      vertex 0.618391 -28.7354 9.72334
      vertex 0.673475 28.7354 9.19924
      vertex 0.618391 28.7354 9.72334
    endloop
  endfacet
  facet normal 0.994522 0 0.104526
    outer loop
      vertex 0.673475 28.7354 9.19924
      vertex 0.618391 -28.7354 9.72334
      vertex 0.673475 -28.7354 9.19924
    endloop
  endfacet
  facet normal 0.529919 0 0.848048
    outer loop
      vertex 3.92809 28.7354 3.99077
      vertex 4.375 -28.7354 3.71151
      vertex 4.375 28.7354 3.71151
    endloop
  endfacet
  facet normal 0.529919 0 0.848048
    outer loop
      vertex 4.375 -28.7354 3.71151
      vertex 3.92809 28.7354 3.99077
      vertex 3.92809 -28.7354 3.99077
    endloop
  endfacet
  facet normal 0.587789 0 0.809014
    outer loop
      vertex 3.50176 28.7354 4.30052
      vertex 3.92809 -28.7354 3.99077
      vertex 3.92809 28.7354 3.99077
    endloop
  endfacet
  facet normal 0.587789 0 0.809014
    outer loop
      vertex 3.92809 -28.7354 3.99077
      vertex 3.50176 28.7354 4.30052
      vertex 3.50176 -28.7354 4.30052
    endloop
  endfacet
  facet normal 0.342038 -3.08352e-07 0.939686
    outer loop
      vertex 5.32172 -28.7354 3.24976
      vertex 5.81692 -2.60406 3.06952
      vertex 5.50488 -2.29201 3.1831
    endloop
  endfacet
  facet normal 0.341998 -0 0.939701
    outer loop
      vertex 5.32172 -28.7354 3.24976
      vertex 5.50488 -2.29201 3.1831
      vertex 5.32172 -2.04734 3.24976
    endloop
  endfacet
  facet normal 0.342023 0 0.939691
    outer loop
      vertex 5.81692 -2.60406 3.06952
      vertex 5.32172 -28.7354 3.24976
      vertex 5.81692 -28.7354 3.06952
    endloop
  endfacet
  facet normal 0.342023 0 0.939691
    outer loop
      vertex 5.32172 28.7354 3.24976
      vertex 5.81692 2.60406 3.06952
      vertex 5.81692 28.7354 3.06952
    endloop
  endfacet
  facet normal 0.342038 3.08352e-07 0.939686
    outer loop
      vertex 5.81692 2.60406 3.06952
      vertex 5.32172 28.7354 3.24976
      vertex 5.50488 2.29201 3.1831
    endloop
  endfacet
  facet normal 0.341998 0 0.939701
    outer loop
      vertex 5.50488 2.29201 3.1831
      vertex 5.32172 28.7354 3.24976
      vertex 5.32172 2.04734 3.24976
    endloop
  endfacet
  facet normal 0.0697331 4.67973e-07 0.997566
    outer loop
      vertex 7.36081 -28.7354 2.74136
      vertex 7.88651 -3.48115 2.7046
      vertex 7.6519 -3.46437 2.721
    endloop
  endfacet
  facet normal 0.0697735 -0 0.997563
    outer loop
      vertex 7.36081 -28.7354 2.74136
      vertex 7.6519 -3.46437 2.721
      vertex 7.36081 -3.40105 2.74136
    endloop
  endfacet
  facet normal 0.0697555 0 0.997564
    outer loop
      vertex 7.88651 -3.48115 2.7046
      vertex 7.36081 -28.7354 2.74136
      vertex 7.88651 -28.7354 2.7046
    endloop
  endfacet
  facet normal 0.0697555 0 0.997564
    outer loop
      vertex 7.36081 28.7354 2.74136
      vertex 7.88651 3.48115 2.7046
      vertex 7.88651 28.7354 2.7046
    endloop
  endfacet
  facet normal 0.0697331 -4.67973e-07 0.997566
    outer loop
      vertex 7.88651 3.48115 2.7046
      vertex 7.36081 28.7354 2.74136
      vertex 7.6519 3.46437 2.721
    endloop
  endfacet
  facet normal 0.0697735 0 0.997563
    outer loop
      vertex 7.6519 3.46437 2.721
      vertex 7.36081 28.7354 2.74136
      vertex 7.36081 3.40105 2.74136
    endloop
  endfacet
  facet normal -0.970291 0 0.241942
    outer loop
      vertex 15.4075 -28.7354 8.16894
      vertex 15.535 28.7354 8.68027
      vertex 15.4075 28.7354 8.16894
    endloop
  endfacet
  facet normal -0.970291 0 0.241942
    outer loop
      vertex 15.535 28.7354 8.68027
      vertex 15.4075 -28.7354 8.16894
      vertex 15.535 -28.7354 8.68027
    endloop
  endfacet
  facet normal -0.951082 0 0.308937
    outer loop
      vertex 15.2447 -28.7354 7.66775
      vertex 15.4075 28.7354 8.16894
      vertex 15.2447 28.7354 7.66775
    endloop
  endfacet
  facet normal -0.951082 0 0.308937
    outer loop
      vertex 15.4075 28.7354 8.16894
      vertex 15.2447 -28.7354 7.66775
      vertex 15.4075 -28.7354 8.16894
    endloop
  endfacet
  facet normal -0.74316 0 0.669114
    outer loop
      vertex 13.581 -28.7354 5.00533
      vertex 13.9336 28.7354 5.39695
      vertex 13.581 28.7354 5.00533
    endloop
  endfacet
  facet normal -0.74316 0 0.669114
    outer loop
      vertex 13.9336 28.7354 5.39695
      vertex 13.581 -28.7354 5.00533
      vertex 13.9336 -28.7354 5.39695
    endloop
  endfacet
  facet normal -0.866018 0 0.500013
    outer loop
      vertex 14.5528 -28.7354 6.24911
      vertex 14.8163 28.7354 6.70549
      vertex 14.5528 28.7354 6.24911
    endloop
  endfacet
  facet normal -0.866018 0 0.500013
    outer loop
      vertex 14.8163 28.7354 6.70549
      vertex 14.5528 -28.7354 6.24911
      vertex 14.8163 -28.7354 6.70549
    endloop
  endfacet
  facet normal -0.898805 0 0.438349
    outer loop
      vertex 14.8163 -28.7354 6.70549
      vertex 15.0473 28.7354 7.17914
      vertex 14.8163 28.7354 6.70549
    endloop
  endfacet
  facet normal -0.898805 0 0.438349
    outer loop
      vertex 15.0473 28.7354 7.17914
      vertex 14.8163 -28.7354 6.70549
      vertex 15.0473 -28.7354 7.17914
    endloop
  endfacet
  facet normal -0.207912 0 0.978148
    outer loop
      vertex 9.60395 -3.18371 2.84508
      vertex 9.97651 -28.7354 2.92427
      vertex 9.97651 -2.98028 2.92427
    endloop
  endfacet
  facet normal -0.207935 -3.5431e-07 0.978143
    outer loop
      vertex 9.46104 -3.23701 2.8147
      vertex 9.97651 -28.7354 2.92427
      vertex 9.60395 -3.18371 2.84508
    endloop
  endfacet
  facet normal -0.207918 0 0.978146
    outer loop
      vertex 9.97651 -28.7354 2.92427
      vertex 9.46104 -3.23701 2.8147
      vertex 9.46104 -28.7354 2.8147
    endloop
  endfacet
  facet normal -0.207912 0 0.978148
    outer loop
      vertex 9.97651 28.7354 2.92427
      vertex 9.60395 3.18371 2.84508
      vertex 9.97651 2.98028 2.92427
    endloop
  endfacet
  facet normal -0.207918 0 0.978146
    outer loop
      vertex 9.46104 3.23701 2.8147
      vertex 9.97651 28.7354 2.92427
      vertex 9.46104 28.7354 2.8147
    endloop
  endfacet
  facet normal -0.207935 3.5431e-07 0.978143
    outer loop
      vertex 9.97651 28.7354 2.92427
      vertex 9.46104 3.23701 2.8147
      vertex 9.60395 3.18371 2.84508
    endloop
  endfacet
  facet normal -0.341933 0 0.939725
    outer loop
      vertex 10.7951 -2.29201 3.1831
      vertex 10.9783 -28.7354 3.24976
      vertex 10.9783 -2.04734 3.24976
    endloop
  endfacet
  facet normal -0.342076 -1.12387e-06 0.939672
    outer loop
      vertex 10.4831 -2.60406 3.06952
      vertex 10.9783 -28.7354 3.24976
      vertex 10.7951 -2.29201 3.1831
    endloop
  endfacet
  facet normal -0.342023 0 0.939691
    outer loop
      vertex 10.9783 -28.7354 3.24976
      vertex 10.4831 -2.60406 3.06952
      vertex 10.4831 -28.7354 3.06952
    endloop
  endfacet
  facet normal -0.341933 0 0.939725
    outer loop
      vertex 10.9783 28.7354 3.24976
      vertex 10.7951 2.29201 3.1831
      vertex 10.9783 2.04734 3.24976
    endloop
  endfacet
  facet normal -0.342023 0 0.939691
    outer loop
      vertex 10.4831 2.60406 3.06952
      vertex 10.9783 28.7354 3.24976
      vertex 10.4831 28.7354 3.06952
    endloop
  endfacet
  facet normal -0.342076 1.12387e-06 0.939672
    outer loop
      vertex 10.9783 28.7354 3.24976
      vertex 10.4831 2.60406 3.06952
      vertex 10.7951 2.29201 3.1831
    endloop
  endfacet
  facet normal -0.642783 0 0.766049
    outer loop
      vertex 12.7982 28.7354 4.30052
      vertex 13.2019 -28.7354 4.63926
      vertex 13.2019 28.7354 4.63926
    endloop
  endfacet
  facet normal -0.642783 0 0.766049
    outer loop
      vertex 13.2019 -28.7354 4.63926
      vertex 12.7982 28.7354 4.30052
      vertex 12.7982 -28.7354 4.30052
    endloop
  endfacet
  facet normal 0.89879 -0 0.43838
    outer loop
      vertex 1.25273 -28.7354 7.17914
      vertex 1.48375 28.7354 6.70549
      vertex 1.25273 28.7354 7.17914
    endloop
  endfacet
  facet normal 0.89879 0 0.43838
    outer loop
      vertex 1.48375 28.7354 6.70549
      vertex 1.25273 -28.7354 7.17914
      vertex 1.48375 -28.7354 6.70549
    endloop
  endfacet
  facet normal 0.951057 -0 0.309016
    outer loop
      vertex 0.892474 -28.7354 8.16894
      vertex 1.05532 28.7354 7.66775
      vertex 0.892474 28.7354 8.16894
    endloop
  endfacet
  facet normal 0.951057 0 0.309016
    outer loop
      vertex 1.05532 28.7354 7.66775
      vertex 0.892474 -28.7354 8.16894
      vertex 1.05532 -28.7354 7.66775
    endloop
  endfacet
  facet normal 0.970296 -0 0.241922
    outer loop
      vertex 0.764985 -28.7354 8.68027
      vertex 0.892474 28.7354 8.16894
      vertex 0.764985 28.7354 8.68027
    endloop
  endfacet
  facet normal 0.970296 0 0.241922
    outer loop
      vertex 0.892474 28.7354 8.16894
      vertex 0.764985 -28.7354 8.68027
      vertex 0.892474 -28.7354 8.16894
    endloop
  endfacet
  facet normal 0.46948 0 0.882943
    outer loop
      vertex 4.375 28.7354 3.71151
      vertex 4.8403 1.11616 3.4641
      vertex 4.8403 28.7354 3.4641
    endloop
  endfacet
  facet normal 0.469555 1.62962e-06 0.882903
    outer loop
      vertex 4.8403 1.11616 3.4641
      vertex 4.375 28.7354 3.71151
      vertex 4.79177 0.986063 3.48991
    endloop
  endfacet
  facet normal 0.469466 -9.56706e-08 0.882951
    outer loop
      vertex 4.79177 0.986063 3.48991
      vertex 4.375 28.7354 3.71151
      vertex 4.68562 0.498101 3.54635
    endloop
  endfacet
  facet normal 0.46948 1.09252e-07 0.882943
    outer loop
      vertex 4.68562 0.498101 3.54635
      vertex 4.375 28.7354 3.71151
      vertex 4.65 0 3.56529
    endloop
  endfacet
  facet normal 0.469555 -1.62962e-06 0.882903
    outer loop
      vertex 4.375 -28.7354 3.71151
      vertex 4.8403 -1.11616 3.4641
      vertex 4.79177 -0.986063 3.48991
    endloop
  endfacet
  facet normal 0.469466 9.56706e-08 0.882951
    outer loop
      vertex 4.375 -28.7354 3.71151
      vertex 4.79177 -0.986063 3.48991
      vertex 4.68562 -0.498101 3.54635
    endloop
  endfacet
  facet normal 0.46948 -1.09252e-07 0.882943
    outer loop
      vertex 4.375 -28.7354 3.71151
      vertex 4.68562 -0.498101 3.54635
      vertex 4.65 0 3.56529
    endloop
  endfacet
  facet normal 0.469471 -0 0.882948
    outer loop
      vertex 4.375 -28.7354 3.71151
      vertex 4.65 0 3.56529
      vertex 4.375 28.7354 3.71151
    endloop
  endfacet
  facet normal 0.46948 0 0.882943
    outer loop
      vertex 4.8403 -1.11616 3.4641
      vertex 4.375 -28.7354 3.71151
      vertex 4.8403 -28.7354 3.4641
    endloop
  endfacet
  facet normal 0.406765 -6.8991e-07 0.913533
    outer loop
      vertex 4.8403 -28.7354 3.4641
      vertex 5.32172 -2.04734 3.24976
      vertex 5.20561 -1.89224 3.30146
    endloop
  endfacet
  facet normal 0.40673 -1.07627e-07 0.913549
    outer loop
      vertex 4.8403 -28.7354 3.4641
      vertex 5.20561 -1.89224 3.30146
      vertex 4.96629 -1.45395 3.40801
    endloop
  endfacet
  facet normal 0.40671 -0 0.913557
    outer loop
      vertex 4.8403 -28.7354 3.4641
      vertex 4.96629 -1.45395 3.40801
      vertex 4.8403 -1.11616 3.4641
    endloop
  endfacet
  facet normal 0.406733 0 0.913547
    outer loop
      vertex 5.32172 -2.04734 3.24976
      vertex 4.8403 -28.7354 3.4641
      vertex 5.32172 -28.7354 3.24976
    endloop
  endfacet
  facet normal 0.406733 0 0.913547
    outer loop
      vertex 4.8403 28.7354 3.4641
      vertex 5.32172 2.04734 3.24976
      vertex 5.32172 28.7354 3.24976
    endloop
  endfacet
  facet normal 0.406765 6.8991e-07 0.913533
    outer loop
      vertex 5.32172 2.04734 3.24976
      vertex 4.8403 28.7354 3.4641
      vertex 5.20561 1.89224 3.30146
    endloop
  endfacet
  facet normal 0.40673 1.07627e-07 0.913549
    outer loop
      vertex 5.20561 1.89224 3.30146
      vertex 4.8403 28.7354 3.4641
      vertex 4.96629 1.45395 3.40801
    endloop
  endfacet
  facet normal 0.40671 0 0.913557
    outer loop
      vertex 4.96629 1.45395 3.40801
      vertex 4.8403 28.7354 3.4641
      vertex 4.8403 1.11616 3.4641
    endloop
  endfacet
  facet normal 0.275667 -8.77511e-07 0.961253
    outer loop
      vertex 5.81692 -28.7354 3.06952
      vertex 6.32349 -2.98028 2.92427
      vertex 6.25776 -2.94439 2.94312
    endloop
  endfacet
  facet normal 0.275632 -2.35768e-07 0.961263
    outer loop
      vertex 5.81692 -28.7354 3.06952
      vertex 6.25776 -2.94439 2.94312
      vertex 5.85799 -2.64512 3.05775
    endloop
  endfacet
  facet normal 0.275494 -0 0.961303
    outer loop
      vertex 5.81692 -28.7354 3.06952
      vertex 5.85799 -2.64512 3.05775
      vertex 5.81692 -2.60406 3.06952
    endloop
  endfacet
  facet normal 0.275626 0 0.961265
    outer loop
      vertex 6.32349 -2.98028 2.92427
      vertex 5.81692 -28.7354 3.06952
      vertex 6.32349 -28.7354 2.92427
    endloop
  endfacet
  facet normal 0.275626 0 0.961265
    outer loop
      vertex 5.81692 28.7354 3.06952
      vertex 6.32349 2.98028 2.92427
      vertex 6.32349 28.7354 2.92427
    endloop
  endfacet
  facet normal 0.275667 8.77511e-07 0.961253
    outer loop
      vertex 6.32349 2.98028 2.92427
      vertex 5.81692 28.7354 3.06952
      vertex 6.25776 2.94439 2.94312
    endloop
  endfacet
  facet normal 0.275632 2.35768e-07 0.961263
    outer loop
      vertex 6.25776 2.94439 2.94312
      vertex 5.81692 28.7354 3.06952
      vertex 5.85799 2.64512 3.05775
    endloop
  endfacet
  facet normal 0.275494 0 0.961303
    outer loop
      vertex 5.85799 2.64512 3.05775
      vertex 5.81692 28.7354 3.06952
      vertex 5.81692 2.60406 3.06952
    endloop
  endfacet
  facet normal 0.207935 -3.5431e-07 0.978143
    outer loop
      vertex 6.32349 -28.7354 2.92427
      vertex 6.83896 -3.23701 2.8147
      vertex 6.69605 -3.18371 2.84508
    endloop
  endfacet
  facet normal 0.207912 -0 0.978148
    outer loop
      vertex 6.32349 -28.7354 2.92427
      vertex 6.69605 -3.18371 2.84508
      vertex 6.32349 -2.98028 2.92427
    endloop
  endfacet
  facet normal 0.207918 0 0.978146
    outer loop
      vertex 6.83896 -3.23701 2.8147
      vertex 6.32349 -28.7354 2.92427
      vertex 6.83896 -28.7354 2.8147
    endloop
  endfacet
  facet normal 0.207918 0 0.978146
    outer loop
      vertex 6.32349 28.7354 2.92427
      vertex 6.83896 3.23701 2.8147
      vertex 6.83896 28.7354 2.8147
    endloop
  endfacet
  facet normal 0.207935 3.5431e-07 0.978143
    outer loop
      vertex 6.83896 3.23701 2.8147
      vertex 6.32349 28.7354 2.92427
      vertex 6.69605 3.18371 2.84508
    endloop
  endfacet
  facet normal 0.207912 0 0.978148
    outer loop
      vertex 6.69605 3.18371 2.84508
      vertex 6.32349 28.7354 2.92427
      vertex 6.32349 2.98028 2.92427
    endloop
  endfacet
  facet normal -0.99939 0 -0.0349132
    outer loop
      vertex 15.7 -28.7354 10.25
      vertex 15.6816 28.7354 10.7767
      vertex 15.7 28.7354 10.25
    endloop
  endfacet
  facet normal -0.99939 -0 -0.0349132
    outer loop
      vertex 15.6816 28.7354 10.7767
      vertex 15.7 -28.7354 10.25
      vertex 15.6816 -28.7354 10.7767
    endloop
  endfacet
  facet normal -0.984806 0 -0.173655
    outer loop
      vertex 15.6265 -28.7354 11.3008
      vertex 15.535 28.7354 11.8197
      vertex 15.6265 28.7354 11.3008
    endloop
  endfacet
  facet normal -0.984806 -0 -0.173655
    outer loop
      vertex 15.535 28.7354 11.8197
      vertex 15.6265 -28.7354 11.3008
      vertex 15.535 -28.7354 11.8197
    endloop
  endfacet
  facet normal 0.984803 0 -0.173674
    outer loop
      vertex 0.764985 -28.7354 11.8197
      vertex 0.673475 28.7354 11.3008
      vertex 0.764985 28.7354 11.8197
    endloop
  endfacet
  facet normal 0.984803 0 -0.173674
    outer loop
      vertex 0.673475 28.7354 11.3008
      vertex 0.764985 -28.7354 11.8197
      vertex 0.673475 -28.7354 11.3008
    endloop
  endfacet
  facet normal 0.999391 0 -0.034898
    outer loop
      vertex 0.618391 -28.7354 10.7767
      vertex 0.599999 28.7354 10.25
      vertex 0.618391 28.7354 10.7767
    endloop
  endfacet
  facet normal 0.999391 0 -0.034898
    outer loop
      vertex 0.599999 28.7354 10.25
      vertex 0.618391 -28.7354 10.7767
      vertex 0.599999 -28.7354 10.25
    endloop
  endfacet
  facet normal 0.829043 -0 0.559185
    outer loop
      vertex 1.74724 -28.7354 6.24911
      vertex 2.04192 28.7354 5.81222
      vertex 1.74724 28.7354 6.24911
    endloop
  endfacet
  facet normal 0.829043 0 0.559185
    outer loop
      vertex 2.04192 28.7354 5.81222
      vertex 1.74724 -28.7354 6.24911
      vertex 2.04192 -28.7354 5.81222
    endloop
  endfacet
  facet normal 0.788015 -0 0.615656
    outer loop
      vertex 2.04192 -28.7354 5.81222
      vertex 2.36636 28.7354 5.39695
      vertex 2.04192 28.7354 5.81222
    endloop
  endfacet
  facet normal 0.788015 0 0.615656
    outer loop
      vertex 2.36636 28.7354 5.39695
      vertex 2.04192 -28.7354 5.81222
      vertex 2.36636 -28.7354 5.39695
    endloop
  endfacet
  facet normal 0.743141 -0 0.669135
    outer loop
      vertex 2.36636 -28.7354 5.39695
      vertex 2.71898 28.7354 5.00533
      vertex 2.36636 28.7354 5.39695
    endloop
  endfacet
  facet normal 0.743141 0 0.669135
    outer loop
      vertex 2.71898 28.7354 5.00533
      vertex 2.36636 -28.7354 5.39695
      vertex 2.71898 -28.7354 5.00533
    endloop
  endfacet
  facet normal 0.642783 0 0.766049
    outer loop
      vertex 3.09806 28.7354 4.63926
      vertex 3.50176 -28.7354 4.30052
      vertex 3.50176 28.7354 4.30052
    endloop
  endfacet
  facet normal 0.642783 0 0.766049
    outer loop
      vertex 3.50176 -28.7354 4.30052
      vertex 3.09806 28.7354 4.63926
      vertex 3.09806 -28.7354 4.63926
    endloop
  endfacet
  facet normal 0.970306 0 -0.241881
    outer loop
      vertex 0.807438 -28.7354 11.99
      vertex 0.764985 28.7354 11.8197
      vertex 0.807438 28.7354 11.99
    endloop
  endfacet
  facet normal 0.970306 0 -0.241881
    outer loop
      vertex 0.764985 28.7354 11.8197
      vertex 0.807438 -28.7354 11.99
      vertex 0.764985 -28.7354 11.8197
    endloop
  endfacet
  facet normal 0.994522 0 -0.104526
    outer loop
      vertex 0.673475 -28.7354 11.3008
      vertex 0.618391 28.7354 10.7767
      vertex 0.673475 28.7354 11.3008
    endloop
  endfacet
  facet normal 0.994522 0 -0.104526
    outer loop
      vertex 0.618391 28.7354 10.7767
      vertex 0.673475 -28.7354 11.3008
      vertex 0.618391 -28.7354 10.7767
    endloop
  endfacet
  facet normal -0.994519 0 -0.104556
    outer loop
      vertex 15.6816 -28.7354 10.7767
      vertex 15.6265 28.7354 11.3008
      vertex 15.6816 28.7354 10.7767
    endloop
  endfacet
  facet normal -0.994519 -0 -0.104556
    outer loop
      vertex 15.6265 28.7354 11.3008
      vertex 15.6816 -28.7354 10.7767
      vertex 15.6265 -28.7354 11.3008
    endloop
  endfacet
  facet normal -0.970377 0 -0.241597
    outer loop
      vertex 15.535 -28.7354 11.8197
      vertex 15.4926 28.7354 11.99
      vertex 15.535 28.7354 11.8197
    endloop
  endfacet
  facet normal -0.970377 -0 -0.241597
    outer loop
      vertex 15.4926 28.7354 11.99
      vertex 15.535 -28.7354 11.8197
      vertex 15.4926 -28.7354 11.99
    endloop
  endfacet
  facet normal -0.898805 0 0.438349
    outer loop
      vertex 31.1163 -28.7354 6.70549
      vertex 31.3473 28.7354 7.17914
      vertex 31.1163 28.7354 6.70549
    endloop
  endfacet
  facet normal -0.898805 0 0.438349
    outer loop
      vertex 31.3473 28.7354 7.17914
      vertex 31.1163 -28.7354 6.70549
      vertex 31.3473 -28.7354 7.17914
    endloop
  endfacet
  facet normal 0.406794 -1.00934e-06 0.91352
    outer loop
      vertex 21.1403 -28.7354 3.4641
      vertex 21.6217 -2.04734 3.24976
      vertex 21.5056 -1.89224 3.30146
    endloop
  endfacet
  facet normal 0.406758 -4.11139e-07 0.913536
    outer loop
      vertex 21.1403 -28.7354 3.4641
      vertex 21.5056 -1.89224 3.30146
      vertex 21.2663 -1.45395 3.40801
    endloop
  endfacet
  facet normal 0.406683 -0 0.913569
    outer loop
      vertex 21.1403 -28.7354 3.4641
      vertex 21.2663 -1.45395 3.40801
      vertex 21.1403 -1.11616 3.4641
    endloop
  endfacet
  facet normal 0.406748 0 0.913541
    outer loop
      vertex 21.6217 -2.04734 3.24976
      vertex 21.1403 -28.7354 3.4641
      vertex 21.6217 -28.7354 3.24976
    endloop
  endfacet
  facet normal 0.406748 0 0.913541
    outer loop
      vertex 21.1403 28.7354 3.4641
      vertex 21.6217 2.04734 3.24976
      vertex 21.6217 28.7354 3.24976
    endloop
  endfacet
  facet normal 0.406794 1.00934e-06 0.91352
    outer loop
      vertex 21.6217 2.04734 3.24976
      vertex 21.1403 28.7354 3.4641
      vertex 21.5056 1.89224 3.30146
    endloop
  endfacet
  facet normal 0.406758 4.11139e-07 0.913536
    outer loop
      vertex 21.5056 1.89224 3.30146
      vertex 21.1403 28.7354 3.4641
      vertex 21.2663 1.45395 3.40801
    endloop
  endfacet
  facet normal 0.406683 0 0.913569
    outer loop
      vertex 21.2663 1.45395 3.40801
      vertex 21.1403 28.7354 3.4641
      vertex 21.1403 1.11616 3.4641
    endloop
  endfacet
  facet normal -0.99939 0 -0.0349132
    outer loop
      vertex 32 -27.8891 10.25
      vertex 31.9816 27.9095 10.7767
      vertex 32 27.8891 10.25
    endloop
  endfacet
  facet normal -0.99939 -0 -0.0349132
    outer loop
      vertex 31.9816 27.9095 10.7767
      vertex 32 -27.8891 10.25
      vertex 31.9816 -27.9095 10.7767
    endloop
  endfacet
  facet normal 0.642783 0 0.766049
    outer loop
      vertex 19.3981 28.7354 4.63926
      vertex 19.8018 -28.7354 4.30052
      vertex 19.8018 28.7354 4.30052
    endloop
  endfacet
  facet normal 0.642783 0 0.766049
    outer loop
      vertex 19.8018 -28.7354 4.30052
      vertex 19.3981 28.7354 4.63926
      vertex 19.3981 -28.7354 4.63926
    endloop
  endfacet
  facet normal -0.994519 0 0.104556
    outer loop
      vertex 31.9265 27.9705 9.19924
      vertex 31.9816 -27.9095 9.72334
      vertex 31.9816 27.9095 9.72334
    endloop
  endfacet
  facet normal -0.994519 0 0.104556
    outer loop
      vertex 31.9816 -27.9095 9.72334
      vertex 31.9265 27.9705 9.19924
      vertex 31.9265 -27.9705 9.19924
    endloop
  endfacet
  facet normal -0.866018 0 0.500013
    outer loop
      vertex 30.8528 -28.7354 6.24911
      vertex 31.1163 28.7354 6.70549
      vertex 30.8528 28.7354 6.24911
    endloop
  endfacet
  facet normal -0.866018 0 0.500013
    outer loop
      vertex 31.1163 28.7354 6.70549
      vertex 30.8528 -28.7354 6.24911
      vertex 31.1163 -28.7354 6.70549
    endloop
  endfacet
  facet normal -0.78796 0 0.615727
    outer loop
      vertex 30.2336 -28.7354 5.39695
      vertex 30.5581 28.7354 5.81222
      vertex 30.2336 28.7354 5.39695
    endloop
  endfacet
  facet normal -0.78796 0 0.615727
    outer loop
      vertex 30.5581 28.7354 5.81222
      vertex 30.2336 -28.7354 5.39695
      vertex 30.5581 -28.7354 5.81222
    endloop
  endfacet
  facet normal -0 0 1
    outer loop
      vertex 24.45 -3.5 2.7046
      vertex 24.7135 -28.7354 2.7046
      vertex 24.7135 -3.48115 2.7046
    endloop
  endfacet
  facet normal 0 0 1
    outer loop
      vertex 24.1865 -28.7354 2.7046
      vertex 24.45 -3.5 2.7046
      vertex 24.1865 -3.48115 2.7046
    endloop
  endfacet
  facet normal 0 0 1
    outer loop
      vertex 24.45 -3.5 2.7046
      vertex 24.1865 -28.7354 2.7046
      vertex 24.7135 -28.7354 2.7046
    endloop
  endfacet
  facet normal 0 0 1
    outer loop
      vertex 24.7135 28.7354 2.7046
      vertex 24.45 3.5 2.7046
      vertex 24.7135 3.48115 2.7046
    endloop
  endfacet
  facet normal -0 0 1
    outer loop
      vertex 24.1865 28.7354 2.7046
      vertex 24.45 3.5 2.7046
      vertex 24.7135 28.7354 2.7046
    endloop
  endfacet
  facet normal 0 0 1
    outer loop
      vertex 24.45 3.5 2.7046
      vertex 24.1865 28.7354 2.7046
      vertex 24.1865 3.48115 2.7046
    endloop
  endfacet
  facet normal -0.139198 0 0.990265
    outer loop
      vertex 25.4361 -3.35822 2.76903
      vertex 25.761 -28.7354 2.8147
      vertex 25.761 -3.23701 2.8147
    endloop
  endfacet
  facet normal -0.139161 4.82221e-07 0.99027
    outer loop
      vertex 25.2392 -3.40105 2.74136
      vertex 25.761 -28.7354 2.8147
      vertex 25.4361 -3.35822 2.76903
    endloop
  endfacet
  facet normal -0.139184 0 0.990267
    outer loop
      vertex 25.761 -28.7354 2.8147
      vertex 25.2392 -3.40105 2.74136
      vertex 25.2392 -28.7354 2.74136
    endloop
  endfacet
  facet normal -0.139198 0 0.990265
    outer loop
      vertex 25.761 28.7354 2.8147
      vertex 25.4361 3.35822 2.76903
      vertex 25.761 3.23701 2.8147
    endloop
  endfacet
  facet normal -0.139184 0 0.990267
    outer loop
      vertex 25.2392 3.40105 2.74136
      vertex 25.761 28.7354 2.8147
      vertex 25.2392 28.7354 2.74136
    endloop
  endfacet
  facet normal -0.139161 -4.82221e-07 0.99027
    outer loop
      vertex 25.761 28.7354 2.8147
      vertex 25.2392 3.40105 2.74136
      vertex 25.4361 3.35822 2.76903
    endloop
  endfacet
  facet normal -0.275308 0 0.961356
    outer loop
      vertex 26.742 -2.64512 3.05775
      vertex 26.7831 -28.7354 3.06952
      vertex 26.7831 -2.60406 3.06952
    endloop
  endfacet
  facet normal -0.275613 -5.19792e-07 0.961269
    outer loop
      vertex 26.3422 -2.94439 2.94312
      vertex 26.7831 -28.7354 3.06952
      vertex 26.742 -2.64512 3.05775
    endloop
  endfacet
  facet normal -0.275782 -3.6447e-06 0.96122
    outer loop
      vertex 26.2765 -2.98028 2.92427
      vertex 26.7831 -28.7354 3.06952
      vertex 26.3422 -2.94439 2.94312
    endloop
  endfacet
  facet normal -0.275611 0 0.961269
    outer loop
      vertex 26.7831 -28.7354 3.06952
      vertex 26.2765 -2.98028 2.92427
      vertex 26.2765 -28.7354 2.92427
    endloop
  endfacet
  facet normal -0.275308 0 0.961356
    outer loop
      vertex 26.7831 28.7354 3.06952
      vertex 26.742 2.64512 3.05775
      vertex 26.7831 2.60406 3.06952
    endloop
  endfacet
  facet normal -0.275613 5.19792e-07 0.961269
    outer loop
      vertex 26.7831 28.7354 3.06952
      vertex 26.3422 2.94439 2.94312
      vertex 26.742 2.64512 3.05775
    endloop
  endfacet
  facet normal -0.275611 0 0.961269
    outer loop
      vertex 26.2765 2.98028 2.92427
      vertex 26.7831 28.7354 3.06952
      vertex 26.2765 28.7354 2.92427
    endloop
  endfacet
  facet normal -0.275782 3.6447e-06 0.96122
    outer loop
      vertex 26.7831 28.7354 3.06952
      vertex 26.2765 2.98028 2.92427
      vertex 26.3422 2.94439 2.94312
    endloop
  endfacet
  facet normal -0.0697712 0 0.997563
    outer loop
      vertex 24.9481 -3.46437 2.721
      vertex 25.2392 -28.7354 2.74136
      vertex 25.2392 -3.40105 2.74136
    endloop
  endfacet
  facet normal -0.0697361 4.0619e-07 0.997565
    outer loop
      vertex 24.7135 -3.48115 2.7046
      vertex 25.2392 -28.7354 2.74136
      vertex 24.9481 -3.46437 2.721
    endloop
  endfacet
  facet normal -0.0697555 0 0.997564
    outer loop
      vertex 25.2392 -28.7354 2.74136
      vertex 24.7135 -3.48115 2.7046
      vertex 24.7135 -28.7354 2.7046
    endloop
  endfacet
  facet normal -0.0697712 0 0.997563
    outer loop
      vertex 25.2392 28.7354 2.74136
      vertex 24.9481 3.46437 2.721
      vertex 25.2392 3.40105 2.74136
    endloop
  endfacet
  facet normal -0.0697555 0 0.997564
    outer loop
      vertex 24.7135 3.48115 2.7046
      vertex 25.2392 28.7354 2.74136
      vertex 24.7135 28.7354 2.7046
    endloop
  endfacet
  facet normal -0.0697361 -4.0619e-07 0.997565
    outer loop
      vertex 25.2392 28.7354 2.74136
      vertex 24.7135 3.48115 2.7046
      vertex 24.9481 3.46437 2.721
    endloop
  endfacet
  facet normal -0.642783 0 0.766049
    outer loop
      vertex 29.0982 28.7354 4.30052
      vertex 29.5019 -28.7354 4.63926
      vertex 29.5019 28.7354 4.63926
    endloop
  endfacet
  facet normal -0.642783 0 0.766049
    outer loop
      vertex 29.5019 -28.7354 4.63926
      vertex 29.0982 28.7354 4.30052
      vertex 29.0982 -28.7354 4.30052
    endloop
  endfacet
  facet normal -0.469471 0 0.882948
    outer loop
      vertex 28.225 28.7354 3.71151
      vertex 27.95 0 3.56529
      vertex 28.225 -28.7354 3.71151
    endloop
  endfacet
  facet normal -0.469662 2.33506e-06 0.882847
    outer loop
      vertex 28.225 28.7354 3.71151
      vertex 27.9144 0.498101 3.54635
      vertex 27.95 0 3.56529
    endloop
  endfacet
  facet normal -0.469365 -1.85606e-06 0.883005
    outer loop
      vertex 28.225 28.7354 3.71151
      vertex 27.8082 0.986063 3.4899
      vertex 27.9144 0.498101 3.54635
    endloop
  endfacet
  facet normal -0.46948 0 0.882943
    outer loop
      vertex 27.7597 1.11616 3.4641
      vertex 28.225 28.7354 3.71151
      vertex 27.7597 28.7354 3.4641
    endloop
  endfacet
  facet normal -0.469636 3.37678e-06 0.88286
    outer loop
      vertex 28.225 28.7354 3.71151
      vertex 27.7597 1.11616 3.4641
      vertex 27.8082 0.986063 3.4899
    endloop
  endfacet
  facet normal -0.469662 -2.33506e-06 0.882847
    outer loop
      vertex 27.9144 -0.498101 3.54635
      vertex 28.225 -28.7354 3.71151
      vertex 27.95 0 3.56529
    endloop
  endfacet
  facet normal -0.469365 1.85606e-06 0.883005
    outer loop
      vertex 27.8082 -0.986063 3.4899
      vertex 28.225 -28.7354 3.71151
      vertex 27.9144 -0.498101 3.54635
    endloop
  endfacet
  facet normal -0.469636 -3.37678e-06 0.88286
    outer loop
      vertex 27.7597 -1.11616 3.4641
      vertex 28.225 -28.7354 3.71151
      vertex 27.8082 -0.986063 3.4899
    endloop
  endfacet
  facet normal -0.46948 0 0.882943
    outer loop
      vertex 28.225 -28.7354 3.71151
      vertex 27.7597 -1.11616 3.4641
      vertex 27.7597 -28.7354 3.4641
    endloop
  endfacet
  facet normal 0.99939 -0 0.0349158
    outer loop
      vertex 16.9 -28.7354 10.25
      vertex 16.9184 28.7354 9.72334
      vertex 16.9 28.7354 10.25
    endloop
  endfacet
  facet normal 0.99939 0 0.0349158
    outer loop
      vertex 16.9184 28.7354 9.72334
      vertex 16.9 -28.7354 10.25
      vertex 16.9184 -28.7354 9.72334
    endloop
  endfacet
  facet normal 0.98481 -0 0.173633
    outer loop
      vertex 16.9735 -28.7354 9.19924
      vertex 17.065 28.7354 8.68027
      vertex 16.9735 28.7354 9.19924
    endloop
  endfacet
  facet normal 0.98481 0 0.173633
    outer loop
      vertex 17.065 28.7354 8.68027
      vertex 16.9735 -28.7354 9.19924
      vertex 17.065 -28.7354 8.68027
    endloop
  endfacet
  facet normal 0.951082 -0 0.308937
    outer loop
      vertex 17.1925 -28.7354 8.16894
      vertex 17.3553 28.7354 7.66775
      vertex 17.1925 28.7354 8.16894
    endloop
  endfacet
  facet normal 0.951082 0 0.308937
    outer loop
      vertex 17.3553 28.7354 7.66775
      vertex 17.1925 -28.7354 8.16894
      vertex 17.3553 -28.7354 7.66775
    endloop
  endfacet
  facet normal 0.994519 -0 0.104556
    outer loop
      vertex 16.9184 -28.7354 9.72334
      vertex 16.9735 28.7354 9.19924
      vertex 16.9184 28.7354 9.72334
    endloop
  endfacet
  facet normal 0.994519 0 0.104556
    outer loop
      vertex 16.9735 28.7354 9.19924
      vertex 16.9184 -28.7354 9.72334
      vertex 16.9735 -28.7354 9.19924
    endloop
  endfacet
  facet normal 0.829025 -0 0.559211
    outer loop
      vertex 18.0472 -28.7354 6.24911
      vertex 18.3419 28.7354 5.81222
      vertex 18.0472 28.7354 6.24911
    endloop
  endfacet
  facet normal 0.829025 0 0.559211
    outer loop
      vertex 18.3419 28.7354 5.81222
      vertex 18.0472 -28.7354 6.24911
      vertex 18.3419 -28.7354 5.81222
    endloop
  endfacet
  facet normal 0.0697361 4.0619e-07 0.997565
    outer loop
      vertex 23.6608 -28.7354 2.74136
      vertex 24.1865 -3.48115 2.7046
      vertex 23.9519 -3.46437 2.721
    endloop
  endfacet
  facet normal 0.0697712 -0 0.997563
    outer loop
      vertex 23.6608 -28.7354 2.74136
      vertex 23.9519 -3.46437 2.721
      vertex 23.6608 -3.40105 2.74136
    endloop
  endfacet
  facet normal 0.0697555 0 0.997564
    outer loop
      vertex 24.1865 -3.48115 2.7046
      vertex 23.6608 -28.7354 2.74136
      vertex 24.1865 -28.7354 2.7046
    endloop
  endfacet
  facet normal 0.0697555 0 0.997564
    outer loop
      vertex 23.6608 28.7354 2.74136
      vertex 24.1865 3.48115 2.7046
      vertex 24.1865 28.7354 2.7046
    endloop
  endfacet
  facet normal 0.0697361 -4.0619e-07 0.997565
    outer loop
      vertex 24.1865 3.48115 2.7046
      vertex 23.6608 28.7354 2.74136
      vertex 23.9519 3.46437 2.721
    endloop
  endfacet
  facet normal 0.0697712 0 0.997563
    outer loop
      vertex 23.9519 3.46437 2.721
      vertex 23.6608 28.7354 2.74136
      vertex 23.6608 3.40105 2.74136
    endloop
  endfacet
  facet normal 0.139161 4.82221e-07 0.99027
    outer loop
      vertex 23.139 -28.7354 2.8147
      vertex 23.6608 -3.40105 2.74136
      vertex 23.4639 -3.35822 2.76903
    endloop
  endfacet
  facet normal 0.139198 -0 0.990265
    outer loop
      vertex 23.139 -28.7354 2.8147
      vertex 23.4639 -3.35822 2.76903
      vertex 23.139 -3.23701 2.8147
    endloop
  endfacet
  facet normal 0.139184 0 0.990267
    outer loop
      vertex 23.6608 -3.40105 2.74136
      vertex 23.139 -28.7354 2.8147
      vertex 23.6608 -28.7354 2.74136
    endloop
  endfacet
  facet normal 0.139184 0 0.990267
    outer loop
      vertex 23.139 28.7354 2.8147
      vertex 23.6608 3.40105 2.74136
      vertex 23.6608 28.7354 2.74136
    endloop
  endfacet
  facet normal 0.139161 -4.82221e-07 0.99027
    outer loop
      vertex 23.6608 3.40105 2.74136
      vertex 23.139 28.7354 2.8147
      vertex 23.4639 3.35822 2.76903
    endloop
  endfacet
  facet normal 0.139198 0 0.990265
    outer loop
      vertex 23.4639 3.35822 2.76903
      vertex 23.139 28.7354 2.8147
      vertex 23.139 3.23701 2.8147
    endloop
  endfacet
  facet normal 0.46948 0 0.882943
    outer loop
      vertex 20.675 28.7354 3.71151
      vertex 21.1403 1.11616 3.4641
      vertex 21.1403 28.7354 3.4641
    endloop
  endfacet
  facet normal 0.469636 3.37678e-06 0.88286
    outer loop
      vertex 21.1403 1.11616 3.4641
      vertex 20.675 28.7354 3.71151
      vertex 21.0918 0.986063 3.4899
    endloop
  endfacet
  facet normal 0.469365 -1.85606e-06 0.883005
    outer loop
      vertex 21.0918 0.986063 3.4899
      vertex 20.675 28.7354 3.71151
      vertex 20.9856 0.498101 3.54635
    endloop
  endfacet
  facet normal 0.469662 2.33506e-06 0.882847
    outer loop
      vertex 20.9856 0.498101 3.54635
      vertex 20.675 28.7354 3.71151
      vertex 20.95 0 3.56529
    endloop
  endfacet
  facet normal 0.469636 -3.37678e-06 0.88286
    outer loop
      vertex 20.675 -28.7354 3.71151
      vertex 21.1403 -1.11616 3.4641
      vertex 21.0918 -0.986063 3.4899
    endloop
  endfacet
  facet normal 0.469365 1.85606e-06 0.883005
    outer loop
      vertex 20.675 -28.7354 3.71151
      vertex 21.0918 -0.986063 3.4899
      vertex 20.9856 -0.498101 3.54635
    endloop
  endfacet
  facet normal 0.469662 -2.33506e-06 0.882847
    outer loop
      vertex 20.675 -28.7354 3.71151
      vertex 20.9856 -0.498101 3.54635
      vertex 20.95 0 3.56529
    endloop
  endfacet
  facet normal 0.469471 -0 0.882948
    outer loop
      vertex 20.675 -28.7354 3.71151
      vertex 20.95 0 3.56529
      vertex 20.675 28.7354 3.71151
    endloop
  endfacet
  facet normal 0.46948 0 0.882943
    outer loop
      vertex 21.1403 -1.11616 3.4641
      vertex 20.675 -28.7354 3.71151
      vertex 21.1403 -28.7354 3.4641
    endloop
  endfacet
  facet normal 0.529927 0 0.848043
    outer loop
      vertex 20.2281 28.7354 3.99077
      vertex 20.675 -28.7354 3.71151
      vertex 20.675 28.7354 3.71151
    endloop
  endfacet
  facet normal 0.529927 0 0.848043
    outer loop
      vertex 20.675 -28.7354 3.71151
      vertex 20.2281 28.7354 3.99077
      vertex 20.2281 -28.7354 3.99077
    endloop
  endfacet
  facet normal 0.694636 0 0.719361
    outer loop
      vertex 19.019 28.7354 5.00533
      vertex 19.3981 -28.7354 4.63926
      vertex 19.3981 28.7354 4.63926
    endloop
  endfacet
  facet normal 0.694636 0 0.719361
    outer loop
      vertex 19.3981 -28.7354 4.63926
      vertex 19.019 28.7354 5.00533
      vertex 19.019 -28.7354 5.00533
    endloop
  endfacet
  facet normal -0.99939 0 0.0349158
    outer loop
      vertex 31.9816 27.9095 9.72334
      vertex 32 -27.8891 10.25
      vertex 32 27.8891 10.25
    endloop
  endfacet
  facet normal -0.99939 0 0.0349158
    outer loop
      vertex 32 -27.8891 10.25
      vertex 31.9816 27.9095 9.72334
      vertex 31.9816 -27.9095 9.72334
    endloop
  endfacet
  facet normal -0.927202 0.000195028 0.374561
    outer loop
      vertex 31.3473 28.7354 7.17914
      vertex 31.5071 28.4955 7.57484
      vertex 31.353 28.7354 7.19325
    endloop
  endfacet
  facet normal -0.926969 0 0.375138
    outer loop
      vertex 31.5071 28.4955 7.57484
      vertex 31.5447 -28.4464 7.66775
      vertex 31.5447 28.4464 7.66775
    endloop
  endfacet
  facet normal -0.927243 0 0.374459
    outer loop
      vertex 31.5071 -28.4955 7.57484
      vertex 31.5071 28.4955 7.57484
      vertex 31.3473 28.7354 7.17914
    endloop
  endfacet
  facet normal -0.926969 0 0.375138
    outer loop
      vertex 31.5071 28.4955 7.57484
      vertex 31.5071 -28.4955 7.57484
      vertex 31.5447 -28.4464 7.66775
    endloop
  endfacet
  facet normal -0.927243 0 0.374459
    outer loop
      vertex 31.3473 -28.7354 7.17914
      vertex 31.5071 -28.4955 7.57484
      vertex 31.3473 28.7354 7.17914
    endloop
  endfacet
  facet normal -0.927202 -0.000195028 0.374561
    outer loop
      vertex 31.5071 -28.4955 7.57484
      vertex 31.3473 -28.7354 7.17914
      vertex 31.353 -28.7354 7.19325
    endloop
  endfacet
  facet normal -0.951082 0 0.308937
    outer loop
      vertex 31.5447 28.4464 7.66775
      vertex 31.7075 -28.2335 8.16894
      vertex 31.7075 28.2335 8.16894
    endloop
  endfacet
  facet normal -0.951082 0 0.308937
    outer loop
      vertex 31.7075 -28.2335 8.16894
      vertex 31.5447 28.4464 7.66775
      vertex 31.5447 -28.4464 7.66775
    endloop
  endfacet
  facet normal -0.98481 0 0.173633
    outer loop
      vertex 31.835 28.0718 8.68027
      vertex 31.9265 -27.9705 9.19924
      vertex 31.9265 27.9705 9.19924
    endloop
  endfacet
  facet normal -0.98481 0 0.173633
    outer loop
      vertex 31.9265 -27.9705 9.19924
      vertex 31.835 28.0718 8.68027
      vertex 31.835 -28.0718 8.68027
    endloop
  endfacet
  facet normal -0.694636 0 0.719361
    outer loop
      vertex 29.5019 28.7354 4.63926
      vertex 29.881 -28.7354 5.00533
      vertex 29.881 28.7354 5.00533
    endloop
  endfacet
  facet normal -0.694636 0 0.719361
    outer loop
      vertex 29.881 -28.7354 5.00533
      vertex 29.5019 28.7354 4.63926
      vertex 29.5019 -28.7354 4.63926
    endloop
  endfacet
  facet normal -0.829025 0 0.559211
    outer loop
      vertex 30.5581 -28.7354 5.81222
      vertex 30.8528 28.7354 6.24911
      vertex 30.5581 28.7354 5.81222
    endloop
  endfacet
  facet normal -0.829025 0 0.559211
    outer loop
      vertex 30.8528 28.7354 6.24911
      vertex 30.5581 -28.7354 5.81222
      vertex 30.8528 -28.7354 6.24911
    endloop
  endfacet
  facet normal -0.207944 0 0.978141
    outer loop
      vertex 25.904 -3.18371 2.84508
      vertex 26.2765 -28.7354 2.92427
      vertex 26.2765 -2.98028 2.92427
    endloop
  endfacet
  facet normal -0.20781 2.0289e-06 0.978169
    outer loop
      vertex 25.761 -3.23701 2.8147
      vertex 26.2765 -28.7354 2.92427
      vertex 25.904 -3.18371 2.84508
    endloop
  endfacet
  facet normal -0.207906 0 0.978149
    outer loop
      vertex 26.2765 -28.7354 2.92427
      vertex 25.761 -3.23701 2.8147
      vertex 25.761 -28.7354 2.8147
    endloop
  endfacet
  facet normal -0.207944 0 0.978141
    outer loop
      vertex 26.2765 28.7354 2.92427
      vertex 25.904 3.18371 2.84508
      vertex 26.2765 2.98028 2.92427
    endloop
  endfacet
  facet normal -0.207906 0 0.978149
    outer loop
      vertex 25.761 3.23701 2.8147
      vertex 26.2765 28.7354 2.92427
      vertex 25.761 28.7354 2.8147
    endloop
  endfacet
  facet normal -0.20781 -2.0289e-06 0.978169
    outer loop
      vertex 26.2765 28.7354 2.92427
      vertex 25.761 3.23701 2.8147
      vertex 25.904 3.18371 2.84508
    endloop
  endfacet
  facet normal -0.341933 0 0.939725
    outer loop
      vertex 27.0951 -2.29201 3.1831
      vertex 27.2783 -28.7354 3.24976
      vertex 27.2783 -2.04734 3.24976
    endloop
  endfacet
  facet normal -0.342076 -1.12387e-06 0.939672
    outer loop
      vertex 26.7831 -2.60406 3.06952
      vertex 27.2783 -28.7354 3.24976
      vertex 27.0951 -2.29201 3.1831
    endloop
  endfacet
  facet normal -0.342023 0 0.939691
    outer loop
      vertex 27.2783 -28.7354 3.24976
      vertex 26.7831 -2.60406 3.06952
      vertex 26.7831 -28.7354 3.06952
    endloop
  endfacet
  facet normal -0.341933 0 0.939725
    outer loop
      vertex 27.2783 28.7354 3.24976
      vertex 27.0951 2.29201 3.1831
      vertex 27.2783 2.04734 3.24976
    endloop
  endfacet
  facet normal -0.342023 0 0.939691
    outer loop
      vertex 26.7831 2.60406 3.06952
      vertex 27.2783 28.7354 3.24976
      vertex 26.7831 28.7354 3.06952
    endloop
  endfacet
  facet normal -0.342076 1.12387e-06 0.939672
    outer loop
      vertex 27.2783 28.7354 3.24976
      vertex 26.7831 2.60406 3.06952
      vertex 27.0951 2.29201 3.1831
    endloop
  endfacet
  facet normal -0.587816 0 0.808995
    outer loop
      vertex 28.6719 28.7354 3.99077
      vertex 29.0982 -28.7354 4.30052
      vertex 29.0982 28.7354 4.30052
    endloop
  endfacet
  facet normal -0.587816 0 0.808995
    outer loop
      vertex 29.0982 -28.7354 4.30052
      vertex 28.6719 28.7354 3.99077
      vertex 28.6719 -28.7354 3.99077
    endloop
  endfacet
  facet normal -0.529927 0 0.848043
    outer loop
      vertex 28.225 28.7354 3.71151
      vertex 28.6719 -28.7354 3.99077
      vertex 28.6719 28.7354 3.99077
    endloop
  endfacet
  facet normal -0.529927 0 0.848043
    outer loop
      vertex 28.6719 -28.7354 3.99077
      vertex 28.225 28.7354 3.71151
      vertex 28.225 -28.7354 3.71151
    endloop
  endfacet
  facet normal 0.970291 -0 0.241942
    outer loop
      vertex 17.065 -28.7354 8.68027
      vertex 17.1925 28.7354 8.16894
      vertex 17.065 28.7354 8.68027
    endloop
  endfacet
  facet normal 0.970291 0 0.241942
    outer loop
      vertex 17.1925 28.7354 8.16894
      vertex 17.065 -28.7354 8.68027
      vertex 17.1925 -28.7354 8.16894
    endloop
  endfacet
  facet normal 0.927191 -0 0.374588
    outer loop
      vertex 17.3553 -28.7354 7.66775
      vertex 17.5527 28.7354 7.17914
      vertex 17.3553 28.7354 7.66775
    endloop
  endfacet
  facet normal 0.927191 0 0.374588
    outer loop
      vertex 17.5527 28.7354 7.17914
      vertex 17.3553 -28.7354 7.66775
      vertex 17.5527 -28.7354 7.17914
    endloop
  endfacet
  facet normal 0.866018 -0 0.500013
    outer loop
      vertex 17.7837 -28.7354 6.70549
      vertex 18.0472 28.7354 6.24911
      vertex 17.7837 28.7354 6.70549
    endloop
  endfacet
  facet normal 0.866018 0 0.500013
    outer loop
      vertex 18.0472 28.7354 6.24911
      vertex 17.7837 -28.7354 6.70549
      vertex 18.0472 -28.7354 6.24911
    endloop
  endfacet
  facet normal 0.74316 -0 0.669114
    outer loop
      vertex 18.6664 -28.7354 5.39695
      vertex 19.019 28.7354 5.00533
      vertex 18.6664 28.7354 5.39695
    endloop
  endfacet
  facet normal 0.74316 0 0.669114
    outer loop
      vertex 19.019 28.7354 5.00533
      vertex 18.6664 -28.7354 5.39695
      vertex 19.019 -28.7354 5.00533
    endloop
  endfacet
  facet normal 0.78796 -0 0.615727
    outer loop
      vertex 18.3419 -28.7354 5.81222
      vertex 18.6664 28.7354 5.39695
      vertex 18.3419 28.7354 5.81222
    endloop
  endfacet
  facet normal 0.78796 0 0.615727
    outer loop
      vertex 18.6664 28.7354 5.39695
      vertex 18.3419 -28.7354 5.81222
      vertex 18.6664 -28.7354 5.39695
    endloop
  endfacet
  facet normal 0.275782 -3.6447e-06 0.96122
    outer loop
      vertex 22.1169 -28.7354 3.06952
      vertex 22.6235 -2.98028 2.92427
      vertex 22.5578 -2.94439 2.94312
    endloop
  endfacet
  facet normal 0.275613 -5.19792e-07 0.961269
    outer loop
      vertex 22.1169 -28.7354 3.06952
      vertex 22.5578 -2.94439 2.94312
      vertex 22.158 -2.64512 3.05775
    endloop
  endfacet
  facet normal 0.275308 -0 0.961356
    outer loop
      vertex 22.1169 -28.7354 3.06952
      vertex 22.158 -2.64512 3.05775
      vertex 22.1169 -2.60406 3.06952
    endloop
  endfacet
  facet normal 0.275611 0 0.961269
    outer loop
      vertex 22.6235 -2.98028 2.92427
      vertex 22.1169 -28.7354 3.06952
      vertex 22.6235 -28.7354 2.92427
    endloop
  endfacet
  facet normal 0.275611 0 0.961269
    outer loop
      vertex 22.1169 28.7354 3.06952
      vertex 22.6235 2.98028 2.92427
      vertex 22.6235 28.7354 2.92427
    endloop
  endfacet
  facet normal 0.275782 3.6447e-06 0.96122
    outer loop
      vertex 22.6235 2.98028 2.92427
      vertex 22.1169 28.7354 3.06952
      vertex 22.5578 2.94439 2.94312
    endloop
  endfacet
  facet normal 0.275613 5.19792e-07 0.961269
    outer loop
      vertex 22.5578 2.94439 2.94312
      vertex 22.1169 28.7354 3.06952
      vertex 22.158 2.64512 3.05775
    endloop
  endfacet
  facet normal 0.275308 0 0.961356
    outer loop
      vertex 22.158 2.64512 3.05775
      vertex 22.1169 28.7354 3.06952
      vertex 22.1169 2.60406 3.06952
    endloop
  endfacet
  facet normal 0.342076 -1.12387e-06 0.939672
    outer loop
      vertex 21.6217 -28.7354 3.24976
      vertex 22.1169 -2.60406 3.06952
      vertex 21.8049 -2.29201 3.1831
    endloop
  endfacet
  facet normal 0.341933 -0 0.939725
    outer loop
      vertex 21.6217 -28.7354 3.24976
      vertex 21.8049 -2.29201 3.1831
      vertex 21.6217 -2.04734 3.24976
    endloop
  endfacet
  facet normal 0.342023 0 0.939691
    outer loop
      vertex 22.1169 -2.60406 3.06952
      vertex 21.6217 -28.7354 3.24976
      vertex 22.1169 -28.7354 3.06952
    endloop
  endfacet
  facet normal 0.342023 0 0.939691
    outer loop
      vertex 21.6217 28.7354 3.24976
      vertex 22.1169 2.60406 3.06952
      vertex 22.1169 28.7354 3.06952
    endloop
  endfacet
  facet normal 0.342076 1.12387e-06 0.939672
    outer loop
      vertex 22.1169 2.60406 3.06952
      vertex 21.6217 28.7354 3.24976
      vertex 21.8049 2.29201 3.1831
    endloop
  endfacet
  facet normal 0.341933 0 0.939725
    outer loop
      vertex 21.8049 2.29201 3.1831
      vertex 21.6217 28.7354 3.24976
      vertex 21.6217 2.04734 3.24976
    endloop
  endfacet
  facet normal 0.20781 2.0289e-06 0.978169
    outer loop
      vertex 22.6235 -28.7354 2.92427
      vertex 23.139 -3.23701 2.8147
      vertex 22.996 -3.18371 2.84508
    endloop
  endfacet
  facet normal 0.207944 -0 0.978141
    outer loop
      vertex 22.6235 -28.7354 2.92427
      vertex 22.996 -3.18371 2.84508
      vertex 22.6235 -2.98028 2.92427
    endloop
  endfacet
  facet normal 0.207906 0 0.978149
    outer loop
      vertex 23.139 -3.23701 2.8147
      vertex 22.6235 -28.7354 2.92427
      vertex 23.139 -28.7354 2.8147
    endloop
  endfacet
  facet normal 0.207906 0 0.978149
    outer loop
      vertex 22.6235 28.7354 2.92427
      vertex 23.139 3.23701 2.8147
      vertex 23.139 28.7354 2.8147
    endloop
  endfacet
  facet normal 0.20781 -2.0289e-06 0.978169
    outer loop
      vertex 23.139 3.23701 2.8147
      vertex 22.6235 28.7354 2.92427
      vertex 22.996 3.18371 2.84508
    endloop
  endfacet
  facet normal 0.207944 0 0.978141
    outer loop
      vertex 22.996 3.18371 2.84508
      vertex 22.6235 28.7354 2.92427
      vertex 22.6235 2.98028 2.92427
    endloop
  endfacet
  facet normal 0.587816 0 0.808995
    outer loop
      vertex 19.8018 28.7354 4.30052
      vertex 20.2281 -28.7354 3.99077
      vertex 20.2281 28.7354 3.99077
    endloop
  endfacet
  facet normal 0.587816 0 0.808995
    outer loop
      vertex 20.2281 -28.7354 3.99077
      vertex 19.8018 28.7354 4.30052
      vertex 19.8018 -28.7354 4.30052
    endloop
  endfacet
  facet normal -0.984806 0 -0.173655
    outer loop
      vertex 31.9265 -27.9705 11.3008
      vertex 31.835 28.0718 11.8197
      vertex 31.9265 27.9705 11.3008
    endloop
  endfacet
  facet normal -0.984806 -0 -0.173655
    outer loop
      vertex 31.835 28.0718 11.8197
      vertex 31.9265 -27.9705 11.3008
      vertex 31.835 -28.0718 11.8197
    endloop
  endfacet
  facet normal 0.99939 0 -0.0349132
    outer loop
      vertex 16.9184 -28.7354 10.7767
      vertex 16.9 28.7354 10.25
      vertex 16.9184 28.7354 10.7767
    endloop
  endfacet
  facet normal 0.99939 0 -0.0349132
    outer loop
      vertex 16.9 28.7354 10.25
      vertex 16.9184 -28.7354 10.7767
      vertex 16.9 -28.7354 10.25
    endloop
  endfacet
  facet normal -0.74316 0 0.669114
    outer loop
      vertex 29.881 -28.7354 5.00533
      vertex 30.2336 28.7354 5.39695
      vertex 29.881 28.7354 5.00533
    endloop
  endfacet
  facet normal -0.74316 0 0.669114
    outer loop
      vertex 30.2336 28.7354 5.39695
      vertex 29.881 -28.7354 5.00533
      vertex 30.2336 -28.7354 5.39695
    endloop
  endfacet
  facet normal -0.406683 0 0.913569
    outer loop
      vertex 27.6337 -1.45395 3.40801
      vertex 27.7597 -28.7354 3.4641
      vertex 27.7597 -1.11616 3.4641
    endloop
  endfacet
  facet normal -0.406758 -4.11139e-07 0.913536
    outer loop
      vertex 27.3944 -1.89224 3.30146
      vertex 27.7597 -28.7354 3.4641
      vertex 27.6337 -1.45395 3.40801
    endloop
  endfacet
  facet normal -0.406794 -1.00934e-06 0.91352
    outer loop
      vertex 27.2783 -2.04734 3.24976
      vertex 27.7597 -28.7354 3.4641
      vertex 27.3944 -1.89224 3.30146
    endloop
  endfacet
  facet normal -0.406748 0 0.913541
    outer loop
      vertex 27.7597 -28.7354 3.4641
      vertex 27.2783 -2.04734 3.24976
      vertex 27.2783 -28.7354 3.24976
    endloop
  endfacet
  facet normal -0.406683 0 0.913569
    outer loop
      vertex 27.7597 28.7354 3.4641
      vertex 27.6337 1.45395 3.40801
      vertex 27.7597 1.11616 3.4641
    endloop
  endfacet
  facet normal -0.406758 4.11139e-07 0.913536
    outer loop
      vertex 27.7597 28.7354 3.4641
      vertex 27.3944 1.89224 3.30146
      vertex 27.6337 1.45395 3.40801
    endloop
  endfacet
  facet normal -0.406748 0 0.913541
    outer loop
      vertex 27.2783 2.04734 3.24976
      vertex 27.7597 28.7354 3.4641
      vertex 27.2783 28.7354 3.24976
    endloop
  endfacet
  facet normal -0.406794 1.00934e-06 0.91352
    outer loop
      vertex 27.7597 28.7354 3.4641
      vertex 27.2783 2.04734 3.24976
      vertex 27.3944 1.89224 3.30146
    endloop
  endfacet
  facet normal 0.898805 -0 0.438349
    outer loop
      vertex 17.5527 -28.7354 7.17914
      vertex 17.7837 28.7354 6.70549
      vertex 17.5527 28.7354 7.17914
    endloop
  endfacet
  facet normal 0.898805 0 0.438349
    outer loop
      vertex 17.7837 28.7354 6.70549
      vertex 17.5527 -28.7354 7.17914
      vertex 17.7837 -28.7354 6.70549
    endloop
  endfacet
  facet normal -0.994519 0 -0.104556
    outer loop
      vertex 31.9816 -27.9095 10.7767
      vertex 31.9265 27.9705 11.3008
      vertex 31.9816 27.9095 10.7767
    endloop
  endfacet
  facet normal -0.994519 -0 -0.104556
    outer loop
      vertex 31.9265 27.9705 11.3008
      vertex 31.9816 -27.9095 10.7767
      vertex 31.9265 -27.9705 11.3008
    endloop
  endfacet
  facet normal 0.994519 0 -0.104556
    outer loop
      vertex 16.9735 -28.7354 11.3008
      vertex 16.9184 28.7354 10.7767
      vertex 16.9735 28.7354 11.3008
    endloop
  endfacet
  facet normal 0.994519 0 -0.104556
    outer loop
      vertex 16.9184 28.7354 10.7767
      vertex 16.9735 -28.7354 11.3008
      vertex 16.9184 -28.7354 10.7767
    endloop
  endfacet
  facet normal -0.970326 0 0.241802
    outer loop
      vertex 31.8094 28.1002 8.57754
      vertex 31.835 -28.0718 8.68027
      vertex 31.835 28.0718 8.68027
    endloop
  endfacet
  facet normal -0.970282 0 0.241977
    outer loop
      vertex 31.8094 -28.1002 8.57754
      vertex 31.8094 28.1002 8.57754
      vertex 31.7075 28.2335 8.16894
    endloop
  endfacet
  facet normal -0.970326 0 0.241802
    outer loop
      vertex 31.8094 28.1002 8.57754
      vertex 31.8094 -28.1002 8.57754
      vertex 31.835 -28.0718 8.68027
    endloop
  endfacet
  facet normal -0.970282 0 0.241977
    outer loop
      vertex 31.8094 -28.1002 8.57754
      vertex 31.7075 28.2335 8.16894
      vertex 31.7075 -28.2335 8.16894
    endloop
  endfacet
  facet normal -0.970364 0 -0.241647
    outer loop
      vertex 31.835 -28.0718 11.8197
      vertex 31.8094 28.1002 11.9225
      vertex 31.835 28.0718 11.8197
    endloop
  endfacet
  facet normal -0.970364 0 -0.241647
    outer loop
      vertex 31.8094 -28.1002 11.9225
      vertex 31.8094 28.1002 11.9225
      vertex 31.835 -28.0718 11.8197
    endloop
  endfacet
  facet normal -0.970396 -0 -0.241521
    outer loop
      vertex 31.8094 28.1002 11.9225
      vertex 31.8094 -28.1002 11.9225
      vertex 31.7926 28.1222 11.99
    endloop
  endfacet
  facet normal -0.970396 -0 -0.241521
    outer loop
      vertex 31.7926 28.1222 11.99
      vertex 31.8094 -28.1002 11.9225
      vertex 31.7926 -28.1222 11.99
    endloop
  endfacet
  facet normal 0.970377 0 -0.241597
    outer loop
      vertex 17.1074 -28.7354 11.99
      vertex 17.065 28.7354 11.8197
      vertex 17.1074 28.7354 11.99
    endloop
  endfacet
  facet normal 0.970377 0 -0.241597
    outer loop
      vertex 17.065 28.7354 11.8197
      vertex 17.1074 -28.7354 11.99
      vertex 17.065 -28.7354 11.8197
    endloop
  endfacet
  facet normal 0.984806 0 -0.173655
    outer loop
      vertex 17.065 -28.7354 11.8197
      vertex 16.9735 28.7354 11.3008
      vertex 17.065 28.7354 11.8197
    endloop
  endfacet
  facet normal 0.984806 0 -0.173655
    outer loop
      vertex 16.9735 28.7354 11.3008
      vertex 17.065 -28.7354 11.8197
      vertex 16.9735 -28.7354 11.3008
    endloop
  endfacet
  facet normal -0.599256 -0.800557 0
    outer loop
      vertex -22.158 2.64512 0
      vertex -22.5578 2.94439 2.94312
      vertex -22.5578 2.94439 0
    endloop
  endfacet
  facet normal -0.599256 -0.800557 0
    outer loop
      vertex -22.5578 2.94439 2.94312
      vertex -22.158 2.64512 0
      vertex -22.158 2.64512 3.05775
    endloop
  endfacet
  facet normal -0.977126 0.212662 0
    outer loop
      vertex -21.0918 -0.986063 3.4899
      vertex -20.9856 -0.498101 0
      vertex -21.0918 -0.986063 0
    endloop
  endfacet
  facet normal -0.977126 0.212662 0
    outer loop
      vertex -20.9856 -0.498101 0
      vertex -21.0918 -0.986063 3.4899
      vertex -20.9856 -0.498101 3.54635
    endloop
  endfacet
  facet normal 0.349451 0.936955 0
    outer loop
      vertex -25.904 -3.18371 0
      vertex -25.4361 -3.35822 2.76903
      vertex -25.4361 -3.35822 0
    endloop
  endfacet
  facet normal 0.349535 0.936923 -1.61337e-05
    outer loop
      vertex -25.4361 -3.35822 2.76903
      vertex -25.904 -3.18371 0
      vertex -25.761 -3.23701 2.8147
    endloop
  endfacet
  facet normal 0.349256 0.937027 0
    outer loop
      vertex -25.761 -3.23701 2.8147
      vertex -25.904 -3.18371 0
      vertex -25.904 -3.18371 2.84508
    endloop
  endfacet
  facet normal 0.212551 -0.97715 0
    outer loop
      vertex -25.4361 3.35822 0
      vertex -25.2392 3.40105 2.74136
      vertex -25.4361 3.35822 2.76903
    endloop
  endfacet
  facet normal 0.21255 -0.97715 1.27928e-07
    outer loop
      vertex -25.4361 3.35822 0
      vertex -24.9481 3.46437 2.721
      vertex -25.2392 3.40105 2.74136
    endloop
  endfacet
  facet normal 0.21255 -0.97715 0
    outer loop
      vertex -24.9481 3.46437 2.721
      vertex -25.4361 3.35822 0
      vertex -24.9481 3.46437 0
    endloop
  endfacet
  facet normal 0.8777 -0.479211 0
    outer loop
      vertex -27.6337 1.45395 0
      vertex -27.3944 1.89224 3.30146
      vertex -27.6337 1.45395 3.40801
    endloop
  endfacet
  facet normal 0.8777 -0.479211 0
    outer loop
      vertex -27.3944 1.89224 3.30146
      vertex -27.6337 1.45395 0
      vertex -27.3944 1.89224 0
    endloop
  endfacet
  facet normal -0.937006 0.349315 0
    outer loop
      vertex -21.0918 -0.986063 0
      vertex -21.1403 -1.11616 3.4641
      vertex -21.0918 -0.986063 3.4899
    endloop
  endfacet
  facet normal -0.936958 0.349442 0
    outer loop
      vertex -21.2663 -1.45395 3.40801
      vertex -21.0918 -0.986063 0
      vertex -21.2663 -1.45395 0
    endloop
  endfacet
  facet normal -0.93694 0.349489 7.48559e-06
    outer loop
      vertex -21.0918 -0.986063 0
      vertex -21.2663 -1.45395 3.40801
      vertex -21.1403 -1.11616 3.4641
    endloop
  endfacet
  facet normal 0.937006 0.349315 0
    outer loop
      vertex -27.7597 -1.11616 3.4641
      vertex -27.8082 -0.986063 0
      vertex -27.8082 -0.986063 3.4899
    endloop
  endfacet
  facet normal 0.93694 0.349489 7.48559e-06
    outer loop
      vertex -27.6337 -1.45395 3.40801
      vertex -27.8082 -0.986063 0
      vertex -27.7597 -1.11616 3.4641
    endloop
  endfacet
  facet normal 0.936958 0.349442 0
    outer loop
      vertex -27.8082 -0.986063 0
      vertex -27.6337 -1.45395 3.40801
      vertex -27.6337 -1.45395 0
    endloop
  endfacet
  facet normal 0.479318 0.877641 0
    outer loop
      vertex -26.3422 -2.94439 0
      vertex -25.904 -3.18371 2.84508
      vertex -25.904 -3.18371 0
    endloop
  endfacet
  facet normal 0.479303 0.877649 2.9461e-06
    outer loop
      vertex -25.904 -3.18371 2.84508
      vertex -26.3422 -2.94439 0
      vertex -26.2765 -2.98028 2.92427
    endloop
  endfacet
  facet normal 0.479404 0.877594 0
    outer loop
      vertex -26.2765 -2.98028 2.92427
      vertex -26.3422 -2.94439 0
      vertex -26.3422 -2.94439 2.94312
    endloop
  endfacet
  facet normal -0.8777 -0.479211 0
    outer loop
      vertex -21.2663 1.45395 0
      vertex -21.5056 1.89224 3.30146
      vertex -21.5056 1.89224 0
    endloop
  endfacet
  facet normal -0.8777 -0.479211 0
    outer loop
      vertex -21.5056 1.89224 3.30146
      vertex -21.2663 1.45395 0
      vertex -21.2663 1.45395 3.40801
    endloop
  endfacet
  facet normal -0.977126 -0.212662 0
    outer loop
      vertex -20.9856 0.498101 0
      vertex -21.0918 0.986063 3.4899
      vertex -21.0918 0.986063 0
    endloop
  endfacet
  facet normal -0.977126 -0.212662 0
    outer loop
      vertex -21.0918 0.986063 3.4899
      vertex -20.9856 0.498101 0
      vertex -20.9856 0.498101 3.54635
    endloop
  endfacet
  facet normal -0.800507 -0.599324 0
    outer loop
      vertex -21.5056 1.89224 0
      vertex -21.8049 2.29201 3.1831
      vertex -21.8049 2.29201 0
    endloop
  endfacet
  facet normal -0.800476 -0.599365 8.0827e-06
    outer loop
      vertex -21.8049 2.29201 3.1831
      vertex -21.5056 1.89224 0
      vertex -21.6217 2.04734 3.24976
    endloop
  endfacet
  facet normal -0.800557 -0.599256 0
    outer loop
      vertex -21.6217 2.04734 3.24976
      vertex -21.5056 1.89224 0
      vertex -21.5056 1.89224 3.30146
    endloop
  endfacet
  facet normal -0.707117 -0.707097 0
    outer loop
      vertex -21.8049 2.29201 0
      vertex -22.158 2.64512 3.05775
      vertex -22.158 2.64512 0
    endloop
  endfacet
  facet normal -0.706774 -0.70744 7.92011e-05
    outer loop
      vertex -22.158 2.64512 3.05775
      vertex -21.8049 2.29201 0
      vertex -22.1169 2.60406 3.06952
    endloop
  endfacet
  facet normal -0.707163 -0.70705 0
    outer loop
      vertex -22.1169 2.60406 3.06952
      vertex -21.8049 2.29201 0
      vertex -21.8049 2.29201 3.1831
    endloop
  endfacet
  facet normal -0.349451 -0.936955 0
    outer loop
      vertex -22.996 3.18371 0
      vertex -23.4639 3.35822 2.76903
      vertex -23.4639 3.35822 0
    endloop
  endfacet
  facet normal -0.349535 -0.936923 -1.61337e-05
    outer loop
      vertex -23.4639 3.35822 2.76903
      vertex -22.996 3.18371 0
      vertex -23.139 3.23701 2.8147
    endloop
  endfacet
  facet normal -0.349256 -0.937027 0
    outer loop
      vertex -23.139 3.23701 2.8147
      vertex -22.996 3.18371 0
      vertex -22.996 3.18371 2.84508
    endloop
  endfacet
  facet normal -0.0713547 -0.997451 -0
    outer loop
      vertex -24.45 3.5 2.7046
      vertex -24.45 3.5 0
      vertex -24.1865 3.48115 2.7046
    endloop
  endfacet
  facet normal -0.0713495 -0.997451 -5.03479e-07
    outer loop
      vertex -23.9519 3.46437 0
      vertex -24.1865 3.48115 2.7046
      vertex -24.45 3.5 0
    endloop
  endfacet
  facet normal -0.0713437 -0.997452 0
    outer loop
      vertex -24.1865 3.48115 2.7046
      vertex -23.9519 3.46437 0
      vertex -23.9519 3.46437 2.721
    endloop
  endfacet
  facet normal 0.997456 -0.0712896 0
    outer loop
      vertex -27.95 0 0
      vertex -27.9144 0.498101 3.54635
      vertex -27.95 0 3.56529
    endloop
  endfacet
  facet normal 0.997456 -0.0712896 0
    outer loop
      vertex -27.9144 0.498101 3.54635
      vertex -27.95 0 0
      vertex -27.9144 0.498101 0
    endloop
  endfacet
  facet normal 0.706774 -0.70744 7.92011e-05
    outer loop
      vertex -27.0951 2.29201 0
      vertex -26.742 2.64512 3.05775
      vertex -26.7831 2.60406 3.06952
    endloop
  endfacet
  facet normal 0.707163 -0.70705 0
    outer loop
      vertex -27.0951 2.29201 0
      vertex -26.7831 2.60406 3.06952
      vertex -27.0951 2.29201 3.1831
    endloop
  endfacet
  facet normal 0.707117 -0.707097 0
    outer loop
      vertex -26.742 2.64512 3.05775
      vertex -27.0951 2.29201 0
      vertex -26.742 2.64512 0
    endloop
  endfacet
  facet normal 0.0713437 -0.997452 0
    outer loop
      vertex -24.9481 3.46437 0
      vertex -24.7135 3.48115 2.7046
      vertex -24.9481 3.46437 2.721
    endloop
  endfacet
  facet normal 0.0713495 -0.997451 -5.03479e-07
    outer loop
      vertex -24.45 3.5 0
      vertex -24.7135 3.48115 2.7046
      vertex -24.9481 3.46437 0
    endloop
  endfacet
  facet normal 0.0713547 -0.997451 0
    outer loop
      vertex -24.7135 3.48115 2.7046
      vertex -24.45 3.5 0
      vertex -24.45 3.5 2.7046
    endloop
  endfacet
  facet normal 0.599256 -0.800557 0
    outer loop
      vertex -26.742 2.64512 0
      vertex -26.3422 2.94439 2.94312
      vertex -26.742 2.64512 3.05775
    endloop
  endfacet
  facet normal 0.599256 -0.800557 0
    outer loop
      vertex -26.3422 2.94439 2.94312
      vertex -26.742 2.64512 0
      vertex -26.3422 2.94439 0
    endloop
  endfacet
  facet normal -0.997456 0.0712896 0
    outer loop
      vertex -20.9856 -0.498101 3.54635
      vertex -20.95 0 0
      vertex -20.9856 -0.498101 0
    endloop
  endfacet
  facet normal -0.997456 0.0712896 0
    outer loop
      vertex -20.95 0 0
      vertex -20.9856 -0.498101 3.54635
      vertex -20.95 0 3.56529
    endloop
  endfacet
  facet normal -0.349256 0.937027 0
    outer loop
      vertex -22.996 -3.18371 0
      vertex -23.139 -3.23701 2.8147
      vertex -22.996 -3.18371 2.84508
    endloop
  endfacet
  facet normal -0.349535 0.936923 -1.61337e-05
    outer loop
      vertex -22.996 -3.18371 0
      vertex -23.4639 -3.35822 2.76903
      vertex -23.139 -3.23701 2.8147
    endloop
  endfacet
  facet normal -0.349451 0.936955 0
    outer loop
      vertex -23.4639 -3.35822 2.76903
      vertex -22.996 -3.18371 0
      vertex -23.4639 -3.35822 0
    endloop
  endfacet
  facet normal -0.800557 0.599256 0
    outer loop
      vertex -21.5056 -1.89224 0
      vertex -21.6217 -2.04734 3.24976
      vertex -21.5056 -1.89224 3.30146
    endloop
  endfacet
  facet normal -0.800507 0.599324 0
    outer loop
      vertex -21.8049 -2.29201 3.1831
      vertex -21.5056 -1.89224 0
      vertex -21.8049 -2.29201 0
    endloop
  endfacet
  facet normal -0.800476 0.599365 8.0827e-06
    outer loop
      vertex -21.5056 -1.89224 0
      vertex -21.8049 -2.29201 3.1831
      vertex -21.6217 -2.04734 3.24976
    endloop
  endfacet
  facet normal 0.212549 0.97715 -0
    outer loop
      vertex -24.9481 -3.46437 0
      vertex -25.2392 -3.40105 2.74136
      vertex -24.9481 -3.46437 2.721
    endloop
  endfacet
  facet normal 0.21255 0.97715 7.66946e-08
    outer loop
      vertex -25.4361 -3.35822 0
      vertex -25.2392 -3.40105 2.74136
      vertex -24.9481 -3.46437 0
    endloop
  endfacet
  facet normal 0.212551 0.97715 0
    outer loop
      vertex -25.2392 -3.40105 2.74136
      vertex -25.4361 -3.35822 0
      vertex -25.4361 -3.35822 2.76903
    endloop
  endfacet
  facet normal 0.707163 0.70705 0
    outer loop
      vertex -26.7831 -2.60406 3.06952
      vertex -27.0951 -2.29201 0
      vertex -27.0951 -2.29201 3.1831
    endloop
  endfacet
  facet normal 0.706774 0.70744 7.92011e-05
    outer loop
      vertex -26.742 -2.64512 3.05775
      vertex -27.0951 -2.29201 0
      vertex -26.7831 -2.60406 3.06952
    endloop
  endfacet
  facet normal 0.707117 0.707097 0
    outer loop
      vertex -27.0951 -2.29201 0
      vertex -26.742 -2.64512 3.05775
      vertex -26.742 -2.64512 0
    endloop
  endfacet
  facet normal 0.8777 0.479211 0
    outer loop
      vertex -27.3944 -1.89224 3.30146
      vertex -27.6337 -1.45395 0
      vertex -27.6337 -1.45395 3.40801
    endloop
  endfacet
  facet normal 0.8777 0.479211 0
    outer loop
      vertex -27.6337 -1.45395 0
      vertex -27.3944 -1.89224 3.30146
      vertex -27.3944 -1.89224 0
    endloop
  endfacet
  facet normal 0.997456 0.0712896 0
    outer loop
      vertex -27.9144 -0.498101 3.54635
      vertex -27.95 0 0
      vertex -27.95 0 3.56529
    endloop
  endfacet
  facet normal 0.997456 0.0712896 0
    outer loop
      vertex -27.95 0 0
      vertex -27.9144 -0.498101 3.54635
      vertex -27.9144 -0.498101 0
    endloop
  endfacet
  facet normal 0.800557 0.599256 0
    outer loop
      vertex -27.2783 -2.04734 3.24976
      vertex -27.3944 -1.89224 0
      vertex -27.3944 -1.89224 3.30146
    endloop
  endfacet
  facet normal 0.800476 0.599365 8.0827e-06
    outer loop
      vertex -27.0951 -2.29201 3.1831
      vertex -27.3944 -1.89224 0
      vertex -27.2783 -2.04734 3.24976
    endloop
  endfacet
  facet normal 0.800507 0.599324 0
    outer loop
      vertex -27.3944 -1.89224 0
      vertex -27.0951 -2.29201 3.1831
      vertex -27.0951 -2.29201 0
    endloop
  endfacet
  facet normal -0.936958 -0.349442 0
    outer loop
      vertex -21.0918 0.986063 0
      vertex -21.2663 1.45395 3.40801
      vertex -21.2663 1.45395 0
    endloop
  endfacet
  facet normal -0.93694 -0.349489 7.48559e-06
    outer loop
      vertex -21.2663 1.45395 3.40801
      vertex -21.0918 0.986063 0
      vertex -21.1403 1.11616 3.4641
    endloop
  endfacet
  facet normal -0.937006 -0.349315 0
    outer loop
      vertex -21.1403 1.11616 3.4641
      vertex -21.0918 0.986063 0
      vertex -21.0918 0.986063 3.4899
    endloop
  endfacet
  facet normal -0.479318 -0.877641 0
    outer loop
      vertex -22.5578 2.94439 0
      vertex -22.996 3.18371 2.84508
      vertex -22.996 3.18371 0
    endloop
  endfacet
  facet normal -0.479303 -0.877649 2.9461e-06
    outer loop
      vertex -22.996 3.18371 2.84508
      vertex -22.5578 2.94439 0
      vertex -22.6235 2.98028 2.92427
    endloop
  endfacet
  facet normal -0.479404 -0.877594 0
    outer loop
      vertex -22.6235 2.98028 2.92427
      vertex -22.5578 2.94439 0
      vertex -22.5578 2.94439 2.94312
    endloop
  endfacet
  facet normal -0.212549 -0.97715 0
    outer loop
      vertex -23.9519 3.46437 0
      vertex -23.6608 3.40105 2.74136
      vertex -23.9519 3.46437 2.721
    endloop
  endfacet
  facet normal -0.21255 -0.97715 7.66946e-08
    outer loop
      vertex -23.4639 3.35822 0
      vertex -23.6608 3.40105 2.74136
      vertex -23.9519 3.46437 0
    endloop
  endfacet
  facet normal -0.212551 -0.97715 0
    outer loop
      vertex -23.6608 3.40105 2.74136
      vertex -23.4639 3.35822 0
      vertex -23.4639 3.35822 2.76903
    endloop
  endfacet
  facet normal 0.93694 -0.349489 7.48559e-06
    outer loop
      vertex -27.8082 0.986063 0
      vertex -27.6337 1.45395 3.40801
      vertex -27.7597 1.11616 3.4641
    endloop
  endfacet
  facet normal 0.937006 -0.349315 0
    outer loop
      vertex -27.8082 0.986063 0
      vertex -27.7597 1.11616 3.4641
      vertex -27.8082 0.986063 3.4899
    endloop
  endfacet
  facet normal 0.936958 -0.349442 0
    outer loop
      vertex -27.6337 1.45395 3.40801
      vertex -27.8082 0.986063 0
      vertex -27.6337 1.45395 0
    endloop
  endfacet
  facet normal 0.977126 -0.212662 0
    outer loop
      vertex -27.9144 0.498101 0
      vertex -27.8082 0.986063 3.4899
      vertex -27.9144 0.498101 3.54635
    endloop
  endfacet
  facet normal 0.977126 -0.212662 0
    outer loop
      vertex -27.8082 0.986063 3.4899
      vertex -27.9144 0.498101 0
      vertex -27.8082 0.986063 0
    endloop
  endfacet
  facet normal 0.800476 -0.599365 8.0827e-06
    outer loop
      vertex -27.3944 1.89224 0
      vertex -27.0951 2.29201 3.1831
      vertex -27.2783 2.04734 3.24976
    endloop
  endfacet
  facet normal 0.800557 -0.599256 0
    outer loop
      vertex -27.3944 1.89224 0
      vertex -27.2783 2.04734 3.24976
      vertex -27.3944 1.89224 3.30146
    endloop
  endfacet
  facet normal 0.800507 -0.599324 0
    outer loop
      vertex -27.0951 2.29201 3.1831
      vertex -27.3944 1.89224 0
      vertex -27.0951 2.29201 0
    endloop
  endfacet
  facet normal 0.479404 -0.877594 0
    outer loop
      vertex -26.3422 2.94439 0
      vertex -26.2765 2.98028 2.92427
      vertex -26.3422 2.94439 2.94312
    endloop
  endfacet
  facet normal 0.479303 -0.877649 2.9461e-06
    outer loop
      vertex -26.3422 2.94439 0
      vertex -25.904 3.18371 2.84508
      vertex -26.2765 2.98028 2.92427
    endloop
  endfacet
  facet normal 0.479318 -0.877641 0
    outer loop
      vertex -25.904 3.18371 2.84508
      vertex -26.3422 2.94439 0
      vertex -25.904 3.18371 0
    endloop
  endfacet
  facet normal 0.349256 -0.937027 0
    outer loop
      vertex -25.904 3.18371 0
      vertex -25.761 3.23701 2.8147
      vertex -25.904 3.18371 2.84508
    endloop
  endfacet
  facet normal 0.349535 -0.936923 -1.61337e-05
    outer loop
      vertex -25.904 3.18371 0
      vertex -25.4361 3.35822 2.76903
      vertex -25.761 3.23701 2.8147
    endloop
  endfacet
  facet normal 0.349451 -0.936955 0
    outer loop
      vertex -25.4361 3.35822 2.76903
      vertex -25.904 3.18371 0
      vertex -25.4361 3.35822 0
    endloop
  endfacet
  facet normal -0.997456 -0.0712896 0
    outer loop
      vertex -20.95 0 0
      vertex -20.9856 0.498101 3.54635
      vertex -20.9856 0.498101 0
    endloop
  endfacet
  facet normal -0.997456 -0.0712896 0
    outer loop
      vertex -20.9856 0.498101 3.54635
      vertex -20.95 0 0
      vertex -20.95 0 3.56529
    endloop
  endfacet
  facet normal -0.0713437 0.997452 0
    outer loop
      vertex -23.9519 -3.46437 0
      vertex -24.1865 -3.48115 2.7046
      vertex -23.9519 -3.46437 2.721
    endloop
  endfacet
  facet normal -0.0713495 0.997451 -5.03479e-07
    outer loop
      vertex -24.45 -3.5 0
      vertex -24.1865 -3.48115 2.7046
      vertex -23.9519 -3.46437 0
    endloop
  endfacet
  facet normal -0.0713547 0.997451 0
    outer loop
      vertex -24.1865 -3.48115 2.7046
      vertex -24.45 -3.5 0
      vertex -24.45 -3.5 2.7046
    endloop
  endfacet
  facet normal -0.212551 0.97715 0
    outer loop
      vertex -23.4639 -3.35822 0
      vertex -23.6608 -3.40105 2.74136
      vertex -23.4639 -3.35822 2.76903
    endloop
  endfacet
  facet normal -0.21255 0.97715 1.27928e-07
    outer loop
      vertex -23.4639 -3.35822 0
      vertex -23.9519 -3.46437 2.721
      vertex -23.6608 -3.40105 2.74136
    endloop
  endfacet
  facet normal -0.21255 0.97715 0
    outer loop
      vertex -23.9519 -3.46437 2.721
      vertex -23.4639 -3.35822 0
      vertex -23.9519 -3.46437 0
    endloop
  endfacet
  facet normal -0.707163 0.70705 0
    outer loop
      vertex -21.8049 -2.29201 0
      vertex -22.1169 -2.60406 3.06952
      vertex -21.8049 -2.29201 3.1831
    endloop
  endfacet
  facet normal -0.707117 0.707097 0
    outer loop
      vertex -22.158 -2.64512 3.05775
      vertex -21.8049 -2.29201 0
      vertex -22.158 -2.64512 0
    endloop
  endfacet
  facet normal -0.706774 0.70744 7.92011e-05
    outer loop
      vertex -21.8049 -2.29201 0
      vertex -22.158 -2.64512 3.05775
      vertex -22.1169 -2.60406 3.06952
    endloop
  endfacet
  facet normal -0.479404 0.877594 0
    outer loop
      vertex -22.5578 -2.94439 0
      vertex -22.6235 -2.98028 2.92427
      vertex -22.5578 -2.94439 2.94312
    endloop
  endfacet
  facet normal -0.479303 0.877649 2.9461e-06
    outer loop
      vertex -22.5578 -2.94439 0
      vertex -22.996 -3.18371 2.84508
      vertex -22.6235 -2.98028 2.92427
    endloop
  endfacet
  facet normal -0.479318 0.877641 0
    outer loop
      vertex -22.996 -3.18371 2.84508
      vertex -22.5578 -2.94439 0
      vertex -22.996 -3.18371 0
    endloop
  endfacet
  facet normal -0.8777 0.479211 0
    outer loop
      vertex -21.5056 -1.89224 3.30146
      vertex -21.2663 -1.45395 0
      vertex -21.5056 -1.89224 0
    endloop
  endfacet
  facet normal -0.8777 0.479211 0
    outer loop
      vertex -21.2663 -1.45395 0
      vertex -21.5056 -1.89224 3.30146
      vertex -21.2663 -1.45395 3.40801
    endloop
  endfacet
  facet normal 0.0713547 0.997451 0
    outer loop
      vertex -24.45 -3.5 2.7046
      vertex -24.45 -3.5 0
      vertex -24.7135 -3.48115 2.7046
    endloop
  endfacet
  facet normal 0.0713495 0.997451 -5.03479e-07
    outer loop
      vertex -24.9481 -3.46437 0
      vertex -24.7135 -3.48115 2.7046
      vertex -24.45 -3.5 0
    endloop
  endfacet
  facet normal 0.0713437 0.997452 0
    outer loop
      vertex -24.7135 -3.48115 2.7046
      vertex -24.9481 -3.46437 0
      vertex -24.9481 -3.46437 2.721
    endloop
  endfacet
  facet normal 0.599256 0.800557 0
    outer loop
      vertex -26.742 -2.64512 0
      vertex -26.3422 -2.94439 2.94312
      vertex -26.3422 -2.94439 0
    endloop
  endfacet
  facet normal 0.599256 0.800557 0
    outer loop
      vertex -26.3422 -2.94439 2.94312
      vertex -26.742 -2.64512 0
      vertex -26.742 -2.64512 3.05775
    endloop
  endfacet
  facet normal 0.977126 0.212662 0
    outer loop
      vertex -27.8082 -0.986063 3.4899
      vertex -27.9144 -0.498101 0
      vertex -27.9144 -0.498101 3.54635
    endloop
  endfacet
  facet normal 0.977126 0.212662 0
    outer loop
      vertex -27.9144 -0.498101 0
      vertex -27.8082 -0.986063 3.4899
      vertex -27.8082 -0.986063 0
    endloop
  endfacet
  facet normal -0.599256 0.800557 0
    outer loop
      vertex -22.158 -2.64512 0
      vertex -22.5578 -2.94439 2.94312
      vertex -22.158 -2.64512 3.05775
    endloop
  endfacet
  facet normal -0.599256 0.800557 0
    outer loop
      vertex -22.5578 -2.94439 2.94312
      vertex -22.158 -2.64512 0
      vertex -22.5578 -2.94439 0
    endloop
  endfacet
  facet normal -0.599285 -0.800536 0
    outer loop
      vertex -5.85799 2.64512 0
      vertex -6.25776 2.94439 2.94312
      vertex -6.25776 2.94439 0
    endloop
  endfacet
  facet normal -0.599285 -0.800536 0
    outer loop
      vertex -6.25776 2.94439 2.94312
      vertex -5.85799 2.64512 0
      vertex -5.85799 2.64512 3.05775
    endloop
  endfacet
  facet normal -0.977147 0.212566 0
    outer loop
      vertex -4.79177 -0.986063 3.48991
      vertex -4.68562 -0.498101 0
      vertex -4.79177 -0.986063 0
    endloop
  endfacet
  facet normal -0.977147 0.212566 0
    outer loop
      vertex -4.68562 -0.498101 0
      vertex -4.79177 -0.986063 3.48991
      vertex -4.68562 -0.498101 3.54635
    endloop
  endfacet
  facet normal 0.349457 0.936952 0
    outer loop
      vertex -9.60395 -3.18371 0
      vertex -9.13606 -3.35822 2.76903
      vertex -9.13606 -3.35822 0
    endloop
  endfacet
  facet normal 0.349461 0.936951 -6.98812e-07
    outer loop
      vertex -9.13606 -3.35822 2.76903
      vertex -9.60395 -3.18371 0
      vertex -9.46104 -3.23701 2.8147
    endloop
  endfacet
  facet normal 0.349449 0.936955 0
    outer loop
      vertex -9.46104 -3.23701 2.8147
      vertex -9.60395 -3.18371 0
      vertex -9.60395 -3.18371 2.84508
    endloop
  endfacet
  facet normal 0.212582 -0.977143 0
    outer loop
      vertex -9.13606 3.35822 0
      vertex -8.93919 3.40105 2.74136
      vertex -9.13606 3.35822 2.76903
    endloop
  endfacet
  facet normal 0.212557 -0.977149 1.92057e-06
    outer loop
      vertex -9.13606 3.35822 0
      vertex -8.6481 3.46437 2.721
      vertex -8.93919 3.40105 2.74136
    endloop
  endfacet
  facet normal 0.212567 -0.977147 0
    outer loop
      vertex -8.6481 3.46437 2.721
      vertex -9.13606 3.35822 0
      vertex -8.6481 3.46437 0
    endloop
  endfacet
  facet normal 0.8777 -0.479211 0
    outer loop
      vertex -11.3337 1.45395 0
      vertex -11.0944 1.89224 3.30146
      vertex -11.3337 1.45395 3.40801
    endloop
  endfacet
  facet normal 0.8777 -0.479211 0
    outer loop
      vertex -11.0944 1.89224 3.30146
      vertex -11.3337 1.45395 0
      vertex -11.0944 1.89224 0
    endloop
  endfacet
  facet normal -0.936935 0.349504 0
    outer loop
      vertex -4.79177 -0.986063 0
      vertex -4.8403 -1.11616 3.4641
      vertex -4.79177 -0.986063 3.48991
    endloop
  endfacet
  facet normal -0.936945 0.349477 0
    outer loop
      vertex -4.96629 -1.45395 3.40801
      vertex -4.79177 -0.986063 0
      vertex -4.96629 -1.45395 0
    endloop
  endfacet
  facet normal -0.936949 0.349466 -1.61353e-06
    outer loop
      vertex -4.79177 -0.986063 0
      vertex -4.96629 -1.45395 3.40801
      vertex -4.8403 -1.11616 3.4641
    endloop
  endfacet
  facet normal 0.937006 0.349315 0
    outer loop
      vertex -11.4597 -1.11616 3.4641
      vertex -11.5082 -0.986063 0
      vertex -11.5082 -0.986063 3.4899
    endloop
  endfacet
  facet normal 0.93694 0.349489 7.48559e-06
    outer loop
      vertex -11.3337 -1.45395 3.40801
      vertex -11.5082 -0.986063 0
      vertex -11.4597 -1.11616 3.4641
    endloop
  endfacet
  facet normal 0.936958 0.349442 0
    outer loop
      vertex -11.5082 -0.986063 0
      vertex -11.3337 -1.45395 3.40801
      vertex -11.3337 -1.45395 0
    endloop
  endfacet
  facet normal 0.479276 0.877664 0
    outer loop
      vertex -10.0422 -2.94439 0
      vertex -9.60395 -3.18371 2.84508
      vertex -9.60395 -3.18371 0
    endloop
  endfacet
  facet normal 0.479244 0.877682 6.30334e-06
    outer loop
      vertex -9.60395 -3.18371 2.84508
      vertex -10.0422 -2.94439 0
      vertex -9.97651 -2.98028 2.92427
    endloop
  endfacet
  facet normal 0.47946 0.877564 0
    outer loop
      vertex -9.97651 -2.98028 2.92427
      vertex -10.0422 -2.94439 0
      vertex -10.0422 -2.94439 2.94312
    endloop
  endfacet
  facet normal -0.877683 -0.479242 0
    outer loop
      vertex -4.96629 1.45395 0
      vertex -5.20561 1.89224 3.30146
      vertex -5.20561 1.89224 0
    endloop
  endfacet
  facet normal -0.877683 -0.479242 0
    outer loop
      vertex -5.20561 1.89224 3.30146
      vertex -4.96629 1.45395 0
      vertex -4.96629 1.45395 3.40801
    endloop
  endfacet
  facet normal -0.977147 -0.212566 0
    outer loop
      vertex -4.68562 0.498101 0
      vertex -4.79177 0.986063 3.48991
      vertex -4.79177 0.986063 0
    endloop
  endfacet
  facet normal -0.977147 -0.212566 0
    outer loop
      vertex -4.79177 0.986063 3.48991
      vertex -4.68562 0.498101 0
      vertex -4.68562 0.498101 3.54635
    endloop
  endfacet
  facet normal -0.800536 -0.599285 0
    outer loop
      vertex -5.20561 1.89224 0
      vertex -5.50488 2.29201 3.1831
      vertex -5.50488 2.29201 0
    endloop
  endfacet
  facet normal -0.800538 -0.599283 -5.14538e-07
    outer loop
      vertex -5.50488 2.29201 3.1831
      vertex -5.20561 1.89224 0
      vertex -5.32172 2.04734 3.24976
    endloop
  endfacet
  facet normal -0.800532 -0.59929 0
    outer loop
      vertex -5.32172 2.04734 3.24976
      vertex -5.20561 1.89224 0
      vertex -5.20561 1.89224 3.30146
    endloop
  endfacet
  facet normal -0.707107 -0.707107 0
    outer loop
      vertex -5.50488 2.29201 0
      vertex -5.85799 2.64512 3.05775
      vertex -5.85799 2.64512 0
    endloop
  endfacet
  facet normal -0.707023 -0.70719 1.92477e-05
    outer loop
      vertex -5.85799 2.64512 3.05775
      vertex -5.50488 2.29201 0
      vertex -5.81692 2.60406 3.06952
    endloop
  endfacet
  facet normal -0.707118 -0.707095 0
    outer loop
      vertex -5.81692 2.60406 3.06952
      vertex -5.50488 2.29201 0
      vertex -5.50488 2.29201 3.1831
    endloop
  endfacet
  facet normal -0.349457 -0.936952 0
    outer loop
      vertex -6.69605 3.18371 0
      vertex -7.16394 3.35822 2.76903
      vertex -7.16394 3.35822 0
    endloop
  endfacet
  facet normal -0.349461 -0.936951 -6.98812e-07
    outer loop
      vertex -7.16394 3.35822 2.76903
      vertex -6.69605 3.18371 0
      vertex -6.83896 3.23701 2.8147
    endloop
  endfacet
  facet normal -0.349449 -0.936955 0
    outer loop
      vertex -6.83896 3.23701 2.8147
      vertex -6.69605 3.18371 0
      vertex -6.69605 3.18371 2.84508
    endloop
  endfacet
  facet normal -0.0713573 -0.997451 -0
    outer loop
      vertex -8.15 3.5 2.7046
      vertex -8.15 3.5 0
      vertex -7.88651 3.48115 2.7046
    endloop
  endfacet
  facet normal -0.0713495 -0.997451 -7.67287e-07
    outer loop
      vertex -7.6519 3.46437 0
      vertex -7.88651 3.48115 2.7046
      vertex -8.15 3.5 0
    endloop
  endfacet
  facet normal -0.0713407 -0.997452 0
    outer loop
      vertex -7.88651 3.48115 2.7046
      vertex -7.6519 3.46437 0
      vertex -7.6519 3.46437 2.721
    endloop
  endfacet
  facet normal 0.997456 -0.0712896 0
    outer loop
      vertex -11.65 0 0
      vertex -11.6144 0.498101 3.54635
      vertex -11.65 0 3.56529
    endloop
  endfacet
  facet normal 0.997456 -0.0712896 0
    outer loop
      vertex -11.6144 0.498101 3.54635
      vertex -11.65 0 0
      vertex -11.6144 0.498101 0
    endloop
  endfacet
  facet normal 0.706774 -0.70744 7.92011e-05
    outer loop
      vertex -10.7951 2.29201 0
      vertex -10.442 2.64512 3.05775
      vertex -10.4831 2.60406 3.06952
    endloop
  endfacet
  facet normal 0.707163 -0.70705 0
    outer loop
      vertex -10.7951 2.29201 0
      vertex -10.4831 2.60406 3.06952
      vertex -10.7951 2.29201 3.1831
    endloop
  endfacet
  facet normal 0.707117 -0.707097 0
    outer loop
      vertex -10.442 2.64512 3.05775
      vertex -10.7951 2.29201 0
      vertex -10.442 2.64512 0
    endloop
  endfacet
  facet normal 0.349449 -0.936955 0
    outer loop
      vertex -9.60395 3.18371 0
      vertex -9.46104 3.23701 2.8147
      vertex -9.60395 3.18371 2.84508
    endloop
  endfacet
  facet normal 0.349461 -0.936951 -6.98812e-07
    outer loop
      vertex -9.60395 3.18371 0
      vertex -9.13606 3.35822 2.76903
      vertex -9.46104 3.23701 2.8147
    endloop
  endfacet
  facet normal 0.349457 -0.936952 0
    outer loop
      vertex -9.13606 3.35822 2.76903
      vertex -9.60395 3.18371 0
      vertex -9.13606 3.35822 0
    endloop
  endfacet
  facet normal 0.0713407 -0.997452 0
    outer loop
      vertex -8.6481 3.46437 0
      vertex -8.41349 3.48115 2.7046
      vertex -8.6481 3.46437 2.721
    endloop
  endfacet
  facet normal 0.0713495 -0.997451 -7.67287e-07
    outer loop
      vertex -8.15 3.5 0
      vertex -8.41349 3.48115 2.7046
      vertex -8.6481 3.46437 0
    endloop
  endfacet
  facet normal 0.0713573 -0.997451 0
    outer loop
      vertex -8.41349 3.48115 2.7046
      vertex -8.15 3.5 0
      vertex -8.15 3.5 2.7046
    endloop
  endfacet
  facet normal -0.997453 0.0713294 0
    outer loop
      vertex -4.68562 -0.498101 3.54635
      vertex -4.65 0 0
      vertex -4.68562 -0.498101 0
    endloop
  endfacet
  facet normal -0.997453 0.0713294 0
    outer loop
      vertex -4.65 0 0
      vertex -4.68562 -0.498101 3.54635
      vertex -4.65 0 3.56529
    endloop
  endfacet
  facet normal -0.349449 0.936955 0
    outer loop
      vertex -6.69605 -3.18371 0
      vertex -6.83896 -3.23701 2.8147
      vertex -6.69605 -3.18371 2.84508
    endloop
  endfacet
  facet normal -0.349461 0.936951 -6.98812e-07
    outer loop
      vertex -6.69605 -3.18371 0
      vertex -7.16394 -3.35822 2.76903
      vertex -6.83896 -3.23701 2.8147
    endloop
  endfacet
  facet normal -0.349457 0.936952 0
    outer loop
      vertex -7.16394 -3.35822 2.76903
      vertex -6.69605 -3.18371 0
      vertex -7.16394 -3.35822 0
    endloop
  endfacet
  facet normal -0.800532 0.59929 0
    outer loop
      vertex -5.20561 -1.89224 0
      vertex -5.32172 -2.04734 3.24976
      vertex -5.20561 -1.89224 3.30146
    endloop
  endfacet
  facet normal -0.800536 0.599285 0
    outer loop
      vertex -5.50488 -2.29201 3.1831
      vertex -5.20561 -1.89224 0
      vertex -5.50488 -2.29201 0
    endloop
  endfacet
  facet normal -0.800538 0.599283 -5.14538e-07
    outer loop
      vertex -5.20561 -1.89224 0
      vertex -5.50488 -2.29201 3.1831
      vertex -5.32172 -2.04734 3.24976
    endloop
  endfacet
  facet normal 0.212556 0.977149 -0
    outer loop
      vertex -8.6481 -3.46437 0
      vertex -8.93919 -3.40105 2.74136
      vertex -8.6481 -3.46437 2.721
    endloop
  endfacet
  facet normal 0.212567 0.977147 1.15146e-06
    outer loop
      vertex -9.13606 -3.35822 0
      vertex -8.93919 -3.40105 2.74136
      vertex -8.6481 -3.46437 0
    endloop
  endfacet
  facet normal 0.212582 0.977143 0
    outer loop
      vertex -8.93919 -3.40105 2.74136
      vertex -9.13606 -3.35822 0
      vertex -9.13606 -3.35822 2.76903
    endloop
  endfacet
  facet normal 0.707163 0.70705 0
    outer loop
      vertex -10.4831 -2.60406 3.06952
      vertex -10.7951 -2.29201 0
      vertex -10.7951 -2.29201 3.1831
    endloop
  endfacet
  facet normal 0.706774 0.70744 7.92011e-05
    outer loop
      vertex -10.442 -2.64512 3.05775
      vertex -10.7951 -2.29201 0
      vertex -10.4831 -2.60406 3.06952
    endloop
  endfacet
  facet normal 0.707117 0.707097 0
    outer loop
      vertex -10.7951 -2.29201 0
      vertex -10.442 -2.64512 3.05775
      vertex -10.442 -2.64512 0
    endloop
  endfacet
  facet normal 0.8777 0.479211 0
    outer loop
      vertex -11.0944 -1.89224 3.30146
      vertex -11.3337 -1.45395 0
      vertex -11.3337 -1.45395 3.40801
    endloop
  endfacet
  facet normal 0.8777 0.479211 0
    outer loop
      vertex -11.3337 -1.45395 0
      vertex -11.0944 -1.89224 3.30146
      vertex -11.0944 -1.89224 0
    endloop
  endfacet
  facet normal 0.997456 0.0712896 0
    outer loop
      vertex -11.6144 -0.498101 3.54635
      vertex -11.65 0 0
      vertex -11.65 0 3.56529
    endloop
  endfacet
  facet normal 0.997456 0.0712896 0
    outer loop
      vertex -11.65 0 0
      vertex -11.6144 -0.498101 3.54635
      vertex -11.6144 -0.498101 0
    endloop
  endfacet
  facet normal 0.800557 0.599256 0
    outer loop
      vertex -10.9783 -2.04734 3.24976
      vertex -11.0944 -1.89224 0
      vertex -11.0944 -1.89224 3.30146
    endloop
  endfacet
  facet normal 0.800476 0.599365 8.0827e-06
    outer loop
      vertex -10.7951 -2.29201 3.1831
      vertex -11.0944 -1.89224 0
      vertex -10.9783 -2.04734 3.24976
    endloop
  endfacet
  facet normal 0.800507 0.599324 0
    outer loop
      vertex -11.0944 -1.89224 0
      vertex -10.7951 -2.29201 3.1831
      vertex -10.7951 -2.29201 0
    endloop
  endfacet
  facet normal -0.936945 -0.349477 0
    outer loop
      vertex -4.79177 0.986063 0
      vertex -4.96629 1.45395 3.40801
      vertex -4.96629 1.45395 0
    endloop
  endfacet
  facet normal -0.936949 -0.349466 -1.61353e-06
    outer loop
      vertex -4.96629 1.45395 3.40801
      vertex -4.79177 0.986063 0
      vertex -4.8403 1.11616 3.4641
    endloop
  endfacet
  facet normal -0.936935 -0.349504 0
    outer loop
      vertex -4.8403 1.11616 3.4641
      vertex -4.79177 0.986063 0
      vertex -4.79177 0.986063 3.48991
    endloop
  endfacet
  facet normal -0.479242 -0.877683 0
    outer loop
      vertex -6.25776 2.94439 0
      vertex -6.69605 3.18371 2.84508
      vertex -6.69605 3.18371 0
    endloop
  endfacet
  facet normal -0.479243 -0.877682 -2.2089e-07
    outer loop
      vertex -6.69605 3.18371 2.84508
      vertex -6.25776 2.94439 0
      vertex -6.32349 2.98028 2.92427
    endloop
  endfacet
  facet normal -0.479236 -0.877686 0
    outer loop
      vertex -6.32349 2.98028 2.92427
      vertex -6.25776 2.94439 0
      vertex -6.25776 2.94439 2.94312
    endloop
  endfacet
  facet normal -0.212556 -0.977149 0
    outer loop
      vertex -7.6519 3.46437 0
      vertex -7.36081 3.40105 2.74136
      vertex -7.6519 3.46437 2.721
    endloop
  endfacet
  facet normal -0.212567 -0.977147 1.15146e-06
    outer loop
      vertex -7.16394 3.35822 0
      vertex -7.36081 3.40105 2.74136
      vertex -7.6519 3.46437 0
    endloop
  endfacet
  facet normal -0.212582 -0.977143 0
    outer loop
      vertex -7.36081 3.40105 2.74136
      vertex -7.16394 3.35822 0
      vertex -7.16394 3.35822 2.76903
    endloop
  endfacet
  facet normal 0.93694 -0.349489 7.48559e-06
    outer loop
      vertex -11.5082 0.986063 0
      vertex -11.3337 1.45395 3.40801
      vertex -11.4597 1.11616 3.4641
    endloop
  endfacet
  facet normal 0.937006 -0.349315 0
    outer loop
      vertex -11.5082 0.986063 0
      vertex -11.4597 1.11616 3.4641
      vertex -11.5082 0.986063 3.4899
    endloop
  endfacet
  facet normal 0.936958 -0.349442 0
    outer loop
      vertex -11.3337 1.45395 3.40801
      vertex -11.5082 0.986063 0
      vertex -11.3337 1.45395 0
    endloop
  endfacet
  facet normal 0.977126 -0.212662 0
    outer loop
      vertex -11.6144 0.498101 0
      vertex -11.5082 0.986063 3.4899
      vertex -11.6144 0.498101 3.54635
    endloop
  endfacet
  facet normal 0.977126 -0.212662 0
    outer loop
      vertex -11.5082 0.986063 3.4899
      vertex -11.6144 0.498101 0
      vertex -11.5082 0.986063 0
    endloop
  endfacet
  facet normal 0.800476 -0.599365 8.0827e-06
    outer loop
      vertex -11.0944 1.89224 0
      vertex -10.7951 2.29201 3.1831
      vertex -10.9783 2.04734 3.24976
    endloop
  endfacet
  facet normal 0.800557 -0.599256 0
    outer loop
      vertex -11.0944 1.89224 0
      vertex -10.9783 2.04734 3.24976
      vertex -11.0944 1.89224 3.30146
    endloop
  endfacet
  facet normal 0.800507 -0.599324 0
    outer loop
      vertex -10.7951 2.29201 3.1831
      vertex -11.0944 1.89224 0
      vertex -10.7951 2.29201 0
    endloop
  endfacet
  facet normal 0.47946 -0.877564 0
    outer loop
      vertex -10.0422 2.94439 0
      vertex -9.97651 2.98028 2.92427
      vertex -10.0422 2.94439 2.94312
    endloop
  endfacet
  facet normal 0.479244 -0.877682 6.30334e-06
    outer loop
      vertex -10.0422 2.94439 0
      vertex -9.60395 3.18371 2.84508
      vertex -9.97651 2.98028 2.92427
    endloop
  endfacet
  facet normal 0.479276 -0.877664 0
    outer loop
      vertex -9.60395 3.18371 2.84508
      vertex -10.0422 2.94439 0
      vertex -9.60395 3.18371 0
    endloop
  endfacet
  facet normal 0.599256 -0.800557 0
    outer loop
      vertex -10.442 2.64512 0
      vertex -10.0422 2.94439 2.94312
      vertex -10.442 2.64512 3.05775
    endloop
  endfacet
  facet normal 0.599256 -0.800557 0
    outer loop
      vertex -10.0422 2.94439 2.94312
      vertex -10.442 2.64512 0
      vertex -10.0422 2.94439 0
    endloop
  endfacet
  facet normal -0.997453 -0.0713294 0
    outer loop
      vertex -4.65 0 0
      vertex -4.68562 0.498101 3.54635
      vertex -4.68562 0.498101 0
    endloop
  endfacet
  facet normal -0.997453 -0.0713294 0
    outer loop
      vertex -4.68562 0.498101 3.54635
      vertex -4.65 0 0
      vertex -4.65 0 3.56529
    endloop
  endfacet
  facet normal -0.0713407 0.997452 0
    outer loop
      vertex -7.6519 -3.46437 0
      vertex -7.88651 -3.48115 2.7046
      vertex -7.6519 -3.46437 2.721
    endloop
  endfacet
  facet normal -0.0713495 0.997451 -7.67287e-07
    outer loop
      vertex -8.15 -3.5 0
      vertex -7.88651 -3.48115 2.7046
      vertex -7.6519 -3.46437 0
    endloop
  endfacet
  facet normal -0.0713573 0.997451 0
    outer loop
      vertex -7.88651 -3.48115 2.7046
      vertex -8.15 -3.5 0
      vertex -8.15 -3.5 2.7046
    endloop
  endfacet
  facet normal -0.707118 0.707095 0
    outer loop
      vertex -5.50488 -2.29201 0
      vertex -5.81692 -2.60406 3.06952
      vertex -5.50488 -2.29201 3.1831
    endloop
  endfacet
  facet normal -0.707107 0.707107 0
    outer loop
      vertex -5.85799 -2.64512 3.05775
      vertex -5.50488 -2.29201 0
      vertex -5.85799 -2.64512 0
    endloop
  endfacet
  facet normal -0.707023 0.70719 1.92477e-05
    outer loop
      vertex -5.50488 -2.29201 0
      vertex -5.85799 -2.64512 3.05775
      vertex -5.81692 -2.60406 3.06952
    endloop
  endfacet
  facet normal -0.479236 0.877686 0
    outer loop
      vertex -6.25776 -2.94439 0
      vertex -6.32349 -2.98028 2.92427
      vertex -6.25776 -2.94439 2.94312
    endloop
  endfacet
  facet normal -0.479243 0.877682 -2.2089e-07
    outer loop
      vertex -6.25776 -2.94439 0
      vertex -6.69605 -3.18371 2.84508
      vertex -6.32349 -2.98028 2.92427
    endloop
  endfacet
  facet normal -0.479242 0.877683 0
    outer loop
      vertex -6.69605 -3.18371 2.84508
      vertex -6.25776 -2.94439 0
      vertex -6.69605 -3.18371 0
    endloop
  endfacet
  facet normal -0.877683 0.479242 0
    outer loop
      vertex -5.20561 -1.89224 3.30146
      vertex -4.96629 -1.45395 0
      vertex -5.20561 -1.89224 0
    endloop
  endfacet
  facet normal -0.877683 0.479242 0
    outer loop
      vertex -4.96629 -1.45395 0
      vertex -5.20561 -1.89224 3.30146
      vertex -4.96629 -1.45395 3.40801
    endloop
  endfacet
  facet normal 0.0713573 0.997451 0
    outer loop
      vertex -8.15 -3.5 2.7046
      vertex -8.15 -3.5 0
      vertex -8.41349 -3.48115 2.7046
    endloop
  endfacet
  facet normal 0.0713495 0.997451 -7.67287e-07
    outer loop
      vertex -8.6481 -3.46437 0
      vertex -8.41349 -3.48115 2.7046
      vertex -8.15 -3.5 0
    endloop
  endfacet
  facet normal 0.0713407 0.997452 0
    outer loop
      vertex -8.41349 -3.48115 2.7046
      vertex -8.6481 -3.46437 0
      vertex -8.6481 -3.46437 2.721
    endloop
  endfacet
  facet normal 0.599256 0.800557 0
    outer loop
      vertex -10.442 -2.64512 0
      vertex -10.0422 -2.94439 2.94312
      vertex -10.0422 -2.94439 0
    endloop
  endfacet
  facet normal 0.599256 0.800557 0
    outer loop
      vertex -10.0422 -2.94439 2.94312
      vertex -10.442 -2.64512 0
      vertex -10.442 -2.64512 3.05775
    endloop
  endfacet
  facet normal 0.977126 0.212662 0
    outer loop
      vertex -11.5082 -0.986063 3.4899
      vertex -11.6144 -0.498101 0
      vertex -11.6144 -0.498101 3.54635
    endloop
  endfacet
  facet normal 0.977126 0.212662 0
    outer loop
      vertex -11.6144 -0.498101 0
      vertex -11.5082 -0.986063 3.4899
      vertex -11.5082 -0.986063 0
    endloop
  endfacet
  facet normal -0.212582 0.977143 0
    outer loop
      vertex -7.16394 -3.35822 0
      vertex -7.36081 -3.40105 2.74136
      vertex -7.16394 -3.35822 2.76903
    endloop
  endfacet
  facet normal -0.212557 0.977149 1.92057e-06
    outer loop
      vertex -7.16394 -3.35822 0
      vertex -7.6519 -3.46437 2.721
      vertex -7.36081 -3.40105 2.74136
    endloop
  endfacet
  facet normal -0.212567 0.977147 0
    outer loop
      vertex -7.6519 -3.46437 2.721
      vertex -7.16394 -3.35822 0
      vertex -7.6519 -3.46437 0
    endloop
  endfacet
  facet normal -0.599285 0.800536 0
    outer loop
      vertex -5.85799 -2.64512 0
      vertex -6.25776 -2.94439 2.94312
      vertex -5.85799 -2.64512 3.05775
    endloop
  endfacet
  facet normal -0.599285 0.800536 0
    outer loop
      vertex -6.25776 -2.94439 2.94312
      vertex -5.85799 -2.64512 0
      vertex -6.25776 -2.94439 0
    endloop
  endfacet
  facet normal -0.8777 -0.479211 0
    outer loop
      vertex 11.3337 1.45395 0
      vertex 11.0944 1.89224 3.30146
      vertex 11.0944 1.89224 0
    endloop
  endfacet
  facet normal -0.8777 -0.479211 0
    outer loop
      vertex 11.0944 1.89224 3.30146
      vertex 11.3337 1.45395 0
      vertex 11.3337 1.45395 3.40801
    endloop
  endfacet
  facet normal 0.977147 -0.212566 0
    outer loop
      vertex 4.68562 0.498101 0
      vertex 4.79177 0.986063 3.48991
      vertex 4.68562 0.498101 3.54635
    endloop
  endfacet
  facet normal 0.977147 -0.212566 0
    outer loop
      vertex 4.79177 0.986063 3.48991
      vertex 4.68562 0.498101 0
      vertex 4.79177 0.986063 0
    endloop
  endfacet
  facet normal -0.800507 -0.599324 0
    outer loop
      vertex 11.0944 1.89224 0
      vertex 10.7951 2.29201 3.1831
      vertex 10.7951 2.29201 0
    endloop
  endfacet
  facet normal -0.800476 -0.599365 8.0827e-06
    outer loop
      vertex 10.7951 2.29201 3.1831
      vertex 11.0944 1.89224 0
      vertex 10.9783 2.04734 3.24976
    endloop
  endfacet
  facet normal -0.800557 -0.599256 0
    outer loop
      vertex 10.9783 2.04734 3.24976
      vertex 11.0944 1.89224 0
      vertex 11.0944 1.89224 3.30146
    endloop
  endfacet
  facet normal -0.349457 -0.936952 0
    outer loop
      vertex 9.60395 3.18371 0
      vertex 9.13606 3.35822 2.76903
      vertex 9.13606 3.35822 0
    endloop
  endfacet
  facet normal -0.349461 -0.936951 -6.98812e-07
    outer loop
      vertex 9.13606 3.35822 2.76903
      vertex 9.60395 3.18371 0
      vertex 9.46104 3.23701 2.8147
    endloop
  endfacet
  facet normal -0.349449 -0.936955 0
    outer loop
      vertex 9.46104 3.23701 2.8147
      vertex 9.60395 3.18371 0
      vertex 9.60395 3.18371 2.84508
    endloop
  endfacet
  facet normal 0.479236 -0.877686 0
    outer loop
      vertex 6.25776 2.94439 0
      vertex 6.32349 2.98028 2.92427
      vertex 6.25776 2.94439 2.94312
    endloop
  endfacet
  facet normal 0.479243 -0.877682 -2.2089e-07
    outer loop
      vertex 6.25776 2.94439 0
      vertex 6.69605 3.18371 2.84508
      vertex 6.32349 2.98028 2.92427
    endloop
  endfacet
  facet normal 0.479242 -0.877683 0
    outer loop
      vertex 6.69605 3.18371 2.84508
      vertex 6.25776 2.94439 0
      vertex 6.69605 3.18371 0
    endloop
  endfacet
  facet normal 0.936949 -0.349466 -1.61353e-06
    outer loop
      vertex 4.79177 0.986063 0
      vertex 4.96629 1.45395 3.40801
      vertex 4.8403 1.11616 3.4641
    endloop
  endfacet
  facet normal 0.936935 -0.349504 0
    outer loop
      vertex 4.79177 0.986063 0
      vertex 4.8403 1.11616 3.4641
      vertex 4.79177 0.986063 3.48991
    endloop
  endfacet
  facet normal 0.936945 -0.349477 0
    outer loop
      vertex 4.96629 1.45395 3.40801
      vertex 4.79177 0.986063 0
      vertex 4.96629 1.45395 0
    endloop
  endfacet
  facet normal -0.997456 0.0712896 0
    outer loop
      vertex 11.6144 -0.498101 3.54635
      vertex 11.65 0 0
      vertex 11.6144 -0.498101 0
    endloop
  endfacet
  facet normal -0.997456 0.0712896 0
    outer loop
      vertex 11.65 0 0
      vertex 11.6144 -0.498101 3.54635
      vertex 11.65 0 3.56529
    endloop
  endfacet
  facet normal -0.47946 0.877564 0
    outer loop
      vertex 10.0422 -2.94439 0
      vertex 9.97651 -2.98028 2.92427
      vertex 10.0422 -2.94439 2.94312
    endloop
  endfacet
  facet normal -0.479244 0.877682 6.30334e-06
    outer loop
      vertex 10.0422 -2.94439 0
      vertex 9.60395 -3.18371 2.84508
      vertex 9.97651 -2.98028 2.92427
    endloop
  endfacet
  facet normal -0.479276 0.877664 0
    outer loop
      vertex 9.60395 -3.18371 2.84508
      vertex 10.0422 -2.94439 0
      vertex 9.60395 -3.18371 0
    endloop
  endfacet
  facet normal -0.707117 -0.707097 0
    outer loop
      vertex 10.7951 2.29201 0
      vertex 10.442 2.64512 3.05775
      vertex 10.442 2.64512 0
    endloop
  endfacet
  facet normal -0.706774 -0.70744 7.92011e-05
    outer loop
      vertex 10.442 2.64512 3.05775
      vertex 10.7951 2.29201 0
      vertex 10.4831 2.60406 3.06952
    endloop
  endfacet
  facet normal -0.707163 -0.70705 0
    outer loop
      vertex 10.4831 2.60406 3.06952
      vertex 10.7951 2.29201 0
      vertex 10.7951 2.29201 3.1831
    endloop
  endfacet
  facet normal 0.0713407 -0.997452 0
    outer loop
      vertex 7.6519 3.46437 0
      vertex 7.88651 3.48115 2.7046
      vertex 7.6519 3.46437 2.721
    endloop
  endfacet
  facet normal 0.0713495 -0.997451 -7.67287e-07
    outer loop
      vertex 8.15 3.5 0
      vertex 7.88651 3.48115 2.7046
      vertex 7.6519 3.46437 0
    endloop
  endfacet
  facet normal 0.0713573 -0.997451 0
    outer loop
      vertex 7.88651 3.48115 2.7046
      vertex 8.15 3.5 0
      vertex 8.15 3.5 2.7046
    endloop
  endfacet
  facet normal 0.997453 0.0713294 0
    outer loop
      vertex 4.68562 -0.498101 3.54635
      vertex 4.65 0 0
      vertex 4.65 0 3.56529
    endloop
  endfacet
  facet normal 0.997453 0.0713294 0
    outer loop
      vertex 4.65 0 0
      vertex 4.68562 -0.498101 3.54635
      vertex 4.68562 -0.498101 0
    endloop
  endfacet
  facet normal 0.800538 -0.599283 -5.14538e-07
    outer loop
      vertex 5.20561 1.89224 0
      vertex 5.50488 2.29201 3.1831
      vertex 5.32172 2.04734 3.24976
    endloop
  endfacet
  facet normal 0.800532 -0.59929 0
    outer loop
      vertex 5.20561 1.89224 0
      vertex 5.32172 2.04734 3.24976
      vertex 5.20561 1.89224 3.30146
    endloop
  endfacet
  facet normal 0.800536 -0.599285 0
    outer loop
      vertex 5.50488 2.29201 3.1831
      vertex 5.20561 1.89224 0
      vertex 5.50488 2.29201 0
    endloop
  endfacet
  facet normal 0.599285 -0.800536 0
    outer loop
      vertex 5.85799 2.64512 0
      vertex 6.25776 2.94439 2.94312
      vertex 5.85799 2.64512 3.05775
    endloop
  endfacet
  facet normal 0.599285 -0.800536 0
    outer loop
      vertex 6.25776 2.94439 2.94312
      vertex 5.85799 2.64512 0
      vertex 6.25776 2.94439 0
    endloop
  endfacet
  facet normal 0.212582 -0.977143 0
    outer loop
      vertex 7.16394 3.35822 0
      vertex 7.36081 3.40105 2.74136
      vertex 7.16394 3.35822 2.76903
    endloop
  endfacet
  facet normal 0.212557 -0.977149 1.92057e-06
    outer loop
      vertex 7.16394 3.35822 0
      vertex 7.6519 3.46437 2.721
      vertex 7.36081 3.40105 2.74136
    endloop
  endfacet
  facet normal 0.212567 -0.977147 0
    outer loop
      vertex 7.6519 3.46437 2.721
      vertex 7.16394 3.35822 0
      vertex 7.6519 3.46437 0
    endloop
  endfacet
  facet normal 0.707023 -0.70719 1.92477e-05
    outer loop
      vertex 5.50488 2.29201 0
      vertex 5.85799 2.64512 3.05775
      vertex 5.81692 2.60406 3.06952
    endloop
  endfacet
  facet normal 0.707118 -0.707095 0
    outer loop
      vertex 5.50488 2.29201 0
      vertex 5.81692 2.60406 3.06952
      vertex 5.50488 2.29201 3.1831
    endloop
  endfacet
  facet normal 0.707107 -0.707107 0
    outer loop
      vertex 5.85799 2.64512 3.05775
      vertex 5.50488 2.29201 0
      vertex 5.85799 2.64512 0
    endloop
  endfacet
  facet normal -0.997456 -0.0712896 0
    outer loop
      vertex 11.65 0 0
      vertex 11.6144 0.498101 3.54635
      vertex 11.6144 0.498101 0
    endloop
  endfacet
  facet normal -0.997456 -0.0712896 0
    outer loop
      vertex 11.6144 0.498101 3.54635
      vertex 11.65 0 0
      vertex 11.65 0 3.56529
    endloop
  endfacet
  facet normal -0.599256 0.800557 0
    outer loop
      vertex 10.442 -2.64512 0
      vertex 10.0422 -2.94439 2.94312
      vertex 10.442 -2.64512 3.05775
    endloop
  endfacet
  facet normal -0.599256 0.800557 0
    outer loop
      vertex 10.0422 -2.94439 2.94312
      vertex 10.442 -2.64512 0
      vertex 10.0422 -2.94439 0
    endloop
  endfacet
  facet normal -0.8777 0.479211 0
    outer loop
      vertex 11.0944 -1.89224 3.30146
      vertex 11.3337 -1.45395 0
      vertex 11.0944 -1.89224 0
    endloop
  endfacet
  facet normal -0.8777 0.479211 0
    outer loop
      vertex 11.3337 -1.45395 0
      vertex 11.0944 -1.89224 3.30146
      vertex 11.3337 -1.45395 3.40801
    endloop
  endfacet
  facet normal -0.349449 0.936955 0
    outer loop
      vertex 9.60395 -3.18371 0
      vertex 9.46104 -3.23701 2.8147
      vertex 9.60395 -3.18371 2.84508
    endloop
  endfacet
  facet normal -0.349461 0.936951 -6.98812e-07
    outer loop
      vertex 9.60395 -3.18371 0
      vertex 9.13606 -3.35822 2.76903
      vertex 9.46104 -3.23701 2.8147
    endloop
  endfacet
  facet normal -0.349457 0.936952 0
    outer loop
      vertex 9.13606 -3.35822 2.76903
      vertex 9.60395 -3.18371 0
      vertex 9.13606 -3.35822 0
    endloop
  endfacet
  facet normal -0.977126 -0.212662 0
    outer loop
      vertex 11.6144 0.498101 0
      vertex 11.5082 0.986063 3.4899
      vertex 11.5082 0.986063 0
    endloop
  endfacet
  facet normal -0.977126 -0.212662 0
    outer loop
      vertex 11.5082 0.986063 3.4899
      vertex 11.6144 0.498101 0
      vertex 11.6144 0.498101 3.54635
    endloop
  endfacet
  facet normal -0.936958 -0.349442 0
    outer loop
      vertex 11.5082 0.986063 0
      vertex 11.3337 1.45395 3.40801
      vertex 11.3337 1.45395 0
    endloop
  endfacet
  facet normal -0.93694 -0.349489 7.48559e-06
    outer loop
      vertex 11.3337 1.45395 3.40801
      vertex 11.5082 0.986063 0
      vertex 11.4597 1.11616 3.4641
    endloop
  endfacet
  facet normal -0.937006 -0.349315 0
    outer loop
      vertex 11.4597 1.11616 3.4641
      vertex 11.5082 0.986063 0
      vertex 11.5082 0.986063 3.4899
    endloop
  endfacet
  facet normal -0.212556 -0.977149 0
    outer loop
      vertex 8.6481 3.46437 0
      vertex 8.93919 3.40105 2.74136
      vertex 8.6481 3.46437 2.721
    endloop
  endfacet
  facet normal -0.212567 -0.977147 1.15146e-06
    outer loop
      vertex 9.13606 3.35822 0
      vertex 8.93919 3.40105 2.74136
      vertex 8.6481 3.46437 0
    endloop
  endfacet
  facet normal -0.212582 -0.977143 0
    outer loop
      vertex 8.93919 3.40105 2.74136
      vertex 9.13606 3.35822 0
      vertex 9.13606 3.35822 2.76903
    endloop
  endfacet
  facet normal -0.0713573 -0.997451 -0
    outer loop
      vertex 8.15 3.5 2.7046
      vertex 8.15 3.5 0
      vertex 8.41349 3.48115 2.7046
    endloop
  endfacet
  facet normal -0.0713495 -0.997451 -7.67287e-07
    outer loop
      vertex 8.6481 3.46437 0
      vertex 8.41349 3.48115 2.7046
      vertex 8.15 3.5 0
    endloop
  endfacet
  facet normal -0.0713407 -0.997452 0
    outer loop
      vertex 8.41349 3.48115 2.7046
      vertex 8.6481 3.46437 0
      vertex 8.6481 3.46437 2.721
    endloop
  endfacet
  facet normal -0.599256 -0.800557 0
    outer loop
      vertex 10.442 2.64512 0
      vertex 10.0422 2.94439 2.94312
      vertex 10.0422 2.94439 0
    endloop
  endfacet
  facet normal -0.599256 -0.800557 0
    outer loop
      vertex 10.0422 2.94439 2.94312
      vertex 10.442 2.64512 0
      vertex 10.442 2.64512 3.05775
    endloop
  endfacet
  facet normal -0.479276 -0.877664 0
    outer loop
      vertex 10.0422 2.94439 0
      vertex 9.60395 3.18371 2.84508
      vertex 9.60395 3.18371 0
    endloop
  endfacet
  facet normal -0.479244 -0.877682 6.30334e-06
    outer loop
      vertex 9.60395 3.18371 2.84508
      vertex 10.0422 2.94439 0
      vertex 9.97651 2.98028 2.92427
    endloop
  endfacet
  facet normal -0.47946 -0.877564 0
    outer loop
      vertex 9.97651 2.98028 2.92427
      vertex 10.0422 2.94439 0
      vertex 10.0422 2.94439 2.94312
    endloop
  endfacet
  facet normal 0.977147 0.212566 0
    outer loop
      vertex 4.79177 -0.986063 3.48991
      vertex 4.68562 -0.498101 0
      vertex 4.68562 -0.498101 3.54635
    endloop
  endfacet
  facet normal 0.977147 0.212566 0
    outer loop
      vertex 4.68562 -0.498101 0
      vertex 4.79177 -0.986063 3.48991
      vertex 4.79177 -0.986063 0
    endloop
  endfacet
  facet normal 0.936935 0.349504 0
    outer loop
      vertex 4.8403 -1.11616 3.4641
      vertex 4.79177 -0.986063 0
      vertex 4.79177 -0.986063 3.48991
    endloop
  endfacet
  facet normal 0.936949 0.349466 -1.61353e-06
    outer loop
      vertex 4.96629 -1.45395 3.40801
      vertex 4.79177 -0.986063 0
      vertex 4.8403 -1.11616 3.4641
    endloop
  endfacet
  facet normal 0.936945 0.349477 0
    outer loop
      vertex 4.79177 -0.986063 0
      vertex 4.96629 -1.45395 3.40801
      vertex 4.96629 -1.45395 0
    endloop
  endfacet
  facet normal 0.800532 0.59929 0
    outer loop
      vertex 5.32172 -2.04734 3.24976
      vertex 5.20561 -1.89224 0
      vertex 5.20561 -1.89224 3.30146
    endloop
  endfacet
  facet normal 0.800538 0.599283 -5.14538e-07
    outer loop
      vertex 5.50488 -2.29201 3.1831
      vertex 5.20561 -1.89224 0
      vertex 5.32172 -2.04734 3.24976
    endloop
  endfacet
  facet normal 0.800536 0.599285 0
    outer loop
      vertex 5.20561 -1.89224 0
      vertex 5.50488 -2.29201 3.1831
      vertex 5.50488 -2.29201 0
    endloop
  endfacet
  facet normal -0.212582 0.977143 0
    outer loop
      vertex 9.13606 -3.35822 0
      vertex 8.93919 -3.40105 2.74136
      vertex 9.13606 -3.35822 2.76903
    endloop
  endfacet
  facet normal -0.212557 0.977149 1.92057e-06
    outer loop
      vertex 9.13606 -3.35822 0
      vertex 8.6481 -3.46437 2.721
      vertex 8.93919 -3.40105 2.74136
    endloop
  endfacet
  facet normal -0.212567 0.977147 0
    outer loop
      vertex 8.6481 -3.46437 2.721
      vertex 9.13606 -3.35822 0
      vertex 8.6481 -3.46437 0
    endloop
  endfacet
  facet normal 0.997453 -0.0713294 0
    outer loop
      vertex 4.65 0 0
      vertex 4.68562 0.498101 3.54635
      vertex 4.65 0 3.56529
    endloop
  endfacet
  facet normal 0.997453 -0.0713294 0
    outer loop
      vertex 4.68562 0.498101 3.54635
      vertex 4.65 0 0
      vertex 4.68562 0.498101 0
    endloop
  endfacet
  facet normal 0.877683 -0.479242 0
    outer loop
      vertex 4.96629 1.45395 0
      vertex 5.20561 1.89224 3.30146
      vertex 4.96629 1.45395 3.40801
    endloop
  endfacet
  facet normal 0.877683 -0.479242 0
    outer loop
      vertex 5.20561 1.89224 3.30146
      vertex 4.96629 1.45395 0
      vertex 5.20561 1.89224 0
    endloop
  endfacet
  facet normal 0.349449 -0.936955 0
    outer loop
      vertex 6.69605 3.18371 0
      vertex 6.83896 3.23701 2.8147
      vertex 6.69605 3.18371 2.84508
    endloop
  endfacet
  facet normal 0.349461 -0.936951 -6.98812e-07
    outer loop
      vertex 6.69605 3.18371 0
      vertex 7.16394 3.35822 2.76903
      vertex 6.83896 3.23701 2.8147
    endloop
  endfacet
  facet normal 0.349457 -0.936952 0
    outer loop
      vertex 7.16394 3.35822 2.76903
      vertex 6.69605 3.18371 0
      vertex 7.16394 3.35822 0
    endloop
  endfacet
  facet normal -0.977126 0.212662 0
    outer loop
      vertex 11.5082 -0.986063 3.4899
      vertex 11.6144 -0.498101 0
      vertex 11.5082 -0.986063 0
    endloop
  endfacet
  facet normal -0.977126 0.212662 0
    outer loop
      vertex 11.6144 -0.498101 0
      vertex 11.5082 -0.986063 3.4899
      vertex 11.6144 -0.498101 3.54635
    endloop
  endfacet
  facet normal -0.937006 0.349315 0
    outer loop
      vertex 11.5082 -0.986063 0
      vertex 11.4597 -1.11616 3.4641
      vertex 11.5082 -0.986063 3.4899
    endloop
  endfacet
  facet normal -0.936958 0.349442 0
    outer loop
      vertex 11.3337 -1.45395 3.40801
      vertex 11.5082 -0.986063 0
      vertex 11.3337 -1.45395 0
    endloop
  endfacet
  facet normal -0.93694 0.349489 7.48559e-06
    outer loop
      vertex 11.5082 -0.986063 0
      vertex 11.3337 -1.45395 3.40801
      vertex 11.4597 -1.11616 3.4641
    endloop
  endfacet
  facet normal 0.599285 0.800536 0
    outer loop
      vertex 5.85799 -2.64512 0
      vertex 6.25776 -2.94439 2.94312
      vertex 6.25776 -2.94439 0
    endloop
  endfacet
  facet normal 0.599285 0.800536 0
    outer loop
      vertex 6.25776 -2.94439 2.94312
      vertex 5.85799 -2.64512 0
      vertex 5.85799 -2.64512 3.05775
    endloop
  endfacet
  facet normal -0.0713407 0.997452 0
    outer loop
      vertex 8.6481 -3.46437 0
      vertex 8.41349 -3.48115 2.7046
      vertex 8.6481 -3.46437 2.721
    endloop
  endfacet
  facet normal -0.0713495 0.997451 -7.67287e-07
    outer loop
      vertex 8.15 -3.5 0
      vertex 8.41349 -3.48115 2.7046
      vertex 8.6481 -3.46437 0
    endloop
  endfacet
  facet normal -0.0713573 0.997451 0
    outer loop
      vertex 8.41349 -3.48115 2.7046
      vertex 8.15 -3.5 0
      vertex 8.15 -3.5 2.7046
    endloop
  endfacet
  facet normal 0.349457 0.936952 0
    outer loop
      vertex 6.69605 -3.18371 0
      vertex 7.16394 -3.35822 2.76903
      vertex 7.16394 -3.35822 0
    endloop
  endfacet
  facet normal 0.349461 0.936951 -6.98812e-07
    outer loop
      vertex 7.16394 -3.35822 2.76903
      vertex 6.69605 -3.18371 0
      vertex 6.83896 -3.23701 2.8147
    endloop
  endfacet
  facet normal 0.349449 0.936955 0
    outer loop
      vertex 6.83896 -3.23701 2.8147
      vertex 6.69605 -3.18371 0
      vertex 6.69605 -3.18371 2.84508
    endloop
  endfacet
  facet normal 0.877683 0.479242 0
    outer loop
      vertex 5.20561 -1.89224 3.30146
      vertex 4.96629 -1.45395 0
      vertex 4.96629 -1.45395 3.40801
    endloop
  endfacet
  facet normal 0.877683 0.479242 0
    outer loop
      vertex 4.96629 -1.45395 0
      vertex 5.20561 -1.89224 3.30146
      vertex 5.20561 -1.89224 0
    endloop
  endfacet
  facet normal 0.707118 0.707095 0
    outer loop
      vertex 5.81692 -2.60406 3.06952
      vertex 5.50488 -2.29201 0
      vertex 5.50488 -2.29201 3.1831
    endloop
  endfacet
  facet normal 0.707023 0.70719 1.92477e-05
    outer loop
      vertex 5.85799 -2.64512 3.05775
      vertex 5.50488 -2.29201 0
      vertex 5.81692 -2.60406 3.06952
    endloop
  endfacet
  facet normal 0.707107 0.707107 0
    outer loop
      vertex 5.50488 -2.29201 0
      vertex 5.85799 -2.64512 3.05775
      vertex 5.85799 -2.64512 0
    endloop
  endfacet
  facet normal -0.707163 0.70705 0
    outer loop
      vertex 10.7951 -2.29201 0
      vertex 10.4831 -2.60406 3.06952
      vertex 10.7951 -2.29201 3.1831
    endloop
  endfacet
  facet normal -0.707117 0.707097 0
    outer loop
      vertex 10.442 -2.64512 3.05775
      vertex 10.7951 -2.29201 0
      vertex 10.442 -2.64512 0
    endloop
  endfacet
  facet normal -0.706774 0.70744 7.92011e-05
    outer loop
      vertex 10.7951 -2.29201 0
      vertex 10.442 -2.64512 3.05775
      vertex 10.4831 -2.60406 3.06952
    endloop
  endfacet
  facet normal -0.800557 0.599256 0
    outer loop
      vertex 11.0944 -1.89224 0
      vertex 10.9783 -2.04734 3.24976
      vertex 11.0944 -1.89224 3.30146
    endloop
  endfacet
  facet normal -0.800507 0.599324 0
    outer loop
      vertex 10.7951 -2.29201 3.1831
      vertex 11.0944 -1.89224 0
      vertex 10.7951 -2.29201 0
    endloop
  endfacet
  facet normal -0.800476 0.599365 8.0827e-06
    outer loop
      vertex 11.0944 -1.89224 0
      vertex 10.7951 -2.29201 3.1831
      vertex 10.9783 -2.04734 3.24976
    endloop
  endfacet
  facet normal 0.212556 0.977149 -0
    outer loop
      vertex 7.6519 -3.46437 0
      vertex 7.36081 -3.40105 2.74136
      vertex 7.6519 -3.46437 2.721
    endloop
  endfacet
  facet normal 0.212567 0.977147 1.15146e-06
    outer loop
      vertex 7.16394 -3.35822 0
      vertex 7.36081 -3.40105 2.74136
      vertex 7.6519 -3.46437 0
    endloop
  endfacet
  facet normal 0.212582 0.977143 0
    outer loop
      vertex 7.36081 -3.40105 2.74136
      vertex 7.16394 -3.35822 0
      vertex 7.16394 -3.35822 2.76903
    endloop
  endfacet
  facet normal 0.479242 0.877683 0
    outer loop
      vertex 6.25776 -2.94439 0
      vertex 6.69605 -3.18371 2.84508
      vertex 6.69605 -3.18371 0
    endloop
  endfacet
  facet normal 0.479243 0.877682 -2.2089e-07
    outer loop
      vertex 6.69605 -3.18371 2.84508
      vertex 6.25776 -2.94439 0
      vertex 6.32349 -2.98028 2.92427
    endloop
  endfacet
  facet normal 0.479236 0.877686 0
    outer loop
      vertex 6.32349 -2.98028 2.92427
      vertex 6.25776 -2.94439 0
      vertex 6.25776 -2.94439 2.94312
    endloop
  endfacet
  facet normal 0.0713573 0.997451 0
    outer loop
      vertex 8.15 -3.5 2.7046
      vertex 8.15 -3.5 0
      vertex 7.88651 -3.48115 2.7046
    endloop
  endfacet
  facet normal 0.0713495 0.997451 -7.67287e-07
    outer loop
      vertex 7.6519 -3.46437 0
      vertex 7.88651 -3.48115 2.7046
      vertex 8.15 -3.5 0
    endloop
  endfacet
  facet normal 0.0713407 0.997452 0
    outer loop
      vertex 7.88651 -3.48115 2.7046
      vertex 7.6519 -3.46437 0
      vertex 7.6519 -3.46437 2.721
    endloop
  endfacet
  facet normal -0.997456 -0.0712896 0
    outer loop
      vertex 27.95 0 0
      vertex 27.9144 0.498101 3.54635
      vertex 27.9144 0.498101 0
    endloop
  endfacet
  facet normal -0.997456 -0.0712896 0
    outer loop
      vertex 27.9144 0.498101 3.54635
      vertex 27.95 0 0
      vertex 27.95 0 3.56529
    endloop
  endfacet
  facet normal 0.0713437 -0.997452 0
    outer loop
      vertex 23.9519 3.46437 0
      vertex 24.1865 3.48115 2.7046
      vertex 23.9519 3.46437 2.721
    endloop
  endfacet
  facet normal 0.0713495 -0.997451 -5.03479e-07
    outer loop
      vertex 24.45 3.5 0
      vertex 24.1865 3.48115 2.7046
      vertex 23.9519 3.46437 0
    endloop
  endfacet
  facet normal 0.0713547 -0.997451 0
    outer loop
      vertex 24.1865 3.48115 2.7046
      vertex 24.45 3.5 0
      vertex 24.45 3.5 2.7046
    endloop
  endfacet
  facet normal -0.707117 -0.707097 0
    outer loop
      vertex 27.0951 2.29201 0
      vertex 26.742 2.64512 3.05775
      vertex 26.742 2.64512 0
    endloop
  endfacet
  facet normal -0.706774 -0.70744 7.92011e-05
    outer loop
      vertex 26.742 2.64512 3.05775
      vertex 27.0951 2.29201 0
      vertex 26.7831 2.60406 3.06952
    endloop
  endfacet
  facet normal -0.707163 -0.70705 0
    outer loop
      vertex 26.7831 2.60406 3.06952
      vertex 27.0951 2.29201 0
      vertex 27.0951 2.29201 3.1831
    endloop
  endfacet
  facet normal 0.706774 -0.70744 7.92011e-05
    outer loop
      vertex 21.8049 2.29201 0
      vertex 22.158 2.64512 3.05775
      vertex 22.1169 2.60406 3.06952
    endloop
  endfacet
  facet normal 0.707163 -0.70705 0
    outer loop
      vertex 21.8049 2.29201 0
      vertex 22.1169 2.60406 3.06952
      vertex 21.8049 2.29201 3.1831
    endloop
  endfacet
  facet normal 0.707117 -0.707097 0
    outer loop
      vertex 22.158 2.64512 3.05775
      vertex 21.8049 2.29201 0
      vertex 22.158 2.64512 0
    endloop
  endfacet
  facet normal 0.479404 -0.877594 0
    outer loop
      vertex 22.5578 2.94439 0
      vertex 22.6235 2.98028 2.92427
      vertex 22.5578 2.94439 2.94312
    endloop
  endfacet
  facet normal 0.479303 -0.877649 2.9461e-06
    outer loop
      vertex 22.5578 2.94439 0
      vertex 22.996 3.18371 2.84508
      vertex 22.6235 2.98028 2.92427
    endloop
  endfacet
  facet normal 0.479318 -0.877641 0
    outer loop
      vertex 22.996 3.18371 2.84508
      vertex 22.5578 2.94439 0
      vertex 22.996 3.18371 0
    endloop
  endfacet
  facet normal -0.800557 0.599256 0
    outer loop
      vertex 27.3944 -1.89224 0
      vertex 27.2783 -2.04734 3.24976
      vertex 27.3944 -1.89224 3.30146
    endloop
  endfacet
  facet normal -0.800507 0.599324 0
    outer loop
      vertex 27.0951 -2.29201 3.1831
      vertex 27.3944 -1.89224 0
      vertex 27.0951 -2.29201 0
    endloop
  endfacet
  facet normal -0.800476 0.599365 8.0827e-06
    outer loop
      vertex 27.3944 -1.89224 0
      vertex 27.0951 -2.29201 3.1831
      vertex 27.2783 -2.04734 3.24976
    endloop
  endfacet
  facet normal -0.8777 -0.479211 0
    outer loop
      vertex 27.6337 1.45395 0
      vertex 27.3944 1.89224 3.30146
      vertex 27.3944 1.89224 0
    endloop
  endfacet
  facet normal -0.8777 -0.479211 0
    outer loop
      vertex 27.3944 1.89224 3.30146
      vertex 27.6337 1.45395 0
      vertex 27.6337 1.45395 3.40801
    endloop
  endfacet
  facet normal -0.800507 -0.599324 0
    outer loop
      vertex 27.3944 1.89224 0
      vertex 27.0951 2.29201 3.1831
      vertex 27.0951 2.29201 0
    endloop
  endfacet
  facet normal -0.800476 -0.599365 8.0827e-06
    outer loop
      vertex 27.0951 2.29201 3.1831
      vertex 27.3944 1.89224 0
      vertex 27.2783 2.04734 3.24976
    endloop
  endfacet
  facet normal -0.800557 -0.599256 0
    outer loop
      vertex 27.2783 2.04734 3.24976
      vertex 27.3944 1.89224 0
      vertex 27.3944 1.89224 3.30146
    endloop
  endfacet
  facet normal -0.349451 -0.936955 0
    outer loop
      vertex 25.904 3.18371 0
      vertex 25.4361 3.35822 2.76903
      vertex 25.4361 3.35822 0
    endloop
  endfacet
  facet normal -0.349535 -0.936923 -1.61337e-05
    outer loop
      vertex 25.4361 3.35822 2.76903
      vertex 25.904 3.18371 0
      vertex 25.761 3.23701 2.8147
    endloop
  endfacet
  facet normal -0.349256 -0.937027 0
    outer loop
      vertex 25.761 3.23701 2.8147
      vertex 25.904 3.18371 0
      vertex 25.904 3.18371 2.84508
    endloop
  endfacet
  facet normal -0.599256 -0.800557 0
    outer loop
      vertex 26.742 2.64512 0
      vertex 26.3422 2.94439 2.94312
      vertex 26.3422 2.94439 0
    endloop
  endfacet
  facet normal -0.599256 -0.800557 0
    outer loop
      vertex 26.3422 2.94439 2.94312
      vertex 26.742 2.64512 0
      vertex 26.742 2.64512 3.05775
    endloop
  endfacet
  facet normal 0.8777 -0.479211 0
    outer loop
      vertex 21.2663 1.45395 0
      vertex 21.5056 1.89224 3.30146
      vertex 21.2663 1.45395 3.40801
    endloop
  endfacet
  facet normal 0.8777 -0.479211 0
    outer loop
      vertex 21.5056 1.89224 3.30146
      vertex 21.2663 1.45395 0
      vertex 21.5056 1.89224 0
    endloop
  endfacet
  facet normal 0.800476 -0.599365 8.0827e-06
    outer loop
      vertex 21.5056 1.89224 0
      vertex 21.8049 2.29201 3.1831
      vertex 21.6217 2.04734 3.24976
    endloop
  endfacet
  facet normal 0.800557 -0.599256 0
    outer loop
      vertex 21.5056 1.89224 0
      vertex 21.6217 2.04734 3.24976
      vertex 21.5056 1.89224 3.30146
    endloop
  endfacet
  facet normal 0.800507 -0.599324 0
    outer loop
      vertex 21.8049 2.29201 3.1831
      vertex 21.5056 1.89224 0
      vertex 21.8049 2.29201 0
    endloop
  endfacet
  facet normal 0.977126 -0.212662 0
    outer loop
      vertex 20.9856 0.498101 0
      vertex 21.0918 0.986063 3.4899
      vertex 20.9856 0.498101 3.54635
    endloop
  endfacet
  facet normal 0.977126 -0.212662 0
    outer loop
      vertex 21.0918 0.986063 3.4899
      vertex 20.9856 0.498101 0
      vertex 21.0918 0.986063 0
    endloop
  endfacet
  facet normal 0.997456 0.0712896 0
    outer loop
      vertex 20.9856 -0.498101 3.54635
      vertex 20.95 0 0
      vertex 20.95 0 3.56529
    endloop
  endfacet
  facet normal 0.997456 0.0712896 0
    outer loop
      vertex 20.95 0 0
      vertex 20.9856 -0.498101 3.54635
      vertex 20.9856 -0.498101 0
    endloop
  endfacet
  facet normal 0.599256 -0.800557 0
    outer loop
      vertex 22.158 2.64512 0
      vertex 22.5578 2.94439 2.94312
      vertex 22.158 2.64512 3.05775
    endloop
  endfacet
  facet normal 0.599256 -0.800557 0
    outer loop
      vertex 22.5578 2.94439 2.94312
      vertex 22.158 2.64512 0
      vertex 22.5578 2.94439 0
    endloop
  endfacet
  facet normal 0.212551 -0.97715 0
    outer loop
      vertex 23.4639 3.35822 0
      vertex 23.6608 3.40105 2.74136
      vertex 23.4639 3.35822 2.76903
    endloop
  endfacet
  facet normal 0.21255 -0.97715 1.27928e-07
    outer loop
      vertex 23.4639 3.35822 0
      vertex 23.9519 3.46437 2.721
      vertex 23.6608 3.40105 2.74136
    endloop
  endfacet
  facet normal 0.21255 -0.97715 0
    outer loop
      vertex 23.9519 3.46437 2.721
      vertex 23.4639 3.35822 0
      vertex 23.9519 3.46437 0
    endloop
  endfacet
  facet normal -0.997456 0.0712896 0
    outer loop
      vertex 27.9144 -0.498101 3.54635
      vertex 27.95 0 0
      vertex 27.9144 -0.498101 0
    endloop
  endfacet
  facet normal -0.997456 0.0712896 0
    outer loop
      vertex 27.95 0 0
      vertex 27.9144 -0.498101 3.54635
      vertex 27.95 0 3.56529
    endloop
  endfacet
  facet normal -0.212551 0.97715 0
    outer loop
      vertex 25.4361 -3.35822 0
      vertex 25.2392 -3.40105 2.74136
      vertex 25.4361 -3.35822 2.76903
    endloop
  endfacet
  facet normal -0.21255 0.97715 1.27928e-07
    outer loop
      vertex 25.4361 -3.35822 0
      vertex 24.9481 -3.46437 2.721
      vertex 25.2392 -3.40105 2.74136
    endloop
  endfacet
  facet normal -0.21255 0.97715 0
    outer loop
      vertex 24.9481 -3.46437 2.721
      vertex 25.4361 -3.35822 0
      vertex 24.9481 -3.46437 0
    endloop
  endfacet
  facet normal -0.936958 -0.349442 0
    outer loop
      vertex 27.8082 0.986063 0
      vertex 27.6337 1.45395 3.40801
      vertex 27.6337 1.45395 0
    endloop
  endfacet
  facet normal -0.93694 -0.349489 7.48559e-06
    outer loop
      vertex 27.6337 1.45395 3.40801
      vertex 27.8082 0.986063 0
      vertex 27.7597 1.11616 3.4641
    endloop
  endfacet
  facet normal -0.937006 -0.349315 0
    outer loop
      vertex 27.7597 1.11616 3.4641
      vertex 27.8082 0.986063 0
      vertex 27.8082 0.986063 3.4899
    endloop
  endfacet
  facet normal -0.977126 -0.212662 0
    outer loop
      vertex 27.9144 0.498101 0
      vertex 27.8082 0.986063 3.4899
      vertex 27.8082 0.986063 0
    endloop
  endfacet
  facet normal -0.977126 -0.212662 0
    outer loop
      vertex 27.8082 0.986063 3.4899
      vertex 27.9144 0.498101 0
      vertex 27.9144 0.498101 3.54635
    endloop
  endfacet
  facet normal -0.212549 -0.97715 0
    outer loop
      vertex 24.9481 3.46437 0
      vertex 25.2392 3.40105 2.74136
      vertex 24.9481 3.46437 2.721
    endloop
  endfacet
  facet normal -0.21255 -0.97715 7.66946e-08
    outer loop
      vertex 25.4361 3.35822 0
      vertex 25.2392 3.40105 2.74136
      vertex 24.9481 3.46437 0
    endloop
  endfacet
  facet normal -0.212551 -0.97715 0
    outer loop
      vertex 25.2392 3.40105 2.74136
      vertex 25.4361 3.35822 0
      vertex 25.4361 3.35822 2.76903
    endloop
  endfacet
  facet normal -0.0713547 -0.997451 -0
    outer loop
      vertex 24.45 3.5 2.7046
      vertex 24.45 3.5 0
      vertex 24.7135 3.48115 2.7046
    endloop
  endfacet
  facet normal -0.0713495 -0.997451 -5.03479e-07
    outer loop
      vertex 24.9481 3.46437 0
      vertex 24.7135 3.48115 2.7046
      vertex 24.45 3.5 0
    endloop
  endfacet
  facet normal -0.0713437 -0.997452 0
    outer loop
      vertex 24.7135 3.48115 2.7046
      vertex 24.9481 3.46437 0
      vertex 24.9481 3.46437 2.721
    endloop
  endfacet
  facet normal 0.93694 -0.349489 7.48559e-06
    outer loop
      vertex 21.0918 0.986063 0
      vertex 21.2663 1.45395 3.40801
      vertex 21.1403 1.11616 3.4641
    endloop
  endfacet
  facet normal 0.937006 -0.349315 0
    outer loop
      vertex 21.0918 0.986063 0
      vertex 21.1403 1.11616 3.4641
      vertex 21.0918 0.986063 3.4899
    endloop
  endfacet
  facet normal 0.936958 -0.349442 0
    outer loop
      vertex 21.2663 1.45395 3.40801
      vertex 21.0918 0.986063 0
      vertex 21.2663 1.45395 0
    endloop
  endfacet
  facet normal -0.599256 0.800557 0
    outer loop
      vertex 26.742 -2.64512 0
      vertex 26.3422 -2.94439 2.94312
      vertex 26.742 -2.64512 3.05775
    endloop
  endfacet
  facet normal -0.599256 0.800557 0
    outer loop
      vertex 26.3422 -2.94439 2.94312
      vertex 26.742 -2.64512 0
      vertex 26.3422 -2.94439 0
    endloop
  endfacet
  facet normal -0.937006 0.349315 0
    outer loop
      vertex 27.8082 -0.986063 0
      vertex 27.7597 -1.11616 3.4641
      vertex 27.8082 -0.986063 3.4899
    endloop
  endfacet
  facet normal -0.936958 0.349442 0
    outer loop
      vertex 27.6337 -1.45395 3.40801
      vertex 27.8082 -0.986063 0
      vertex 27.6337 -1.45395 0
    endloop
  endfacet
  facet normal -0.93694 0.349489 7.48559e-06
    outer loop
      vertex 27.8082 -0.986063 0
      vertex 27.6337 -1.45395 3.40801
      vertex 27.7597 -1.11616 3.4641
    endloop
  endfacet
  facet normal -0.8777 0.479211 0
    outer loop
      vertex 27.3944 -1.89224 3.30146
      vertex 27.6337 -1.45395 0
      vertex 27.3944 -1.89224 0
    endloop
  endfacet
  facet normal -0.8777 0.479211 0
    outer loop
      vertex 27.6337 -1.45395 0
      vertex 27.3944 -1.89224 3.30146
      vertex 27.6337 -1.45395 3.40801
    endloop
  endfacet
  facet normal 0.800557 0.599256 0
    outer loop
      vertex 21.6217 -2.04734 3.24976
      vertex 21.5056 -1.89224 0
      vertex 21.5056 -1.89224 3.30146
    endloop
  endfacet
  facet normal 0.800476 0.599365 8.0827e-06
    outer loop
      vertex 21.8049 -2.29201 3.1831
      vertex 21.5056 -1.89224 0
      vertex 21.6217 -2.04734 3.24976
    endloop
  endfacet
  facet normal 0.800507 0.599324 0
    outer loop
      vertex 21.5056 -1.89224 0
      vertex 21.8049 -2.29201 3.1831
      vertex 21.8049 -2.29201 0
    endloop
  endfacet
  facet normal 0.977126 0.212662 0
    outer loop
      vertex 21.0918 -0.986063 3.4899
      vertex 20.9856 -0.498101 0
      vertex 20.9856 -0.498101 3.54635
    endloop
  endfacet
  facet normal 0.977126 0.212662 0
    outer loop
      vertex 20.9856 -0.498101 0
      vertex 21.0918 -0.986063 3.4899
      vertex 21.0918 -0.986063 0
    endloop
  endfacet
  facet normal 0.8777 0.479211 0
    outer loop
      vertex 21.5056 -1.89224 3.30146
      vertex 21.2663 -1.45395 0
      vertex 21.2663 -1.45395 3.40801
    endloop
  endfacet
  facet normal 0.8777 0.479211 0
    outer loop
      vertex 21.2663 -1.45395 0
      vertex 21.5056 -1.89224 3.30146
      vertex 21.5056 -1.89224 0
    endloop
  endfacet
  facet normal -0.707163 0.70705 0
    outer loop
      vertex 27.0951 -2.29201 0
      vertex 26.7831 -2.60406 3.06952
      vertex 27.0951 -2.29201 3.1831
    endloop
  endfacet
  facet normal -0.707117 0.707097 0
    outer loop
      vertex 26.742 -2.64512 3.05775
      vertex 27.0951 -2.29201 0
      vertex 26.742 -2.64512 0
    endloop
  endfacet
  facet normal -0.706774 0.70744 7.92011e-05
    outer loop
      vertex 27.0951 -2.29201 0
      vertex 26.742 -2.64512 3.05775
      vertex 26.7831 -2.60406 3.06952
    endloop
  endfacet
  facet normal -0.479404 0.877594 0
    outer loop
      vertex 26.3422 -2.94439 0
      vertex 26.2765 -2.98028 2.92427
      vertex 26.3422 -2.94439 2.94312
    endloop
  endfacet
  facet normal -0.479303 0.877649 2.9461e-06
    outer loop
      vertex 26.3422 -2.94439 0
      vertex 25.904 -3.18371 2.84508
      vertex 26.2765 -2.98028 2.92427
    endloop
  endfacet
  facet normal -0.479318 0.877641 0
    outer loop
      vertex 25.904 -3.18371 2.84508
      vertex 26.3422 -2.94439 0
      vertex 25.904 -3.18371 0
    endloop
  endfacet
  facet normal -0.349256 0.937027 0
    outer loop
      vertex 25.904 -3.18371 0
      vertex 25.761 -3.23701 2.8147
      vertex 25.904 -3.18371 2.84508
    endloop
  endfacet
  facet normal -0.349535 0.936923 -1.61337e-05
    outer loop
      vertex 25.904 -3.18371 0
      vertex 25.4361 -3.35822 2.76903
      vertex 25.761 -3.23701 2.8147
    endloop
  endfacet
  facet normal -0.349451 0.936955 0
    outer loop
      vertex 25.4361 -3.35822 2.76903
      vertex 25.904 -3.18371 0
      vertex 25.4361 -3.35822 0
    endloop
  endfacet
  facet normal -0.479318 -0.877641 0
    outer loop
      vertex 26.3422 2.94439 0
      vertex 25.904 3.18371 2.84508
      vertex 25.904 3.18371 0
    endloop
  endfacet
  facet normal -0.479303 -0.877649 2.9461e-06
    outer loop
      vertex 25.904 3.18371 2.84508
      vertex 26.3422 2.94439 0
      vertex 26.2765 2.98028 2.92427
    endloop
  endfacet
  facet normal -0.479404 -0.877594 0
    outer loop
      vertex 26.2765 2.98028 2.92427
      vertex 26.3422 2.94439 0
      vertex 26.3422 2.94439 2.94312
    endloop
  endfacet
  facet normal 0.997456 -0.0712896 0
    outer loop
      vertex 20.95 0 0
      vertex 20.9856 0.498101 3.54635
      vertex 20.95 0 3.56529
    endloop
  endfacet
  facet normal 0.997456 -0.0712896 0
    outer loop
      vertex 20.9856 0.498101 3.54635
      vertex 20.95 0 0
      vertex 20.9856 0.498101 0
    endloop
  endfacet
  facet normal 0.349256 -0.937027 0
    outer loop
      vertex 22.996 3.18371 0
      vertex 23.139 3.23701 2.8147
      vertex 22.996 3.18371 2.84508
    endloop
  endfacet
  facet normal 0.349535 -0.936923 -1.61337e-05
    outer loop
      vertex 22.996 3.18371 0
      vertex 23.4639 3.35822 2.76903
      vertex 23.139 3.23701 2.8147
    endloop
  endfacet
  facet normal 0.349451 -0.936955 0
    outer loop
      vertex 23.4639 3.35822 2.76903
      vertex 22.996 3.18371 0
      vertex 23.4639 3.35822 0
    endloop
  endfacet
  facet normal -0.977126 0.212662 0
    outer loop
      vertex 27.8082 -0.986063 3.4899
      vertex 27.9144 -0.498101 0
      vertex 27.8082 -0.986063 0
    endloop
  endfacet
  facet normal -0.977126 0.212662 0
    outer loop
      vertex 27.9144 -0.498101 0
      vertex 27.8082 -0.986063 3.4899
      vertex 27.9144 -0.498101 3.54635
    endloop
  endfacet
  facet normal -0.0713437 0.997452 0
    outer loop
      vertex 24.9481 -3.46437 0
      vertex 24.7135 -3.48115 2.7046
      vertex 24.9481 -3.46437 2.721
    endloop
  endfacet
  facet normal -0.0713495 0.997451 -5.03479e-07
    outer loop
      vertex 24.45 -3.5 0
      vertex 24.7135 -3.48115 2.7046
      vertex 24.9481 -3.46437 0
    endloop
  endfacet
  facet normal -0.0713547 0.997451 0
    outer loop
      vertex 24.7135 -3.48115 2.7046
      vertex 24.45 -3.5 0
      vertex 24.45 -3.5 2.7046
    endloop
  endfacet
  facet normal 0.479318 0.877641 0
    outer loop
      vertex 22.5578 -2.94439 0
      vertex 22.996 -3.18371 2.84508
      vertex 22.996 -3.18371 0
    endloop
  endfacet
  facet normal 0.479303 0.877649 2.9461e-06
    outer loop
      vertex 22.996 -3.18371 2.84508
      vertex 22.5578 -2.94439 0
      vertex 22.6235 -2.98028 2.92427
    endloop
  endfacet
  facet normal 0.479404 0.877594 0
    outer loop
      vertex 22.6235 -2.98028 2.92427
      vertex 22.5578 -2.94439 0
      vertex 22.5578 -2.94439 2.94312
    endloop
  endfacet
  facet normal 0.707163 0.70705 0
    outer loop
      vertex 22.1169 -2.60406 3.06952
      vertex 21.8049 -2.29201 0
      vertex 21.8049 -2.29201 3.1831
    endloop
  endfacet
  facet normal 0.706774 0.70744 7.92011e-05
    outer loop
      vertex 22.158 -2.64512 3.05775
      vertex 21.8049 -2.29201 0
      vertex 22.1169 -2.60406 3.06952
    endloop
  endfacet
  facet normal 0.707117 0.707097 0
    outer loop
      vertex 21.8049 -2.29201 0
      vertex 22.158 -2.64512 3.05775
      vertex 22.158 -2.64512 0
    endloop
  endfacet
  facet normal 0.937006 0.349315 0
    outer loop
      vertex 21.1403 -1.11616 3.4641
      vertex 21.0918 -0.986063 0
      vertex 21.0918 -0.986063 3.4899
    endloop
  endfacet
  facet normal 0.93694 0.349489 7.48559e-06
    outer loop
      vertex 21.2663 -1.45395 3.40801
      vertex 21.0918 -0.986063 0
      vertex 21.1403 -1.11616 3.4641
    endloop
  endfacet
  facet normal 0.936958 0.349442 0
    outer loop
      vertex 21.0918 -0.986063 0
      vertex 21.2663 -1.45395 3.40801
      vertex 21.2663 -1.45395 0
    endloop
  endfacet
  facet normal 0.212549 0.97715 -0
    outer loop
      vertex 23.9519 -3.46437 0
      vertex 23.6608 -3.40105 2.74136
      vertex 23.9519 -3.46437 2.721
    endloop
  endfacet
  facet normal 0.21255 0.97715 7.66946e-08
    outer loop
      vertex 23.4639 -3.35822 0
      vertex 23.6608 -3.40105 2.74136
      vertex 23.9519 -3.46437 0
    endloop
  endfacet
  facet normal 0.212551 0.97715 0
    outer loop
      vertex 23.6608 -3.40105 2.74136
      vertex 23.4639 -3.35822 0
      vertex 23.4639 -3.35822 2.76903
    endloop
  endfacet
  facet normal 0.349451 0.936955 0
    outer loop
      vertex 22.996 -3.18371 0
      vertex 23.4639 -3.35822 2.76903
      vertex 23.4639 -3.35822 0
    endloop
  endfacet
  facet normal 0.349535 0.936923 -1.61337e-05
    outer loop
      vertex 23.4639 -3.35822 2.76903
      vertex 22.996 -3.18371 0
      vertex 23.139 -3.23701 2.8147
    endloop
  endfacet
  facet normal 0.349256 0.937027 0
    outer loop
      vertex 23.139 -3.23701 2.8147
      vertex 22.996 -3.18371 0
      vertex 22.996 -3.18371 2.84508
    endloop
  endfacet
  facet normal 0.599256 0.800557 0
    outer loop
      vertex 22.158 -2.64512 0
      vertex 22.5578 -2.94439 2.94312
      vertex 22.5578 -2.94439 0
    endloop
  endfacet
  facet normal 0.599256 0.800557 0
    outer loop
      vertex 22.5578 -2.94439 2.94312
      vertex 22.158 -2.64512 0
      vertex 22.158 -2.64512 3.05775
    endloop
  endfacet
  facet normal 0.0713547 0.997451 0
    outer loop
      vertex 24.45 -3.5 2.7046
      vertex 24.45 -3.5 0
      vertex 24.1865 -3.48115 2.7046
    endloop
  endfacet
  facet normal 0.0713495 0.997451 -5.03479e-07
    outer loop
      vertex 23.9519 -3.46437 0
      vertex 24.1865 -3.48115 2.7046
      vertex 24.45 -3.5 0
    endloop
  endfacet
  facet normal 0.0713437 0.997452 0
    outer loop
      vertex 24.1865 -3.48115 2.7046
      vertex 23.9519 -3.46437 0
      vertex 23.9519 -3.46437 2.721
    endloop
  endfacet
  facet normal -0 0 1
    outer loop
      vertex -31.9724 27.9121 11.99
      vertex -31.7926 -28.1284 11.99
      vertex -31.7926 28.1284 11.99
    endloop
  endfacet
  facet normal 0 0 1
    outer loop
      vertex -31.9724 27.9121 11.99
      vertex -31.9724 -27.9121 11.99
      vertex -31.7926 -28.1284 11.99
    endloop
  endfacet
  facet normal -0 0 1
    outer loop
      vertex -32.3206 27.5567 11.99
      vertex -31.9724 -27.9121 11.99
      vertex -31.9724 27.9121 11.99
    endloop
  endfacet
  facet normal 0 0 1
    outer loop
      vertex -32.3206 27.5567 11.99
      vertex -32.3206 -27.5567 11.99
      vertex -31.9724 -27.9121 11.99
    endloop
  endfacet
  facet normal -0 0 1
    outer loop
      vertex -32.6967 27.2308 11.99
      vertex -32.3206 -27.5567 11.99
      vertex -32.3206 27.5567 11.99
    endloop
  endfacet
  facet normal 0 0 1
    outer loop
      vertex -32.6967 27.2308 11.99
      vertex -32.6967 -27.2308 11.99
      vertex -32.3206 -27.5567 11.99
    endloop
  endfacet
  facet normal -0 0 1
    outer loop
      vertex -33.0981 26.9367 11.99
      vertex -32.6967 -27.2308 11.99
      vertex -32.6967 27.2308 11.99
    endloop
  endfacet
  facet normal 0 0 1
    outer loop
      vertex -33.0981 26.9367 11.99
      vertex -33.0981 -26.9367 11.99
      vertex -32.6967 -27.2308 11.99
    endloop
  endfacet
  facet normal -0 0 1
    outer loop
      vertex -33.5221 26.6763 11.99
      vertex -33.0981 -26.9367 11.99
      vertex -33.0981 26.9367 11.99
    endloop
  endfacet
  facet normal 0 0 1
    outer loop
      vertex -33.5221 26.6763 11.99
      vertex -33.5221 -26.6763 11.99
      vertex -33.0981 -26.9367 11.99
    endloop
  endfacet
  facet normal -0 0 1
    outer loop
      vertex -33.966 26.4512 11.99
      vertex -33.5221 -26.6763 11.99
      vertex -33.5221 26.6763 11.99
    endloop
  endfacet
  facet normal 0 0 1
    outer loop
      vertex -33.966 26.4512 11.99
      vertex -33.966 -26.4512 11.99
      vertex -33.5221 -26.6763 11.99
    endloop
  endfacet
  facet normal -0 0 1
    outer loop
      vertex -34 26.4374 11.99
      vertex -33.966 -26.4512 11.99
      vertex -33.966 26.4512 11.99
    endloop
  endfacet
  facet normal 0 0 1
    outer loop
      vertex -33.966 -26.4512 11.99
      vertex -34 26.4374 11.99
      vertex -34 -26.4374 11.99
    endloop
  endfacet
  facet normal 0 0 1
    outer loop
      vertex 33.7418 26.5592 11.99
      vertex 34 -26.4413 11.99
      vertex 34 26.4413 11.99
    endloop
  endfacet
  facet normal 0 0 1
    outer loop
      vertex 33.7418 26.5592 11.99
      vertex 33.7418 -26.5592 11.99
      vertex 34 -26.4413 11.99
    endloop
  endfacet
  facet normal 0 0 1
    outer loop
      vertex 33.3075 26.8021 11.99
      vertex 33.7418 -26.5592 11.99
      vertex 33.7418 26.5592 11.99
    endloop
  endfacet
  facet normal 0 0 1
    outer loop
      vertex 33.3075 26.8021 11.99
      vertex 33.3075 -26.8021 11.99
      vertex 33.7418 -26.5592 11.99
    endloop
  endfacet
  facet normal 0 0 1
    outer loop
      vertex 32.8944 27.0797 11.99
      vertex 33.3075 -26.8021 11.99
      vertex 33.3075 26.8021 11.99
    endloop
  endfacet
  facet normal 0 0 1
    outer loop
      vertex 32.8944 27.0797 11.99
      vertex 32.8944 -27.0797 11.99
      vertex 33.3075 -26.8021 11.99
    endloop
  endfacet
  facet normal 0 0 1
    outer loop
      vertex 32.5053 27.3899 11.99
      vertex 32.8944 -27.0797 11.99
      vertex 32.8944 27.0797 11.99
    endloop
  endfacet
  facet normal 0 0 1
    outer loop
      vertex 32.5053 27.3899 11.99
      vertex 32.5053 -27.3899 11.99
      vertex 32.8944 -27.0797 11.99
    endloop
  endfacet
  facet normal 0 0 1
    outer loop
      vertex 32.1429 27.7309 11.99
      vertex 32.5053 -27.3899 11.99
      vertex 32.5053 27.3899 11.99
    endloop
  endfacet
  facet normal 0 0 1
    outer loop
      vertex 32.1429 27.7309 11.99
      vertex 32.1429 -27.7309 11.99
      vertex 32.5053 -27.3899 11.99
    endloop
  endfacet
  facet normal 0 0 1
    outer loop
      vertex 31.8094 28.1002 11.99
      vertex 32.1429 -27.7309 11.99
      vertex 32.1429 27.7309 11.99
    endloop
  endfacet
  facet normal 0 0 1
    outer loop
      vertex 31.8094 28.1002 11.99
      vertex 31.8094 -28.1002 11.99
      vertex 32.1429 -27.7309 11.99
    endloop
  endfacet
  facet normal 0 0 1
    outer loop
      vertex 31.7926 28.1222 11.99
      vertex 31.8094 -28.1002 11.99
      vertex 31.8094 28.1002 11.99
    endloop
  endfacet
  facet normal 0 0 1
    outer loop
      vertex 31.8094 -28.1002 11.99
      vertex 31.7926 28.1222 11.99
      vertex 31.7926 -28.1222 11.99
    endloop
  endfacet
  facet normal -0 0 1
    outer loop
      vertex -17.1074 28.7354 11.99
      vertex -15.4926 -28.7354 11.99
      vertex -15.4926 28.7354 11.99
    endloop
  endfacet
  facet normal 0 0 1
    outer loop
      vertex -15.4926 -28.7354 11.99
      vertex -17.1074 28.7354 11.99
      vertex -17.1074 -28.7354 11.99
    endloop
  endfacet
  facet normal -0 0 1
    outer loop
      vertex -0.807438 28.7354 11.99
      vertex 0.807438 -28.7354 11.99
      vertex 0.807438 28.7354 11.99
    endloop
  endfacet
  facet normal 0 0 1
    outer loop
      vertex 0.807438 -28.7354 11.99
      vertex -0.807438 28.7354 11.99
      vertex -0.807438 -28.7354 11.99
    endloop
  endfacet
  facet normal -0 0 1
    outer loop
      vertex 15.4926 28.7354 11.99
      vertex 17.1074 -28.7354 11.99
      vertex 17.1074 28.7354 11.99
    endloop
  endfacet
  facet normal 0 0 1
    outer loop
      vertex 17.1074 -28.7354 11.99
      vertex 15.4926 28.7354 11.99
      vertex 15.4926 -28.7354 11.99
    endloop
  endfacet
  facet normal -1 0 0
    outer loop
      vertex -34 -26.4374 0
      vertex -34 26.4374 11.99
      vertex -34 26.4374 0
    endloop
  endfacet
  facet normal -1 -0 0
    outer loop
      vertex -34 26.4374 11.99
      vertex -34 -26.4374 0
      vertex -34 -26.4374 11.99
    endloop
  endfacet
  facet normal 1 -0 0
    outer loop
      vertex 34 -26.4413 11.99
      vertex 34 26.4413 0
      vertex 34 26.4413 11.99
    endloop
  endfacet
  facet normal 1 0 0
    outer loop
      vertex 34 26.4413 0
      vertex 34 -26.4413 11.99
      vertex 34 -26.4413 0
    endloop
  endfacet
  facet normal 0 -1 0
    outer loop
      vertex -31.3488 -28.7354 0
      vertex -24.1865 -28.7354 2.7046
      vertex -24.7135 -28.7354 2.7046
    endloop
  endfacet
  facet normal 0 -1 -0
    outer loop
      vertex -24.1865 -28.7354 2.7046
      vertex -31.3488 -28.7354 0
      vertex -8.41349 -28.7354 2.7046
    endloop
  endfacet
  facet normal 0 -1 -0
    outer loop
      vertex -8.41349 -28.7354 2.7046
      vertex -31.3488 -28.7354 0
      vertex -7.88651 -28.7354 2.7046
    endloop
  endfacet
  facet normal 0 -1 -0
    outer loop
      vertex -7.88651 -28.7354 2.7046
      vertex -31.3488 -28.7354 0
      vertex 7.88651 -28.7354 2.7046
    endloop
  endfacet
  facet normal 0 -1 0
    outer loop
      vertex 31.353 -28.7354 0
      vertex 7.88651 -28.7354 2.7046
      vertex -31.3488 -28.7354 0
    endloop
  endfacet
  facet normal 0 -1 0
    outer loop
      vertex 7.88651 -28.7354 2.7046
      vertex 31.353 -28.7354 0
      vertex 8.41349 -28.7354 2.7046
    endloop
  endfacet
  facet normal 0 -1 0
    outer loop
      vertex 8.41349 -28.7354 2.7046
      vertex 31.353 -28.7354 0
      vertex 24.1865 -28.7354 2.7046
    endloop
  endfacet
  facet normal 0 -1 -0
    outer loop
      vertex -25.2392 -28.7354 2.74136
      vertex -31.3488 -28.7354 0
      vertex -24.7135 -28.7354 2.7046
    endloop
  endfacet
  facet normal 0 -1 -0
    outer loop
      vertex -25.761 -28.7354 2.8147
      vertex -31.3488 -28.7354 0
      vertex -25.2392 -28.7354 2.74136
    endloop
  endfacet
  facet normal 0 -1 -0
    outer loop
      vertex -26.2765 -28.7354 2.92427
      vertex -31.3488 -28.7354 0
      vertex -25.761 -28.7354 2.8147
    endloop
  endfacet
  facet normal 0 -1 -0
    outer loop
      vertex -26.7831 -28.7354 3.06952
      vertex -31.3488 -28.7354 0
      vertex -26.2765 -28.7354 2.92427
    endloop
  endfacet
  facet normal 0 -1 -0
    outer loop
      vertex -27.2783 -28.7354 3.24976
      vertex -31.3488 -28.7354 0
      vertex -26.7831 -28.7354 3.06952
    endloop
  endfacet
  facet normal 0 -1 -0
    outer loop
      vertex -27.7597 -28.7354 3.4641
      vertex -31.3488 -28.7354 0
      vertex -27.2783 -28.7354 3.24976
    endloop
  endfacet
  facet normal 0 -1 -0
    outer loop
      vertex -28.225 -28.7354 3.71151
      vertex -31.3488 -28.7354 0
      vertex -27.7597 -28.7354 3.4641
    endloop
  endfacet
  facet normal 0 -1 -0
    outer loop
      vertex -28.6719 -28.7354 3.99077
      vertex -31.3488 -28.7354 0
      vertex -28.225 -28.7354 3.71151
    endloop
  endfacet
  facet normal 0 -1 -0
    outer loop
      vertex -29.0982 -28.7354 4.30052
      vertex -31.3488 -28.7354 0
      vertex -28.6719 -28.7354 3.99077
    endloop
  endfacet
  facet normal 0 -1 -0
    outer loop
      vertex -29.5019 -28.7354 4.63926
      vertex -31.3488 -28.7354 0
      vertex -29.0982 -28.7354 4.30052
    endloop
  endfacet
  facet normal 0 -1 -0
    outer loop
      vertex -29.881 -28.7354 5.00533
      vertex -31.3488 -28.7354 0
      vertex -29.5019 -28.7354 4.63926
    endloop
  endfacet
  facet normal 0 -1 -0
    outer loop
      vertex -30.2336 -28.7354 5.39695
      vertex -31.3488 -28.7354 0
      vertex -29.881 -28.7354 5.00533
    endloop
  endfacet
  facet normal 0 -1 -0
    outer loop
      vertex -30.5581 -28.7354 5.81222
      vertex -31.3488 -28.7354 0
      vertex -30.2336 -28.7354 5.39695
    endloop
  endfacet
  facet normal 0 -1 -0
    outer loop
      vertex -30.8528 -28.7354 6.24911
      vertex -31.3488 -28.7354 0
      vertex -30.5581 -28.7354 5.81222
    endloop
  endfacet
  facet normal 0 -1 -0
    outer loop
      vertex -31.1163 -28.7354 6.70549
      vertex -31.3488 -28.7354 0
      vertex -30.8528 -28.7354 6.24911
    endloop
  endfacet
  facet normal 0 -1 -0
    outer loop
      vertex -31.3473 -28.7354 7.17914
      vertex -31.3488 -28.7354 0
      vertex -31.1163 -28.7354 6.70549
    endloop
  endfacet
  facet normal 0 -1 0
    outer loop
      vertex -31.3488 -28.7354 0
      vertex -31.3473 -28.7354 7.17914
      vertex -31.3488 -28.7354 7.18295
    endloop
  endfacet
  facet normal 0 -1 0
    outer loop
      vertex -17.065 -28.7354 11.8197
      vertex -15.4926 -28.7354 11.99
      vertex -17.1074 -28.7354 11.99
    endloop
  endfacet
  facet normal 0 -1 0
    outer loop
      vertex -17.065 -28.7354 11.8197
      vertex -15.535 -28.7354 11.8197
      vertex -15.4926 -28.7354 11.99
    endloop
  endfacet
  facet normal 0 -1 0
    outer loop
      vertex -16.9735 -28.7354 11.3008
      vertex -15.535 -28.7354 11.8197
      vertex -17.065 -28.7354 11.8197
    endloop
  endfacet
  facet normal 0 -1 0
    outer loop
      vertex -16.9735 -28.7354 11.3008
      vertex -15.6265 -28.7354 11.3008
      vertex -15.535 -28.7354 11.8197
    endloop
  endfacet
  facet normal 0 -1 0
    outer loop
      vertex -16.9184 -28.7354 10.7767
      vertex -15.6265 -28.7354 11.3008
      vertex -16.9735 -28.7354 11.3008
    endloop
  endfacet
  facet normal 0 -1 0
    outer loop
      vertex -16.9184 -28.7354 10.7767
      vertex -15.6816 -28.7354 10.7767
      vertex -15.6265 -28.7354 11.3008
    endloop
  endfacet
  facet normal 0 -1 0
    outer loop
      vertex -16.9 -28.7354 10.25
      vertex -15.6816 -28.7354 10.7767
      vertex -16.9184 -28.7354 10.7767
    endloop
  endfacet
  facet normal 0 -1 0
    outer loop
      vertex -16.9 -28.7354 10.25
      vertex -15.7 -28.7354 10.25
      vertex -15.6816 -28.7354 10.7767
    endloop
  endfacet
  facet normal 0 -1 0
    outer loop
      vertex -16.9184 -28.7354 9.72334
      vertex -15.7 -28.7354 10.25
      vertex -16.9 -28.7354 10.25
    endloop
  endfacet
  facet normal 0 -1 0
    outer loop
      vertex -16.9184 -28.7354 9.72334
      vertex -15.6816 -28.7354 9.72334
      vertex -15.7 -28.7354 10.25
    endloop
  endfacet
  facet normal 0 -1 0
    outer loop
      vertex -16.9735 -28.7354 9.19924
      vertex -15.6816 -28.7354 9.72334
      vertex -16.9184 -28.7354 9.72334
    endloop
  endfacet
  facet normal 0 -1 0
    outer loop
      vertex -16.9735 -28.7354 9.19924
      vertex -15.6265 -28.7354 9.19924
      vertex -15.6816 -28.7354 9.72334
    endloop
  endfacet
  facet normal 0 -1 0
    outer loop
      vertex -17.065 -28.7354 8.68027
      vertex -15.6265 -28.7354 9.19924
      vertex -16.9735 -28.7354 9.19924
    endloop
  endfacet
  facet normal 0 -1 0
    outer loop
      vertex -17.065 -28.7354 8.68027
      vertex -15.535 -28.7354 8.68027
      vertex -15.6265 -28.7354 9.19924
    endloop
  endfacet
  facet normal 0 -1 0
    outer loop
      vertex -17.1925 -28.7354 8.16894
      vertex -15.535 -28.7354 8.68027
      vertex -17.065 -28.7354 8.68027
    endloop
  endfacet
  facet normal 0 -1 0
    outer loop
      vertex -17.1925 -28.7354 8.16894
      vertex -15.4075 -28.7354 8.16894
      vertex -15.535 -28.7354 8.68027
    endloop
  endfacet
  facet normal 0 -1 0
    outer loop
      vertex -17.3553 -28.7354 7.66775
      vertex -15.4075 -28.7354 8.16894
      vertex -17.1925 -28.7354 8.16894
    endloop
  endfacet
  facet normal 0 -1 0
    outer loop
      vertex -17.3553 -28.7354 7.66775
      vertex -15.2447 -28.7354 7.66775
      vertex -15.4075 -28.7354 8.16894
    endloop
  endfacet
  facet normal 0 -1 0
    outer loop
      vertex -17.5527 -28.7354 7.17914
      vertex -15.2447 -28.7354 7.66775
      vertex -17.3553 -28.7354 7.66775
    endloop
  endfacet
  facet normal 0 -1 0
    outer loop
      vertex -17.5527 -28.7354 7.17914
      vertex -15.0473 -28.7354 7.17914
      vertex -15.2447 -28.7354 7.66775
    endloop
  endfacet
  facet normal 0 -1 0
    outer loop
      vertex -17.7837 -28.7354 6.70549
      vertex -15.0473 -28.7354 7.17914
      vertex -17.5527 -28.7354 7.17914
    endloop
  endfacet
  facet normal 0 -1 0
    outer loop
      vertex -17.7837 -28.7354 6.70549
      vertex -14.8163 -28.7354 6.70549
      vertex -15.0473 -28.7354 7.17914
    endloop
  endfacet
  facet normal 0 -1 0
    outer loop
      vertex -18.0472 -28.7354 6.24911
      vertex -14.8163 -28.7354 6.70549
      vertex -17.7837 -28.7354 6.70549
    endloop
  endfacet
  facet normal 0 -1 0
    outer loop
      vertex -18.0472 -28.7354 6.24911
      vertex -14.5528 -28.7354 6.24911
      vertex -14.8163 -28.7354 6.70549
    endloop
  endfacet
  facet normal 0 -1 0
    outer loop
      vertex -18.3419 -28.7354 5.81222
      vertex -14.5528 -28.7354 6.24911
      vertex -18.0472 -28.7354 6.24911
    endloop
  endfacet
  facet normal 0 -1 0
    outer loop
      vertex -18.3419 -28.7354 5.81222
      vertex -14.2581 -28.7354 5.81222
      vertex -14.5528 -28.7354 6.24911
    endloop
  endfacet
  facet normal 0 -1 0
    outer loop
      vertex -18.6664 -28.7354 5.39695
      vertex -14.2581 -28.7354 5.81222
      vertex -18.3419 -28.7354 5.81222
    endloop
  endfacet
  facet normal 0 -1 0
    outer loop
      vertex -18.6664 -28.7354 5.39695
      vertex -13.9336 -28.7354 5.39695
      vertex -14.2581 -28.7354 5.81222
    endloop
  endfacet
  facet normal 0 -1 0
    outer loop
      vertex -19.019 -28.7354 5.00533
      vertex -13.9336 -28.7354 5.39695
      vertex -18.6664 -28.7354 5.39695
    endloop
  endfacet
  facet normal 0 -1 0
    outer loop
      vertex -19.019 -28.7354 5.00533
      vertex -13.581 -28.7354 5.00533
      vertex -13.9336 -28.7354 5.39695
    endloop
  endfacet
  facet normal 0 -1 0
    outer loop
      vertex -19.3981 -28.7354 4.63926
      vertex -13.581 -28.7354 5.00533
      vertex -19.019 -28.7354 5.00533
    endloop
  endfacet
  facet normal 0 -1 0
    outer loop
      vertex -19.3981 -28.7354 4.63926
      vertex -13.2019 -28.7354 4.63926
      vertex -13.581 -28.7354 5.00533
    endloop
  endfacet
  facet normal 0 -1 0
    outer loop
      vertex -19.8018 -28.7354 4.30052
      vertex -13.2019 -28.7354 4.63926
      vertex -19.3981 -28.7354 4.63926
    endloop
  endfacet
  facet normal 0 -1 0
    outer loop
      vertex -19.8018 -28.7354 4.30052
      vertex -12.7982 -28.7354 4.30052
      vertex -13.2019 -28.7354 4.63926
    endloop
  endfacet
  facet normal 0 -1 0
    outer loop
      vertex -20.2281 -28.7354 3.99077
      vertex -12.7982 -28.7354 4.30052
      vertex -19.8018 -28.7354 4.30052
    endloop
  endfacet
  facet normal 0 -1 0
    outer loop
      vertex -20.2281 -28.7354 3.99077
      vertex -12.3719 -28.7354 3.99077
      vertex -12.7982 -28.7354 4.30052
    endloop
  endfacet
  facet normal 0 -1 0
    outer loop
      vertex -20.675 -28.7354 3.71151
      vertex -12.3719 -28.7354 3.99077
      vertex -20.2281 -28.7354 3.99077
    endloop
  endfacet
  facet normal 0 -1 0
    outer loop
      vertex -20.675 -28.7354 3.71151
      vertex -11.925 -28.7354 3.71151
      vertex -12.3719 -28.7354 3.99077
    endloop
  endfacet
  facet normal 0 -1 0
    outer loop
      vertex -21.1403 -28.7354 3.4641
      vertex -11.925 -28.7354 3.71151
      vertex -20.675 -28.7354 3.71151
    endloop
  endfacet
  facet normal 0 -1 0
    outer loop
      vertex -21.1403 -28.7354 3.4641
      vertex -11.4597 -28.7354 3.4641
      vertex -11.925 -28.7354 3.71151
    endloop
  endfacet
  facet normal 0 -1 0
    outer loop
      vertex -21.6217 -28.7354 3.24976
      vertex -11.4597 -28.7354 3.4641
      vertex -21.1403 -28.7354 3.4641
    endloop
  endfacet
  facet normal 0 -1 0
    outer loop
      vertex -21.6217 -28.7354 3.24976
      vertex -10.9783 -28.7354 3.24976
      vertex -11.4597 -28.7354 3.4641
    endloop
  endfacet
  facet normal 0 -1 0
    outer loop
      vertex -22.1169 -28.7354 3.06952
      vertex -10.9783 -28.7354 3.24976
      vertex -21.6217 -28.7354 3.24976
    endloop
  endfacet
  facet normal 0 -1 0
    outer loop
      vertex -22.1169 -28.7354 3.06952
      vertex -10.4831 -28.7354 3.06952
      vertex -10.9783 -28.7354 3.24976
    endloop
  endfacet
  facet normal 0 -1 0
    outer loop
      vertex -22.6235 -28.7354 2.92427
      vertex -10.4831 -28.7354 3.06952
      vertex -22.1169 -28.7354 3.06952
    endloop
  endfacet
  facet normal 0 -1 0
    outer loop
      vertex -22.6235 -28.7354 2.92427
      vertex -9.97651 -28.7354 2.92427
      vertex -10.4831 -28.7354 3.06952
    endloop
  endfacet
  facet normal 0 -1 0
    outer loop
      vertex -23.139 -28.7354 2.8147
      vertex -9.97651 -28.7354 2.92427
      vertex -22.6235 -28.7354 2.92427
    endloop
  endfacet
  facet normal 0 -1 0
    outer loop
      vertex -23.139 -28.7354 2.8147
      vertex -9.46104 -28.7354 2.8147
      vertex -9.97651 -28.7354 2.92427
    endloop
  endfacet
  facet normal 0 -1 0
    outer loop
      vertex -23.6608 -28.7354 2.74136
      vertex -9.46104 -28.7354 2.8147
      vertex -23.139 -28.7354 2.8147
    endloop
  endfacet
  facet normal 0 -1 0
    outer loop
      vertex -23.6608 -28.7354 2.74136
      vertex -8.93919 -28.7354 2.74136
      vertex -9.46104 -28.7354 2.8147
    endloop
  endfacet
  facet normal 0 -1 0
    outer loop
      vertex -24.1865 -28.7354 2.7046
      vertex -8.93919 -28.7354 2.74136
      vertex -23.6608 -28.7354 2.74136
    endloop
  endfacet
  facet normal 0 -1 -0
    outer loop
      vertex -8.93919 -28.7354 2.74136
      vertex -24.1865 -28.7354 2.7046
      vertex -8.41349 -28.7354 2.7046
    endloop
  endfacet
  facet normal 0 -1 0
    outer loop
      vertex -0.764985 -28.7354 11.8197
      vertex 0.807438 -28.7354 11.99
      vertex -0.807438 -28.7354 11.99
    endloop
  endfacet
  facet normal 0 -1 0
    outer loop
      vertex -0.764985 -28.7354 11.8197
      vertex 0.764985 -28.7354 11.8197
      vertex 0.807438 -28.7354 11.99
    endloop
  endfacet
  facet normal 0 -1 0
    outer loop
      vertex -0.673475 -28.7354 11.3008
      vertex 0.764985 -28.7354 11.8197
      vertex -0.764985 -28.7354 11.8197
    endloop
  endfacet
  facet normal 0 -1 0
    outer loop
      vertex -0.673475 -28.7354 11.3008
      vertex 0.673475 -28.7354 11.3008
      vertex 0.764985 -28.7354 11.8197
    endloop
  endfacet
  facet normal 0 -1 0
    outer loop
      vertex -0.618391 -28.7354 10.7767
      vertex 0.673475 -28.7354 11.3008
      vertex -0.673475 -28.7354 11.3008
    endloop
  endfacet
  facet normal 0 -1 0
    outer loop
      vertex -0.618391 -28.7354 10.7767
      vertex 0.618391 -28.7354 10.7767
      vertex 0.673475 -28.7354 11.3008
    endloop
  endfacet
  facet normal 0 -1 0
    outer loop
      vertex -0.599999 -28.7354 10.25
      vertex 0.618391 -28.7354 10.7767
      vertex -0.618391 -28.7354 10.7767
    endloop
  endfacet
  facet normal 0 -1 0
    outer loop
      vertex -0.599999 -28.7354 10.25
      vertex 0.599999 -28.7354 10.25
      vertex 0.618391 -28.7354 10.7767
    endloop
  endfacet
  facet normal 0 -1 0
    outer loop
      vertex -0.618391 -28.7354 9.72334
      vertex 0.599999 -28.7354 10.25
      vertex -0.599999 -28.7354 10.25
    endloop
  endfacet
  facet normal 0 -1 0
    outer loop
      vertex -0.618391 -28.7354 9.72334
      vertex 0.618391 -28.7354 9.72334
      vertex 0.599999 -28.7354 10.25
    endloop
  endfacet
  facet normal 0 -1 0
    outer loop
      vertex -0.673475 -28.7354 9.19924
      vertex 0.618391 -28.7354 9.72334
      vertex -0.618391 -28.7354 9.72334
    endloop
  endfacet
  facet normal 0 -1 0
    outer loop
      vertex -0.673475 -28.7354 9.19924
      vertex 0.673475 -28.7354 9.19924
      vertex 0.618391 -28.7354 9.72334
    endloop
  endfacet
  facet normal 0 -1 0
    outer loop
      vertex -0.764985 -28.7354 8.68027
      vertex 0.673475 -28.7354 9.19924
      vertex -0.673475 -28.7354 9.19924
    endloop
  endfacet
  facet normal 0 -1 0
    outer loop
      vertex -0.764985 -28.7354 8.68027
      vertex 0.764985 -28.7354 8.68027
      vertex 0.673475 -28.7354 9.19924
    endloop
  endfacet
  facet normal 0 -1 0
    outer loop
      vertex -0.892474 -28.7354 8.16894
      vertex 0.764985 -28.7354 8.68027
      vertex -0.764985 -28.7354 8.68027
    endloop
  endfacet
  facet normal 0 -1 0
    outer loop
      vertex -0.892474 -28.7354 8.16894
      vertex 0.892474 -28.7354 8.16894
      vertex 0.764985 -28.7354 8.68027
    endloop
  endfacet
  facet normal 0 -1 0
    outer loop
      vertex -1.05532 -28.7354 7.66775
      vertex 0.892474 -28.7354 8.16894
      vertex -0.892474 -28.7354 8.16894
    endloop
  endfacet
  facet normal 0 -1 0
    outer loop
      vertex -1.05532 -28.7354 7.66775
      vertex 1.05532 -28.7354 7.66775
      vertex 0.892474 -28.7354 8.16894
    endloop
  endfacet
  facet normal 0 -1 0
    outer loop
      vertex -1.25273 -28.7354 7.17914
      vertex 1.05532 -28.7354 7.66775
      vertex -1.05532 -28.7354 7.66775
    endloop
  endfacet
  facet normal 0 -1 0
    outer loop
      vertex -1.25273 -28.7354 7.17914
      vertex 1.25273 -28.7354 7.17914
      vertex 1.05532 -28.7354 7.66775
    endloop
  endfacet
  facet normal 0 -1 0
    outer loop
      vertex -1.48375 -28.7354 6.70549
      vertex 1.25273 -28.7354 7.17914
      vertex -1.25273 -28.7354 7.17914
    endloop
  endfacet
  facet normal 0 -1 0
    outer loop
      vertex -1.48375 -28.7354 6.70549
      vertex 1.48375 -28.7354 6.70549
      vertex 1.25273 -28.7354 7.17914
    endloop
  endfacet
  facet normal 0 -1 0
    outer loop
      vertex -1.74724 -28.7354 6.24911
      vertex 1.48375 -28.7354 6.70549
      vertex -1.48375 -28.7354 6.70549
    endloop
  endfacet
  facet normal 0 -1 0
    outer loop
      vertex -1.74724 -28.7354 6.24911
      vertex 1.74724 -28.7354 6.24911
      vertex 1.48375 -28.7354 6.70549
    endloop
  endfacet
  facet normal 0 -1 0
    outer loop
      vertex -2.04192 -28.7354 5.81222
      vertex 1.74724 -28.7354 6.24911
      vertex -1.74724 -28.7354 6.24911
    endloop
  endfacet
  facet normal 0 -1 0
    outer loop
      vertex -2.04192 -28.7354 5.81222
      vertex 2.04192 -28.7354 5.81222
      vertex 1.74724 -28.7354 6.24911
    endloop
  endfacet
  facet normal 0 -1 0
    outer loop
      vertex -2.36636 -28.7354 5.39695
      vertex 2.04192 -28.7354 5.81222
      vertex -2.04192 -28.7354 5.81222
    endloop
  endfacet
  facet normal 0 -1 0
    outer loop
      vertex -2.36636 -28.7354 5.39695
      vertex 2.36636 -28.7354 5.39695
      vertex 2.04192 -28.7354 5.81222
    endloop
  endfacet
  facet normal 0 -1 0
    outer loop
      vertex -2.71898 -28.7354 5.00533
      vertex 2.36636 -28.7354 5.39695
      vertex -2.36636 -28.7354 5.39695
    endloop
  endfacet
  facet normal 0 -1 0
    outer loop
      vertex -2.71898 -28.7354 5.00533
      vertex 2.71898 -28.7354 5.00533
      vertex 2.36636 -28.7354 5.39695
    endloop
  endfacet
  facet normal 0 -1 0
    outer loop
      vertex -3.09806 -28.7354 4.63926
      vertex 2.71898 -28.7354 5.00533
      vertex -2.71898 -28.7354 5.00533
    endloop
  endfacet
  facet normal 0 -1 0
    outer loop
      vertex -3.09806 -28.7354 4.63926
      vertex 3.09806 -28.7354 4.63926
      vertex 2.71898 -28.7354 5.00533
    endloop
  endfacet
  facet normal 0 -1 0
    outer loop
      vertex -3.50176 -28.7354 4.30052
      vertex 3.09806 -28.7354 4.63926
      vertex -3.09806 -28.7354 4.63926
    endloop
  endfacet
  facet normal 0 -1 0
    outer loop
      vertex -3.50176 -28.7354 4.30052
      vertex 3.50176 -28.7354 4.30052
      vertex 3.09806 -28.7354 4.63926
    endloop
  endfacet
  facet normal 0 -1 0
    outer loop
      vertex -3.92809 -28.7354 3.99077
      vertex 3.50176 -28.7354 4.30052
      vertex -3.50176 -28.7354 4.30052
    endloop
  endfacet
  facet normal 0 -1 0
    outer loop
      vertex -3.92809 -28.7354 3.99077
      vertex 3.92809 -28.7354 3.99077
      vertex 3.50176 -28.7354 4.30052
    endloop
  endfacet
  facet normal 0 -1 0
    outer loop
      vertex -4.375 -28.7354 3.71151
      vertex 3.92809 -28.7354 3.99077
      vertex -3.92809 -28.7354 3.99077
    endloop
  endfacet
  facet normal 0 -1 0
    outer loop
      vertex -4.375 -28.7354 3.71151
      vertex 4.375 -28.7354 3.71151
      vertex 3.92809 -28.7354 3.99077
    endloop
  endfacet
  facet normal 0 -1 0
    outer loop
      vertex -4.8403 -28.7354 3.4641
      vertex 4.375 -28.7354 3.71151
      vertex -4.375 -28.7354 3.71151
    endloop
  endfacet
  facet normal 0 -1 0
    outer loop
      vertex -4.8403 -28.7354 3.4641
      vertex 4.8403 -28.7354 3.4641
      vertex 4.375 -28.7354 3.71151
    endloop
  endfacet
  facet normal 0 -1 0
    outer loop
      vertex -5.32172 -28.7354 3.24976
      vertex 4.8403 -28.7354 3.4641
      vertex -4.8403 -28.7354 3.4641
    endloop
  endfacet
  facet normal 0 -1 0
    outer loop
      vertex -5.32172 -28.7354 3.24976
      vertex 5.32172 -28.7354 3.24976
      vertex 4.8403 -28.7354 3.4641
    endloop
  endfacet
  facet normal 0 -1 0
    outer loop
      vertex -5.81692 -28.7354 3.06952
      vertex 5.32172 -28.7354 3.24976
      vertex -5.32172 -28.7354 3.24976
    endloop
  endfacet
  facet normal 0 -1 0
    outer loop
      vertex -5.81692 -28.7354 3.06952
      vertex 5.81692 -28.7354 3.06952
      vertex 5.32172 -28.7354 3.24976
    endloop
  endfacet
  facet normal 0 -1 0
    outer loop
      vertex -6.32349 -28.7354 2.92427
      vertex 5.81692 -28.7354 3.06952
      vertex -5.81692 -28.7354 3.06952
    endloop
  endfacet
  facet normal 0 -1 0
    outer loop
      vertex -6.32349 -28.7354 2.92427
      vertex 6.32349 -28.7354 2.92427
      vertex 5.81692 -28.7354 3.06952
    endloop
  endfacet
  facet normal 0 -1 0
    outer loop
      vertex -6.83896 -28.7354 2.8147
      vertex 6.32349 -28.7354 2.92427
      vertex -6.32349 -28.7354 2.92427
    endloop
  endfacet
  facet normal 0 -1 0
    outer loop
      vertex -6.83896 -28.7354 2.8147
      vertex 6.83896 -28.7354 2.8147
      vertex 6.32349 -28.7354 2.92427
    endloop
  endfacet
  facet normal 0 -1 0
    outer loop
      vertex -7.36081 -28.7354 2.74136
      vertex 6.83896 -28.7354 2.8147
      vertex -6.83896 -28.7354 2.8147
    endloop
  endfacet
  facet normal 0 -1 0
    outer loop
      vertex -7.36081 -28.7354 2.74136
      vertex 7.36081 -28.7354 2.74136
      vertex 6.83896 -28.7354 2.8147
    endloop
  endfacet
  facet normal 0 -1 0
    outer loop
      vertex -7.88651 -28.7354 2.7046
      vertex 7.36081 -28.7354 2.74136
      vertex -7.36081 -28.7354 2.74136
    endloop
  endfacet
  facet normal 0 -1 -0
    outer loop
      vertex 7.36081 -28.7354 2.74136
      vertex -7.88651 -28.7354 2.7046
      vertex 7.88651 -28.7354 2.7046
    endloop
  endfacet
  facet normal 0 -1 0
    outer loop
      vertex 15.535 -28.7354 11.8197
      vertex 17.1074 -28.7354 11.99
      vertex 15.4926 -28.7354 11.99
    endloop
  endfacet
  facet normal 0 -1 0
    outer loop
      vertex 15.535 -28.7354 11.8197
      vertex 17.065 -28.7354 11.8197
      vertex 17.1074 -28.7354 11.99
    endloop
  endfacet
  facet normal 0 -1 0
    outer loop
      vertex 15.6265 -28.7354 11.3008
      vertex 17.065 -28.7354 11.8197
      vertex 15.535 -28.7354 11.8197
    endloop
  endfacet
  facet normal 0 -1 0
    outer loop
      vertex 15.6265 -28.7354 11.3008
      vertex 16.9735 -28.7354 11.3008
      vertex 17.065 -28.7354 11.8197
    endloop
  endfacet
  facet normal 0 -1 0
    outer loop
      vertex 15.6816 -28.7354 10.7767
      vertex 16.9735 -28.7354 11.3008
      vertex 15.6265 -28.7354 11.3008
    endloop
  endfacet
  facet normal 0 -1 0
    outer loop
      vertex 15.6816 -28.7354 10.7767
      vertex 16.9184 -28.7354 10.7767
      vertex 16.9735 -28.7354 11.3008
    endloop
  endfacet
  facet normal 0 -1 0
    outer loop
      vertex 15.7 -28.7354 10.25
      vertex 16.9184 -28.7354 10.7767
      vertex 15.6816 -28.7354 10.7767
    endloop
  endfacet
  facet normal 0 -1 0
    outer loop
      vertex 15.7 -28.7354 10.25
      vertex 16.9 -28.7354 10.25
      vertex 16.9184 -28.7354 10.7767
    endloop
  endfacet
  facet normal 0 -1 0
    outer loop
      vertex 15.6816 -28.7354 9.72334
      vertex 16.9 -28.7354 10.25
      vertex 15.7 -28.7354 10.25
    endloop
  endfacet
  facet normal 0 -1 0
    outer loop
      vertex 15.6816 -28.7354 9.72334
      vertex 16.9184 -28.7354 9.72334
      vertex 16.9 -28.7354 10.25
    endloop
  endfacet
  facet normal 0 -1 0
    outer loop
      vertex 15.6265 -28.7354 9.19924
      vertex 16.9184 -28.7354 9.72334
      vertex 15.6816 -28.7354 9.72334
    endloop
  endfacet
  facet normal 0 -1 0
    outer loop
      vertex 15.6265 -28.7354 9.19924
      vertex 16.9735 -28.7354 9.19924
      vertex 16.9184 -28.7354 9.72334
    endloop
  endfacet
  facet normal 0 -1 0
    outer loop
      vertex 15.535 -28.7354 8.68027
      vertex 16.9735 -28.7354 9.19924
      vertex 15.6265 -28.7354 9.19924
    endloop
  endfacet
  facet normal 0 -1 0
    outer loop
      vertex 15.535 -28.7354 8.68027
      vertex 17.065 -28.7354 8.68027
      vertex 16.9735 -28.7354 9.19924
    endloop
  endfacet
  facet normal 0 -1 0
    outer loop
      vertex 15.4075 -28.7354 8.16894
      vertex 17.065 -28.7354 8.68027
      vertex 15.535 -28.7354 8.68027
    endloop
  endfacet
  facet normal 0 -1 0
    outer loop
      vertex 15.4075 -28.7354 8.16894
      vertex 17.1925 -28.7354 8.16894
      vertex 17.065 -28.7354 8.68027
    endloop
  endfacet
  facet normal 0 -1 0
    outer loop
      vertex 15.2447 -28.7354 7.66775
      vertex 17.1925 -28.7354 8.16894
      vertex 15.4075 -28.7354 8.16894
    endloop
  endfacet
  facet normal 0 -1 0
    outer loop
      vertex 15.2447 -28.7354 7.66775
      vertex 17.3553 -28.7354 7.66775
      vertex 17.1925 -28.7354 8.16894
    endloop
  endfacet
  facet normal 0 -1 0
    outer loop
      vertex 15.0473 -28.7354 7.17914
      vertex 17.3553 -28.7354 7.66775
      vertex 15.2447 -28.7354 7.66775
    endloop
  endfacet
  facet normal 0 -1 0
    outer loop
      vertex 15.0473 -28.7354 7.17914
      vertex 17.5527 -28.7354 7.17914
      vertex 17.3553 -28.7354 7.66775
    endloop
  endfacet
  facet normal 0 -1 0
    outer loop
      vertex 14.8163 -28.7354 6.70549
      vertex 17.5527 -28.7354 7.17914
      vertex 15.0473 -28.7354 7.17914
    endloop
  endfacet
  facet normal 0 -1 0
    outer loop
      vertex 14.8163 -28.7354 6.70549
      vertex 17.7837 -28.7354 6.70549
      vertex 17.5527 -28.7354 7.17914
    endloop
  endfacet
  facet normal 0 -1 0
    outer loop
      vertex 14.5528 -28.7354 6.24911
      vertex 17.7837 -28.7354 6.70549
      vertex 14.8163 -28.7354 6.70549
    endloop
  endfacet
  facet normal 0 -1 0
    outer loop
      vertex 14.5528 -28.7354 6.24911
      vertex 18.0472 -28.7354 6.24911
      vertex 17.7837 -28.7354 6.70549
    endloop
  endfacet
  facet normal 0 -1 0
    outer loop
      vertex 14.2581 -28.7354 5.81222
      vertex 18.0472 -28.7354 6.24911
      vertex 14.5528 -28.7354 6.24911
    endloop
  endfacet
  facet normal 0 -1 0
    outer loop
      vertex 14.2581 -28.7354 5.81222
      vertex 18.3419 -28.7354 5.81222
      vertex 18.0472 -28.7354 6.24911
    endloop
  endfacet
  facet normal 0 -1 0
    outer loop
      vertex 13.9336 -28.7354 5.39695
      vertex 18.3419 -28.7354 5.81222
      vertex 14.2581 -28.7354 5.81222
    endloop
  endfacet
  facet normal 0 -1 0
    outer loop
      vertex 13.9336 -28.7354 5.39695
      vertex 18.6664 -28.7354 5.39695
      vertex 18.3419 -28.7354 5.81222
    endloop
  endfacet
  facet normal 0 -1 0
    outer loop
      vertex 13.581 -28.7354 5.00533
      vertex 18.6664 -28.7354 5.39695
      vertex 13.9336 -28.7354 5.39695
    endloop
  endfacet
  facet normal 0 -1 0
    outer loop
      vertex 13.581 -28.7354 5.00533
      vertex 19.019 -28.7354 5.00533
      vertex 18.6664 -28.7354 5.39695
    endloop
  endfacet
  facet normal 0 -1 0
    outer loop
      vertex 13.2019 -28.7354 4.63926
      vertex 19.019 -28.7354 5.00533
      vertex 13.581 -28.7354 5.00533
    endloop
  endfacet
  facet normal 0 -1 0
    outer loop
      vertex 13.2019 -28.7354 4.63926
      vertex 19.3981 -28.7354 4.63926
      vertex 19.019 -28.7354 5.00533
    endloop
  endfacet
  facet normal 0 -1 0
    outer loop
      vertex 12.7982 -28.7354 4.30052
      vertex 19.3981 -28.7354 4.63926
      vertex 13.2019 -28.7354 4.63926
    endloop
  endfacet
  facet normal 0 -1 0
    outer loop
      vertex 12.7982 -28.7354 4.30052
      vertex 19.8018 -28.7354 4.30052
      vertex 19.3981 -28.7354 4.63926
    endloop
  endfacet
  facet normal 0 -1 0
    outer loop
      vertex 12.3719 -28.7354 3.99077
      vertex 19.8018 -28.7354 4.30052
      vertex 12.7982 -28.7354 4.30052
    endloop
  endfacet
  facet normal 0 -1 0
    outer loop
      vertex 12.3719 -28.7354 3.99077
      vertex 20.2281 -28.7354 3.99077
      vertex 19.8018 -28.7354 4.30052
    endloop
  endfacet
  facet normal 0 -1 0
    outer loop
      vertex 11.925 -28.7354 3.71151
      vertex 20.2281 -28.7354 3.99077
      vertex 12.3719 -28.7354 3.99077
    endloop
  endfacet
  facet normal 0 -1 0
    outer loop
      vertex 11.925 -28.7354 3.71151
      vertex 20.675 -28.7354 3.71151
      vertex 20.2281 -28.7354 3.99077
    endloop
  endfacet
  facet normal 0 -1 0
    outer loop
      vertex 11.4597 -28.7354 3.4641
      vertex 20.675 -28.7354 3.71151
      vertex 11.925 -28.7354 3.71151
    endloop
  endfacet
  facet normal 0 -1 0
    outer loop
      vertex 11.4597 -28.7354 3.4641
      vertex 21.1403 -28.7354 3.4641
      vertex 20.675 -28.7354 3.71151
    endloop
  endfacet
  facet normal 0 -1 0
    outer loop
      vertex 10.9783 -28.7354 3.24976
      vertex 21.1403 -28.7354 3.4641
      vertex 11.4597 -28.7354 3.4641
    endloop
  endfacet
  facet normal 0 -1 0
    outer loop
      vertex 10.9783 -28.7354 3.24976
      vertex 21.6217 -28.7354 3.24976
      vertex 21.1403 -28.7354 3.4641
    endloop
  endfacet
  facet normal 0 -1 0
    outer loop
      vertex 10.4831 -28.7354 3.06952
      vertex 21.6217 -28.7354 3.24976
      vertex 10.9783 -28.7354 3.24976
    endloop
  endfacet
  facet normal 0 -1 0
    outer loop
      vertex 10.4831 -28.7354 3.06952
      vertex 22.1169 -28.7354 3.06952
      vertex 21.6217 -28.7354 3.24976
    endloop
  endfacet
  facet normal 0 -1 0
    outer loop
      vertex 9.97651 -28.7354 2.92427
      vertex 22.1169 -28.7354 3.06952
      vertex 10.4831 -28.7354 3.06952
    endloop
  endfacet
  facet normal 0 -1 0
    outer loop
      vertex 9.97651 -28.7354 2.92427
      vertex 22.6235 -28.7354 2.92427
      vertex 22.1169 -28.7354 3.06952
    endloop
  endfacet
  facet normal 0 -1 0
    outer loop
      vertex 9.46104 -28.7354 2.8147
      vertex 22.6235 -28.7354 2.92427
      vertex 9.97651 -28.7354 2.92427
    endloop
  endfacet
  facet normal 0 -1 0
    outer loop
      vertex 9.46104 -28.7354 2.8147
      vertex 23.139 -28.7354 2.8147
      vertex 22.6235 -28.7354 2.92427
    endloop
  endfacet
  facet normal 0 -1 0
    outer loop
      vertex 8.93919 -28.7354 2.74136
      vertex 23.139 -28.7354 2.8147
      vertex 9.46104 -28.7354 2.8147
    endloop
  endfacet
  facet normal 0 -1 0
    outer loop
      vertex 8.93919 -28.7354 2.74136
      vertex 23.6608 -28.7354 2.74136
      vertex 23.139 -28.7354 2.8147
    endloop
  endfacet
  facet normal 0 -1 0
    outer loop
      vertex 8.41349 -28.7354 2.7046
      vertex 23.6608 -28.7354 2.74136
      vertex 8.93919 -28.7354 2.74136
    endloop
  endfacet
  facet normal 0 -1 -0
    outer loop
      vertex 23.6608 -28.7354 2.74136
      vertex 8.41349 -28.7354 2.7046
      vertex 24.1865 -28.7354 2.7046
    endloop
  endfacet
  facet normal 0 -1 0
    outer loop
      vertex 31.3473 -28.7354 7.17914
      vertex 31.353 -28.7354 0
      vertex 31.353 -28.7354 7.19325
    endloop
  endfacet
  facet normal 0 -1 0
    outer loop
      vertex 31.1163 -28.7354 6.70549
      vertex 31.353 -28.7354 0
      vertex 31.3473 -28.7354 7.17914
    endloop
  endfacet
  facet normal 0 -1 0
    outer loop
      vertex 30.8528 -28.7354 6.24911
      vertex 31.353 -28.7354 0
      vertex 31.1163 -28.7354 6.70549
    endloop
  endfacet
  facet normal 0 -1 0
    outer loop
      vertex 30.5581 -28.7354 5.81222
      vertex 31.353 -28.7354 0
      vertex 30.8528 -28.7354 6.24911
    endloop
  endfacet
  facet normal 0 -1 0
    outer loop
      vertex 30.2336 -28.7354 5.39695
      vertex 31.353 -28.7354 0
      vertex 30.5581 -28.7354 5.81222
    endloop
  endfacet
  facet normal 0 -1 0
    outer loop
      vertex 29.881 -28.7354 5.00533
      vertex 31.353 -28.7354 0
      vertex 30.2336 -28.7354 5.39695
    endloop
  endfacet
  facet normal 0 -1 0
    outer loop
      vertex 29.5019 -28.7354 4.63926
      vertex 31.353 -28.7354 0
      vertex 29.881 -28.7354 5.00533
    endloop
  endfacet
  facet normal 0 -1 0
    outer loop
      vertex 29.0982 -28.7354 4.30052
      vertex 31.353 -28.7354 0
      vertex 29.5019 -28.7354 4.63926
    endloop
  endfacet
  facet normal 0 -1 0
    outer loop
      vertex 28.6719 -28.7354 3.99077
      vertex 31.353 -28.7354 0
      vertex 29.0982 -28.7354 4.30052
    endloop
  endfacet
  facet normal 0 -1 0
    outer loop
      vertex 28.225 -28.7354 3.71151
      vertex 31.353 -28.7354 0
      vertex 28.6719 -28.7354 3.99077
    endloop
  endfacet
  facet normal 0 -1 0
    outer loop
      vertex 27.7597 -28.7354 3.4641
      vertex 31.353 -28.7354 0
      vertex 28.225 -28.7354 3.71151
    endloop
  endfacet
  facet normal 0 -1 0
    outer loop
      vertex 27.2783 -28.7354 3.24976
      vertex 31.353 -28.7354 0
      vertex 27.7597 -28.7354 3.4641
    endloop
  endfacet
  facet normal 0 -1 0
    outer loop
      vertex 26.7831 -28.7354 3.06952
      vertex 31.353 -28.7354 0
      vertex 27.2783 -28.7354 3.24976
    endloop
  endfacet
  facet normal 0 -1 0
    outer loop
      vertex 26.2765 -28.7354 2.92427
      vertex 31.353 -28.7354 0
      vertex 26.7831 -28.7354 3.06952
    endloop
  endfacet
  facet normal 0 -1 0
    outer loop
      vertex 25.761 -28.7354 2.8147
      vertex 31.353 -28.7354 0
      vertex 26.2765 -28.7354 2.92427
    endloop
  endfacet
  facet normal 0 -1 0
    outer loop
      vertex 25.2392 -28.7354 2.74136
      vertex 31.353 -28.7354 0
      vertex 25.761 -28.7354 2.8147
    endloop
  endfacet
  facet normal 0 -1 0
    outer loop
      vertex 24.7135 -28.7354 2.7046
      vertex 31.353 -28.7354 0
      vertex 25.2392 -28.7354 2.74136
    endloop
  endfacet
  facet normal 0 -1 0
    outer loop
      vertex 24.1865 -28.7354 2.7046
      vertex 31.353 -28.7354 0
      vertex 24.7135 -28.7354 2.7046
    endloop
  endfacet
  facet normal 0 0 -1
    outer loop
      vertex 25.4361 -3.35822 0
      vertex 34 -26.4413 0
      vertex 33.7418 -26.5592 0
    endloop
  endfacet
  facet normal 0 0 -1
    outer loop
      vertex 34 -26.4413 0
      vertex 27.95 0 0
      vertex 34 26.4413 0
    endloop
  endfacet
  facet normal 0 0 -1
    outer loop
      vertex 24.9481 -3.46437 0
      vertex 33.7418 -26.5592 0
      vertex 33.3075 -26.8021 0
    endloop
  endfacet
  facet normal 0 0 -1
    outer loop
      vertex 27.9144 0.498101 0
      vertex 34 26.4413 0
      vertex 27.95 0 0
    endloop
  endfacet
  facet normal 0 0 -1
    outer loop
      vertex 24.9481 -3.46437 0
      vertex 33.3075 -26.8021 0
      vertex 32.8944 -27.0797 0
    endloop
  endfacet
  facet normal 0 0 -1
    outer loop
      vertex 27.8082 0.986063 0
      vertex 34 26.4413 0
      vertex 27.9144 0.498101 0
    endloop
  endfacet
  facet normal 0 0 -1
    outer loop
      vertex 24.45 -3.5 0
      vertex 32.8944 -27.0797 0
      vertex 32.5053 -27.3899 0
    endloop
  endfacet
  facet normal 0 0 -1
    outer loop
      vertex 27.6337 1.45395 0
      vertex 34 26.4413 0
      vertex 27.8082 0.986063 0
    endloop
  endfacet
  facet normal 0 0 -1
    outer loop
      vertex 23.9519 -3.46437 0
      vertex 32.5053 -27.3899 0
      vertex 32.1429 -27.7309 0
    endloop
  endfacet
  facet normal 0 0 -1
    outer loop
      vertex 27.3944 1.89224 0
      vertex 34 26.4413 0
      vertex 27.6337 1.45395 0
    endloop
  endfacet
  facet normal 0 0 -1
    outer loop
      vertex 23.9519 -3.46437 0
      vertex 32.1429 -27.7309 0
      vertex 31.8094 -28.1002 0
    endloop
  endfacet
  facet normal 0 0 -1
    outer loop
      vertex 27.0951 2.29201 0
      vertex 34 26.4413 0
      vertex 27.3944 1.89224 0
    endloop
  endfacet
  facet normal 0 0 -1
    outer loop
      vertex 23.4639 -3.35822 0
      vertex 31.8094 -28.1002 0
      vertex 31.5071 -28.4955 0
    endloop
  endfacet
  facet normal 0 0 -1
    outer loop
      vertex 26.742 2.64512 0
      vertex 34 26.4413 0
      vertex 27.0951 2.29201 0
    endloop
  endfacet
  facet normal 0 0 -1
    outer loop
      vertex 22.996 -3.18371 0
      vertex 31.5071 -28.4955 0
      vertex 31.353 -28.7354 0
    endloop
  endfacet
  facet normal 0 0 -1
    outer loop
      vertex 26.3422 2.94439 0
      vertex 34 26.4413 0
      vertex 26.742 2.64512 0
    endloop
  endfacet
  facet normal 0 0 -1
    outer loop
      vertex 25.904 3.18371 0
      vertex 34 26.4413 0
      vertex 26.3422 2.94439 0
    endloop
  endfacet
  facet normal 0 0 -1
    outer loop
      vertex 34 -26.4413 0
      vertex 27.9144 -0.498101 0
      vertex 27.95 0 0
    endloop
  endfacet
  facet normal 0 0 -1
    outer loop
      vertex 34 -26.4413 0
      vertex 27.8082 -0.986063 0
      vertex 27.9144 -0.498101 0
    endloop
  endfacet
  facet normal 0 0 -1
    outer loop
      vertex 34 -26.4413 0
      vertex 27.6337 -1.45395 0
      vertex 27.8082 -0.986063 0
    endloop
  endfacet
  facet normal 0 0 -1
    outer loop
      vertex 34 -26.4413 0
      vertex 27.3944 -1.89224 0
      vertex 27.6337 -1.45395 0
    endloop
  endfacet
  facet normal 0 0 -1
    outer loop
      vertex 34 -26.4413 0
      vertex 27.0951 -2.29201 0
      vertex 27.3944 -1.89224 0
    endloop
  endfacet
  facet normal 0 0 -1
    outer loop
      vertex 34 -26.4413 0
      vertex 26.742 -2.64512 0
      vertex 27.0951 -2.29201 0
    endloop
  endfacet
  facet normal 0 0 -1
    outer loop
      vertex 34 -26.4413 0
      vertex 26.3422 -2.94439 0
      vertex 26.742 -2.64512 0
    endloop
  endfacet
  facet normal 0 0 -1
    outer loop
      vertex 34 -26.4413 0
      vertex 25.904 -3.18371 0
      vertex 26.3422 -2.94439 0
    endloop
  endfacet
  facet normal 0 0 -1
    outer loop
      vertex 34 -26.4413 0
      vertex 25.4361 -3.35822 0
      vertex 25.904 -3.18371 0
    endloop
  endfacet
  facet normal 0 0 -1
    outer loop
      vertex 33.7418 -26.5592 0
      vertex 24.9481 -3.46437 0
      vertex 25.4361 -3.35822 0
    endloop
  endfacet
  facet normal 0 0 -1
    outer loop
      vertex 32.8944 -27.0797 0
      vertex 24.45 -3.5 0
      vertex 24.9481 -3.46437 0
    endloop
  endfacet
  facet normal 0 0 -1
    outer loop
      vertex 32.5053 -27.3899 0
      vertex 23.9519 -3.46437 0
      vertex 24.45 -3.5 0
    endloop
  endfacet
  facet normal 0 0 -1
    outer loop
      vertex 31.8094 -28.1002 0
      vertex 23.4639 -3.35822 0
      vertex 23.9519 -3.46437 0
    endloop
  endfacet
  facet normal 0 0 -1
    outer loop
      vertex 31.5071 -28.4955 0
      vertex 22.996 -3.18371 0
      vertex 23.4639 -3.35822 0
    endloop
  endfacet
  facet normal 0 0 -1
    outer loop
      vertex 9.60395 -3.18371 0
      vertex 22.996 -3.18371 0
      vertex 31.353 -28.7354 0
    endloop
  endfacet
  facet normal 0 0 -1
    outer loop
      vertex 22.996 -3.18371 0
      vertex 9.60395 -3.18371 0
      vertex 22.5578 -2.94439 0
    endloop
  endfacet
  facet normal 0 -0 -1
    outer loop
      vertex 10.0422 -2.94439 0
      vertex 22.5578 -2.94439 0
      vertex 9.60395 -3.18371 0
    endloop
  endfacet
  facet normal 0 0 -1
    outer loop
      vertex 22.5578 -2.94439 0
      vertex 10.0422 -2.94439 0
      vertex 22.158 -2.64512 0
    endloop
  endfacet
  facet normal 0 -0 -1
    outer loop
      vertex 10.442 -2.64512 0
      vertex 22.158 -2.64512 0
      vertex 10.0422 -2.94439 0
    endloop
  endfacet
  facet normal 0 0 -1
    outer loop
      vertex 22.158 -2.64512 0
      vertex 10.442 -2.64512 0
      vertex 21.8049 -2.29201 0
    endloop
  endfacet
  facet normal 0 0 -1
    outer loop
      vertex 20.9856 -0.498101 0
      vertex 11.65 0 0
      vertex 20.95 0 0
    endloop
  endfacet
  facet normal 0 0 -1
    outer loop
      vertex 11.6144 -0.498101 0
      vertex 20.9856 -0.498101 0
      vertex 21.0918 -0.986063 0
    endloop
  endfacet
  facet normal 0 0 -1
    outer loop
      vertex 21.8049 -2.29201 0
      vertex 10.7951 -2.29201 0
      vertex 21.5056 -1.89224 0
    endloop
  endfacet
  facet normal 0 0 -1
    outer loop
      vertex 20.9856 -0.498101 0
      vertex 11.6144 -0.498101 0
      vertex 11.65 0 0
    endloop
  endfacet
  facet normal 0 0 -1
    outer loop
      vertex 21.0918 -0.986063 0
      vertex 11.5082 -0.986063 0
      vertex 11.6144 -0.498101 0
    endloop
  endfacet
  facet normal -0 0 -1
    outer loop
      vertex 21.0918 -0.986063 0
      vertex 11.3337 -1.45395 0
      vertex 11.5082 -0.986063 0
    endloop
  endfacet
  facet normal 0 0 -1
    outer loop
      vertex 21.2663 -1.45395 0
      vertex 11.3337 -1.45395 0
      vertex 21.0918 -0.986063 0
    endloop
  endfacet
  facet normal 0 -0 -1
    outer loop
      vertex 11.3337 -1.45395 0
      vertex 21.2663 -1.45395 0
      vertex 11.0944 -1.89224 0
    endloop
  endfacet
  facet normal 0 0 -1
    outer loop
      vertex 21.5056 -1.89224 0
      vertex 11.0944 -1.89224 0
      vertex 21.2663 -1.45395 0
    endloop
  endfacet
  facet normal 0 -0 -1
    outer loop
      vertex 11.0944 -1.89224 0
      vertex 21.5056 -1.89224 0
      vertex 10.7951 -2.29201 0
    endloop
  endfacet
  facet normal 0 -0 -1
    outer loop
      vertex 10.7951 -2.29201 0
      vertex 21.8049 -2.29201 0
      vertex 10.442 -2.64512 0
    endloop
  endfacet
  facet normal 0 0 -1
    outer loop
      vertex 31.353 -28.7354 0
      vertex 9.13606 -3.35822 0
      vertex 9.60395 -3.18371 0
    endloop
  endfacet
  facet normal 0 0 -1
    outer loop
      vertex 31.353 -28.7354 0
      vertex 8.6481 -3.46437 0
      vertex 9.13606 -3.35822 0
    endloop
  endfacet
  facet normal 0 0 -1
    outer loop
      vertex 31.353 -28.7354 0
      vertex 8.15 -3.5 0
      vertex 8.6481 -3.46437 0
    endloop
  endfacet
  facet normal 0 0 -1
    outer loop
      vertex 31.353 -28.7354 0
      vertex 7.6519 -3.46437 0
      vertex 8.15 -3.5 0
    endloop
  endfacet
  facet normal 0 0 -1
    outer loop
      vertex 31.353 -28.7354 0
      vertex 7.16394 -3.35822 0
      vertex 7.6519 -3.46437 0
    endloop
  endfacet
  facet normal 0 0 -1
    outer loop
      vertex -7.16394 -3.35822 0
      vertex 7.16394 -3.35822 0
      vertex 31.353 -28.7354 0
    endloop
  endfacet
  facet normal 0 0 -1
    outer loop
      vertex 7.16394 -3.35822 0
      vertex -7.16394 -3.35822 0
      vertex 6.69605 -3.18371 0
    endloop
  endfacet
  facet normal 0 -0 -1
    outer loop
      vertex -6.69605 -3.18371 0
      vertex 6.69605 -3.18371 0
      vertex -7.16394 -3.35822 0
    endloop
  endfacet
  facet normal 0 0 -1
    outer loop
      vertex 6.69605 -3.18371 0
      vertex -6.69605 -3.18371 0
      vertex 6.25776 -2.94439 0
    endloop
  endfacet
  facet normal 0 0 -1
    outer loop
      vertex 4.68562 -0.498101 0
      vertex -4.65 0 0
      vertex 4.65 0 0
    endloop
  endfacet
  facet normal 0 0 -1
    outer loop
      vertex -4.68562 -0.498101 0
      vertex 4.68562 -0.498101 0
      vertex 4.79177 -0.986063 0
    endloop
  endfacet
  facet normal 0 0 -1
    outer loop
      vertex -4.79177 -0.986063 0
      vertex 4.79177 -0.986063 0
      vertex 4.96629 -1.45395 0
    endloop
  endfacet
  facet normal 0 0 -1
    outer loop
      vertex -4.96629 -1.45395 0
      vertex 4.96629 -1.45395 0
      vertex 5.20561 -1.89224 0
    endloop
  endfacet
  facet normal 0 0 -1
    outer loop
      vertex -5.20561 -1.89224 0
      vertex 5.20561 -1.89224 0
      vertex 5.50488 -2.29201 0
    endloop
  endfacet
  facet normal 0 -0 -1
    outer loop
      vertex -6.25776 -2.94439 0
      vertex 6.25776 -2.94439 0
      vertex -6.69605 -3.18371 0
    endloop
  endfacet
  facet normal 0 0 -1
    outer loop
      vertex 4.68562 -0.498101 0
      vertex -4.68562 -0.498101 0
      vertex -4.65 0 0
    endloop
  endfacet
  facet normal 0 0 -1
    outer loop
      vertex 4.79177 -0.986063 0
      vertex -4.79177 -0.986063 0
      vertex -4.68562 -0.498101 0
    endloop
  endfacet
  facet normal 0 0 -1
    outer loop
      vertex 4.96629 -1.45395 0
      vertex -4.96629 -1.45395 0
      vertex -4.79177 -0.986063 0
    endloop
  endfacet
  facet normal 0 0 -1
    outer loop
      vertex 5.20561 -1.89224 0
      vertex -5.20561 -1.89224 0
      vertex -4.96629 -1.45395 0
    endloop
  endfacet
  facet normal 0 0 -1
    outer loop
      vertex 5.50488 -2.29201 0
      vertex -5.50488 -2.29201 0
      vertex -5.20561 -1.89224 0
    endloop
  endfacet
  facet normal -0 0 -1
    outer loop
      vertex 5.50488 -2.29201 0
      vertex -5.85799 -2.64512 0
      vertex -5.50488 -2.29201 0
    endloop
  endfacet
  facet normal 0 0 -1
    outer loop
      vertex 5.85799 -2.64512 0
      vertex -5.85799 -2.64512 0
      vertex 5.50488 -2.29201 0
    endloop
  endfacet
  facet normal 0 -0 -1
    outer loop
      vertex -5.85799 -2.64512 0
      vertex 5.85799 -2.64512 0
      vertex -6.25776 -2.94439 0
    endloop
  endfacet
  facet normal 0 0 -1
    outer loop
      vertex 6.25776 -2.94439 0
      vertex -6.25776 -2.94439 0
      vertex 5.85799 -2.64512 0
    endloop
  endfacet
  facet normal 0 0 -1
    outer loop
      vertex -31.3488 -28.7354 0
      vertex -7.16394 -3.35822 0
      vertex 31.353 -28.7354 0
    endloop
  endfacet
  facet normal 0 0 -1
    outer loop
      vertex -7.16394 -3.35822 0
      vertex -31.3488 -28.7354 0
      vertex -7.6519 -3.46437 0
    endloop
  endfacet
  facet normal 0 0 -1
    outer loop
      vertex -7.6519 -3.46437 0
      vertex -31.3488 -28.7354 0
      vertex -8.15 -3.5 0
    endloop
  endfacet
  facet normal -0 0 -1
    outer loop
      vertex -8.15 -3.5 0
      vertex -31.3488 -28.7354 0
      vertex -8.6481 -3.46437 0
    endloop
  endfacet
  facet normal -0 0 -1
    outer loop
      vertex -8.6481 -3.46437 0
      vertex -31.3488 -28.7354 0
      vertex -9.13606 -3.35822 0
    endloop
  endfacet
  facet normal -0 0 -1
    outer loop
      vertex -9.13606 -3.35822 0
      vertex -31.3488 -28.7354 0
      vertex -9.60395 -3.18371 0
    endloop
  endfacet
  facet normal 0 0 -1
    outer loop
      vertex -11.6144 -0.498101 0
      vertex -20.95 0 0
      vertex -11.65 0 0
    endloop
  endfacet
  facet normal 0 0 -1
    outer loop
      vertex -20.9856 -0.498101 0
      vertex -11.6144 -0.498101 0
      vertex -11.5082 -0.986063 0
    endloop
  endfacet
  facet normal 0 0 -1
    outer loop
      vertex -21.0918 -0.986063 0
      vertex -11.5082 -0.986063 0
      vertex -11.3337 -1.45395 0
    endloop
  endfacet
  facet normal 0 0 -1
    outer loop
      vertex -21.2663 -1.45395 0
      vertex -11.3337 -1.45395 0
      vertex -11.0944 -1.89224 0
    endloop
  endfacet
  facet normal 0 0 -1
    outer loop
      vertex -21.5056 -1.89224 0
      vertex -11.0944 -1.89224 0
      vertex -10.7951 -2.29201 0
    endloop
  endfacet
  facet normal 0 0 -1
    outer loop
      vertex -21.8049 -2.29201 0
      vertex -10.7951 -2.29201 0
      vertex -10.442 -2.64512 0
    endloop
  endfacet
  facet normal 0 0 -1
    outer loop
      vertex -22.158 -2.64512 0
      vertex -10.442 -2.64512 0
      vertex -10.0422 -2.94439 0
    endloop
  endfacet
  facet normal 0 0 -1
    outer loop
      vertex -31.3684 -28.7021 0
      vertex -9.60395 -3.18371 0
      vertex -31.3488 -28.7354 0
    endloop
  endfacet
  facet normal 0 0 -1
    outer loop
      vertex -11.6144 -0.498101 0
      vertex -20.9856 -0.498101 0
      vertex -20.95 0 0
    endloop
  endfacet
  facet normal 0 0 -1
    outer loop
      vertex -11.5082 -0.986063 0
      vertex -21.0918 -0.986063 0
      vertex -20.9856 -0.498101 0
    endloop
  endfacet
  facet normal 0 0 -1
    outer loop
      vertex -11.3337 -1.45395 0
      vertex -21.2663 -1.45395 0
      vertex -21.0918 -0.986063 0
    endloop
  endfacet
  facet normal 0 0 -1
    outer loop
      vertex -11.0944 -1.89224 0
      vertex -21.5056 -1.89224 0
      vertex -21.2663 -1.45395 0
    endloop
  endfacet
  facet normal 0 0 -1
    outer loop
      vertex -10.7951 -2.29201 0
      vertex -21.8049 -2.29201 0
      vertex -21.5056 -1.89224 0
    endloop
  endfacet
  facet normal 0 0 -1
    outer loop
      vertex -10.442 -2.64512 0
      vertex -22.158 -2.64512 0
      vertex -21.8049 -2.29201 0
    endloop
  endfacet
  facet normal 0 -0 -1
    outer loop
      vertex -22.996 -3.18371 0
      vertex -9.60395 -3.18371 0
      vertex -31.3684 -28.7021 0
    endloop
  endfacet
  facet normal 0 0 -1
    outer loop
      vertex -10.0422 -2.94439 0
      vertex -22.5578 -2.94439 0
      vertex -22.158 -2.64512 0
    endloop
  endfacet
  facet normal -0 0 -1
    outer loop
      vertex -10.0422 -2.94439 0
      vertex -22.996 -3.18371 0
      vertex -22.5578 -2.94439 0
    endloop
  endfacet
  facet normal 0 0 -1
    outer loop
      vertex -9.60395 -3.18371 0
      vertex -22.996 -3.18371 0
      vertex -10.0422 -2.94439 0
    endloop
  endfacet
  facet normal 0 0 -1
    outer loop
      vertex -22.996 -3.18371 0
      vertex -31.3684 -28.7021 0
      vertex -23.4639 -3.35822 0
    endloop
  endfacet
  facet normal 0 0 -1
    outer loop
      vertex -31.6542 -28.2948 0
      vertex -23.4639 -3.35822 0
      vertex -31.3684 -28.7021 0
    endloop
  endfacet
  facet normal 0 0 -1
    outer loop
      vertex -31.9724 -27.9121 0
      vertex -23.4639 -3.35822 0
      vertex -31.6542 -28.2948 0
    endloop
  endfacet
  facet normal 0 0 -1
    outer loop
      vertex -23.4639 -3.35822 0
      vertex -31.9724 -27.9121 0
      vertex -23.9519 -3.46437 0
    endloop
  endfacet
  facet normal 0 0 -1
    outer loop
      vertex -34 -26.4374 0
      vertex -25.4361 -3.35822 0
      vertex -33.966 -26.4512 0
    endloop
  endfacet
  facet normal 0 0 -1
    outer loop
      vertex -33.966 -26.4512 0
      vertex -25.4361 -3.35822 0
      vertex -33.5221 -26.6763 0
    endloop
  endfacet
  facet normal -0 0 -1
    outer loop
      vertex -24.9481 -3.46437 0
      vertex -33.5221 -26.6763 0
      vertex -25.4361 -3.35822 0
    endloop
  endfacet
  facet normal 0 0 -1
    outer loop
      vertex -33.5221 -26.6763 0
      vertex -24.9481 -3.46437 0
      vertex -33.0981 -26.9367 0
    endloop
  endfacet
  facet normal -0 0 -1
    outer loop
      vertex -24.45 -3.5 0
      vertex -33.0981 -26.9367 0
      vertex -24.9481 -3.46437 0
    endloop
  endfacet
  facet normal 0 0 -1
    outer loop
      vertex -33.0981 -26.9367 0
      vertex -24.45 -3.5 0
      vertex -32.6967 -27.2308 0
    endloop
  endfacet
  facet normal 0 0 -1
    outer loop
      vertex -32.6967 -27.2308 0
      vertex -24.45 -3.5 0
      vertex -32.3206 -27.5567 0
    endloop
  endfacet
  facet normal 0 0 -1
    outer loop
      vertex -23.9519 -3.46437 0
      vertex -32.3206 -27.5567 0
      vertex -24.45 -3.5 0
    endloop
  endfacet
  facet normal 0 0 -1
    outer loop
      vertex -32.3206 -27.5567 0
      vertex -23.9519 -3.46437 0
      vertex -31.9724 -27.9121 0
    endloop
  endfacet
  facet normal 0 0 -1
    outer loop
      vertex 25.4361 3.35822 0
      vertex 34 26.4413 0
      vertex 25.904 3.18371 0
    endloop
  endfacet
  facet normal -0 0 -1
    outer loop
      vertex 34 26.4413 0
      vertex 25.4361 3.35822 0
      vertex 33.7418 26.5592 0
    endloop
  endfacet
  facet normal 0 0 -1
    outer loop
      vertex 24.9481 3.46437 0
      vertex 33.7418 26.5592 0
      vertex 25.4361 3.35822 0
    endloop
  endfacet
  facet normal -0 0 -1
    outer loop
      vertex 33.7418 26.5592 0
      vertex 24.9481 3.46437 0
      vertex 33.3075 26.8021 0
    endloop
  endfacet
  facet normal -0 0 -1
    outer loop
      vertex 33.3075 26.8021 0
      vertex 24.9481 3.46437 0
      vertex 32.8944 27.0797 0
    endloop
  endfacet
  facet normal 0 0 -1
    outer loop
      vertex 24.45 3.5 0
      vertex 32.8944 27.0797 0
      vertex 24.9481 3.46437 0
    endloop
  endfacet
  facet normal -0 0 -1
    outer loop
      vertex 32.8944 27.0797 0
      vertex 24.45 3.5 0
      vertex 32.5053 27.3899 0
    endloop
  endfacet
  facet normal 0 0 -1
    outer loop
      vertex 23.9519 3.46437 0
      vertex 32.5053 27.3899 0
      vertex 24.45 3.5 0
    endloop
  endfacet
  facet normal -0 0 -1
    outer loop
      vertex 32.5053 27.3899 0
      vertex 23.9519 3.46437 0
      vertex 32.1429 27.7309 0
    endloop
  endfacet
  facet normal -0 0 -1
    outer loop
      vertex 32.1429 27.7309 0
      vertex 23.9519 3.46437 0
      vertex 31.8094 28.1002 0
    endloop
  endfacet
  facet normal 0 0 -1
    outer loop
      vertex 23.4639 3.35822 0
      vertex 31.8094 28.1002 0
      vertex 23.9519 3.46437 0
    endloop
  endfacet
  facet normal -0 0 -1
    outer loop
      vertex 31.8094 28.1002 0
      vertex 23.4639 3.35822 0
      vertex 31.5071 28.4955 0
    endloop
  endfacet
  facet normal 0 0 -1
    outer loop
      vertex 22.996 3.18371 0
      vertex 31.5071 28.4955 0
      vertex 23.4639 3.35822 0
    endloop
  endfacet
  facet normal -0 0 -1
    outer loop
      vertex 31.5071 28.4955 0
      vertex 22.996 3.18371 0
      vertex 31.353 28.7354 0
    endloop
  endfacet
  facet normal 0 0 -1
    outer loop
      vertex 9.60395 3.18371 0
      vertex 22.996 3.18371 0
      vertex 22.5578 2.94439 0
    endloop
  endfacet
  facet normal 0 0 -1
    outer loop
      vertex 10.0422 2.94439 0
      vertex 22.5578 2.94439 0
      vertex 22.158 2.64512 0
    endloop
  endfacet
  facet normal 0 0 -1
    outer loop
      vertex 10.442 2.64512 0
      vertex 22.158 2.64512 0
      vertex 21.8049 2.29201 0
    endloop
  endfacet
  facet normal 0 0 -1
    outer loop
      vertex 10.7951 2.29201 0
      vertex 21.8049 2.29201 0
      vertex 21.5056 1.89224 0
    endloop
  endfacet
  facet normal 0 0 -1
    outer loop
      vertex 11.0944 1.89224 0
      vertex 21.5056 1.89224 0
      vertex 21.2663 1.45395 0
    endloop
  endfacet
  facet normal 0 0 -1
    outer loop
      vertex 11.3337 1.45395 0
      vertex 21.2663 1.45395 0
      vertex 21.0918 0.986063 0
    endloop
  endfacet
  facet normal 0 0 -1
    outer loop
      vertex 11.65 0 0
      vertex 20.9856 0.498101 0
      vertex 20.95 0 0
    endloop
  endfacet
  facet normal 0 0 -1
    outer loop
      vertex 11.6144 0.498101 0
      vertex 20.9856 0.498101 0
      vertex 11.65 0 0
    endloop
  endfacet
  facet normal 0 0 -1
    outer loop
      vertex 20.9856 0.498101 0
      vertex 11.6144 0.498101 0
      vertex 21.0918 0.986063 0
    endloop
  endfacet
  facet normal 0 0 -1
    outer loop
      vertex 11.5082 0.986063 0
      vertex 21.0918 0.986063 0
      vertex 11.6144 0.498101 0
    endloop
  endfacet
  facet normal 0 0 -1
    outer loop
      vertex 11.3337 1.45395 0
      vertex 21.0918 0.986063 0
      vertex 11.5082 0.986063 0
    endloop
  endfacet
  facet normal 0 0 -1
    outer loop
      vertex 21.2663 1.45395 0
      vertex 11.3337 1.45395 0
      vertex 11.0944 1.89224 0
    endloop
  endfacet
  facet normal 0 0 -1
    outer loop
      vertex 21.5056 1.89224 0
      vertex 11.0944 1.89224 0
      vertex 10.7951 2.29201 0
    endloop
  endfacet
  facet normal 0 0 -1
    outer loop
      vertex 21.8049 2.29201 0
      vertex 10.7951 2.29201 0
      vertex 10.442 2.64512 0
    endloop
  endfacet
  facet normal 0 0 -1
    outer loop
      vertex 22.158 2.64512 0
      vertex 10.442 2.64512 0
      vertex 10.0422 2.94439 0
    endloop
  endfacet
  facet normal 0 0 -1
    outer loop
      vertex 22.5578 2.94439 0
      vertex 10.0422 2.94439 0
      vertex 9.60395 3.18371 0
    endloop
  endfacet
  facet normal 0 0 -1
    outer loop
      vertex 22.996 3.18371 0
      vertex 9.60395 3.18371 0
      vertex 31.353 28.7354 0
    endloop
  endfacet
  facet normal 0 0 -1
    outer loop
      vertex 9.13606 3.35822 0
      vertex 31.353 28.7354 0
      vertex 9.60395 3.18371 0
    endloop
  endfacet
  facet normal 0 0 -1
    outer loop
      vertex 8.6481 3.46437 0
      vertex 31.353 28.7354 0
      vertex 9.13606 3.35822 0
    endloop
  endfacet
  facet normal 0 0 -1
    outer loop
      vertex 8.15 3.5 0
      vertex 31.353 28.7354 0
      vertex 8.6481 3.46437 0
    endloop
  endfacet
  facet normal 0 0 -1
    outer loop
      vertex 7.6519 3.46437 0
      vertex 31.353 28.7354 0
      vertex 8.15 3.5 0
    endloop
  endfacet
  facet normal 0 0 -1
    outer loop
      vertex 7.16394 3.35822 0
      vertex 31.353 28.7354 0
      vertex 7.6519 3.46437 0
    endloop
  endfacet
  facet normal 0 0 -1
    outer loop
      vertex -7.16394 3.35822 0
      vertex 7.16394 3.35822 0
      vertex 6.69605 3.18371 0
    endloop
  endfacet
  facet normal 0 0 -1
    outer loop
      vertex -6.69605 3.18371 0
      vertex 6.69605 3.18371 0
      vertex 6.25776 2.94439 0
    endloop
  endfacet
  facet normal 0 0 -1
    outer loop
      vertex -6.25776 2.94439 0
      vertex 6.25776 2.94439 0
      vertex 5.85799 2.64512 0
    endloop
  endfacet
  facet normal 0 0 -1
    outer loop
      vertex -5.85799 2.64512 0
      vertex 5.85799 2.64512 0
      vertex 5.50488 2.29201 0
    endloop
  endfacet
  facet normal 0 0 -1
    outer loop
      vertex -4.65 0 0
      vertex 4.68562 0.498101 0
      vertex 4.65 0 0
    endloop
  endfacet
  facet normal 0 0 -1
    outer loop
      vertex -4.68562 0.498101 0
      vertex 4.68562 0.498101 0
      vertex -4.65 0 0
    endloop
  endfacet
  facet normal 0 0 -1
    outer loop
      vertex 4.68562 0.498101 0
      vertex -4.68562 0.498101 0
      vertex 4.79177 0.986063 0
    endloop
  endfacet
  facet normal 0 0 -1
    outer loop
      vertex -4.79177 0.986063 0
      vertex 4.79177 0.986063 0
      vertex -4.68562 0.498101 0
    endloop
  endfacet
  facet normal 0 0 -1
    outer loop
      vertex 4.79177 0.986063 0
      vertex -4.79177 0.986063 0
      vertex 4.96629 1.45395 0
    endloop
  endfacet
  facet normal 0 0 -1
    outer loop
      vertex -4.96629 1.45395 0
      vertex 4.96629 1.45395 0
      vertex -4.79177 0.986063 0
    endloop
  endfacet
  facet normal 0 0 -1
    outer loop
      vertex 4.96629 1.45395 0
      vertex -4.96629 1.45395 0
      vertex 5.20561 1.89224 0
    endloop
  endfacet
  facet normal 0 0 -1
    outer loop
      vertex -5.20561 1.89224 0
      vertex 5.20561 1.89224 0
      vertex -4.96629 1.45395 0
    endloop
  endfacet
  facet normal 0 0 -1
    outer loop
      vertex 5.20561 1.89224 0
      vertex -5.20561 1.89224 0
      vertex 5.50488 2.29201 0
    endloop
  endfacet
  facet normal 0 0 -1
    outer loop
      vertex -5.50488 2.29201 0
      vertex 5.50488 2.29201 0
      vertex -5.20561 1.89224 0
    endloop
  endfacet
  facet normal 0 0 -1
    outer loop
      vertex -5.85799 2.64512 0
      vertex 5.50488 2.29201 0
      vertex -5.50488 2.29201 0
    endloop
  endfacet
  facet normal 0 0 -1
    outer loop
      vertex 5.85799 2.64512 0
      vertex -5.85799 2.64512 0
      vertex -6.25776 2.94439 0
    endloop
  endfacet
  facet normal 0 0 -1
    outer loop
      vertex 6.25776 2.94439 0
      vertex -6.25776 2.94439 0
      vertex -6.69605 3.18371 0
    endloop
  endfacet
  facet normal 0 0 -1
    outer loop
      vertex 6.69605 3.18371 0
      vertex -6.69605 3.18371 0
      vertex -7.16394 3.35822 0
    endloop
  endfacet
  facet normal 0 0 -1
    outer loop
      vertex 7.16394 3.35822 0
      vertex -7.16394 3.35822 0
      vertex 31.353 28.7354 0
    endloop
  endfacet
  facet normal 0 0 -1
    outer loop
      vertex -31.3488 28.7354 0
      vertex -7.16394 3.35822 0
      vertex -7.6519 3.46437 0
    endloop
  endfacet
  facet normal 0 0 -1
    outer loop
      vertex -31.3488 28.7354 0
      vertex -7.6519 3.46437 0
      vertex -8.15 3.5 0
    endloop
  endfacet
  facet normal 0 0 -1
    outer loop
      vertex -31.3488 28.7354 0
      vertex -8.15 3.5 0
      vertex -8.6481 3.46437 0
    endloop
  endfacet
  facet normal 0 0 -1
    outer loop
      vertex -31.3488 28.7354 0
      vertex -8.6481 3.46437 0
      vertex -9.13606 3.35822 0
    endloop
  endfacet
  facet normal 0 0 -1
    outer loop
      vertex -31.3488 28.7354 0
      vertex -9.13606 3.35822 0
      vertex -9.60395 3.18371 0
    endloop
  endfacet
  facet normal 0 0 -1
    outer loop
      vertex -22.996 3.18371 0
      vertex -9.60395 3.18371 0
      vertex -10.0422 2.94439 0
    endloop
  endfacet
  facet normal 0 0 -1
    outer loop
      vertex -20.95 0 0
      vertex -11.6144 0.498101 0
      vertex -11.65 0 0
    endloop
  endfacet
  facet normal 0 0 -1
    outer loop
      vertex -20.9856 0.498101 0
      vertex -11.6144 0.498101 0
      vertex -20.95 0 0
    endloop
  endfacet
  facet normal 0 0 -1
    outer loop
      vertex -11.6144 0.498101 0
      vertex -20.9856 0.498101 0
      vertex -11.5082 0.986063 0
    endloop
  endfacet
  facet normal 0 0 -1
    outer loop
      vertex -21.0918 0.986063 0
      vertex -11.5082 0.986063 0
      vertex -20.9856 0.498101 0
    endloop
  endfacet
  facet normal 0 0 -1
    outer loop
      vertex -11.5082 0.986063 0
      vertex -21.0918 0.986063 0
      vertex -11.3337 1.45395 0
    endloop
  endfacet
  facet normal 0 0 -1
    outer loop
      vertex -21.2663 1.45395 0
      vertex -11.3337 1.45395 0
      vertex -21.0918 0.986063 0
    endloop
  endfacet
  facet normal 0 0 -1
    outer loop
      vertex -11.3337 1.45395 0
      vertex -21.2663 1.45395 0
      vertex -11.0944 1.89224 0
    endloop
  endfacet
  facet normal 0 0 -1
    outer loop
      vertex -21.5056 1.89224 0
      vertex -11.0944 1.89224 0
      vertex -21.2663 1.45395 0
    endloop
  endfacet
  facet normal 0 0 -1
    outer loop
      vertex -11.0944 1.89224 0
      vertex -21.5056 1.89224 0
      vertex -10.7951 2.29201 0
    endloop
  endfacet
  facet normal 0 0 -1
    outer loop
      vertex -21.8049 2.29201 0
      vertex -10.7951 2.29201 0
      vertex -21.5056 1.89224 0
    endloop
  endfacet
  facet normal 0 0 -1
    outer loop
      vertex -10.7951 2.29201 0
      vertex -21.8049 2.29201 0
      vertex -10.442 2.64512 0
    endloop
  endfacet
  facet normal 0 0 -1
    outer loop
      vertex -22.158 2.64512 0
      vertex -10.442 2.64512 0
      vertex -21.8049 2.29201 0
    endloop
  endfacet
  facet normal 0 0 -1
    outer loop
      vertex -10.442 2.64512 0
      vertex -22.158 2.64512 0
      vertex -10.0422 2.94439 0
    endloop
  endfacet
  facet normal 0 0 -1
    outer loop
      vertex -22.5578 2.94439 0
      vertex -10.0422 2.94439 0
      vertex -22.158 2.64512 0
    endloop
  endfacet
  facet normal 0 0 -1
    outer loop
      vertex -22.996 3.18371 0
      vertex -10.0422 2.94439 0
      vertex -22.5578 2.94439 0
    endloop
  endfacet
  facet normal 0 0 -1
    outer loop
      vertex -9.60395 3.18371 0
      vertex -22.996 3.18371 0
      vertex -31.3684 28.7021 0
    endloop
  endfacet
  facet normal 0 0 -1
    outer loop
      vertex -31.3684 28.7021 0
      vertex -22.996 3.18371 0
      vertex -23.4639 3.35822 0
    endloop
  endfacet
  facet normal 0 0 -1
    outer loop
      vertex -31.9724 27.9121 0
      vertex -23.4639 3.35822 0
      vertex -23.9519 3.46437 0
    endloop
  endfacet
  facet normal 0 0 -1
    outer loop
      vertex -32.3206 27.5567 0
      vertex -23.9519 3.46437 0
      vertex -24.45 3.5 0
    endloop
  endfacet
  facet normal 0 0 -1
    outer loop
      vertex -33.0981 26.9367 0
      vertex -24.45 3.5 0
      vertex -24.9481 3.46437 0
    endloop
  endfacet
  facet normal 0 0 -1
    outer loop
      vertex -33.5221 26.6763 0
      vertex -24.9481 3.46437 0
      vertex -25.4361 3.35822 0
    endloop
  endfacet
  facet normal 0 0 -1
    outer loop
      vertex -34 26.4374 0
      vertex -25.4361 3.35822 0
      vertex -25.904 3.18371 0
    endloop
  endfacet
  facet normal -0 0 -1
    outer loop
      vertex -25.4361 -3.35822 0
      vertex -34 -26.4374 0
      vertex -25.904 -3.18371 0
    endloop
  endfacet
  facet normal 0 0 -1
    outer loop
      vertex -7.16394 3.35822 0
      vertex -31.3488 28.7354 0
      vertex 31.353 28.7354 0
    endloop
  endfacet
  facet normal 0 0 -1
    outer loop
      vertex -34 26.4374 0
      vertex -25.904 3.18371 0
      vertex -26.3422 2.94439 0
    endloop
  endfacet
  facet normal 0 0 -1
    outer loop
      vertex -34 26.4374 0
      vertex -26.3422 2.94439 0
      vertex -26.742 2.64512 0
    endloop
  endfacet
  facet normal 0 0 -1
    outer loop
      vertex -34 26.4374 0
      vertex -26.742 2.64512 0
      vertex -27.0951 2.29201 0
    endloop
  endfacet
  facet normal 0 0 -1
    outer loop
      vertex -34 26.4374 0
      vertex -27.0951 2.29201 0
      vertex -27.3944 1.89224 0
    endloop
  endfacet
  facet normal 0 0 -1
    outer loop
      vertex -34 26.4374 0
      vertex -27.3944 1.89224 0
      vertex -27.6337 1.45395 0
    endloop
  endfacet
  facet normal 0 0 -1
    outer loop
      vertex -34 26.4374 0
      vertex -27.6337 1.45395 0
      vertex -27.8082 0.986063 0
    endloop
  endfacet
  facet normal 0 0 -1
    outer loop
      vertex -34 26.4374 0
      vertex -27.8082 0.986063 0
      vertex -27.9144 0.498101 0
    endloop
  endfacet
  facet normal -0 0 -1
    outer loop
      vertex -25.904 -3.18371 0
      vertex -34 -26.4374 0
      vertex -26.3422 -2.94439 0
    endloop
  endfacet
  facet normal -0 0 -1
    outer loop
      vertex -26.3422 -2.94439 0
      vertex -34 -26.4374 0
      vertex -26.742 -2.64512 0
    endloop
  endfacet
  facet normal 0 0 -1
    outer loop
      vertex -9.60395 3.18371 0
      vertex -31.3684 28.7021 0
      vertex -31.3488 28.7354 0
    endloop
  endfacet
  facet normal -0 0 -1
    outer loop
      vertex -26.742 -2.64512 0
      vertex -34 -26.4374 0
      vertex -27.0951 -2.29201 0
    endloop
  endfacet
  facet normal 0 0 -1
    outer loop
      vertex -23.4639 3.35822 0
      vertex -31.6542 28.2948 0
      vertex -31.3684 28.7021 0
    endloop
  endfacet
  facet normal -0 0 -1
    outer loop
      vertex -27.0951 -2.29201 0
      vertex -34 -26.4374 0
      vertex -27.3944 -1.89224 0
    endloop
  endfacet
  facet normal 0 0 -1
    outer loop
      vertex -23.4639 3.35822 0
      vertex -31.9724 27.9121 0
      vertex -31.6542 28.2948 0
    endloop
  endfacet
  facet normal -0 0 -1
    outer loop
      vertex -27.3944 -1.89224 0
      vertex -34 -26.4374 0
      vertex -27.6337 -1.45395 0
    endloop
  endfacet
  facet normal 0 0 -1
    outer loop
      vertex -23.9519 3.46437 0
      vertex -32.3206 27.5567 0
      vertex -31.9724 27.9121 0
    endloop
  endfacet
  facet normal -0 0 -1
    outer loop
      vertex -27.6337 -1.45395 0
      vertex -34 -26.4374 0
      vertex -27.8082 -0.986063 0
    endloop
  endfacet
  facet normal 0 0 -1
    outer loop
      vertex -24.45 3.5 0
      vertex -32.6967 27.2308 0
      vertex -32.3206 27.5567 0
    endloop
  endfacet
  facet normal -0 0 -1
    outer loop
      vertex -27.8082 -0.986063 0
      vertex -34 -26.4374 0
      vertex -27.9144 -0.498101 0
    endloop
  endfacet
  facet normal 0 0 -1
    outer loop
      vertex -24.45 3.5 0
      vertex -33.0981 26.9367 0
      vertex -32.6967 27.2308 0
    endloop
  endfacet
  facet normal -0 0 -1
    outer loop
      vertex -27.9144 -0.498101 0
      vertex -34 -26.4374 0
      vertex -27.95 0 0
    endloop
  endfacet
  facet normal 0 0 -1
    outer loop
      vertex -24.9481 3.46437 0
      vertex -33.5221 26.6763 0
      vertex -33.0981 26.9367 0
    endloop
  endfacet
  facet normal 0 0 -1
    outer loop
      vertex -34 26.4374 0
      vertex -27.95 0 0
      vertex -34 -26.4374 0
    endloop
  endfacet
  facet normal 0 0 -1
    outer loop
      vertex -25.4361 3.35822 0
      vertex -33.966 26.4512 0
      vertex -33.5221 26.6763 0
    endloop
  endfacet
  facet normal 0 0 -1
    outer loop
      vertex -27.95 0 0
      vertex -34 26.4374 0
      vertex -27.9144 0.498101 0
    endloop
  endfacet
  facet normal 0 0 -1
    outer loop
      vertex -25.4361 3.35822 0
      vertex -34 26.4374 0
      vertex -33.966 26.4512 0
    endloop
  endfacet
  facet normal 0 1 0
    outer loop
      vertex 31.353 28.7354 0
      vertex 24.1865 28.7354 2.7046
      vertex 24.7135 28.7354 2.7046
    endloop
  endfacet
  facet normal 0 1 0
    outer loop
      vertex 24.1865 28.7354 2.7046
      vertex 31.353 28.7354 0
      vertex 8.41349 28.7354 2.7046
    endloop
  endfacet
  facet normal 0 1 0
    outer loop
      vertex 8.41349 28.7354 2.7046
      vertex 31.353 28.7354 0
      vertex 7.88651 28.7354 2.7046
    endloop
  endfacet
  facet normal 0 1 0
    outer loop
      vertex 7.88651 28.7354 2.7046
      vertex 31.353 28.7354 0
      vertex -7.88651 28.7354 2.7046
    endloop
  endfacet
  facet normal 0 1 0
    outer loop
      vertex -31.3488 28.7354 0
      vertex -7.88651 28.7354 2.7046
      vertex 31.353 28.7354 0
    endloop
  endfacet
  facet normal 0 1 0
    outer loop
      vertex -7.88651 28.7354 2.7046
      vertex -31.3488 28.7354 0
      vertex -8.41349 28.7354 2.7046
    endloop
  endfacet
  facet normal 0 1 0
    outer loop
      vertex -8.41349 28.7354 2.7046
      vertex -31.3488 28.7354 0
      vertex -24.1865 28.7354 2.7046
    endloop
  endfacet
  facet normal 0 1 0
    outer loop
      vertex 25.2392 28.7354 2.74136
      vertex 31.353 28.7354 0
      vertex 24.7135 28.7354 2.7046
    endloop
  endfacet
  facet normal 0 1 0
    outer loop
      vertex 25.761 28.7354 2.8147
      vertex 31.353 28.7354 0
      vertex 25.2392 28.7354 2.74136
    endloop
  endfacet
  facet normal 0 1 0
    outer loop
      vertex 26.2765 28.7354 2.92427
      vertex 31.353 28.7354 0
      vertex 25.761 28.7354 2.8147
    endloop
  endfacet
  facet normal 0 1 0
    outer loop
      vertex 26.7831 28.7354 3.06952
      vertex 31.353 28.7354 0
      vertex 26.2765 28.7354 2.92427
    endloop
  endfacet
  facet normal 0 1 0
    outer loop
      vertex 27.2783 28.7354 3.24976
      vertex 31.353 28.7354 0
      vertex 26.7831 28.7354 3.06952
    endloop
  endfacet
  facet normal 0 1 0
    outer loop
      vertex 27.7597 28.7354 3.4641
      vertex 31.353 28.7354 0
      vertex 27.2783 28.7354 3.24976
    endloop
  endfacet
  facet normal 0 1 0
    outer loop
      vertex 28.225 28.7354 3.71151
      vertex 31.353 28.7354 0
      vertex 27.7597 28.7354 3.4641
    endloop
  endfacet
  facet normal 0 1 0
    outer loop
      vertex 28.6719 28.7354 3.99077
      vertex 31.353 28.7354 0
      vertex 28.225 28.7354 3.71151
    endloop
  endfacet
  facet normal 0 1 0
    outer loop
      vertex 29.0982 28.7354 4.30052
      vertex 31.353 28.7354 0
      vertex 28.6719 28.7354 3.99077
    endloop
  endfacet
  facet normal 0 1 0
    outer loop
      vertex 29.5019 28.7354 4.63926
      vertex 31.353 28.7354 0
      vertex 29.0982 28.7354 4.30052
    endloop
  endfacet
  facet normal 0 1 0
    outer loop
      vertex 29.881 28.7354 5.00533
      vertex 31.353 28.7354 0
      vertex 29.5019 28.7354 4.63926
    endloop
  endfacet
  facet normal 0 1 0
    outer loop
      vertex 30.2336 28.7354 5.39695
      vertex 31.353 28.7354 0
      vertex 29.881 28.7354 5.00533
    endloop
  endfacet
  facet normal 0 1 0
    outer loop
      vertex 30.5581 28.7354 5.81222
      vertex 31.353 28.7354 0
      vertex 30.2336 28.7354 5.39695
    endloop
  endfacet
  facet normal 0 1 0
    outer loop
      vertex 30.8528 28.7354 6.24911
      vertex 31.353 28.7354 0
      vertex 30.5581 28.7354 5.81222
    endloop
  endfacet
  facet normal 0 1 0
    outer loop
      vertex 31.1163 28.7354 6.70549
      vertex 31.353 28.7354 0
      vertex 30.8528 28.7354 6.24911
    endloop
  endfacet
  facet normal 0 1 0
    outer loop
      vertex 31.3473 28.7354 7.17914
      vertex 31.353 28.7354 0
      vertex 31.1163 28.7354 6.70549
    endloop
  endfacet
  facet normal 0 1 -0
    outer loop
      vertex 31.353 28.7354 0
      vertex 31.3473 28.7354 7.17914
      vertex 31.353 28.7354 7.19325
    endloop
  endfacet
  facet normal 0 1 -0
    outer loop
      vertex 17.065 28.7354 11.8197
      vertex 15.4926 28.7354 11.99
      vertex 17.1074 28.7354 11.99
    endloop
  endfacet
  facet normal 0 1 0
    outer loop
      vertex 17.065 28.7354 11.8197
      vertex 15.535 28.7354 11.8197
      vertex 15.4926 28.7354 11.99
    endloop
  endfacet
  facet normal 0 1 -0
    outer loop
      vertex 16.9735 28.7354 11.3008
      vertex 15.535 28.7354 11.8197
      vertex 17.065 28.7354 11.8197
    endloop
  endfacet
  facet normal 0 1 0
    outer loop
      vertex 16.9735 28.7354 11.3008
      vertex 15.6265 28.7354 11.3008
      vertex 15.535 28.7354 11.8197
    endloop
  endfacet
  facet normal 0 1 -0
    outer loop
      vertex 16.9184 28.7354 10.7767
      vertex 15.6265 28.7354 11.3008
      vertex 16.9735 28.7354 11.3008
    endloop
  endfacet
  facet normal 0 1 0
    outer loop
      vertex 16.9184 28.7354 10.7767
      vertex 15.6816 28.7354 10.7767
      vertex 15.6265 28.7354 11.3008
    endloop
  endfacet
  facet normal 0 1 -0
    outer loop
      vertex 16.9 28.7354 10.25
      vertex 15.6816 28.7354 10.7767
      vertex 16.9184 28.7354 10.7767
    endloop
  endfacet
  facet normal 0 1 0
    outer loop
      vertex 16.9 28.7354 10.25
      vertex 15.7 28.7354 10.25
      vertex 15.6816 28.7354 10.7767
    endloop
  endfacet
  facet normal 0 1 0
    outer loop
      vertex 16.9184 28.7354 9.72334
      vertex 15.7 28.7354 10.25
      vertex 16.9 28.7354 10.25
    endloop
  endfacet
  facet normal 0 1 0
    outer loop
      vertex 16.9184 28.7354 9.72334
      vertex 15.6816 28.7354 9.72334
      vertex 15.7 28.7354 10.25
    endloop
  endfacet
  facet normal 0 1 0
    outer loop
      vertex 16.9735 28.7354 9.19924
      vertex 15.6816 28.7354 9.72334
      vertex 16.9184 28.7354 9.72334
    endloop
  endfacet
  facet normal 0 1 0
    outer loop
      vertex 16.9735 28.7354 9.19924
      vertex 15.6265 28.7354 9.19924
      vertex 15.6816 28.7354 9.72334
    endloop
  endfacet
  facet normal 0 1 0
    outer loop
      vertex 17.065 28.7354 8.68027
      vertex 15.6265 28.7354 9.19924
      vertex 16.9735 28.7354 9.19924
    endloop
  endfacet
  facet normal 0 1 0
    outer loop
      vertex 17.065 28.7354 8.68027
      vertex 15.535 28.7354 8.68027
      vertex 15.6265 28.7354 9.19924
    endloop
  endfacet
  facet normal 0 1 0
    outer loop
      vertex 17.1925 28.7354 8.16894
      vertex 15.535 28.7354 8.68027
      vertex 17.065 28.7354 8.68027
    endloop
  endfacet
  facet normal 0 1 0
    outer loop
      vertex 17.1925 28.7354 8.16894
      vertex 15.4075 28.7354 8.16894
      vertex 15.535 28.7354 8.68027
    endloop
  endfacet
  facet normal 0 1 0
    outer loop
      vertex 17.3553 28.7354 7.66775
      vertex 15.4075 28.7354 8.16894
      vertex 17.1925 28.7354 8.16894
    endloop
  endfacet
  facet normal 0 1 0
    outer loop
      vertex 17.3553 28.7354 7.66775
      vertex 15.2447 28.7354 7.66775
      vertex 15.4075 28.7354 8.16894
    endloop
  endfacet
  facet normal 0 1 0
    outer loop
      vertex 17.5527 28.7354 7.17914
      vertex 15.2447 28.7354 7.66775
      vertex 17.3553 28.7354 7.66775
    endloop
  endfacet
  facet normal 0 1 0
    outer loop
      vertex 17.5527 28.7354 7.17914
      vertex 15.0473 28.7354 7.17914
      vertex 15.2447 28.7354 7.66775
    endloop
  endfacet
  facet normal 0 1 0
    outer loop
      vertex 17.7837 28.7354 6.70549
      vertex 15.0473 28.7354 7.17914
      vertex 17.5527 28.7354 7.17914
    endloop
  endfacet
  facet normal 0 1 0
    outer loop
      vertex 17.7837 28.7354 6.70549
      vertex 14.8163 28.7354 6.70549
      vertex 15.0473 28.7354 7.17914
    endloop
  endfacet
  facet normal 0 1 0
    outer loop
      vertex 18.0472 28.7354 6.24911
      vertex 14.8163 28.7354 6.70549
      vertex 17.7837 28.7354 6.70549
    endloop
  endfacet
  facet normal 0 1 0
    outer loop
      vertex 18.0472 28.7354 6.24911
      vertex 14.5528 28.7354 6.24911
      vertex 14.8163 28.7354 6.70549
    endloop
  endfacet
  facet normal 0 1 0
    outer loop
      vertex 18.3419 28.7354 5.81222
      vertex 14.5528 28.7354 6.24911
      vertex 18.0472 28.7354 6.24911
    endloop
  endfacet
  facet normal 0 1 0
    outer loop
      vertex 18.3419 28.7354 5.81222
      vertex 14.2581 28.7354 5.81222
      vertex 14.5528 28.7354 6.24911
    endloop
  endfacet
  facet normal 0 1 0
    outer loop
      vertex 18.6664 28.7354 5.39695
      vertex 14.2581 28.7354 5.81222
      vertex 18.3419 28.7354 5.81222
    endloop
  endfacet
  facet normal 0 1 0
    outer loop
      vertex 18.6664 28.7354 5.39695
      vertex 13.9336 28.7354 5.39695
      vertex 14.2581 28.7354 5.81222
    endloop
  endfacet
  facet normal 0 1 0
    outer loop
      vertex 19.019 28.7354 5.00533
      vertex 13.9336 28.7354 5.39695
      vertex 18.6664 28.7354 5.39695
    endloop
  endfacet
  facet normal 0 1 0
    outer loop
      vertex 19.019 28.7354 5.00533
      vertex 13.581 28.7354 5.00533
      vertex 13.9336 28.7354 5.39695
    endloop
  endfacet
  facet normal 0 1 0
    outer loop
      vertex 19.3981 28.7354 4.63926
      vertex 13.581 28.7354 5.00533
      vertex 19.019 28.7354 5.00533
    endloop
  endfacet
  facet normal 0 1 0
    outer loop
      vertex 19.3981 28.7354 4.63926
      vertex 13.2019 28.7354 4.63926
      vertex 13.581 28.7354 5.00533
    endloop
  endfacet
  facet normal 0 1 0
    outer loop
      vertex 19.8018 28.7354 4.30052
      vertex 13.2019 28.7354 4.63926
      vertex 19.3981 28.7354 4.63926
    endloop
  endfacet
  facet normal 0 1 0
    outer loop
      vertex 19.8018 28.7354 4.30052
      vertex 12.7982 28.7354 4.30052
      vertex 13.2019 28.7354 4.63926
    endloop
  endfacet
  facet normal 0 1 0
    outer loop
      vertex 20.2281 28.7354 3.99077
      vertex 12.7982 28.7354 4.30052
      vertex 19.8018 28.7354 4.30052
    endloop
  endfacet
  facet normal 0 1 0
    outer loop
      vertex 20.2281 28.7354 3.99077
      vertex 12.3719 28.7354 3.99077
      vertex 12.7982 28.7354 4.30052
    endloop
  endfacet
  facet normal 0 1 0
    outer loop
      vertex 20.675 28.7354 3.71151
      vertex 12.3719 28.7354 3.99077
      vertex 20.2281 28.7354 3.99077
    endloop
  endfacet
  facet normal 0 1 0
    outer loop
      vertex 20.675 28.7354 3.71151
      vertex 11.925 28.7354 3.71151
      vertex 12.3719 28.7354 3.99077
    endloop
  endfacet
  facet normal 0 1 0
    outer loop
      vertex 21.1403 28.7354 3.4641
      vertex 11.925 28.7354 3.71151
      vertex 20.675 28.7354 3.71151
    endloop
  endfacet
  facet normal 0 1 0
    outer loop
      vertex 21.1403 28.7354 3.4641
      vertex 11.4597 28.7354 3.4641
      vertex 11.925 28.7354 3.71151
    endloop
  endfacet
  facet normal 0 1 0
    outer loop
      vertex 21.6217 28.7354 3.24976
      vertex 11.4597 28.7354 3.4641
      vertex 21.1403 28.7354 3.4641
    endloop
  endfacet
  facet normal 0 1 0
    outer loop
      vertex 21.6217 28.7354 3.24976
      vertex 10.9783 28.7354 3.24976
      vertex 11.4597 28.7354 3.4641
    endloop
  endfacet
  facet normal 0 1 0
    outer loop
      vertex 22.1169 28.7354 3.06952
      vertex 10.9783 28.7354 3.24976
      vertex 21.6217 28.7354 3.24976
    endloop
  endfacet
  facet normal 0 1 0
    outer loop
      vertex 22.1169 28.7354 3.06952
      vertex 10.4831 28.7354 3.06952
      vertex 10.9783 28.7354 3.24976
    endloop
  endfacet
  facet normal 0 1 0
    outer loop
      vertex 22.6235 28.7354 2.92427
      vertex 10.4831 28.7354 3.06952
      vertex 22.1169 28.7354 3.06952
    endloop
  endfacet
  facet normal 0 1 0
    outer loop
      vertex 22.6235 28.7354 2.92427
      vertex 9.97651 28.7354 2.92427
      vertex 10.4831 28.7354 3.06952
    endloop
  endfacet
  facet normal 0 1 0
    outer loop
      vertex 23.139 28.7354 2.8147
      vertex 9.97651 28.7354 2.92427
      vertex 22.6235 28.7354 2.92427
    endloop
  endfacet
  facet normal 0 1 0
    outer loop
      vertex 23.139 28.7354 2.8147
      vertex 9.46104 28.7354 2.8147
      vertex 9.97651 28.7354 2.92427
    endloop
  endfacet
  facet normal 0 1 0
    outer loop
      vertex 23.6608 28.7354 2.74136
      vertex 9.46104 28.7354 2.8147
      vertex 23.139 28.7354 2.8147
    endloop
  endfacet
  facet normal 0 1 0
    outer loop
      vertex 23.6608 28.7354 2.74136
      vertex 8.93919 28.7354 2.74136
      vertex 9.46104 28.7354 2.8147
    endloop
  endfacet
  facet normal 0 1 0
    outer loop
      vertex 24.1865 28.7354 2.7046
      vertex 8.93919 28.7354 2.74136
      vertex 23.6608 28.7354 2.74136
    endloop
  endfacet
  facet normal 0 1 0
    outer loop
      vertex 8.93919 28.7354 2.74136
      vertex 24.1865 28.7354 2.7046
      vertex 8.41349 28.7354 2.7046
    endloop
  endfacet
  facet normal 0 1 -0
    outer loop
      vertex 0.764985 28.7354 11.8197
      vertex -0.807438 28.7354 11.99
      vertex 0.807438 28.7354 11.99
    endloop
  endfacet
  facet normal 0 1 0
    outer loop
      vertex 0.764985 28.7354 11.8197
      vertex -0.764985 28.7354 11.8197
      vertex -0.807438 28.7354 11.99
    endloop
  endfacet
  facet normal 0 1 -0
    outer loop
      vertex 0.673475 28.7354 11.3008
      vertex -0.764985 28.7354 11.8197
      vertex 0.764985 28.7354 11.8197
    endloop
  endfacet
  facet normal 0 1 0
    outer loop
      vertex 0.673475 28.7354 11.3008
      vertex -0.673475 28.7354 11.3008
      vertex -0.764985 28.7354 11.8197
    endloop
  endfacet
  facet normal 0 1 -0
    outer loop
      vertex 0.618391 28.7354 10.7767
      vertex -0.673475 28.7354 11.3008
      vertex 0.673475 28.7354 11.3008
    endloop
  endfacet
  facet normal 0 1 0
    outer loop
      vertex 0.618391 28.7354 10.7767
      vertex -0.618391 28.7354 10.7767
      vertex -0.673475 28.7354 11.3008
    endloop
  endfacet
  facet normal 0 1 -0
    outer loop
      vertex 0.599999 28.7354 10.25
      vertex -0.618391 28.7354 10.7767
      vertex 0.618391 28.7354 10.7767
    endloop
  endfacet
  facet normal 0 1 0
    outer loop
      vertex 0.599999 28.7354 10.25
      vertex -0.599999 28.7354 10.25
      vertex -0.618391 28.7354 10.7767
    endloop
  endfacet
  facet normal 0 1 0
    outer loop
      vertex 0.618391 28.7354 9.72334
      vertex -0.599999 28.7354 10.25
      vertex 0.599999 28.7354 10.25
    endloop
  endfacet
  facet normal 0 1 0
    outer loop
      vertex 0.618391 28.7354 9.72334
      vertex -0.618391 28.7354 9.72334
      vertex -0.599999 28.7354 10.25
    endloop
  endfacet
  facet normal 0 1 0
    outer loop
      vertex 0.673475 28.7354 9.19924
      vertex -0.618391 28.7354 9.72334
      vertex 0.618391 28.7354 9.72334
    endloop
  endfacet
  facet normal 0 1 0
    outer loop
      vertex 0.673475 28.7354 9.19924
      vertex -0.673475 28.7354 9.19924
      vertex -0.618391 28.7354 9.72334
    endloop
  endfacet
  facet normal 0 1 0
    outer loop
      vertex 0.764985 28.7354 8.68027
      vertex -0.673475 28.7354 9.19924
      vertex 0.673475 28.7354 9.19924
    endloop
  endfacet
  facet normal 0 1 0
    outer loop
      vertex 0.764985 28.7354 8.68027
      vertex -0.764985 28.7354 8.68027
      vertex -0.673475 28.7354 9.19924
    endloop
  endfacet
  facet normal 0 1 0
    outer loop
      vertex 0.892474 28.7354 8.16894
      vertex -0.764985 28.7354 8.68027
      vertex 0.764985 28.7354 8.68027
    endloop
  endfacet
  facet normal 0 1 0
    outer loop
      vertex 0.892474 28.7354 8.16894
      vertex -0.892474 28.7354 8.16894
      vertex -0.764985 28.7354 8.68027
    endloop
  endfacet
  facet normal 0 1 0
    outer loop
      vertex 1.05532 28.7354 7.66775
      vertex -0.892474 28.7354 8.16894
      vertex 0.892474 28.7354 8.16894
    endloop
  endfacet
  facet normal 0 1 0
    outer loop
      vertex 1.05532 28.7354 7.66775
      vertex -1.05532 28.7354 7.66775
      vertex -0.892474 28.7354 8.16894
    endloop
  endfacet
  facet normal 0 1 0
    outer loop
      vertex 1.25273 28.7354 7.17914
      vertex -1.05532 28.7354 7.66775
      vertex 1.05532 28.7354 7.66775
    endloop
  endfacet
  facet normal 0 1 0
    outer loop
      vertex 1.25273 28.7354 7.17914
      vertex -1.25273 28.7354 7.17914
      vertex -1.05532 28.7354 7.66775
    endloop
  endfacet
  facet normal 0 1 0
    outer loop
      vertex 1.48375 28.7354 6.70549
      vertex -1.25273 28.7354 7.17914
      vertex 1.25273 28.7354 7.17914
    endloop
  endfacet
  facet normal 0 1 0
    outer loop
      vertex 1.48375 28.7354 6.70549
      vertex -1.48375 28.7354 6.70549
      vertex -1.25273 28.7354 7.17914
    endloop
  endfacet
  facet normal 0 1 0
    outer loop
      vertex 1.74724 28.7354 6.24911
      vertex -1.48375 28.7354 6.70549
      vertex 1.48375 28.7354 6.70549
    endloop
  endfacet
  facet normal 0 1 0
    outer loop
      vertex 1.74724 28.7354 6.24911
      vertex -1.74724 28.7354 6.24911
      vertex -1.48375 28.7354 6.70549
    endloop
  endfacet
  facet normal 0 1 0
    outer loop
      vertex 2.04192 28.7354 5.81222
      vertex -1.74724 28.7354 6.24911
      vertex 1.74724 28.7354 6.24911
    endloop
  endfacet
  facet normal 0 1 0
    outer loop
      vertex 2.04192 28.7354 5.81222
      vertex -2.04192 28.7354 5.81222
      vertex -1.74724 28.7354 6.24911
    endloop
  endfacet
  facet normal 0 1 0
    outer loop
      vertex 2.36636 28.7354 5.39695
      vertex -2.04192 28.7354 5.81222
      vertex 2.04192 28.7354 5.81222
    endloop
  endfacet
  facet normal 0 1 0
    outer loop
      vertex 2.36636 28.7354 5.39695
      vertex -2.36636 28.7354 5.39695
      vertex -2.04192 28.7354 5.81222
    endloop
  endfacet
  facet normal 0 1 0
    outer loop
      vertex 2.71898 28.7354 5.00533
      vertex -2.36636 28.7354 5.39695
      vertex 2.36636 28.7354 5.39695
    endloop
  endfacet
  facet normal 0 1 0
    outer loop
      vertex 2.71898 28.7354 5.00533
      vertex -2.71898 28.7354 5.00533
      vertex -2.36636 28.7354 5.39695
    endloop
  endfacet
  facet normal 0 1 0
    outer loop
      vertex 3.09806 28.7354 4.63926
      vertex -2.71898 28.7354 5.00533
      vertex 2.71898 28.7354 5.00533
    endloop
  endfacet
  facet normal 0 1 0
    outer loop
      vertex 3.09806 28.7354 4.63926
      vertex -3.09806 28.7354 4.63926
      vertex -2.71898 28.7354 5.00533
    endloop
  endfacet
  facet normal 0 1 0
    outer loop
      vertex 3.50176 28.7354 4.30052
      vertex -3.09806 28.7354 4.63926
      vertex 3.09806 28.7354 4.63926
    endloop
  endfacet
  facet normal 0 1 0
    outer loop
      vertex 3.50176 28.7354 4.30052
      vertex -3.50176 28.7354 4.30052
      vertex -3.09806 28.7354 4.63926
    endloop
  endfacet
  facet normal 0 1 0
    outer loop
      vertex 3.92809 28.7354 3.99077
      vertex -3.50176 28.7354 4.30052
      vertex 3.50176 28.7354 4.30052
    endloop
  endfacet
  facet normal 0 1 0
    outer loop
      vertex 3.92809 28.7354 3.99077
      vertex -3.92809 28.7354 3.99077
      vertex -3.50176 28.7354 4.30052
    endloop
  endfacet
  facet normal 0 1 0
    outer loop
      vertex 4.375 28.7354 3.71151
      vertex -3.92809 28.7354 3.99077
      vertex 3.92809 28.7354 3.99077
    endloop
  endfacet
  facet normal 0 1 0
    outer loop
      vertex 4.375 28.7354 3.71151
      vertex -4.375 28.7354 3.71151
      vertex -3.92809 28.7354 3.99077
    endloop
  endfacet
  facet normal 0 1 0
    outer loop
      vertex 4.8403 28.7354 3.4641
      vertex -4.375 28.7354 3.71151
      vertex 4.375 28.7354 3.71151
    endloop
  endfacet
  facet normal 0 1 0
    outer loop
      vertex 4.8403 28.7354 3.4641
      vertex -4.8403 28.7354 3.4641
      vertex -4.375 28.7354 3.71151
    endloop
  endfacet
  facet normal 0 1 0
    outer loop
      vertex 5.32172 28.7354 3.24976
      vertex -4.8403 28.7354 3.4641
      vertex 4.8403 28.7354 3.4641
    endloop
  endfacet
  facet normal 0 1 0
    outer loop
      vertex 5.32172 28.7354 3.24976
      vertex -5.32172 28.7354 3.24976
      vertex -4.8403 28.7354 3.4641
    endloop
  endfacet
  facet normal 0 1 0
    outer loop
      vertex 5.81692 28.7354 3.06952
      vertex -5.32172 28.7354 3.24976
      vertex 5.32172 28.7354 3.24976
    endloop
  endfacet
  facet normal 0 1 0
    outer loop
      vertex 5.81692 28.7354 3.06952
      vertex -5.81692 28.7354 3.06952
      vertex -5.32172 28.7354 3.24976
    endloop
  endfacet
  facet normal 0 1 0
    outer loop
      vertex 6.32349 28.7354 2.92427
      vertex -5.81692 28.7354 3.06952
      vertex 5.81692 28.7354 3.06952
    endloop
  endfacet
  facet normal 0 1 0
    outer loop
      vertex 6.32349 28.7354 2.92427
      vertex -6.32349 28.7354 2.92427
      vertex -5.81692 28.7354 3.06952
    endloop
  endfacet
  facet normal 0 1 0
    outer loop
      vertex 6.83896 28.7354 2.8147
      vertex -6.32349 28.7354 2.92427
      vertex 6.32349 28.7354 2.92427
    endloop
  endfacet
  facet normal 0 1 0
    outer loop
      vertex 6.83896 28.7354 2.8147
      vertex -6.83896 28.7354 2.8147
      vertex -6.32349 28.7354 2.92427
    endloop
  endfacet
  facet normal 0 1 0
    outer loop
      vertex 7.36081 28.7354 2.74136
      vertex -6.83896 28.7354 2.8147
      vertex 6.83896 28.7354 2.8147
    endloop
  endfacet
  facet normal 0 1 0
    outer loop
      vertex 7.36081 28.7354 2.74136
      vertex -7.36081 28.7354 2.74136
      vertex -6.83896 28.7354 2.8147
    endloop
  endfacet
  facet normal 0 1 0
    outer loop
      vertex 7.88651 28.7354 2.7046
      vertex -7.36081 28.7354 2.74136
      vertex 7.36081 28.7354 2.74136
    endloop
  endfacet
  facet normal 0 1 0
    outer loop
      vertex -7.36081 28.7354 2.74136
      vertex 7.88651 28.7354 2.7046
      vertex -7.88651 28.7354 2.7046
    endloop
  endfacet
  facet normal 0 1 -0
    outer loop
      vertex -15.535 28.7354 11.8197
      vertex -17.1074 28.7354 11.99
      vertex -15.4926 28.7354 11.99
    endloop
  endfacet
  facet normal 0 1 0
    outer loop
      vertex -15.535 28.7354 11.8197
      vertex -17.065 28.7354 11.8197
      vertex -17.1074 28.7354 11.99
    endloop
  endfacet
  facet normal 0 1 -0
    outer loop
      vertex -15.6265 28.7354 11.3008
      vertex -17.065 28.7354 11.8197
      vertex -15.535 28.7354 11.8197
    endloop
  endfacet
  facet normal 0 1 0
    outer loop
      vertex -15.6265 28.7354 11.3008
      vertex -16.9735 28.7354 11.3008
      vertex -17.065 28.7354 11.8197
    endloop
  endfacet
  facet normal 0 1 -0
    outer loop
      vertex -15.6816 28.7354 10.7767
      vertex -16.9735 28.7354 11.3008
      vertex -15.6265 28.7354 11.3008
    endloop
  endfacet
  facet normal 0 1 0
    outer loop
      vertex -15.6816 28.7354 10.7767
      vertex -16.9184 28.7354 10.7767
      vertex -16.9735 28.7354 11.3008
    endloop
  endfacet
  facet normal 0 1 -0
    outer loop
      vertex -15.7 28.7354 10.25
      vertex -16.9184 28.7354 10.7767
      vertex -15.6816 28.7354 10.7767
    endloop
  endfacet
  facet normal 0 1 0
    outer loop
      vertex -15.7 28.7354 10.25
      vertex -16.9 28.7354 10.25
      vertex -16.9184 28.7354 10.7767
    endloop
  endfacet
  facet normal 0 1 0
    outer loop
      vertex -15.6816 28.7354 9.72334
      vertex -16.9 28.7354 10.25
      vertex -15.7 28.7354 10.25
    endloop
  endfacet
  facet normal 0 1 0
    outer loop
      vertex -15.6816 28.7354 9.72334
      vertex -16.9184 28.7354 9.72334
      vertex -16.9 28.7354 10.25
    endloop
  endfacet
  facet normal 0 1 0
    outer loop
      vertex -15.6265 28.7354 9.19924
      vertex -16.9184 28.7354 9.72334
      vertex -15.6816 28.7354 9.72334
    endloop
  endfacet
  facet normal 0 1 0
    outer loop
      vertex -15.6265 28.7354 9.19924
      vertex -16.9735 28.7354 9.19924
      vertex -16.9184 28.7354 9.72334
    endloop
  endfacet
  facet normal 0 1 0
    outer loop
      vertex -15.535 28.7354 8.68027
      vertex -16.9735 28.7354 9.19924
      vertex -15.6265 28.7354 9.19924
    endloop
  endfacet
  facet normal 0 1 0
    outer loop
      vertex -15.535 28.7354 8.68027
      vertex -17.065 28.7354 8.68027
      vertex -16.9735 28.7354 9.19924
    endloop
  endfacet
  facet normal 0 1 0
    outer loop
      vertex -15.4075 28.7354 8.16894
      vertex -17.065 28.7354 8.68027
      vertex -15.535 28.7354 8.68027
    endloop
  endfacet
  facet normal 0 1 0
    outer loop
      vertex -15.4075 28.7354 8.16894
      vertex -17.1925 28.7354 8.16894
      vertex -17.065 28.7354 8.68027
    endloop
  endfacet
  facet normal 0 1 0
    outer loop
      vertex -15.2447 28.7354 7.66775
      vertex -17.1925 28.7354 8.16894
      vertex -15.4075 28.7354 8.16894
    endloop
  endfacet
  facet normal 0 1 0
    outer loop
      vertex -15.2447 28.7354 7.66775
      vertex -17.3553 28.7354 7.66775
      vertex -17.1925 28.7354 8.16894
    endloop
  endfacet
  facet normal 0 1 0
    outer loop
      vertex -15.0473 28.7354 7.17914
      vertex -17.3553 28.7354 7.66775
      vertex -15.2447 28.7354 7.66775
    endloop
  endfacet
  facet normal 0 1 0
    outer loop
      vertex -15.0473 28.7354 7.17914
      vertex -17.5527 28.7354 7.17914
      vertex -17.3553 28.7354 7.66775
    endloop
  endfacet
  facet normal 0 1 0
    outer loop
      vertex -14.8163 28.7354 6.70549
      vertex -17.5527 28.7354 7.17914
      vertex -15.0473 28.7354 7.17914
    endloop
  endfacet
  facet normal 0 1 0
    outer loop
      vertex -14.8163 28.7354 6.70549
      vertex -17.7837 28.7354 6.70549
      vertex -17.5527 28.7354 7.17914
    endloop
  endfacet
  facet normal 0 1 0
    outer loop
      vertex -14.5528 28.7354 6.24911
      vertex -17.7837 28.7354 6.70549
      vertex -14.8163 28.7354 6.70549
    endloop
  endfacet
  facet normal 0 1 0
    outer loop
      vertex -14.5528 28.7354 6.24911
      vertex -18.0472 28.7354 6.24911
      vertex -17.7837 28.7354 6.70549
    endloop
  endfacet
  facet normal 0 1 0
    outer loop
      vertex -14.2581 28.7354 5.81222
      vertex -18.0472 28.7354 6.24911
      vertex -14.5528 28.7354 6.24911
    endloop
  endfacet
  facet normal 0 1 0
    outer loop
      vertex -14.2581 28.7354 5.81222
      vertex -18.3419 28.7354 5.81222
      vertex -18.0472 28.7354 6.24911
    endloop
  endfacet
  facet normal 0 1 0
    outer loop
      vertex -13.9336 28.7354 5.39695
      vertex -18.3419 28.7354 5.81222
      vertex -14.2581 28.7354 5.81222
    endloop
  endfacet
  facet normal 0 1 0
    outer loop
      vertex -13.9336 28.7354 5.39695
      vertex -18.6664 28.7354 5.39695
      vertex -18.3419 28.7354 5.81222
    endloop
  endfacet
  facet normal 0 1 0
    outer loop
      vertex -13.581 28.7354 5.00533
      vertex -18.6664 28.7354 5.39695
      vertex -13.9336 28.7354 5.39695
    endloop
  endfacet
  facet normal 0 1 0
    outer loop
      vertex -13.581 28.7354 5.00533
      vertex -19.019 28.7354 5.00533
      vertex -18.6664 28.7354 5.39695
    endloop
  endfacet
  facet normal 0 1 0
    outer loop
      vertex -13.2019 28.7354 4.63926
      vertex -19.019 28.7354 5.00533
      vertex -13.581 28.7354 5.00533
    endloop
  endfacet
  facet normal 0 1 0
    outer loop
      vertex -13.2019 28.7354 4.63926
      vertex -19.3981 28.7354 4.63926
      vertex -19.019 28.7354 5.00533
    endloop
  endfacet
  facet normal 0 1 0
    outer loop
      vertex -12.7982 28.7354 4.30052
      vertex -19.3981 28.7354 4.63926
      vertex -13.2019 28.7354 4.63926
    endloop
  endfacet
  facet normal 0 1 0
    outer loop
      vertex -12.7982 28.7354 4.30052
      vertex -19.8018 28.7354 4.30052
      vertex -19.3981 28.7354 4.63926
    endloop
  endfacet
  facet normal 0 1 0
    outer loop
      vertex -12.3719 28.7354 3.99077
      vertex -19.8018 28.7354 4.30052
      vertex -12.7982 28.7354 4.30052
    endloop
  endfacet
  facet normal 0 1 0
    outer loop
      vertex -12.3719 28.7354 3.99077
      vertex -20.2281 28.7354 3.99077
      vertex -19.8018 28.7354 4.30052
    endloop
  endfacet
  facet normal 0 1 0
    outer loop
      vertex -11.925 28.7354 3.71151
      vertex -20.2281 28.7354 3.99077
      vertex -12.3719 28.7354 3.99077
    endloop
  endfacet
  facet normal 0 1 0
    outer loop
      vertex -11.925 28.7354 3.71151
      vertex -20.675 28.7354 3.71151
      vertex -20.2281 28.7354 3.99077
    endloop
  endfacet
  facet normal 0 1 0
    outer loop
      vertex -11.4597 28.7354 3.4641
      vertex -20.675 28.7354 3.71151
      vertex -11.925 28.7354 3.71151
    endloop
  endfacet
  facet normal 0 1 0
    outer loop
      vertex -11.4597 28.7354 3.4641
      vertex -21.1403 28.7354 3.4641
      vertex -20.675 28.7354 3.71151
    endloop
  endfacet
  facet normal 0 1 0
    outer loop
      vertex -10.9783 28.7354 3.24976
      vertex -21.1403 28.7354 3.4641
      vertex -11.4597 28.7354 3.4641
    endloop
  endfacet
  facet normal 0 1 0
    outer loop
      vertex -10.9783 28.7354 3.24976
      vertex -21.6217 28.7354 3.24976
      vertex -21.1403 28.7354 3.4641
    endloop
  endfacet
  facet normal 0 1 0
    outer loop
      vertex -10.4831 28.7354 3.06952
      vertex -21.6217 28.7354 3.24976
      vertex -10.9783 28.7354 3.24976
    endloop
  endfacet
  facet normal 0 1 0
    outer loop
      vertex -10.4831 28.7354 3.06952
      vertex -22.1169 28.7354 3.06952
      vertex -21.6217 28.7354 3.24976
    endloop
  endfacet
  facet normal 0 1 0
    outer loop
      vertex -9.97651 28.7354 2.92427
      vertex -22.1169 28.7354 3.06952
      vertex -10.4831 28.7354 3.06952
    endloop
  endfacet
  facet normal 0 1 0
    outer loop
      vertex -9.97651 28.7354 2.92427
      vertex -22.6235 28.7354 2.92427
      vertex -22.1169 28.7354 3.06952
    endloop
  endfacet
  facet normal 0 1 0
    outer loop
      vertex -9.46104 28.7354 2.8147
      vertex -22.6235 28.7354 2.92427
      vertex -9.97651 28.7354 2.92427
    endloop
  endfacet
  facet normal 0 1 0
    outer loop
      vertex -9.46104 28.7354 2.8147
      vertex -23.139 28.7354 2.8147
      vertex -22.6235 28.7354 2.92427
    endloop
  endfacet
  facet normal 0 1 0
    outer loop
      vertex -8.93919 28.7354 2.74136
      vertex -23.139 28.7354 2.8147
      vertex -9.46104 28.7354 2.8147
    endloop
  endfacet
  facet normal 0 1 0
    outer loop
      vertex -8.93919 28.7354 2.74136
      vertex -23.6608 28.7354 2.74136
      vertex -23.139 28.7354 2.8147
    endloop
  endfacet
  facet normal 0 1 0
    outer loop
      vertex -8.41349 28.7354 2.7046
      vertex -23.6608 28.7354 2.74136
      vertex -8.93919 28.7354 2.74136
    endloop
  endfacet
  facet normal 0 1 0
    outer loop
      vertex -23.6608 28.7354 2.74136
      vertex -8.41349 28.7354 2.7046
      vertex -24.1865 28.7354 2.7046
    endloop
  endfacet
  facet normal 0 1 0
    outer loop
      vertex -31.3473 28.7354 7.17914
      vertex -31.3488 28.7354 0
      vertex -31.3488 28.7354 7.18295
    endloop
  endfacet
  facet normal 0 1 0
    outer loop
      vertex -31.1163 28.7354 6.70549
      vertex -31.3488 28.7354 0
      vertex -31.3473 28.7354 7.17914
    endloop
  endfacet
  facet normal 0 1 0
    outer loop
      vertex -30.8528 28.7354 6.24911
      vertex -31.3488 28.7354 0
      vertex -31.1163 28.7354 6.70549
    endloop
  endfacet
  facet normal 0 1 0
    outer loop
      vertex -30.5581 28.7354 5.81222
      vertex -31.3488 28.7354 0
      vertex -30.8528 28.7354 6.24911
    endloop
  endfacet
  facet normal 0 1 0
    outer loop
      vertex -30.2336 28.7354 5.39695
      vertex -31.3488 28.7354 0
      vertex -30.5581 28.7354 5.81222
    endloop
  endfacet
  facet normal 0 1 0
    outer loop
      vertex -29.881 28.7354 5.00533
      vertex -31.3488 28.7354 0
      vertex -30.2336 28.7354 5.39695
    endloop
  endfacet
  facet normal 0 1 0
    outer loop
      vertex -29.5019 28.7354 4.63926
      vertex -31.3488 28.7354 0
      vertex -29.881 28.7354 5.00533
    endloop
  endfacet
  facet normal 0 1 0
    outer loop
      vertex -29.0982 28.7354 4.30052
      vertex -31.3488 28.7354 0
      vertex -29.5019 28.7354 4.63926
    endloop
  endfacet
  facet normal 0 1 0
    outer loop
      vertex -28.6719 28.7354 3.99077
      vertex -31.3488 28.7354 0
      vertex -29.0982 28.7354 4.30052
    endloop
  endfacet
  facet normal 0 1 0
    outer loop
      vertex -28.225 28.7354 3.71151
      vertex -31.3488 28.7354 0
      vertex -28.6719 28.7354 3.99077
    endloop
  endfacet
  facet normal 0 1 0
    outer loop
      vertex -27.7597 28.7354 3.4641
      vertex -31.3488 28.7354 0
      vertex -28.225 28.7354 3.71151
    endloop
  endfacet
  facet normal 0 1 0
    outer loop
      vertex -27.2783 28.7354 3.24976
      vertex -31.3488 28.7354 0
      vertex -27.7597 28.7354 3.4641
    endloop
  endfacet
  facet normal 0 1 0
    outer loop
      vertex -26.7831 28.7354 3.06952
      vertex -31.3488 28.7354 0
      vertex -27.2783 28.7354 3.24976
    endloop
  endfacet
  facet normal 0 1 0
    outer loop
      vertex -26.2765 28.7354 2.92427
      vertex -31.3488 28.7354 0
      vertex -26.7831 28.7354 3.06952
    endloop
  endfacet
  facet normal 0 1 0
    outer loop
      vertex -25.761 28.7354 2.8147
      vertex -31.3488 28.7354 0
      vertex -26.2765 28.7354 2.92427
    endloop
  endfacet
  facet normal 0 1 0
    outer loop
      vertex -25.2392 28.7354 2.74136
      vertex -31.3488 28.7354 0
      vertex -25.761 28.7354 2.8147
    endloop
  endfacet
  facet normal 0 1 0
    outer loop
      vertex -24.7135 28.7354 2.7046
      vertex -31.3488 28.7354 0
      vertex -25.2392 28.7354 2.74136
    endloop
  endfacet
  facet normal 0 1 0
    outer loop
      vertex -24.1865 28.7354 2.7046
      vertex -31.3488 28.7354 0
      vertex -24.7135 28.7354 2.7046
    endloop
  endfacet
endsolid OpenSCAD_Model
